caminho_relativo_xml,chave,ano,data_emissao,status,caminho_pdf,mensagem
35141203509978001143550010001320211255078461.xml,35141203509978001143550010001320211255078461,2014,2014-12-17T00:00:00,gerado,individuais\2014\35141203509978001143550010001320211255078461.pdf,DANFE gerado com sucesso.
2016\27160104206050008165550810000999831537808685.xml,27160104206050008165550810000999831537808685,2016,2016-01-30T09:52:14,gerado,individuais\2016\27160104206050008165550810000999831537808685.pdf,DANFE gerado com sucesso.
2017\24170522959801000111550010000001431933706882.xml,24170522959801000111550010000001431933706882,2017,2017-05-30T10:13:00,gerado,individuais\2017\24170522959801000111550010000001431933706882.pdf,DANFE gerado com sucesso.
2017\27170604168479000120550010000005791520000501.xml,27170604168479000120550010000005791520000501,2017,2017-06-12T17:31:00,gerado,individuais\2017\27170604168479000120550010000005791520000501.pdf,DANFE gerado com sucesso.
2019\27190111050845000108550010001334331016245385.xml,27190111050845000108550010001334331016245385,2019,2019-01-02T10:26:27,gerado,individuais\2019\27190111050845000108550010001334331016245385.pdf,DANFE gerado com sucesso.
2019\27190111050845000108550010001334351016245479.xml,27190111050845000108550010001334351016245479,2019,2019-01-02T10:36:25,gerado,individuais\2019\27190111050845000108550010001334351016245479.pdf,DANFE gerado com sucesso.
2019\35190112408667000107550010000015171108762872.xml,35190112408667000107550010000015171108762872,2019,2019-01-09T12:23:31,gerado,individuais\2019\35190112408667000107550010000015171108762872.pdf,DANFE gerado com sucesso.
2019\27190135722974000163550020000496881106847848.xml,27190135722974000163550020000496881106847848,2019,2019-01-09T13:30:27,gerado,individuais\2019\27190135722974000163550020000496881106847848.pdf,DANFE gerado com sucesso.
2019\27190109619157000174550010000673421000000018.xml,27190109619157000174550010000673421000000018,2019,2019-01-10T00:00:00,gerado,individuais\2019\27190109619157000174550010000673421000000018.pdf,DANFE gerado com sucesso.
2019\27190109619157000174550010000674161000000013.xml,27190109619157000174550010000674161000000013,2019,2019-01-12T00:00:00,gerado,individuais\2019\27190109619157000174550010000674161000000013.pdf,DANFE gerado com sucesso.
2019\27190103656804000131550020016960211016960217.xml,27190103656804000131550020016960211016960217,2019,2019-01-14T00:00:00,gerado,individuais\2019\27190103656804000131550020016960211016960217.pdf,DANFE gerado com sucesso.
2019\27190107122759000196550010000795151000673502.xml,27190107122759000196550010000795151000673502,2019,2019-01-15T10:39:54,gerado,individuais\2019\27190107122759000196550010000795151000673502.pdf,DANFE gerado com sucesso.
2019\27190111749321000100550010000005311395770166.xml,27190111749321000100550010000005311395770166,2019,2019-01-16T00:00:00,gerado,individuais\2019\27190111749321000100550010000005311395770166.pdf,DANFE gerado com sucesso.
2019\27190107122759000358550010000064331000675385.xml,27190107122759000358550010000064331000675385,2019,2019-01-17T07:33:36,gerado,individuais\2019\27190107122759000358550010000064331000675385.pdf,DANFE gerado com sucesso.
2019\27190126774412000172550010000036711000675468.xml,27190126774412000172550010000036711000675468,2019,2019-01-17T07:44:54,gerado,individuais\2019\27190126774412000172550010000036711000675468.pdf,DANFE gerado com sucesso.
2019\35190107837133000166550010000030011000020670.xml,35190107837133000166550010000030011000020670,2019,2019-01-17T14:52:43,gerado,individuais\2019\35190107837133000166550010000030011000020670.pdf,DANFE gerado com sucesso.
2019\35190107837133000166550010000030021000020685.xml,35190107837133000166550010000030021000020685,2019,2019-01-17T15:00:33,gerado,individuais\2019\35190107837133000166550010000030021000020685.pdf,DANFE gerado com sucesso.
2019\35190107837133000166550010000030031000020690.xml,35190107837133000166550010000030031000020690,2019,2019-01-17T15:05:21,gerado,individuais\2019\35190107837133000166550010000030031000020690.pdf,DANFE gerado com sucesso.
2019\27190109619157000174550010000679361000000013.xml,27190109619157000174550010000679361000000013,2019,2019-01-23T00:00:00,gerado,individuais\2019\27190109619157000174550010000679361000000013.pdf,DANFE gerado com sucesso.
2019\27190111050845000108550010001350131016440042.xml,27190111050845000108550010001350131016440042,2019,2019-01-30T06:54:29,gerado,individuais\2019\27190111050845000108550010001350131016440042.pdf,DANFE gerado com sucesso.
2019\27190212392171000192550000000828561737939824.xml,27190212392171000192550000000828561737939824,2019,2019-02-12T15:05:37,gerado,individuais\2019\27190212392171000192550000000828561737939824.pdf,DANFE gerado com sucesso.
2019\27190212392171000192550000000828571222813984.xml,27190212392171000192550000000828571222813984,2019,2019-02-12T15:06:04,gerado,individuais\2019\27190212392171000192550000000828571222813984.pdf,DANFE gerado com sucesso.
2019\27190212392171000192550000000828581815589380.xml,27190212392171000192550000000828581815589380,2019,2019-02-12T15:06:29,gerado,individuais\2019\27190212392171000192550000000828581815589380.pdf,DANFE gerado com sucesso.
2019\27190212440038000164550000000789711675339064.xml,27190212440038000164550000000789711675339064,2019,2019-02-13T08:16:53,gerado,individuais\2019\27190212440038000164550000000789711675339064.pdf,DANFE gerado com sucesso.
2019\27190206698221000161550010000077911189070640.xml,27190206698221000161550010000077911189070640,2019,2019-02-13T10:07:06,gerado,individuais\2019\27190206698221000161550010000077911189070640.pdf,DANFE gerado com sucesso.
2019\27190211050845000108550010001362091016565399.xml,27190211050845000108550010001362091016565399,2019,2019-02-18T11:20:30,gerado,individuais\2019\27190211050845000108550010001362091016565399.pdf,DANFE gerado com sucesso.
2019\27190207122759000196550010000804711000702502.xml,27190207122759000196550010000804711000702502,2019,2019-02-21T07:34:58,gerado,individuais\2019\27190207122759000196550010000804711000702502.pdf,DANFE gerado com sucesso.
2019\27190211050845000108550010001366861016615338.xml,27190211050845000108550010001366861016615338,2019,2019-02-26T15:25:12,gerado,individuais\2019\27190211050845000108550010001366861016615338.pdf,DANFE gerado com sucesso.
2019\27190203656804000131550020017086321017086323.xml,27190203656804000131550020017086321017086323,2019,2019-02-28T00:00:00,gerado,individuais\2019\27190203656804000131550020017086321017086323.pdf,DANFE gerado com sucesso.
2019\27190411446315000183550010000105561000105566.xml,27190411446315000183550010000105561000105566,2019,2019-04-26T00:00:00,gerado,individuais\2019\27190411446315000183550010000105561000105566.pdf,DANFE gerado com sucesso.
2019\27190511050845000108550010001402621017043757.xml,27190511050845000108550010001402621017043757,2019,2019-05-07T16:37:12,gerado,individuais\2019\27190511050845000108550010001402621017043757.pdf,DANFE gerado com sucesso.
2019\27190511446315000183550010000105991000105990.xml,27190511446315000183550010000105991000105990,2019,2019-05-09T00:00:00,gerado,individuais\2019\27190511446315000183550010000105991000105990.pdf,DANFE gerado com sucesso.
2019\27190526774412000172550010000045501000763344.xml,27190526774412000172550010000045501000763344,2019,2019-05-21T08:28:09,gerado,individuais\2019\27190526774412000172550010000045501000763344.pdf,DANFE gerado com sucesso.
2019\27190511446315000183550010000106351000106359.xml,27190511446315000183550010000106351000106359,2019,2019-05-23T00:00:00,gerado,individuais\2019\27190511446315000183550010000106351000106359.pdf,DANFE gerado com sucesso.
2019\27190507749132000160550010000130761018637261.xml,27190507749132000160550010000130761018637261,2019,2019-05-28T00:00:00,gerado,individuais\2019\27190507749132000160550010000130761018637261.pdf,DANFE gerado com sucesso.
2019\27190603656804000131550030000077401003660335.xml,27190603656804000131550030000077401003660335,2019,2019-06-03T18:27:00,gerado,individuais\2019\27190603656804000131550030000077401003660335.pdf,DANFE gerado com sucesso.
2019\27190611446315000183550010000106541000106544.xml,27190611446315000183550010000106541000106544,2019,2019-06-04T00:00:00,gerado,individuais\2019\27190611446315000183550010000106541000106544.pdf,DANFE gerado com sucesso.
2019\27190609619157000174550010000743301000000015.xml,27190609619157000174550010000743301000000015,2019,2019-06-07T00:00:00,gerado,individuais\2019\27190609619157000174550010000743301000000015.pdf,DANFE gerado com sucesso.
2019\27190609619157000174550010000744311000000018.xml,27190609619157000174550010000744311000000018,2019,2019-06-10T00:00:00,gerado,individuais\2019\27190609619157000174550010000744311000000018.pdf,DANFE gerado com sucesso.
2019\27190609619157000174550010000746011000000010.xml,27190609619157000174550010000746011000000010,2019,2019-06-13T00:00:00,gerado,individuais\2019\27190609619157000174550010000746011000000010.pdf,DANFE gerado com sucesso.
2019\27190622284127000112550010000012461000024135.xml,27190622284127000112550010000012461000024135,2019,2019-06-14T00:00:00,gerado,individuais\2019\27190622284127000112550010000012461000024135.pdf,DANFE gerado com sucesso.
2019\27190609619157000174550010000752171000000012.xml,27190609619157000174550010000752171000000012,2019,2019-06-27T00:00:00,gerado,individuais\2019\27190609619157000174550010000752171000000012.pdf,DANFE gerado com sucesso.
2019\27190703656804000131550030000134021009111300.xml,27190703656804000131550030000134021009111300,2019,2019-07-10T19:39:00,gerado,individuais\2019\27190703656804000131550030000134021009111300.pdf,DANFE gerado com sucesso.
2019\27190709619157000174550010000764771000000010.xml,27190709619157000174550010000764771000000010,2019,2019-07-22T00:00:00,gerado,individuais\2019\27190709619157000174550010000764771000000010.pdf,DANFE gerado com sucesso.
2019\27190733737433000183550010000000071000002380.xml,27190733737433000183550010000000071000002380,2019,2019-07-24T00:00:00,gerado,individuais\2019\27190733737433000183550010000000071000002380.pdf,DANFE gerado com sucesso.
2019\27190707122759000358550010000073021000815327.xml,27190707122759000358550010000073021000815327,2019,2019-07-24T17:06:18,gerado,individuais\2019\27190707122759000358550010000073021000815327.pdf,DANFE gerado com sucesso.
2019\27190709619157000174550010000767881000000010.xml,27190709619157000174550010000767881000000010,2019,2019-07-26T00:00:00,gerado,individuais\2019\27190709619157000174550010000767881000000010.pdf,DANFE gerado com sucesso.
2019\27190703656804000131550030000159071008155560.xml,27190703656804000131550030000159071008155560,2019,2019-07-26T14:49:00,gerado,individuais\2019\27190703656804000131550030000159071008155560.pdf,DANFE gerado com sucesso.
2019\27190702556423000118550010001617891000112424.xml,27190702556423000118550010001617891000112424,2019,2019-07-29T00:00:00,gerado,individuais\2019\27190702556423000118550010001617891000112424.pdf,DANFE gerado com sucesso.
2019\27190833737433000183550010000000301000003850.xml,27190833737433000183550010000000301000003850,2019,2019-08-17T00:00:00,gerado,individuais\2019\27190833737433000183550010000000301000003850.pdf,DANFE gerado com sucesso.
2019\27190833737433000183550010000000331000004076.xml,27190833737433000183550010000000331000004076,2019,2019-08-19T00:00:00,gerado,individuais\2019\27190833737433000183550010000000331000004076.pdf,DANFE gerado com sucesso.
2019\27190803656804000131550030000200701004336330.xml,27190803656804000131550030000200701004336330,2019,2019-08-21T17:55:00,gerado,individuais\2019\27190803656804000131550030000200701004336330.pdf,DANFE gerado com sucesso.
2019\27190803656804000131550030000203341002242550.xml,27190803656804000131550030000203341002242550,2019,2019-08-22T17:44:00,gerado,individuais\2019\27190803656804000131550030000203341002242550.pdf,DANFE gerado com sucesso.
2019\27190803656804000131550030000203351005958855.xml,27190803656804000131550030000203351005958855,2019,2019-08-22T17:44:00,gerado,individuais\2019\27190803656804000131550030000203351005958855.pdf,DANFE gerado com sucesso.
2019\27190902779664000126550010000000291066030988.xml,27190902779664000126550010000000291066030988,2019,2019-09-05T12:40:00,gerado,individuais\2019\27190902779664000126550010000000291066030988.pdf,DANFE gerado com sucesso.
2019\27190906698221000161550010000080661109757597.xml,27190906698221000161550010000080661109757597,2019,2019-09-09T12:05:13,gerado,individuais\2019\27190906698221000161550010000080661109757597.pdf,DANFE gerado com sucesso.
2019\27190907573139000173550010000080251000828476.xml,27190907573139000173550010000080251000828476,2019,2019-09-10T00:00:00,gerado,individuais\2019\27190907573139000173550010000080251000828476.pdf,DANFE gerado com sucesso.
2019\27190903656804000131550030000234311002328862.xml,27190903656804000131550030000234311002328862,2019,2019-09-11T10:57:00,gerado,individuais\2019\27190903656804000131550030000234311002328862.pdf,DANFE gerado com sucesso.
2019\27190912392171000192550000000857091017768545.xml,27190912392171000192550000000857091017768545,2019,2019-09-20T08:45:58,gerado,individuais\2019\27190912392171000192550000000857091017768545.pdf,DANFE gerado com sucesso.
2019\27190912392171000192550000000857101529670685.xml,27190912392171000192550000000857101529670685,2019,2019-09-20T08:47:07,gerado,individuais\2019\27190912392171000192550000000857101529670685.pdf,DANFE gerado com sucesso.
2019\27190935722974000163550020000519451107201440.xml,27190935722974000163550020000519451107201440,2019,2019-09-20T10:29:17,gerado,individuais\2019\27190935722974000163550020000519451107201440.pdf,DANFE gerado com sucesso.
2019\27190933737433000183550010000001141000007087.xml,27190933737433000183550010000001141000007087,2019,2019-09-21T00:00:00,gerado,individuais\2019\27190933737433000183550010000001141000007087.pdf,DANFE gerado com sucesso.
2019\27190933737433000183550010000001181000007175.xml,27190933737433000183550010000001181000007175,2019,2019-09-24T00:00:00,gerado,individuais\2019\27190933737433000183550010000001181000007175.pdf,DANFE gerado com sucesso.
2019\27191002779664000126550010000000311066030986.xml,27191002779664000126550010000000311066030986,2019,2019-10-02T16:33:00,gerado,individuais\2019\27191002779664000126550010000000311066030986.pdf,DANFE gerado com sucesso.
2019\27191035722974000163550020000520551107218213.xml,27191035722974000163550020000520551107218213,2019,2019-10-02T17:02:00,gerado,individuais\2019\27191035722974000163550020000520551107218213.pdf,DANFE gerado com sucesso.
2019\27191006864595000100550010000840731013752154.xml,27191006864595000100550010000840731013752154,2019,2019-10-03T11:23:04,gerado,individuais\2019\27191006864595000100550010000840731013752154.pdf,DANFE gerado com sucesso.
2019\27191035722974000163550020000520741107219487.xml,27191035722974000163550020000520741107219487,2019,2019-10-03T14:03:12,gerado,individuais\2019\27191035722974000163550020000520741107219487.pdf,DANFE gerado com sucesso.
2019\27191033737433000183550010000001451000007865.xml,27191033737433000183550010000001451000007865,2019,2019-10-05T00:00:00,gerado,individuais\2019\27191033737433000183550010000001451000007865.pdf,DANFE gerado com sucesso.
2019\27191003656804000131550030000282981002899208.xml,27191003656804000131550030000282981002899208,2019,2019-10-08T11:17:00,gerado,individuais\2019\27191003656804000131550030000282981002899208.pdf,DANFE gerado com sucesso.
2019\27191007122759000196550010000870671000879537.xml,27191007122759000196550010000870671000879537,2019,2019-10-10T07:50:22,gerado,individuais\2019\27191007122759000196550010000870671000879537.pdf,DANFE gerado com sucesso.
2019\27191007122759000196550010000871761000882281.xml,27191007122759000196550010000871761000882281,2019,2019-10-14T08:02:48,gerado,individuais\2019\27191007122759000196550010000871761000882281.pdf,DANFE gerado com sucesso.
2019\27191007122759000196550010000872221000883436.xml,27191007122759000196550010000872221000883436,2019,2019-10-15T07:45:29,gerado,individuais\2019\27191007122759000196550010000872221000883436.pdf,DANFE gerado com sucesso.
2019\27191026774412000172550010000058391000883453.xml,27191026774412000172550010000058391000883453,2019,2019-10-15T07:48:00,gerado,individuais\2019\27191026774412000172550010000058391000883453.pdf,DANFE gerado com sucesso.
2019\27191007122759000196550010000873401000886218.xml,27191007122759000196550010000873401000886218,2019,2019-10-17T08:04:54,gerado,individuais\2019\27191007122759000196550010000873401000886218.pdf,DANFE gerado com sucesso.
2019\27191007122759000196550010000874201000887993.xml,27191007122759000196550010000874201000887993,2019,2019-10-18T11:26:24,gerado,individuais\2019\27191007122759000196550010000874201000887993.pdf,DANFE gerado com sucesso.
2019\27191009619157000174550010000811851000000013.xml,27191009619157000174550010000811851000000013,2019,2019-10-22T00:00:00,gerado,individuais\2019\27191009619157000174550010000811851000000013.pdf,DANFE gerado com sucesso.
2019\35191000327159000115550010000044461039834010.xml,35191000327159000115550010000044461039834010,2019,2019-10-24T14:31:00,gerado,individuais\2019\35191000327159000115550010000044461039834010.pdf,DANFE gerado com sucesso.
2019\27191035722974000163550020000522891107258168.xml,27191035722974000163550020000522891107258168,2019,2019-10-29T13:39:07,gerado,individuais\2019\27191035722974000163550020000522891107258168.pdf,DANFE gerado com sucesso.
2019\27191135722974000163550020000523871107273293.xml,27191135722974000163550020000523871107273293,2019,2019-11-11T11:15:45,gerado,individuais\2019\27191135722974000163550020000523871107273293.pdf,DANFE gerado com sucesso.
2019\27191109619157000174550010000825391000000010.xml,27191109619157000174550010000825391000000010,2019,2019-11-19T00:00:00,gerado,individuais\2019\27191109619157000174550010000825391000000010.pdf,DANFE gerado com sucesso.
2019\27191126774412000172550010000061231000914324.xml,27191126774412000172550010000061231000914324,2019,2019-11-19T16:54:04,gerado,individuais\2019\27191126774412000172550010000061231000914324.pdf,DANFE gerado com sucesso.
2019\27191107122759000196550010000884741000914361.xml,27191107122759000196550010000884741000914361,2019,2019-11-19T17:01:17,gerado,individuais\2019\27191107122759000196550010000884741000914361.pdf,DANFE gerado com sucesso.
2019\27191106864595000100550010000860481013881744.xml,27191106864595000100550010000860481013881744,2019,2019-11-20T10:59:58,gerado,individuais\2019\27191106864595000100550010000860481013881744.pdf,DANFE gerado com sucesso.
2019\27191111050845000108550010001506071018564965.xml,27191111050845000108550010001506071018564965,2019,2019-11-27T11:40:23,gerado,individuais\2019\27191111050845000108550010001506071018564965.pdf,DANFE gerado com sucesso.
2019\27191207122759000196550010000889791000925867.xml,27191207122759000196550010000889791000925867,2019,2019-12-03T07:47:17,gerado,individuais\2019\27191207122759000196550010000889791000925867.pdf,DANFE gerado com sucesso.
2019\27191207122759000196550010000890791000928411.xml,27191207122759000196550010000890791000928411,2019,2019-12-05T07:52:57,gerado,individuais\2019\27191207122759000196550010000890791000928411.pdf,DANFE gerado com sucesso.
2019\27191226774412000172550010000062771000929658.xml,27191226774412000172550010000062771000929658,2019,2019-12-06T07:46:10,gerado,individuais\2019\27191226774412000172550010000062771000929658.pdf,DANFE gerado com sucesso.
2019\27191209619157000174550010000836481000000013.xml,27191209619157000174550010000836481000000013,2019,2019-12-09T00:00:00,gerado,individuais\2019\27191209619157000174550010000836481000000013.pdf,DANFE gerado com sucesso.
2019\27191203656804000131550030000415991004118927.xml,27191203656804000131550030000415991004118927,2019,2019-12-12T08:57:00,gerado,individuais\2019\27191203656804000131550030000415991004118927.pdf,DANFE gerado com sucesso.
2019\27191207122759000196550010000895521000939816.xml,27191207122759000196550010000895521000939816,2019,2019-12-17T16:48:56,gerado,individuais\2019\27191207122759000196550010000895521000939816.pdf,DANFE gerado com sucesso.
2019\26191200776574001551550040037837911213050721.xml,26191200776574001551550040037837911213050721,2019,2019-12-18T08:47:00,gerado,individuais\2019\26191200776574001551550040037837911213050721.pdf,DANFE gerado com sucesso.
2019\26191200776574001551550040037967721150200049.xml,26191200776574001551550040037967721150200049,2019,2019-12-21T07:57:00,gerado,individuais\2019\26191200776574001551550040037967721150200049.pdf,DANFE gerado com sucesso.
2020\27200126774412000172550010000065531000959301.xml,27200126774412000172550010000065531000959301,2020,2020-01-15T07:52:55,gerado,individuais\2020\27200126774412000172550010000065531000959301.pdf,DANFE gerado com sucesso.
2020\27200107122759000196550010000910351000975809.xml,27200107122759000196550010000910351000975809,2020,2020-01-31T07:55:21,gerado,individuais\2020\27200107122759000196550010000910351000975809.pdf,DANFE gerado com sucesso.
2020\27200112268876000445550060000125691000119724.xml,27200112268876000445550060000125691000119724,2020,2020-01-31T16:16:00,gerado,individuais\2020\27200112268876000445550060000125691000119724.pdf,DANFE gerado com sucesso.
2020\41200223369870000138550010000001031030001058.xml,41200223369870000138550010000001031030001058,2020,2020-02-19T16:08:36,gerado,individuais\2020\41200223369870000138550010000001031030001058.pdf,DANFE gerado com sucesso.
2020\41200207880738000130550010000011891010012727.xml,41200207880738000130550010000011891010012727,2020,2020-02-19T16:47:57,gerado,individuais\2020\41200207880738000130550010000011891010012727.pdf,DANFE gerado com sucesso.
2020\35200305694291000189550010000139671930517015.xml,35200305694291000189550010000139671930517015,2020,2020-03-11T09:06:00,gerado,individuais\2020\35200305694291000189550010000139671930517015.pdf,DANFE gerado com sucesso.
2020\33200306020318000544550050004774011269412210.xml,33200306020318000544550050004774011269412210,2020,2020-03-12T16:09:17,gerado,individuais\2020\33200306020318000544550050004774011269412210.pdf,DANFE gerado com sucesso.
2020\33200306020318000544550050004774021176588677.xml,33200306020318000544550050004774021176588677,2020,2020-03-12T16:09:17,gerado,individuais\2020\33200306020318000544550050004774021176588677.pdf,DANFE gerado com sucesso.
2020\33200306020318000544550050004774031109725665.xml,33200306020318000544550050004774031109725665,2020,2020-03-12T16:09:17,gerado,individuais\2020\33200306020318000544550050004774031109725665.pdf,DANFE gerado com sucesso.
2020\33200306020318000544550050004774041190749989.xml,33200306020318000544550050004774041190749989,2020,2020-03-12T16:09:17,gerado,individuais\2020\33200306020318000544550050004774041190749989.pdf,DANFE gerado com sucesso.
2020\35200312408667000107550010000017711336371023.xml,35200312408667000107550010000017711336371023,2020,2020-03-19T14:19:11,gerado,individuais\2020\35200312408667000107550010000017711336371023.pdf,DANFE gerado com sucesso.
2020\35200303509978001143550010002231561262890199.xml,35200303509978001143550010002231561262890199,2020,2020-03-24T16:04:26,gerado,individuais\2020\35200303509978001143550010002231561262890199.pdf,DANFE gerado com sucesso.
2020\35200303509978001143550010002231571437120580.xml,35200303509978001143550010002231571437120580,2020,2020-03-24T16:06:02,gerado,individuais\2020\35200303509978001143550010002231571437120580.pdf,DANFE gerado com sucesso.
2020\35200303509978001143550010002231581496245855.xml,35200303509978001143550010002231581496245855,2020,2020-03-24T16:07:34,gerado,individuais\2020\35200303509978001143550010002231581496245855.pdf,DANFE gerado com sucesso.
2020\35200303509978001143550010002231591542075047.xml,35200303509978001143550010002231591542075047,2020,2020-03-24T16:09:30,gerado,individuais\2020\35200303509978001143550010002231591542075047.pdf,DANFE gerado com sucesso.
2020\41200407880738000130550010000012081010012934.xml,41200407880738000130550010000012081010012934,2020,2020-04-30T15:13:13,gerado,individuais\2020\41200407880738000130550010000012081010012934.pdf,DANFE gerado com sucesso.
2020\41200407880738000130550010000012091010012940.xml,41200407880738000130550010000012091010012940,2020,2020-04-30T15:19:09,gerado,individuais\2020\41200407880738000130550010000012091010012940.pdf,DANFE gerado com sucesso.
2020\35200658566399000152550010001235251100268450.xml,35200658566399000152550010001235251100268450,2020,2020-06-18T15:55:00,gerado,individuais\2020\35200658566399000152550010001235251100268450.pdf,DANFE gerado com sucesso.
2020\27200711050845000108550010001684881020231313.xml,27200711050845000108550010001684881020231313,2020,2020-07-27T10:02:34,gerado,individuais\2020\27200711050845000108550010001684881020231313.pdf,DANFE gerado com sucesso.
2020\35200811949920000177550010000071661844459726.xml,35200811949920000177550010000071661844459726,2020,2020-08-13T09:33:39,gerado,individuais\2020\35200811949920000177550010000071661844459726.pdf,DANFE gerado com sucesso.
2020\35200811949920000177550010000071671844462490.xml,35200811949920000177550010000071671844462490,2020,2020-08-13T09:37:23,gerado,individuais\2020\35200811949920000177550010000071671844462490.pdf,DANFE gerado com sucesso.
2020\35200812408667000107550010000018451878502838.xml,35200812408667000107550010000018451878502838,2020,2020-08-18T11:05:37,gerado,individuais\2020\35200812408667000107550010000018451878502838.pdf,DANFE gerado com sucesso.
2020\26200810499468000126550010000036101746211675.xml,26200810499468000126550010000036101746211675,2020,2020-08-28T10:44:49,gerado,individuais\2020\26200810499468000126550010000036101746211675.pdf,DANFE gerado com sucesso.
2020\27200911188276000161550010000324701000575591.xml,27200911188276000161550010000324701000575591,2020,2020-09-09T15:45:00,gerado,individuais\2020\27200911188276000161550010000324701000575591.pdf,DANFE gerado com sucesso.
2020\35200912408667000107550010000018601728621610.xml,35200912408667000107550010000018601728621610,2020,2020-09-11T16:54:42,gerado,individuais\2020\35200912408667000107550010000018601728621610.pdf,DANFE gerado com sucesso.
2020\35200912408667000107550010000018631076533636.xml,35200912408667000107550010000018631076533636,2020,2020-09-15T16:23:48,gerado,individuais\2020\35200912408667000107550010000018631076533636.pdf,DANFE gerado com sucesso.
2020\35200912408667000107550010000018681875536438.xml,35200912408667000107550010000018681875536438,2020,2020-09-22T17:30:47,gerado,individuais\2020\35200912408667000107550010000018681875536438.pdf,DANFE gerado com sucesso.
2020\31200932826997000120550010000000861407000009.xml,31200932826997000120550010000000861407000009,2020,2020-09-24T10:23:00,gerado,individuais\2020\31200932826997000120550010000000861407000009.pdf,DANFE gerado com sucesso.
2020\35201052889698000141550010000035141779825241.xml,35201052889698000141550010000035141779825241,2020,2020-10-01T11:06:00,gerado,individuais\2020\35201052889698000141550010000035141779825241.pdf,DANFE gerado com sucesso.
2020\35201012408667000107550010000018851564028377.xml,35201012408667000107550010000018851564028377,2020,2020-10-20T15:46:06,gerado,individuais\2020\35201012408667000107550010000018851564028377.pdf,DANFE gerado com sucesso.
2020\27201009157923000126550010000009931348089639.xml,27201009157923000126550010000009931348089639,2020,2020-10-23T14:27:00,gerado,individuais\2020\27201009157923000126550010000009931348089639.pdf,DANFE gerado com sucesso.
2020\42201182699588000188550010003190071341309871.xml,42201182699588000188550010003190071341309871,2020,2020-11-04T00:00:00,gerado,individuais\2020\42201182699588000188550010003190071341309871.pdf,DANFE gerado com sucesso.
2020\27201103656804000131550030000918361100009192.xml,27201103656804000131550030000918361100009192,2020,2020-11-16T14:51:00,gerado,individuais\2020\27201103656804000131550030000918361100009192.pdf,DANFE gerado com sucesso.
2020\27201103656804000131550030000918371100308014.xml,27201103656804000131550030000918371100308014,2020,2020-11-16T14:52:00,gerado,individuais\2020\27201103656804000131550030000918371100308014.pdf,DANFE gerado com sucesso.
2020\27201120266767000174550010000058371004170385.xml,27201120266767000174550010000058371004170385,2020,2020-11-18T08:40:09,gerado,individuais\2020\27201120266767000174550010000058371004170385.pdf,DANFE gerado com sucesso.
2020\27201107437477000269550010000521781000521798.xml,27201107437477000269550010000521781000521798,2020,2020-11-23T15:43:15,gerado,individuais\2020\27201107437477000269550010000521781000521798.pdf,DANFE gerado com sucesso.
2020\33201106020318000544550050005021931443377590.xml,33201106020318000544550050005021931443377590,2020,2020-11-30T12:29:29,gerado,individuais\2020\33201106020318000544550050005021931443377590.pdf,DANFE gerado com sucesso.
2020\27201203656804000131550030000950281100205656.xml,27201203656804000131550030000950281100205656,2020,2020-12-02T10:10:00,gerado,individuais\2020\27201203656804000131550030000950281100205656.pdf,DANFE gerado com sucesso.
2020\33201206020318000544550050005029171506650340.xml,33201206020318000544550050005029171506650340,2020,2020-12-04T16:23:53,gerado,individuais\2020\33201206020318000544550050005029171506650340.pdf,DANFE gerado com sucesso.
2020\35201212408667000107550010000019351788122327.xml,35201212408667000107550010000019351788122327,2020,2020-12-11T08:36:10,gerado,individuais\2020\35201212408667000107550010000019351788122327.pdf,DANFE gerado com sucesso.
2021\35210158566399000152550010001284351114158358.xml,35210158566399000152550010001284351114158358,2021,2021-01-13T16:36:00,gerado,individuais\2021\35210158566399000152550010001284351114158358.pdf,DANFE gerado com sucesso.
2021\27210114417251000180550010000078111464838712.xml,27210114417251000180550010000078111464838712,2021,2021-01-29T00:00:00,gerado,individuais\2021\27210114417251000180550010000078111464838712.pdf,DANFE gerado com sucesso.
2021\35210212408667000107550010000020901563632669.xml,35210212408667000107550010000020901563632669,2021,2021-02-26T14:01:56,gerado,individuais\2021\35210212408667000107550010000020901563632669.pdf,DANFE gerado com sucesso.
2021\43210302168023000135550010000106041147535192.xml,43210302168023000135550010000106041147535192,2021,2021-03-16T16:06:04,gerado,individuais\2021\43210302168023000135550010000106041147535192.pdf,DANFE gerado com sucesso.
2021\43210302168023000135550010000106171631676872.xml,43210302168023000135550010000106171631676872,2021,2021-03-18T15:15:14,gerado,individuais\2021\43210302168023000135550010000106171631676872.pdf,DANFE gerado com sucesso.
2021\43210302168023000135550010000106181922577312.xml,43210302168023000135550010000106181922577312,2021,2021-03-18T16:19:49,gerado,individuais\2021\43210302168023000135550010000106181922577312.pdf,DANFE gerado com sucesso.
2021\43210302168023000135550010000106221178127140.xml,43210302168023000135550010000106221178127140,2021,2021-03-19T15:20:45,gerado,individuais\2021\43210302168023000135550010000106221178127140.pdf,DANFE gerado com sucesso.
2021\43210302168023000135550010000106261957533542.xml,43210302168023000135550010000106261957533542,2021,2021-03-22T16:06:16,gerado,individuais\2021\43210302168023000135550010000106261957533542.pdf,DANFE gerado com sucesso.
2021\27210433737433000183550010000016131000046341.xml,27210433737433000183550010000016131000046341,2021,2021-04-08T00:00:00,gerado,individuais\2021\27210433737433000183550010000016131000046341.pdf,DANFE gerado com sucesso.
2021\43210490265919000108550010000441861100042318.xml,43210490265919000108550010000441861100042318,2021,2021-04-30T14:14:00,gerado,individuais\2021\43210490265919000108550010000441861100042318.pdf,DANFE gerado com sucesso.
2021\28210521900475000104550010000194511659907720.xml,28210521900475000104550010000194511659907720,2021,2021-05-04T08:34:55,gerado,individuais\2021\28210521900475000104550010000194511659907720.pdf,DANFE gerado com sucesso.
2021\27210535722974000163550020000560291000000013.xml,27210535722974000163550020000560291000000013,2021,2021-05-11T00:00:00,gerado,individuais\2021\27210535722974000163550020000560291000000013.pdf,DANFE gerado com sucesso.
2021\26210524073694000155550010006549241001642401.xml,26210524073694000155550010006549241001642401,2021,2021-05-11T10:09:46,gerado,individuais\2021\26210524073694000155550010006549241001642401.pdf,DANFE gerado com sucesso.
2021\27210541187998000162550010000256501411879983.xml,27210541187998000162550010000256501411879983,2021,2021-05-17T00:00:00,gerado,individuais\2021\27210541187998000162550010000256501411879983.pdf,DANFE gerado com sucesso.
2021\35210500565813000129550030005070981365336919.xml,35210500565813000129550030005070981365336919,2021,2021-05-17T14:17:07,gerado,individuais\2021\35210500565813000129550030005070981365336919.pdf,DANFE gerado com sucesso.
2021\28210508797404000160551000000000661299900072.xml,28210508797404000160551000000000661299900072,2021,2021-05-17T15:18:11,gerado,individuais\2021\28210508797404000160551000000000661299900072.pdf,DANFE gerado com sucesso.
2021\27210537560845000141550010000000101066998072.xml,27210537560845000141550010000000101066998072,2021,2021-05-21T00:00:00,gerado,individuais\2021\27210537560845000141550010000000101066998072.pdf,DANFE gerado com sucesso.
2021\35210500565813000129550030005121131492278615.xml,35210500565813000129550030005121131492278615,2021,2021-05-25T14:04:41,gerado,individuais\2021\35210500565813000129550030005121131492278615.pdf,DANFE gerado com sucesso.
2021\28210504370632000106550010000653861467111982.xml,28210504370632000106550010000653861467111982,2021,2021-05-26T15:26:14,gerado,individuais\2021\28210504370632000106550010000653861467111982.pdf,DANFE gerado com sucesso.
2021\28210621900475000104550010000198971641439487.xml,28210621900475000104550010000198971641439487,2021,2021-06-02T07:39:15,gerado,individuais\2021\28210621900475000104550010000198971641439487.pdf,DANFE gerado com sucesso.
2021\27210603656804000131550030001221611628275159.xml,27210603656804000131550030001221611628275159,2021,2021-06-02T14:15:00,gerado,individuais\2021\27210603656804000131550030001221611628275159.pdf,DANFE gerado com sucesso.
2021\28210621900475000104550010000199441169018497.xml,28210621900475000104550010000199441169018497,2021,2021-06-04T11:51:09,gerado,individuais\2021\28210621900475000104550010000199441169018497.pdf,DANFE gerado com sucesso.
2021\26210624073694000155550010006666941020061936.xml,26210624073694000155550010006666941020061936,2021,2021-06-09T17:59:29,gerado,individuais\2021\26210624073694000155550010006666941020061936.pdf,DANFE gerado com sucesso.
2021\27210603656804000131550030001241482836178298.xml,27210603656804000131550030001241482836178298,2021,2021-06-15T13:55:00,gerado,individuais\2021\27210603656804000131550030001241482836178298.pdf,DANFE gerado com sucesso.
2021\27210741187998000162550010000259841411879985.xml,27210741187998000162550010000259841411879985,2021,2021-07-01T00:00:00,gerado,individuais\2021\27210741187998000162550010000259841411879985.pdf,DANFE gerado com sucesso.
2021\35210721631600000128550010000391831680379255.xml,35210721631600000128550010000391831680379255,2021,2021-07-02T12:12:45,gerado,individuais\2021\35210721631600000128550010000391831680379255.pdf,DANFE gerado com sucesso.
2021\28210710230480001293550100003707391044659614.xml,28210710230480001293550100003707391044659614,2021,2021-07-12T18:44:32,gerado,individuais\2021\28210710230480001293550100003707391044659614.pdf,DANFE gerado com sucesso.
2021\28210710230480001293550100003722101044820230.xml,28210710230480001293550100003722101044820230,2021,2021-07-19T16:10:50,gerado,individuais\2021\28210710230480001293550100003722101044820230.pdf,DANFE gerado com sucesso.
2021\28210710230480001293550100003724271044841791.xml,28210710230480001293550100003724271044841791,2021,2021-07-20T16:23:48,gerado,individuais\2021\28210710230480001293550100003724271044841791.pdf,DANFE gerado com sucesso.
2021\27210702556423000118550010002205321001229868.xml,27210702556423000118550010002205321001229868,2021,2021-07-22T00:00:00,gerado,individuais\2021\27210702556423000118550010002205321001229868.pdf,DANFE gerado com sucesso.
2021\26210724073694000155550010006835301020567559.xml,26210724073694000155550010006835301020567559,2021,2021-07-26T16:42:20,gerado,individuais\2021\26210724073694000155550010006835301020567559.pdf,DANFE gerado com sucesso.
2021\27210707073715000113550020001067471154572910.xml,27210707073715000113550020001067471154572910,2021,2021-07-29T13:16:00,gerado,individuais\2021\27210707073715000113550020001067471154572910.pdf,DANFE gerado com sucesso.
2021\33210706020318000544550050005348471181873486.xml,33210706020318000544550050005348471181873486,2021,2021-07-29T18:56:31,gerado,individuais\2021\33210706020318000544550050005348471181873486.pdf,DANFE gerado com sucesso.
2021\27210811188276000161550020000002781000876992.xml,27210811188276000161550020000002781000876992,2021,2021-08-10T10:30:00,gerado,individuais\2021\27210811188276000161550020000002781000876992.pdf,DANFE gerado com sucesso.
2021\27210811188276000161550020000002841000878992.xml,27210811188276000161550020000002841000878992,2021,2021-08-11T10:49:00,gerado,individuais\2021\27210811188276000161550020000002841000878992.pdf,DANFE gerado com sucesso.
2021\27210802556423000118550010002229141001256373.xml,27210802556423000118550010002229141001256373,2021,2021-08-13T11:03:52,gerado,individuais\2021\27210802556423000118550010002229141001256373.pdf,DANFE gerado com sucesso.
2021\27210807073715000113550020001070411155250174.xml,27210807073715000113550020001070411155250174,2021,2021-08-18T12:07:00,gerado,individuais\2021\27210807073715000113550020001070411155250174.pdf,DANFE gerado com sucesso.
2021\27210841187998000162550010000264701411879980.xml,27210841187998000162550010000264701411879980,2021,2021-08-26T00:00:00,gerado,individuais\2021\27210841187998000162550010000264701411879980.pdf,DANFE gerado com sucesso.
2021\43210890265919000108550010000456751100076312.xml,43210890265919000108550010000456751100076312,2021,2021-08-26T13:54:00,gerado,individuais\2021\43210890265919000108550010000456751100076312.pdf,DANFE gerado com sucesso.
2021\27210933737433000183550010000020481000065384.xml,27210933737433000183550010000020481000065384,2021,2021-09-01T00:00:00,gerado,individuais\2021\27210933737433000183550010000020481000065384.pdf,DANFE gerado com sucesso.
2021\27210920616431000194550010000042311108969328.xml,27210920616431000194550010000042311108969328,2021,2021-09-03T11:28:00,gerado,individuais\2021\27210920616431000194550010000042311108969328.pdf,DANFE gerado com sucesso.
2021\27210920616431000194550010000042411650328292.xml,27210920616431000194550010000042411650328292,2021,2021-09-13T08:44:00,gerado,individuais\2021\27210920616431000194550010000042411650328292.pdf,DANFE gerado com sucesso.
2021\35210961946091000147550010000340731683847403.xml,35210961946091000147550010000340731683847403,2021,2021-09-13T15:37:38,gerado,individuais\2021\35210961946091000147550010000340731683847403.pdf,DANFE gerado com sucesso.
2021\28210916215063000103550010000066961179263991.xml,28210916215063000103550010000066961179263991,2021,2021-09-21T00:00:00,gerado,individuais\2021\28210916215063000103550010000066961179263991.pdf,DANFE gerado com sucesso.
2021\27210908441081000258550020000855471108306857.xml,27210908441081000258550020000855471108306857,2021,2021-09-22T00:00:00,gerado,individuais\2021\27210908441081000258550020000855471108306857.pdf,DANFE gerado com sucesso.
2021\27210912270435000640550010000885531224743810.xml,27210912270435000640550010000885531224743810,2021,2021-09-25T10:16:39,gerado,individuais\2021\27210912270435000640550010000885531224743810.pdf,DANFE gerado com sucesso.
2021\27210935616280000141550010000010261809811175.xml,27210935616280000141550010000010261809811175,2021,2021-09-27T11:51:13,gerado,individuais\2021\27210935616280000141550010000010261809811175.pdf,DANFE gerado com sucesso.
2021\27210912270435000640550010000885951417190995.xml,27210912270435000640550010000885951417190995,2021,2021-09-27T12:02:20,gerado,individuais\2021\27210912270435000640550010000885951417190995.pdf,DANFE gerado com sucesso.
2021\27210933737433000183550010000020811000069155.xml,27210933737433000183550010000020811000069155,2021,2021-09-28T00:00:00,gerado,individuais\2021\27210933737433000183550010000020811000069155.pdf,DANFE gerado com sucesso.
2021\27210901438784005590550120000313141204075032.xml,27210901438784005590550120000313141204075032,2021,2021-09-29T14:41:55,gerado,individuais\2021\27210901438784005590550120000313141204075032.pdf,DANFE gerado com sucesso.
2021\27210911188276000161550020000004481000972784.xml,27210911188276000161550020000004481000972784,2021,2021-09-29T16:07:00,gerado,individuais\2021\27210911188276000161550020000004481000972784.pdf,DANFE gerado com sucesso.
2021\26211010948040000890550010002333271745085620.xml,26211010948040000890550010002333271745085620,2021,2021-10-05T08:01:08,gerado,individuais\2021\26211010948040000890550010002333271745085620.pdf,DANFE gerado com sucesso.
2021\26211041057399000477550010000301131033758031.xml,26211041057399000477550010000301131033758031,2021,2021-10-05T11:59:25,gerado,individuais\2021\26211041057399000477550010000301131033758031.pdf,DANFE gerado com sucesso.
2021\26211016367819000393550010000182741518005123.xml,26211016367819000393550010000182741518005123,2021,2021-10-06T00:00:00,gerado,individuais\2021\26211016367819000393550010000182741518005123.pdf,DANFE gerado com sucesso.
2021\27211020616431000194550010000042721149462077.xml,27211020616431000194550010000042721149462077,2021,2021-10-07T10:23:00,gerado,individuais\2021\27211020616431000194550010000042721149462077.pdf,DANFE gerado com sucesso.
2021\27211012200192000169558900049248021101450532.xml,27211012200192000169558900049248021101450532,2021,2021-10-13T17:00:00,gerado,individuais\2021\27211012200192000169558900049248021101450532.pdf,DANFE gerado com sucesso.
2021\26211016367819000393550010000183531518005129.xml,26211016367819000393550010000183531518005129,2021,2021-10-14T00:00:00,gerado,individuais\2021\26211016367819000393550010000183531518005129.pdf,DANFE gerado com sucesso.
2021\26211041057399000477550010000302271798476247.xml,26211041057399000477550010000302271798476247,2021,2021-10-14T16:57:40,gerado,individuais\2021\26211041057399000477550010000302271798476247.pdf,DANFE gerado com sucesso.
2021\26211016367819000393550010000183871518005127.xml,26211016367819000393550010000183871518005127,2021,2021-10-19T00:00:00,gerado,individuais\2021\26211016367819000393550010000183871518005127.pdf,DANFE gerado com sucesso.
2021\26211016367819000393550010000183881518005124.xml,26211016367819000393550010000183881518005124,2021,2021-10-19T00:00:00,gerado,individuais\2021\26211016367819000393550010000183881518005124.pdf,DANFE gerado com sucesso.
2021\26211041057399000477550010000302701221378757.xml,26211041057399000477550010000302701221378757,2021,2021-10-19T12:03:29,gerado,individuais\2021\26211041057399000477550010000302701221378757.pdf,DANFE gerado com sucesso.
2021\26211041057399000477550010000303231494532631.xml,26211041057399000477550010000303231494532631,2021,2021-10-22T11:09:03,gerado,individuais\2021\26211041057399000477550010000303231494532631.pdf,DANFE gerado com sucesso.
2021\26211041057399000477550010000303241984007328.xml,26211041057399000477550010000303241984007328,2021,2021-10-22T12:44:45,gerado,individuais\2021\26211041057399000477550010000303241984007328.pdf,DANFE gerado com sucesso.
2021\27211011188276000161550020000005871001025383.xml,27211011188276000161550020000005871001025383,2021,2021-10-28T09:10:00,gerado,individuais\2021\27211011188276000161550020000005871001025383.pdf,DANFE gerado com sucesso.
2021\27211135670448000288550010000026661001360400.xml,27211135670448000288550010000026661001360400,2021,2021-11-04T00:00:00,gerado,individuais\2021\27211135670448000288550010000026661001360400.pdf,DANFE gerado com sucesso.
2021\27211135670448000288550010000026671001360415.xml,27211135670448000288550010000026671001360415,2021,2021-11-04T00:00:00,gerado,individuais\2021\27211135670448000288550010000026671001360415.pdf,DANFE gerado com sucesso.
2021\27211135670448000288550010000026681001360420.xml,27211135670448000288550010000026681001360420,2021,2021-11-04T00:00:00,gerado,individuais\2021\27211135670448000288550010000026681001360420.pdf,DANFE gerado com sucesso.
2021\27211135670448000288550010000026691001360444.xml,27211135670448000288550010000026691001360444,2021,2021-11-04T00:00:00,gerado,individuais\2021\27211135670448000288550010000026691001360444.pdf,DANFE gerado com sucesso.
2021\27211135670448000288550010000026701001360496.xml,27211135670448000288550010000026701001360496,2021,2021-11-04T00:00:00,gerado,individuais\2021\27211135670448000288550010000026701001360496.pdf,DANFE gerado com sucesso.
2021\26211116367819000393550010000186561518005120.xml,26211116367819000393550010000186561518005120,2021,2021-11-09T00:00:00,gerado,individuais\2021\26211116367819000393550010000186561518005120.pdf,DANFE gerado com sucesso.
2021\26211100815532000187550010001580941121500403.xml,26211100815532000187550010001580941121500403,2021,2021-11-11T10:40:46,gerado,individuais\2021\26211100815532000187550010001580941121500403.pdf,DANFE gerado com sucesso.
2021\26211124073694000155550010007254611021825154.xml,26211124073694000155550010007254611021825154,2021,2021-11-11T15:29:33,gerado,individuais\2021\26211124073694000155550010007254611021825154.pdf,DANFE gerado com sucesso.
2021\26211107115091000150550010000489791131496600.xml,26211107115091000150550010000489791131496600,2021,2021-11-11T15:43:15,gerado,individuais\2021\26211107115091000150550010000489791131496600.pdf,DANFE gerado com sucesso.
2021\27211117487985000124550010000051211111601049.xml,27211117487985000124550010000051211111601049,2021,2021-11-17T00:00:00,gerado,individuais\2021\27211117487985000124550010000051211111601049.pdf,DANFE gerado com sucesso.
2021\43211190265919000108550010000466661615025389.xml,43211190265919000108550010000466661615025389,2021,2021-11-18T13:13:00,gerado,individuais\2021\43211190265919000108550010000466661615025389.pdf,DANFE gerado com sucesso.
2021\27211139565838000168550020000015141233192751.xml,27211139565838000168550020000015141233192751,2021,2021-11-19T10:33:00,gerado,individuais\2021\27211139565838000168550020000015141233192751.pdf,DANFE gerado com sucesso.
2021\26211110499151000190550010000241421438720129.xml,26211110499151000190550010000241421438720129,2021,2021-11-19T10:47:52,gerado,individuais\2021\26211110499151000190550010000241421438720129.pdf,DANFE gerado com sucesso.
2021\26211141057399000477550010000306281931090440.xml,26211141057399000477550010000306281931090440,2021,2021-11-19T11:02:27,gerado,individuais\2021\26211141057399000477550010000306281931090440.pdf,DANFE gerado com sucesso.
2021\26211110948040000890550010002429721040667875.xml,26211110948040000890550010002429721040667875,2021,2021-11-19T11:44:22,gerado,individuais\2021\26211110948040000890550010002429721040667875.pdf,DANFE gerado com sucesso.
2021\26211107065420000103550010000597821000862078.xml,26211107065420000103550010000597821000862078,2021,2021-11-19T11:51:00,gerado,individuais\2021\26211107065420000103550010000597821000862078.pdf,DANFE gerado com sucesso.
2021\26211107115091000150550010000491041381969629.xml,26211107115091000150550010000491041381969629,2021,2021-11-19T15:24:58,gerado,individuais\2021\26211107115091000150550010000491041381969629.pdf,DANFE gerado com sucesso.
2021\26211141057399000477550010000306561138949013.xml,26211141057399000477550010000306561138949013,2021,2021-11-22T11:44:33,gerado,individuais\2021\26211141057399000477550010000306561138949013.pdf,DANFE gerado com sucesso.
2021\26211100815532000187550010001588031823592269.xml,26211100815532000187550010001588031823592269,2021,2021-11-22T12:13:30,gerado,individuais\2021\26211100815532000187550010001588031823592269.pdf,DANFE gerado com sucesso.
2021\26211114255303000160550010000002041670308346.xml,26211114255303000160550010000002041670308346,2021,2021-11-23T12:04:00,gerado,individuais\2021\26211114255303000160550010000002041670308346.pdf,DANFE gerado com sucesso.
2021\27211111840303000210550010000983091086775116.xml,27211111840303000210550010000983091086775116,2021,2021-11-23T15:24:46,gerado,individuais\2021\27211111840303000210550010000983091086775116.pdf,DANFE gerado com sucesso.
2021\26211124091522000104550010000887251170812201.xml,26211124091522000104550010000887251170812201,2021,2021-11-23T15:41:13,gerado,individuais\2021\26211124091522000104550010000887251170812201.pdf,DANFE gerado com sucesso.
2021\26211105092927000112550010000936781566262406.xml,26211105092927000112550010000936781566262406,2021,2021-11-23T15:50:14,gerado,individuais\2021\26211105092927000112550010000936781566262406.pdf,DANFE gerado com sucesso.
2021\26211138143900000160550010000002991445495368.xml,26211138143900000160550010000002991445495368,2021,2021-11-24T16:30:43,gerado,individuais\2021\26211138143900000160550010000002991445495368.pdf,DANFE gerado com sucesso.
2021\26211238143900000160550010000003041300591884.xml,26211238143900000160550010000003041300591884,2021,2021-12-01T14:38:49,gerado,individuais\2021\26211238143900000160550010000003041300591884.pdf,DANFE gerado com sucesso.
2021\28211240135362000104550010000011781693051948.xml,28211240135362000104550010000011781693051948,2021,2021-12-04T10:38:21,gerado,individuais\2021\28211240135362000104550010000011781693051948.pdf,DANFE gerado com sucesso.
2021\27211206228417000192550020001509391028646473.xml,27211206228417000192550020001509391028646473,2021,2021-12-06T00:00:00,gerado,individuais\2021\27211206228417000192550020001509391028646473.pdf,DANFE gerado com sucesso.
2021\27211206228417000192550020001509411028646560.xml,27211206228417000192550020001509411028646560,2021,2021-12-06T00:00:00,gerado,individuais\2021\27211206228417000192550020001509411028646560.pdf,DANFE gerado com sucesso.
2021\27211206228417000192550020001509501028646896.xml,27211206228417000192550020001509501028646896,2021,2021-12-06T00:00:00,gerado,individuais\2021\27211206228417000192550020001509501028646896.pdf,DANFE gerado com sucesso.
2021\26211216367819000393550010000190711518005122.xml,26211216367819000393550010000190711518005122,2021,2021-12-09T00:00:00,gerado,individuais\2021\26211216367819000393550010000190711518005122.pdf,DANFE gerado com sucesso.
2021\27211241187998000162550010000272391411879985.xml,27211241187998000162550010000272391411879985,2021,2021-12-09T00:00:00,gerado,individuais\2021\27211241187998000162550010000272391411879985.pdf,DANFE gerado com sucesso.
2021\26211241057399000477550010000309001977831736.xml,26211241057399000477550010000309001977831736,2021,2021-12-09T13:44:50,gerado,individuais\2021\26211241057399000477550010000309001977831736.pdf,DANFE gerado com sucesso.
2021\23211224073694000589550000005987691001502044.xml,23211224073694000589550000005987691001502044,2021,2021-12-09T17:53:26,gerado,individuais\2021\23211224073694000589550000005987691001502044.pdf,DANFE gerado com sucesso.
2021\27211239565838000168550020000017821241101179.xml,27211239565838000168550020000017821241101179,2021,2021-12-13T13:52:00,gerado,individuais\2021\27211239565838000168550020000017821241101179.pdf,DANFE gerado com sucesso.
2021\27211207199663000126550020000001801795804099.xml,27211207199663000126550020000001801795804099,2021,2021-12-15T08:49:41,gerado,individuais\2021\27211207199663000126550020000001801795804099.pdf,DANFE gerado com sucesso.
2021\26211210230480001960550100014694561082973506.xml,26211210230480001960550100014694561082973506,2021,2021-12-15T14:30:37,gerado,individuais\2021\26211210230480001960550100014694561082973506.pdf,DANFE gerado com sucesso.
2021\26211214255303000160550010000002121193264350.xml,26211214255303000160550010000002121193264350,2021,2021-12-20T14:45:00,gerado,individuais\2021\26211214255303000160550010000002121193264350.pdf,DANFE gerado com sucesso.
2021\27211203656804000131550030001592121475275192.xml,27211203656804000131550030001592121475275192,2021,2021-12-23T17:18:00,gerado,individuais\2021\27211203656804000131550030001592121475275192.pdf,DANFE gerado com sucesso.
2021\26211216367819000393550010000193071518005128.xml,26211216367819000393550010000193071518005128,2021,2021-12-27T00:00:00,gerado,individuais\2021\26211216367819000393550010000193071518005128.pdf,DANFE gerado com sucesso.
2021\26211230880000000194550010000134361665648018.xml,26211230880000000194550010000134361665648018,2021,2021-12-27T13:43:00,gerado,individuais\2021\26211230880000000194550010000134361665648018.pdf,DANFE gerado com sucesso.
2021\26211230880000000275550010000262131367602278.xml,26211230880000000275550010000262131367602278,2021,2021-12-27T13:49:00,gerado,individuais\2021\26211230880000000275550010000262131367602278.pdf,DANFE gerado com sucesso.
2021\26211230880000000194550010000134401795999751.xml,26211230880000000194550010000134401795999751,2021,2021-12-27T14:10:00,gerado,individuais\2021\26211230880000000194550010000134401795999751.pdf,DANFE gerado com sucesso.
2021\26211241057399000477550010000310801623570897.xml,26211241057399000477550010000310801623570897,2021,2021-12-28T11:21:12,gerado,individuais\2021\26211241057399000477550010000310801623570897.pdf,DANFE gerado com sucesso.
2021\26211210499151000190550010000244951117818195.xml,26211210499151000190550010000244951117818195,2021,2021-12-28T11:49:15,gerado,individuais\2021\26211210499151000190550010000244951117818195.pdf,DANFE gerado com sucesso.
2021\26211241057399000477550010000310831167936610.xml,26211241057399000477550010000310831167936610,2021,2021-12-28T12:00:39,gerado,individuais\2021\26211241057399000477550010000310831167936610.pdf,DANFE gerado com sucesso.
2022\27220141187998000162550010000273781411879984.xml,27220141187998000162550010000273781411879984,2022,2022-01-05T00:00:00,gerado,individuais\2022\27220141187998000162550010000273781411879984.pdf,DANFE gerado com sucesso.
2022\27220103656804000131550030001614421952716852.xml,27220103656804000131550030001614421952716852,2022,2022-01-10T15:06:00,gerado,individuais\2022\27220103656804000131550030001614421952716852.pdf,DANFE gerado com sucesso.
2022\26220105892612000230550010000417381769284826.xml,26220105892612000230550010000417381769284826,2022,2022-01-17T12:20:00,gerado,individuais\2022\26220105892612000230550010000417381769284826.pdf,DANFE gerado com sucesso.
2022\26220116367819000393550010000195001518005123.xml,26220116367819000393550010000195001518005123,2022,2022-01-19T00:00:00,gerado,individuais\2022\26220116367819000393550010000195001518005123.pdf,DANFE gerado com sucesso.
2022\27220139565838000168550020000022021163671946.xml,27220139565838000168550020000022021163671946,2022,2022-01-19T08:49:00,gerado,individuais\2022\27220139565838000168550020000022021163671946.pdf,DANFE gerado com sucesso.
2022\35220107567420000101550010000303971848268664.xml,35220107567420000101550010000303971848268664,2022,2022-01-19T10:53:26,gerado,individuais\2022\35220107567420000101550010000303971848268664.pdf,DANFE gerado com sucesso.
2022\26220110948040000890550010002554231785460649.xml,26220110948040000890550010002554231785460649,2022,2022-01-20T08:43:59,gerado,individuais\2022\26220110948040000890550010002554231785460649.pdf,DANFE gerado com sucesso.
2022\26220130880000000275550010000276101839320475.xml,26220130880000000275550010000276101839320475,2022,2022-01-20T09:13:00,gerado,individuais\2022\26220130880000000275550010000276101839320475.pdf,DANFE gerado com sucesso.
2022\26220110948040000890550010002554481116518429.xml,26220110948040000890550010002554481116518429,2022,2022-01-20T09:14:42,gerado,individuais\2022\26220110948040000890550010002554481116518429.pdf,DANFE gerado com sucesso.
2022\26220110948040000890550010002554491119715133.xml,26220110948040000890550010002554491119715133,2022,2022-01-20T09:15:16,gerado,individuais\2022\26220110948040000890550010002554491119715133.pdf,DANFE gerado com sucesso.
2022\26220141057399000477550010000312741242183579.xml,26220141057399000477550010000312741242183579,2022,2022-01-20T10:08:31,gerado,individuais\2022\26220141057399000477550010000312741242183579.pdf,DANFE gerado com sucesso.
2022\26220110499151000190550010000247391801711090.xml,26220110499151000190550010000247391801711090,2022,2022-01-20T10:12:56,gerado,individuais\2022\26220110499151000190550010000247391801711090.pdf,DANFE gerado com sucesso.
2022\26220116367819000393550010000195131518005121.xml,26220116367819000393550010000195131518005121,2022,2022-01-21T00:00:00,gerado,individuais\2022\26220116367819000393550010000195131518005121.pdf,DANFE gerado com sucesso.
2022\26220116367819000393550010000195571518005126.xml,26220116367819000393550010000195571518005126,2022,2022-01-26T00:00:00,gerado,individuais\2022\26220116367819000393550010000195571518005126.pdf,DANFE gerado com sucesso.
2022\26220110948040000890550010002566581908053532.xml,26220110948040000890550010002566581908053532,2022,2022-01-26T10:25:39,gerado,individuais\2022\26220110948040000890550010002566581908053532.pdf,DANFE gerado com sucesso.
2022\26220130880000000275550010000280821519117157.xml,26220130880000000275550010000280821519117157,2022,2022-01-26T13:40:00,gerado,individuais\2022\26220130880000000275550010000280821519117157.pdf,DANFE gerado com sucesso.
2022\23220124073694000589550000006027661018144630.xml,23220124073694000589550000006027661018144630,2022,2022-01-27T11:32:44,gerado,individuais\2022\23220124073694000589550000006027661018144630.pdf,DANFE gerado com sucesso.
2022\26220110948040000890550010002570771132078119.xml,26220110948040000890550010002570771132078119,2022,2022-01-27T13:56:03,gerado,individuais\2022\26220110948040000890550010002570771132078119.pdf,DANFE gerado com sucesso.
2022\27220212200192000169558900053084931281526430.xml,27220212200192000169558900053084931281526430,2022,2022-02-01T14:43:00,gerado,individuais\2022\27220212200192000169558900053084931281526430.pdf,DANFE gerado com sucesso.
2022\35220248848501000159550010000007391610012866.xml,35220248848501000159550010000007391610012866,2022,2022-02-07T08:27:00,gerado,individuais\2022\35220248848501000159550010000007391610012866.pdf,DANFE gerado com sucesso.
2022\27220203656804000131550030001665891749921275.xml,27220203656804000131550030001665891749921275,2022,2022-02-09T13:49:00,gerado,individuais\2022\27220203656804000131550030001665891749921275.pdf,DANFE gerado com sucesso.
2022\27220211188276000161550020000011581001097659.xml,27220211188276000161550020000011581001097659,2022,2022-02-11T16:06:43,gerado,individuais\2022\27220211188276000161550020000011581001097659.pdf,DANFE gerado com sucesso.
2022\26220292660406000623550050006549571000272769.xml,26220292660406000623550050006549571000272769,2022,2022-02-18T16:20:27,gerado,individuais\2022\26220292660406000623550050006549571000272769.pdf,DANFE gerado com sucesso.
2022\27220235670448000288550010000029881001422622.xml,27220235670448000288550010000029881001422622,2022,2022-02-23T00:00:00,gerado,individuais\2022\27220235670448000288550010000029881001422622.pdf,DANFE gerado com sucesso.
2022\43220390265919000108550010000477291910773121.xml,43220390265919000108550010000477291910773121,2022,2022-03-08T08:15:00,gerado,individuais\2022\43220390265919000108550010000477291910773121.pdf,DANFE gerado com sucesso.
2022\26220316367819000555550010000041621518005120.xml,26220316367819000555550010000041621518005120,2022,2022-03-16T00:00:00,gerado,individuais\2022\26220316367819000555550010000041621518005120.pdf,DANFE gerado com sucesso.
2022\27220310659395000192550010000133701710020109.xml,27220310659395000192550010000133701710020109,2022,2022-03-16T10:29:00,gerado,individuais\2022\27220310659395000192550010000133701710020109.pdf,DANFE gerado com sucesso.
2022\26220314255303000160550010000002281169734417.xml,26220314255303000160550010000002281169734417,2022,2022-03-16T17:32:00,gerado,individuais\2022\26220314255303000160550010000002281169734417.pdf,DANFE gerado com sucesso.
2022\27220303656804000727550030005292981246339960.xml,27220303656804000727550030005292981246339960,2022,2022-03-23T10:50:00,gerado,individuais\2022\27220303656804000727550030005292981246339960.pdf,DANFE gerado com sucesso.
2022\27220310659395000192550010000134211710020100.xml,27220310659395000192550010000134211710020100,2022,2022-03-24T08:51:00,gerado,individuais\2022\27220310659395000192550010000134211710020100.pdf,DANFE gerado com sucesso.
2022\35220358566399000152550010001388021213910035.xml,35220358566399000152550010001388021213910035,2022,2022-03-24T10:30:00,gerado,individuais\2022\35220358566399000152550010001388021213910035.pdf,DANFE gerado com sucesso.
2022\27220307749132000160550010000168291021426310.xml,27220307749132000160550010000168291021426310,2022,2022-03-26T00:00:00,gerado,individuais\2022\27220307749132000160550010000168291021426310.pdf,DANFE gerado com sucesso.
2022\28220323841283000108550010000005011000005066.xml,28220323841283000108550010000005011000005066,2022,2022-03-31T14:48:04,gerado,individuais\2022\28220323841283000108550010000005011000005066.pdf,DANFE gerado com sucesso.
2022\27220410659395000192550010000134841710020103.xml,27220410659395000192550010000134841710020103,2022,2022-04-04T16:09:00,gerado,individuais\2022\27220410659395000192550010000134841710020103.pdf,DANFE gerado com sucesso.
2022\26220416367819000393550010000202531518005124.xml,26220416367819000393550010000202531518005124,2022,2022-04-05T00:00:00,gerado,individuais\2022\26220416367819000393550010000202531518005124.pdf,DANFE gerado com sucesso.
2022\26220441057399000477550010000320691720218160.xml,26220441057399000477550010000320691720218160,2022,2022-04-05T08:26:08,gerado,individuais\2022\26220441057399000477550010000320691720218160.pdf,DANFE gerado com sucesso.
2022\26220438143900000160550010000003891847811301.xml,26220438143900000160550010000003891847811301,2022,2022-04-06T13:23:13,gerado,individuais\2022\26220438143900000160550010000003891847811301.pdf,DANFE gerado com sucesso.
2022\35220461946091000147550010000369311842230636.xml,35220461946091000147550010000369311842230636,2022,2022-04-07T15:12:55,gerado,individuais\2022\35220461946091000147550010000369311842230636.pdf,DANFE gerado com sucesso.
2022\26220416367819000393550010000203851518005123.xml,26220416367819000393550010000203851518005123,2022,2022-04-13T00:00:00,gerado,individuais\2022\26220416367819000393550010000203851518005123.pdf,DANFE gerado com sucesso.
2022\26220416367819000393550010000203941518005122.xml,26220416367819000393550010000203941518005122,2022,2022-04-14T00:00:00,gerado,individuais\2022\26220416367819000393550010000203941518005122.pdf,DANFE gerado com sucesso.
2022\26220416367819000393550010000203951518005120.xml,26220416367819000393550010000203951518005120,2022,2022-04-14T00:00:00,gerado,individuais\2022\26220416367819000393550010000203951518005120.pdf,DANFE gerado com sucesso.
2022\26220416367819000393550010000203961518005127.xml,26220416367819000393550010000203961518005127,2022,2022-04-14T00:00:00,gerado,individuais\2022\26220416367819000393550010000203961518005127.pdf,DANFE gerado com sucesso.
2022\26220416367819000393550010000204591518005129.xml,26220416367819000393550010000204591518005129,2022,2022-04-20T00:00:00,gerado,individuais\2022\26220416367819000393550010000204591518005129.pdf,DANFE gerado com sucesso.
2022\26220416367819000393550010000204691518005125.xml,26220416367819000393550010000204691518005125,2022,2022-04-22T00:00:00,gerado,individuais\2022\26220416367819000393550010000204691518005125.pdf,DANFE gerado com sucesso.
2022\26220416367819000393550010000205521518005123.xml,26220416367819000393550010000205521518005123,2022,2022-04-26T00:00:00,gerado,individuais\2022\26220416367819000393550010000205521518005123.pdf,DANFE gerado com sucesso.
2022\27220424073694009705550000000026671000012044.xml,27220424073694009705550000000026671000012044,2022,2022-04-26T14:52:56,gerado,individuais\2022\27220424073694009705550000000026671000012044.pdf,DANFE gerado com sucesso.
2022\26220410499151000190550010000261221726898809.xml,26220410499151000190550010000261221726898809,2022,2022-04-26T15:26:50,gerado,individuais\2022\26220410499151000190550010000261221726898809.pdf,DANFE gerado com sucesso.
2022\26220441057399000477550010000322991474841480.xml,26220441057399000477550010000322991474841480,2022,2022-04-26T15:28:52,gerado,individuais\2022\26220441057399000477550010000322991474841480.pdf,DANFE gerado com sucesso.
2022\26220410948040000890550010002744091021810608.xml,26220410948040000890550010002744091021810608,2022,2022-04-26T16:13:26,gerado,individuais\2022\26220410948040000890550010002744091021810608.pdf,DANFE gerado com sucesso.
2022\26220410948040000890550010002744931631773106.xml,26220410948040000890550010002744931631773106,2022,2022-04-27T09:18:52,gerado,individuais\2022\26220410948040000890550010002744931631773106.pdf,DANFE gerado com sucesso.
2022\27220403656804000131550030001821241254017922.xml,27220403656804000131550030001821241254017922,2022,2022-04-27T16:04:00,gerado,individuais\2022\27220403656804000131550030001821241254017922.pdf,DANFE gerado com sucesso.
2022\27220408441081000258550020000920281410174080.xml,27220408441081000258550020000920281410174080,2022,2022-04-28T00:00:00,gerado,individuais\2022\27220408441081000258550020000920281410174080.pdf,DANFE gerado com sucesso.
2022\27220517487985000124550010000053101076109512.xml,27220517487985000124550010000053101076109512,2022,2022-05-03T00:00:00,gerado,individuais\2022\27220517487985000124550010000053101076109512.pdf,DANFE gerado com sucesso.
2022\26220521896205000177550010000070411195007357.xml,26220521896205000177550010000070411195007357,2022,2022-05-05T13:37:04,gerado,individuais\2022\26220521896205000177550010000070411195007357.pdf,DANFE gerado com sucesso.
2022\27220508441081000258550020000929221841017985.xml,27220508441081000258550020000929221841017985,2022,2022-05-23T00:00:00,gerado,individuais\2022\27220508441081000258550020000929221841017985.pdf,DANFE gerado com sucesso.
2022\23220624073694000589550000006138751001539778.xml,23220624073694000589550000006138751001539778,2022,2022-06-02T09:13:05,gerado,individuais\2022\23220624073694000589550000006138751001539778.pdf,DANFE gerado com sucesso.
2022\27220617469701015360550000000744961069959350.xml,27220617469701015360550000000744961069959350,2022,2022-06-17T11:02:22,gerado,individuais\2022\27220617469701015360550000000744961069959350.pdf,DANFE gerado com sucesso.
2022\23220624073694000589550000006155461018528031.xml,23220624073694000589550000006155461018528031,2022,2022-06-22T11:55:57,gerado,individuais\2022\23220624073694000589550000006155461018528031.pdf,DANFE gerado com sucesso.
2022\35220761946091000147550010000385951410672810.xml,35220761946091000147550010000385951410672810,2022,2022-07-05T15:30:52,gerado,individuais\2022\35220761946091000147550010000385951410672810.pdf,DANFE gerado com sucesso.
2022\35220761946091000147550010000386541336102884.xml,35220761946091000147550010000386541336102884,2022,2022-07-07T16:49:54,gerado,individuais\2022\35220761946091000147550010000386541336102884.pdf,DANFE gerado com sucesso.
2022\23220724073694000589550000006173141001548407.xml,23220724073694000589550000006173141001548407,2022,2022-07-14T09:57:07,gerado,individuais\2022\23220724073694000589550000006173141001548407.pdf,DANFE gerado com sucesso.
2022\27220741187998000162550010000286981411879980.xml,27220741187998000162550010000286981411879980,2022,2022-07-15T00:00:00,gerado,individuais\2022\27220741187998000162550010000286981411879980.pdf,DANFE gerado com sucesso.
2022\41220737995408000231550010000001191523711969.xml,41220737995408000231550010000001191523711969,2022,2022-07-15T11:17:51,gerado,individuais\2022\41220737995408000231550010000001191523711969.pdf,DANFE gerado com sucesso.
2022\41220712570061000173550010000000951000005548.xml,41220712570061000173550010000000951000005548,2022,2022-07-18T10:40:43,gerado,individuais\2022\41220712570061000173550010000000951000005548.pdf,DANFE gerado com sucesso.
2022\27220745554837000110550010000000051415446076.xml,27220745554837000110550010000000051415446076,2022,2022-07-29T09:57:00,gerado,individuais\2022\27220745554837000110550010000000051415446076.pdf,DANFE gerado com sucesso.
2022\35220861946091000147550010000392741382607020.xml,35220861946091000147550010000392741382607020,2022,2022-08-09T14:23:36,gerado,individuais\2022\35220861946091000147550010000392741382607020.pdf,DANFE gerado com sucesso.
2022\27220927022389000122550010000002591009201609.xml,27220927022389000122550010000002591009201609,2022,2022-09-12T15:21:00,gerado,individuais\2022\27220927022389000122550010000002591009201609.pdf,DANFE gerado com sucesso.
2022\27220902109886000131550010000001221395568062.xml,27220902109886000131550010000001221395568062,2022,2022-09-23T09:44:00,gerado,individuais\2022\27220902109886000131550010000001221395568062.pdf,DANFE gerado com sucesso.
2022\43220990265919000108550010000503691794322880.xml,43220990265919000108550010000503691794322880,2022,2022-09-29T10:06:00,gerado,individuais\2022\43220990265919000108550010000503691794322880.pdf,DANFE gerado com sucesso.
2022\27221044536841000193550010000000041839656297.xml,27221044536841000193550010000000041839656297,2022,2022-10-26T19:04:48,gerado,individuais\2022\27221044536841000193550010000000041839656297.pdf,DANFE gerado com sucesso.
2022\32221032270838000272550010000641851964541450.xml,32221032270838000272550010000641851964541450,2022,2022-10-27T16:21:00,gerado,individuais\2022\32221032270838000272550010000641851964541450.pdf,DANFE gerado com sucesso.
2022\27221108441081000258550020000981561933441090.xml,27221108441081000258550020000981561933441090,2022,2022-11-01T00:00:00,gerado,individuais\2022\27221108441081000258550020000981561933441090.pdf,DANFE gerado com sucesso.
2022\27221124073694009705550000000032511000161559.xml,27221124073694009705550000000032511000161559,2022,2022-11-04T12:21:16,gerado,individuais\2022\27221124073694009705550000000032511000161559.pdf,DANFE gerado com sucesso.
2022\27221103656804000646550050000845171520892054.xml,27221103656804000646550050000845171520892054,2022,2022-11-08T14:53:00,gerado,individuais\2022\27221103656804000646550050000845171520892054.pdf,DANFE gerado com sucesso.
2022\26221143648971005033550010006706811956112072.xml,26221143648971005033550010006706811956112072,2022,2022-11-09T14:03:14,gerado,individuais\2022\26221143648971005033550010006706811956112072.pdf,DANFE gerado com sucesso.
2022\43221190265919000108550010000508831328541431.xml,43221190265919000108550010000508831328541431,2022,2022-11-10T11:16:00,gerado,individuais\2022\43221190265919000108550010000508831328541431.pdf,DANFE gerado com sucesso.
2022\27221102556423000118550010002702491001777328.xml,27221102556423000118550010002702491001777328,2022,2022-11-16T11:40:43,gerado,individuais\2022\27221102556423000118550010002702491001777328.pdf,DANFE gerado com sucesso.
2022\27221142278123000139550010000002191498736672.xml,27221142278123000139550010000002191498736672,2022,2022-11-23T12:24:58,gerado,individuais\2022\27221142278123000139550010000002191498736672.pdf,DANFE gerado com sucesso.
2022\27221203656804000131550030002284081427523308.xml,27221203656804000131550030002284081427523308,2022,2022-12-06T19:24:00,gerado,individuais\2022\27221203656804000131550030002284081427523308.pdf,DANFE gerado com sucesso.
2022\27221220616431000194550010000050751991836698.xml,27221220616431000194550010000050751991836698,2022,2022-12-07T10:45:00,gerado,individuais\2022\27221220616431000194550010000050751991836698.pdf,DANFE gerado com sucesso.
2022\23221224073694000589550000006297731001579558.xml,23221224073694000589550000006297731001579558,2022,2022-12-08T09:45:47,gerado,individuais\2022\23221224073694000589550000006297731001579558.pdf,DANFE gerado com sucesso.
2022\27221203656804000131550030002299011644064698.xml,27221203656804000131550030002299011644064698,2022,2022-12-13T11:06:00,gerado,individuais\2022\27221203656804000131550030002299011644064698.pdf,DANFE gerado com sucesso.
2022\43221287958674000181558900443427411514497058.xml,43221287958674000181558900443427411514497058,2022,2022-12-14T14:32:00,gerado,individuais\2022\43221287958674000181558900443427411514497058.pdf,DANFE gerado com sucesso.
2022\27221203656804000131550030002307131203649301.xml,27221203656804000131550030002307131203649301,2022,2022-12-15T14:29:00,gerado,individuais\2022\27221203656804000131550030002307131203649301.pdf,DANFE gerado com sucesso.
2022\35221246958948000155550010000742771001212295.xml,35221246958948000155550010000742771001212295,2022,2022-12-16T11:33:53,gerado,individuais\2022\35221246958948000155550010000742771001212295.pdf,DANFE gerado com sucesso.
2022\29221210522675000154550010000018511293648282.xml,29221210522675000154550010000018511293648282,2022,2022-12-28T15:26:18,gerado,individuais\2022\29221210522675000154550010000018511293648282.pdf,DANFE gerado com sucesso.
2023\27230103656804000131550030002389141884839751.xml,27230103656804000131550030002389141884839751,2023,2023-01-11T17:42:00,gerado,individuais\2023\27230103656804000131550030002389141884839751.pdf,DANFE gerado com sucesso.
2023\43230190265919000108550010000514491480760175.xml,43230190265919000108550010000514491480760175,2023,2023-01-17T09:23:00,gerado,individuais\2023\43230190265919000108550010000514491480760175.pdf,DANFE gerado com sucesso.
2023\27230120616431000194550010000051431482043662.xml,27230120616431000194550010000051431482043662,2023,2023-01-17T11:40:00,gerado,individuais\2023\27230120616431000194550010000051431482043662.pdf,DANFE gerado com sucesso.
2023\27230141187998000162550010000298431411879987.xml,27230141187998000162550010000298431411879987,2023,2023-01-18T00:00:00,gerado,individuais\2023\27230141187998000162550010000298431411879987.pdf,DANFE gerado com sucesso.
2023\23230124073694000589550000006332181019057955.xml,23230124073694000589550000006332181019057955,2023,2023-01-18T09:51:57,gerado,individuais\2023\23230124073694000589550000006332181019057955.pdf,DANFE gerado com sucesso.
2023\27230141187998000162550010000298991411879982.xml,27230141187998000162550010000298991411879982,2023,2023-01-24T00:00:00,gerado,individuais\2023\27230141187998000162550010000298991411879982.pdf,DANFE gerado com sucesso.
2023\35230161946091000147550010000422621236011557.xml,35230161946091000147550010000422621236011557,2023,2023-01-27T14:26:37,gerado,individuais\2023\35230161946091000147550010000422621236011557.pdf,DANFE gerado com sucesso.
2023\23230124073694000589550000006343471001591013.xml,23230124073694000589550000006343471001591013,2023,2023-01-30T10:51:59,gerado,individuais\2023\23230124073694000589550000006343471001591013.pdf,DANFE gerado com sucesso.
2023\27230117469701015360550000000834881007067367.xml,27230117469701015360550000000834881007067367,2023,2023-01-30T12:30:52,gerado,individuais\2023\27230117469701015360550000000834881007067367.pdf,DANFE gerado com sucesso.
2023\27230203656804000131550030002463291798622950.xml,27230203656804000131550030002463291798622950,2023,2023-02-03T14:28:00,gerado,individuais\2023\27230203656804000131550030002463291798622950.pdf,DANFE gerado com sucesso.
2023\27230226774412000172550030000061081075565380.xml,27230226774412000172550030000061081075565380,2023,2023-02-09T07:43:33,gerado,individuais\2023\27230226774412000172550030000061081075565380.pdf,DANFE gerado com sucesso.
2023\27230311188276000161550030000009031262882026.xml,27230311188276000161550030000009031262882026,2023,2023-03-03T19:08:04,gerado,individuais\2023\27230311188276000161550030000009031262882026.pdf,DANFE gerado com sucesso.
2023\26230324073694000155550010009204047002306094.xml,26230324073694000155550010009204047002306094,2023,2023-03-07T16:59:03,gerado,individuais\2023\26230324073694000155550010009204047002306094.pdf,DANFE gerado com sucesso.
2023\27230302109886000131550010000001271745695900.xml,27230302109886000131550010000001271745695900,2023,2023-03-10T09:49:00,gerado,individuais\2023\27230302109886000131550010000001271745695900.pdf,DANFE gerado com sucesso.
2023\33230306020318000544550050006100891538181900.xml,33230306020318000544550050006100891538181900,2023,2023-03-21T14:07:55,gerado,individuais\2023\33230306020318000544550050006100891538181900.pdf,DANFE gerado com sucesso.
2023\23230424073694000589550000006408561001607257.xml,23230424073694000589550000006408561001607257,2023,2023-04-14T16:10:05,gerado,individuais\2023\23230424073694000589550000006408561001607257.pdf,DANFE gerado com sucesso.
2023\27230403656804000727550030007372011709694529.xml,27230403656804000727550030007372011709694529,2023,2023-04-20T14:08:00,gerado,individuais\2023\27230403656804000727550030007372011709694529.pdf,DANFE gerado com sucesso.
2023\27230403656804000131550030002686791190247965.xml,27230403656804000131550030002686791190247965,2023,2023-04-20T16:08:00,gerado,individuais\2023\27230403656804000131550030002686791190247965.pdf,DANFE gerado com sucesso.
2023\23230424073694000589550000006417981001609640.xml,23230424073694000589550000006417981001609640,2023,2023-04-26T15:14:00,gerado,individuais\2023\23230424073694000589550000006417981001609640.pdf,DANFE gerado com sucesso.
2023\27230503656804000727550030007434981310068351.xml,27230503656804000727550030007434981310068351,2023,2023-05-03T17:17:00,gerado,individuais\2023\27230503656804000727550030007434981310068351.pdf,DANFE gerado com sucesso.
2023\23230524073694000589550000006431721019356518.xml,23230524073694000589550000006431721019356518,2023,2023-05-12T15:39:51,gerado,individuais\2023\23230524073694000589550000006431721019356518.pdf,DANFE gerado com sucesso.
2023\27230503656804000727550030007537411366576120.xml,27230503656804000727550030007537411366576120,2023,2023-05-26T10:52:00,gerado,individuais\2023\27230503656804000727550030007537411366576120.pdf,DANFE gerado com sucesso.
2023\27230503656804000727550030007546191635747091.xml,27230503656804000727550030007546191635747091,2023,2023-05-29T10:31:00,gerado,individuais\2023\27230503656804000727550030007546191635747091.pdf,DANFE gerado com sucesso.
2023\26230627244680002199550010000275221610186153.xml,26230627244680002199550010000275221610186153,2023,2023-06-01T08:31:59,gerado,individuais\2023\26230627244680002199550010000275221610186153.pdf,DANFE gerado com sucesso.
2023\26230616701716003686550250018914791081543427.xml,26230616701716003686550250018914791081543427,2023,2023-06-08T15:43:42,gerado,individuais\2023\26230616701716003686550250018914791081543427.pdf,DANFE gerado com sucesso.
2023\41230702614594000156550050000476821588091181.xml,41230702614594000156550050000476821588091181,2023,2023-07-06T09:42:00,gerado,individuais\2023\41230702614594000156550050000476821588091181.pdf,DANFE gerado com sucesso.
2023\35230755392005000107550010000393831000169640.xml,35230755392005000107550010000393831000169640,2023,2023-07-27T09:11:05,gerado,individuais\2023\35230755392005000107550010000393831000169640.pdf,DANFE gerado com sucesso.
2023\27230841418627000144550010000001771000020250.xml,27230841418627000144550010000001771000020250,2023,2023-08-24T11:04:00,gerado,individuais\2023\27230841418627000144550010000001771000020250.pdf,DANFE gerado com sucesso.
2023\35230900595061000149550010001062131002079119.xml,35230900595061000149550010001062131002079119,2023,2023-09-12T00:00:00,gerado,individuais\2023\35230900595061000149550010001062131002079119.pdf,DANFE gerado com sucesso.
2023\27230911188276000161550030000017041456921682.xml,27230911188276000161550030000017041456921682,2023,2023-09-19T12:30:56,gerado,individuais\2023\27230911188276000161550030000017041456921682.pdf,DANFE gerado com sucesso.
2023\27230903656804000727550030007990861532495571.xml,27230903656804000727550030007990861532495571,2023,2023-09-29T16:22:00,gerado,individuais\2023\27230903656804000727550030007990861532495571.pdf,DANFE gerado com sucesso.
2023\27231011992870000100550020000110161725899793.xml,27231011992870000100550020000110161725899793,2023,2023-10-11T12:31:20,gerado,individuais\2023\27231011992870000100550020000110161725899793.pdf,DANFE gerado com sucesso.
2023\27231011992870000100550020000110181512955399.xml,27231011992870000100550020000110181512955399,2023,2023-10-11T14:16:47,gerado,individuais\2023\27231011992870000100550020000110181512955399.pdf,DANFE gerado com sucesso.
2023\27231011992870000100550020000110191145305865.xml,27231011992870000100550020000110191145305865,2023,2023-10-11T15:29:09,gerado,individuais\2023\27231011992870000100550020000110191145305865.pdf,DANFE gerado com sucesso.
2023\27231011992870000100550020000110201546046292.xml,27231011992870000100550020000110201546046292,2023,2023-10-11T16:30:50,gerado,individuais\2023\27231011992870000100550020000110201546046292.pdf,DANFE gerado com sucesso.
2023\23231124073694000589550000006578391001649720.xml,23231124073694000589550000006578391001649720,2023,2023-11-10T13:49:27,gerado,individuais\2023\23231124073694000589550000006578391001649720.pdf,DANFE gerado com sucesso.
2023\27231111188276000161550030000018681961130138.xml,27231111188276000161550030000018681961130138,2023,2023-11-16T13:52:28,gerado,individuais\2023\27231111188276000161550030000018681961130138.pdf,DANFE gerado com sucesso.
2023\27231113674740000155550010000044121855151989.xml,27231113674740000155550010000044121855151989,2023,2023-11-23T09:18:00,gerado,individuais\2023\27231113674740000155550010000044121855151989.pdf,DANFE gerado com sucesso.
2023\27231121344990000155550010000050301946048901.xml,27231121344990000155550010000050301946048901,2023,2023-11-23T10:23:19,gerado,individuais\2023\27231121344990000155550010000050301946048901.pdf,DANFE gerado com sucesso.
2023\27231114989900000118550020000267261081082105.xml,27231114989900000118550020000267261081082105,2023,2023-11-29T00:00:00,gerado,individuais\2023\27231114989900000118550020000267261081082105.pdf,DANFE gerado com sucesso.
2023\27231119318040000376550030000051291924218294.xml,27231119318040000376550030000051291924218294,2023,2023-11-30T16:25:03,gerado,individuais\2023\27231119318040000376550030000051291924218294.pdf,DANFE gerado com sucesso.
2023\27231207122759000196550030000397011001127045.xml,27231207122759000196550030000397011001127045,2023,2023-12-01T09:54:20,gerado,individuais\2023\27231207122759000196550030000397011001127045.pdf,DANFE gerado com sucesso.
2023\35231211949920000177550010000078261217134470.xml,35231211949920000177550010000078261217134470,2023,2023-12-04T15:25:30,gerado,individuais\2023\35231211949920000177550010000078261217134470.pdf,DANFE gerado com sucesso.
2023\27231221678658000127550020000033491090202927.xml,27231221678658000127550020000033491090202927,2023,2023-12-07T00:00:00,gerado,individuais\2023\27231221678658000127550020000033491090202927.pdf,DANFE gerado com sucesso.
2023\26231200289348000574550010001127561346541616.xml,26231200289348000574550010001127561346541616,2023,2023-12-11T18:37:59,gerado,individuais\2023\26231200289348000574550010001127561346541616.pdf,DANFE gerado com sucesso.
2023\27231217469701015360550000000949901610213361.xml,27231217469701015360550000000949901610213361,2023,2023-12-12T16:11:50,gerado,individuais\2023\27231217469701015360550000000949901610213361.pdf,DANFE gerado com sucesso.
2024\100\27240113674740000155550010000044951535137952.xml,27240113674740000155550010000044951535137952,2024,2024-01-05T11:05:00,gerado,individuais\2024\27240113674740000155550010000044951535137952.pdf,DANFE gerado com sucesso.
2024\100\27240102556423000118550010003160881002276752.xml,27240102556423000118550010003160881002276752,2024,2024-01-19T00:00:00,gerado,individuais\2024\27240102556423000118550010003160881002276752.pdf,DANFE gerado com sucesso.
2024\100\27240103656804000727550030008422471308865130.xml,27240103656804000727550030008422471308865130,2024,2024-01-19T15:32:00,gerado,individuais\2024\27240103656804000727550030008422471308865130.pdf,DANFE gerado com sucesso.
2024\100\27240111449511000101550000001670101995367643.xml,27240111449511000101550000001670101995367643,2024,2024-01-22T11:35:08,gerado,individuais\2024\27240111449511000101550000001670101995367643.pdf,DANFE gerado com sucesso.
2024\100\27240102556423000118550010003167251002283471.xml,27240102556423000118550010003167251002283471,2024,2024-01-25T00:00:00,gerado,individuais\2024\27240102556423000118550010003167251002283471.pdf,DANFE gerado com sucesso.
2024\100\27240135616280000141550010000051321419057678.xml,27240135616280000141550010000051321419057678,2024,2024-01-26T16:09:01,gerado,individuais\2024\27240135616280000141550010000051321419057678.pdf,DANFE gerado com sucesso.
2024\100\27240102556423000118550010003170311002286830.xml,27240102556423000118550010003170311002286830,2024,2024-01-29T00:00:00,gerado,individuais\2024\27240102556423000118550010003170311002286830.pdf,DANFE gerado com sucesso.
2024\100\27240107122759000196550030000421821202382371.xml,27240107122759000196550030000421821202382371,2024,2024-01-30T07:37:18,gerado,individuais\2024\27240107122759000196550030000421821202382371.pdf,DANFE gerado com sucesso.
2024\100\27240215016380000120550010000102521004563027.xml,27240215016380000120550010000102521004563027,2024,2024-02-05T00:00:00,gerado,individuais\2024\27240215016380000120550010000102521004563027.pdf,DANFE gerado com sucesso.
2024\100\27240215016380000120550010000102671004567670.xml,27240215016380000120550010000102671004567670,2024,2024-02-09T00:00:00,gerado,individuais\2024\27240215016380000120550010000102671004567670.pdf,DANFE gerado com sucesso.
2024\100\27240270015672000156550010001157701019350103.xml,27240270015672000156550010001157701019350103,2024,2024-02-09T10:34:18,gerado,individuais\2024\27240270015672000156550010001157701019350103.pdf,DANFE gerado com sucesso.
2024\100\27240211188276000161550010001125691134018303.xml,27240211188276000161550010001125691134018303,2024,2024-02-09T13:22:15,gerado,individuais\2024\27240211188276000161550010001125691134018303.pdf,DANFE gerado com sucesso.
2024\100\27240207122759000196550030000430501500006911.xml,27240207122759000196550030000430501500006911,2024,2024-02-16T07:35:21,gerado,individuais\2024\27240207122759000196550030000430501500006911.pdf,DANFE gerado com sucesso.
2024\100\27240235616280000141550010000052221430194964.xml,27240235616280000141550010000052221430194964,2024,2024-02-16T13:56:06,gerado,individuais\2024\27240235616280000141550010000052221430194964.pdf,DANFE gerado com sucesso.
2024\100\27240203656804000131550030003481541633760546.xml,27240203656804000131550030003481541633760546,2024,2024-02-19T11:48:00,gerado,individuais\2024\27240203656804000131550030003481541633760546.pdf,DANFE gerado com sucesso.
2024\100\27240202556423000118550010003195501002314236.xml,27240202556423000118550010003195501002314236,2024,2024-02-23T00:00:00,gerado,individuais\2024\27240202556423000118550010003195501002314236.pdf,DANFE gerado com sucesso.
2024\100\27240207122759000196550030000436151394817854.xml,27240207122759000196550030000436151394817854,2024,2024-02-27T08:17:39,gerado,individuais\2024\27240207122759000196550030000436151394817854.pdf,DANFE gerado com sucesso.
2024\100\27240209619157000174550010001833281196769013.xml,27240209619157000174550010001833281196769013,2024,2024-02-27T08:45:00,gerado,individuais\2024\27240209619157000174550010001833281196769013.pdf,DANFE gerado com sucesso.
2024\35240261946091000147550010000499001581410315.xml,35240261946091000147550010000499001581410315,2024,2024-02-27T14:33:44,gerado,individuais\2024\35240261946091000147550010000499001581410315.pdf,DANFE gerado com sucesso.
2024\100\27240202556423000118550010003200291002319426.xml,27240202556423000118550010003200291002319426,2024,2024-02-28T00:00:00,gerado,individuais\2024\27240202556423000118550010003200291002319426.pdf,DANFE gerado com sucesso.
2024\100\27240202556423000118550010003201031002320237.xml,27240202556423000118550010003201031002320237,2024,2024-02-28T00:00:00,gerado,individuais\2024\27240202556423000118550010003201031002320237.pdf,DANFE gerado com sucesso.
2024\100\27240211449511000101550000001678981629904947.xml,27240211449511000101550000001678981629904947,2024,2024-02-28T08:04:27,gerado,individuais\2024\27240211449511000101550000001678981629904947.pdf,DANFE gerado com sucesso.
2024\100\27240207122759000196550030000437291811972660.xml,27240207122759000196550030000437291811972660,2024,2024-02-28T11:04:02,gerado,individuais\2024\27240207122759000196550030000437291811972660.pdf,DANFE gerado com sucesso.
2024\100\27240370015672000156550010001183951019750661.xml,27240370015672000156550010001183951019750661,2024,2024-03-01T07:48:21,gerado,individuais\2024\27240370015672000156550010001183951019750661.pdf,DANFE gerado com sucesso.
2024\100\27240370015672000156550010001184731019759381.xml,27240370015672000156550010001184731019759381,2024,2024-03-01T12:30:55,gerado,individuais\2024\27240370015672000156550010001184731019759381.pdf,DANFE gerado com sucesso.
2024\100\27240370015672000156550010001185411019769800.xml,27240370015672000156550010001185411019769800,2024,2024-03-02T07:09:47,gerado,individuais\2024\27240370015672000156550010001185411019769800.pdf,DANFE gerado com sucesso.
2024\100\27240370015672000156550010001185421019769920.xml,27240370015672000156550010001185421019769920,2024,2024-03-02T07:22:31,gerado,individuais\2024\27240370015672000156550010001185421019769920.pdf,DANFE gerado com sucesso.
2024\100\27240370015672000156550010001185431019769952.xml,27240370015672000156550010001185431019769952,2024,2024-03-02T07:24:19,gerado,individuais\2024\27240370015672000156550010001185431019769952.pdf,DANFE gerado com sucesso.
2024\100\27240309619157000174550010001839861229174129.xml,27240309619157000174550010001839861229174129,2024,2024-03-05T10:04:00,gerado,individuais\2024\27240309619157000174550010001839861229174129.pdf,DANFE gerado com sucesso.
2024\100\27240311449511000101550000001680701735283504.xml,27240311449511000101550000001680701735283504,2024,2024-03-06T06:48:23,gerado,individuais\2024\27240311449511000101550000001680701735283504.pdf,DANFE gerado com sucesso.
2024\100\27240303656804000131550030003520271644220731.xml,27240303656804000131550030003520271644220731,2024,2024-03-06T11:24:00,gerado,individuais\2024\27240303656804000131550030003520271644220731.pdf,DANFE gerado com sucesso.
2024\100\27240303656804000131550030003520521965442448.xml,27240303656804000131550030003520521965442448,2024,2024-03-06T12:29:00,gerado,individuais\2024\27240303656804000131550030003520521965442448.pdf,DANFE gerado com sucesso.
2024\100\27240303656804000131550030003522711582965070.xml,27240303656804000131550030003522711582965070,2024,2024-03-07T10:23:00,gerado,individuais\2024\27240303656804000131550030003522711582965070.pdf,DANFE gerado com sucesso.
2024\100\27240307122759000196550030000443271809442252.xml,27240307122759000196550030000443271809442252,2024,2024-03-11T07:52:50,gerado,individuais\2024\27240307122759000196550030000443271809442252.pdf,DANFE gerado com sucesso.
2024\100\27240326774412000172550030000098361798946059.xml,27240326774412000172550030000098361798946059,2024,2024-03-11T07:57:53,gerado,individuais\2024\27240326774412000172550030000098361798946059.pdf,DANFE gerado com sucesso.
2024\100\27240303656804000131550030003534561199311177.xml,27240303656804000131550030003534561199311177,2024,2024-03-12T10:53:00,gerado,individuais\2024\27240303656804000131550030003534561199311177.pdf,DANFE gerado com sucesso.
2024\100\27240302556423000207550010000100571000113433.xml,27240302556423000207550010000100571000113433,2024,2024-03-13T00:00:00,gerado,individuais\2024\27240302556423000207550010000100571000113433.pdf,DANFE gerado com sucesso.
2024\100\27240315016380000120550010000104611004595879.xml,27240315016380000120550010000104611004595879,2024,2024-03-13T00:00:00,gerado,individuais\2024\27240315016380000120550010000104611004595879.pdf,DANFE gerado com sucesso.
2024\100\27240330555993000129550010000026881000014036.xml,27240330555993000129550010000026881000014036,2024,2024-03-13T00:00:00,gerado,individuais\2024\27240330555993000129550010000026881000014036.pdf,DANFE gerado com sucesso.
2024\100\27240370015672000156550010001201781020019288.xml,27240370015672000156550010001201781020019288,2024,2024-03-13T13:49:23,gerado,individuais\2024\27240370015672000156550010001201781020019288.pdf,DANFE gerado com sucesso.
2024\100\27240330430226000789550010000001111769620769.xml,27240330430226000789550010000001111769620769,2024,2024-03-13T15:26:00,gerado,individuais\2024\27240330430226000789550010000001111769620769.pdf,DANFE gerado com sucesso.
2024\100\27240302556423000118550010003217591002337845.xml,27240302556423000118550010003217591002337845,2024,2024-03-14T00:00:00,gerado,individuais\2024\27240302556423000118550010003217591002337845.pdf,DANFE gerado com sucesso.
2024\100\27240303656804000131550030003540601789246670.xml,27240303656804000131550030003540601789246670,2024,2024-03-14T12:49:00,gerado,individuais\2024\27240303656804000131550030003540601789246670.pdf,DANFE gerado com sucesso.
2024\100\27240303656804000727550030008652071100663278.xml,27240303656804000727550030008652071100663278,2024,2024-03-15T11:18:00,gerado,individuais\2024\27240303656804000727550030008652071100663278.pdf,DANFE gerado com sucesso.
2024\100\27240307526698000122550030000002261710215509.xml,27240307526698000122550030000002261710215509,2024,2024-03-20T14:49:35,gerado,individuais\2024\27240307526698000122550030000002261710215509.pdf,DANFE gerado com sucesso.
2024\100\26240300289348000574550010001179601066142630.xml,26240300289348000574550010001179601066142630,2024,2024-03-21T08:31:43,gerado,individuais\2024\26240300289348000574550010001179601066142630.pdf,DANFE gerado com sucesso.
2024\100\27240302581010000193550010010021851568244040.xml,27240302581010000193550010010021851568244040,2024,2024-03-23T05:05:00,gerado,individuais\2024\27240302581010000193550010010021851568244040.pdf,DANFE gerado com sucesso.
2024\100\27240311449511000101550000001685601045817330.xml,27240311449511000101550000001685601045817330,2024,2024-03-27T06:57:52,gerado,individuais\2024\27240311449511000101550000001685601045817330.pdf,DANFE gerado com sucesso.
2024\100\27240403656804000131550030003583411867978460.xml,27240403656804000131550030003583411867978460,2024,2024-04-01T18:22:00,gerado,individuais\2024\27240403656804000131550030003583411867978460.pdf,DANFE gerado com sucesso.
2024\100\27240403656804000131550030003590861230381672.xml,27240403656804000131550030003590861230381672,2024,2024-04-04T14:20:00,gerado,individuais\2024\27240403656804000131550030003590861230381672.pdf,DANFE gerado com sucesso.
2024\42240405607657000801550160001138011480911490.xml,42240405607657000801550160001138011480911490,2024,2024-04-05T19:35:00,gerado,individuais\2024\42240405607657000801550160001138011480911490.pdf,DANFE gerado com sucesso.
2024\100\27240403656804000131550030003599361353567755.xml,27240403656804000131550030003599361353567755,2024,2024-04-08T09:04:00,gerado,individuais\2024\27240403656804000131550030003599361353567755.pdf,DANFE gerado com sucesso.
2024\100\27240403656804000131550030003599371984740112.xml,27240403656804000131550030003599371984740112,2024,2024-04-08T09:07:00,gerado,individuais\2024\27240403656804000131550030003599371984740112.pdf,DANFE gerado com sucesso.
2024\100\27240403656804000131550030003599391166171322.xml,27240403656804000131550030003599391166171322,2024,2024-04-08T09:16:00,gerado,individuais\2024\27240403656804000131550030003599391166171322.pdf,DANFE gerado com sucesso.
2024\100\27240414000879000267550030000003101142088172.xml,27240414000879000267550030000003101142088172,2024,2024-04-09T10:37:00,gerado,individuais\2024\27240414000879000267550030000003101142088172.pdf,DANFE gerado com sucesso.
2024\100\27240470015672000156550010001245401020713148.xml,27240470015672000156550010001245401020713148,2024,2024-04-15T18:49:48,gerado,individuais\2024\27240470015672000156550010001245401020713148.pdf,DANFE gerado com sucesso.
2024\100\27240470015672000156550010001245411020713153.xml,27240470015672000156550010001245411020713153,2024,2024-04-15T18:50:02,gerado,individuais\2024\27240470015672000156550010001245411020713153.pdf,DANFE gerado com sucesso.
2024\100\27240470015672000156550010001246031020722157.xml,27240470015672000156550010001246031020722157,2024,2024-04-16T11:42:53,gerado,individuais\2024\27240470015672000156550010001246031020722157.pdf,DANFE gerado com sucesso.
2024\100\27240406864595000100550010001798631020170645.xml,27240406864595000100550010001798631020170645,2024,2024-04-16T17:08:30,gerado,individuais\2024\27240406864595000100550010001798631020170645.pdf,DANFE gerado com sucesso.
2024\100\27240426528069000186550010000165961100983743.xml,27240426528069000186550010000165961100983743,2024,2024-04-17T00:00:00,gerado,individuais\2024\27240426528069000186550010000165961100983743.pdf,DANFE gerado com sucesso.
2024\100\27240432202499000297550010000024641065321036.xml,27240432202499000297550010000024641065321036,2024,2024-04-17T00:00:00,gerado,individuais\2024\27240432202499000297550010000024641065321036.pdf,DANFE gerado com sucesso.
2024\100\27240470015672000156550010001248001020751288.xml,27240470015672000156550010001248001020751288,2024,2024-04-17T13:52:34,gerado,individuais\2024\27240470015672000156550010001248001020751288.pdf,DANFE gerado com sucesso.
2024\100\27240403656804000131550030003625541532228899.xml,27240403656804000131550030003625541532228899,2024,2024-04-18T09:25:00,gerado,individuais\2024\27240403656804000131550030003625541532228899.pdf,DANFE gerado com sucesso.
2024\100\27240470015672000156550010001249261020769162.xml,27240470015672000156550010001249261020769162,2024,2024-04-18T11:51:16,gerado,individuais\2024\27240470015672000156550010001249261020769162.pdf,DANFE gerado com sucesso.
2024\43240490265919000108550010000572861253883155.xml,43240490265919000108550010000572861253883155,2024,2024-04-18T14:26:00,gerado,individuais\2024\43240490265919000108550010000572861253883155.pdf,DANFE gerado com sucesso.
2024\100\27240403656804000131550030003626891910781445.xml,27240403656804000131550030003626891910781445,2024,2024-04-18T15:14:00,gerado,individuais\2024\27240403656804000131550030003626891910781445.pdf,DANFE gerado com sucesso.
2024\100\27240470015672000156550010001249691020774880.xml,27240470015672000156550010001249691020774880,2024,2024-04-18T15:37:33,gerado,individuais\2024\27240470015672000156550010001249691020774880.pdf,DANFE gerado com sucesso.
2024\100\27240402421421001517550150000220841282037556.xml,27240402421421001517550150000220841282037556,2024,2024-04-19T14:00:22,gerado,individuais\2024\27240402421421001517550150000220841282037556.pdf,DANFE gerado com sucesso.
2024\100\27240412270435000488550020000551231231878483.xml,27240412270435000488550020000551231231878483,2024,2024-04-22T09:25:02,gerado,individuais\2024\27240412270435000488550020000551231231878483.pdf,DANFE gerado com sucesso.
2024\100\27240412270435000488550020000552151076503527.xml,27240412270435000488550020000552151076503527,2024,2024-04-22T18:18:40,gerado,individuais\2024\27240412270435000488550020000552151076503527.pdf,DANFE gerado com sucesso.
2024\100\27240407122759000196550030000467561017318702.xml,27240407122759000196550030000467561017318702,2024,2024-04-23T07:41:55,gerado,individuais\2024\27240407122759000196550030000467561017318702.pdf,DANFE gerado com sucesso.
2024\100\27240411449511000101550000001692571504923602.xml,27240411449511000101550000001692571504923602,2024,2024-04-24T06:55:25,gerado,individuais\2024\27240411449511000101550000001692571504923602.pdf,DANFE gerado com sucesso.
2024\100\27240409619157000174550010001882041116782509.xml,27240409619157000174550010001882041116782509,2024,2024-04-24T10:06:00,gerado,individuais\2024\27240409619157000174550010001882041116782509.pdf,DANFE gerado com sucesso.
2024\100\26240443648971005033550010008193021598834814.xml,26240443648971005033550010008193021598834814,2024,2024-04-24T13:48:18,gerado,individuais\2024\26240443648971005033550010008193021598834814.pdf,DANFE gerado com sucesso.
2024\100\27240435616280000141550010000056841478655548.xml,27240435616280000141550010000056841478655548,2024,2024-04-29T14:24:02,gerado,individuais\2024\27240435616280000141550010000056841478655548.pdf,DANFE gerado com sucesso.
2024\100\27240424644710000112550020000042971087588096.xml,27240424644710000112550020000042971087588096,2024,2024-04-30T00:00:00,gerado,individuais\2024\27240424644710000112550020000042971087588096.pdf,DANFE gerado com sucesso.
2024\100\27240502556423000118550010003268851002394011.xml,27240502556423000118550010003268851002394011,2024,2024-05-03T00:00:00,gerado,individuais\2024\27240502556423000118550010003268851002394011.pdf,DANFE gerado com sucesso.
2024\100\27240514989900000118550020000286561610711620.xml,27240514989900000118550020000286561610711620,2024,2024-05-03T00:00:00,gerado,individuais\2024\27240514989900000118550020000286561610711620.pdf,DANFE gerado com sucesso.
2024\200\27240524644710000112550990000000066020399245.xml,27240524644710000112550990000000066020399245,2024,2024-05-07T00:00:00,gerado,individuais\2024\27240524644710000112550990000000066020399245.pdf,DANFE gerado com sucesso.
2024\200\27240524644710000112550990000000086066473833.xml,27240524644710000112550990000000086066473833,2024,2024-05-08T00:00:00,gerado,individuais\2024\27240524644710000112550990000000086066473833.pdf,DANFE gerado com sucesso.
2024\200\27240535616280000141550010000057361484008224.xml,27240535616280000141550010000057361484008224,2024,2024-05-08T10:33:09,gerado,individuais\2024\27240535616280000141550010000057361484008224.pdf,DANFE gerado com sucesso.
2024\200\27240531997649000152550010000011711147922223.xml,27240531997649000152550010000011711147922223,2024,2024-05-09T10:11:50,gerado,individuais\2024\27240531997649000152550010000011711147922223.pdf,DANFE gerado com sucesso.
2024\100\27240513192098000178550010000731081667228116.xml,27240513192098000178550010000731081667228116,2024,2024-05-09T10:14:49,gerado,individuais\2024\27240513192098000178550010000731081667228116.pdf,DANFE gerado com sucesso.
2024\200\27240570015672000156550010001276811021230618.xml,27240570015672000156550010001276811021230618,2024,2024-05-09T15:30:08,gerado,individuais\2024\27240570015672000156550010001276811021230618.pdf,DANFE gerado com sucesso.
2024\200\27240532059835000103550030000000276615900000.xml,27240532059835000103550030000000276615900000,2024,2024-05-10T09:25:56,gerado,individuais\2024\27240532059835000103550030000000276615900000.pdf,DANFE gerado com sucesso.
2024\200\27240570015672000156550010001278201021250436.xml,27240570015672000156550010001278201021250436,2024,2024-05-10T13:28:35,gerado,individuais\2024\27240570015672000156550010001278201021250436.pdf,DANFE gerado com sucesso.
2024\100\27240512264493000156550010000093501102123907.xml,27240512264493000156550010000093501102123907,2024,2024-05-10T13:29:10,gerado,individuais\2024\27240512264493000156550010000093501102123907.pdf,DANFE gerado com sucesso.
2024\100\27240503656804000131550030003681701419775980.xml,27240503656804000131550030003681701419775980,2024,2024-05-10T14:31:00,gerado,individuais\2024\27240503656804000131550030003681701419775980.pdf,DANFE gerado com sucesso.
2024\100\27240507122759000196550030000477261457535492.xml,27240507122759000196550030000477261457535492,2024,2024-05-10T15:19:04,gerado,individuais\2024\27240507122759000196550030000477261457535492.pdf,DANFE gerado com sucesso.
2024\100\27240503656804000131550030003687271194921722.xml,27240503656804000131550030003687271194921722,2024,2024-05-13T10:26:00,gerado,individuais\2024\27240503656804000131550030003687271194921722.pdf,DANFE gerado com sucesso.
2024\100\27240507122759000196550030000478131418134030.xml,27240507122759000196550030000478131418134030,2024,2024-05-13T16:01:50,gerado,individuais\2024\27240507122759000196550030000478131418134030.pdf,DANFE gerado com sucesso.
2024\200\27240526774412000172550030000107571213310583.xml,27240526774412000172550030000107571213310583,2024,2024-05-14T07:51:21,gerado,individuais\2024\27240526774412000172550030000107571213310583.pdf,DANFE gerado com sucesso.
2024\200\27240544835518000110550010000002321958741251.xml,27240544835518000110550010000002321958741251,2024,2024-05-14T09:30:32,gerado,individuais\2024\27240544835518000110550010000002321958741251.pdf,DANFE gerado com sucesso.
2024\200\27240535616280000141550010000057581487999504.xml,27240535616280000141550010000057581487999504,2024,2024-05-14T09:33:34,gerado,individuais\2024\27240535616280000141550010000057581487999504.pdf,DANFE gerado com sucesso.
2024\200\27240520616431000194550010000067291079324912.xml,27240520616431000194550010000067291079324912,2024,2024-05-15T08:36:00,gerado,individuais\2024\27240520616431000194550010000067291079324912.pdf,DANFE gerado com sucesso.
2024\100\27240503656804000131550030003693021441235904.xml,27240503656804000131550030003693021441235904,2024,2024-05-15T10:46:00,gerado,individuais\2024\27240503656804000131550030003693021441235904.pdf,DANFE gerado com sucesso.
2024\100\27240512264493000156550010000093531102123933.xml,27240512264493000156550010000093531102123933,2024,2024-05-15T15:56:57,gerado,individuais\2024\27240512264493000156550010000093531102123933.pdf,DANFE gerado com sucesso.
2024\100\27240503876012001497550000000119981007704612.xml,27240503876012001497550000000119981007704612,2024,2024-05-15T16:51:12,gerado,individuais\2024\27240503876012001497550000000119981007704612.pdf,DANFE gerado com sucesso.
2024\100\27240509619157000174550010001900251511901108.xml,27240509619157000174550010001900251511901108,2024,2024-05-15T17:08:00,gerado,individuais\2024\27240509619157000174550010001900251511901108.pdf,DANFE gerado com sucesso.
2024\200\27240549548028000157550010000004331608796100.xml,27240549548028000157550010000004331608796100,2024,2024-05-16T00:00:00,gerado,individuais\2024\27240549548028000157550010000004331608796100.pdf,DANFE gerado com sucesso.
2024\200\27240517347078000180550010000254031028232911.xml,27240517347078000180550010000254031028232911,2024,2024-05-16T13:50:15,gerado,individuais\2024\27240517347078000180550010000254031028232911.pdf,DANFE gerado com sucesso.
2024\100\27240507122759000196550030000480431731814710.xml,27240507122759000196550030000480431731814710,2024,2024-05-16T16:34:24,gerado,individuais\2024\27240507122759000196550030000480431731814710.pdf,DANFE gerado com sucesso.
2024\200\27240520616431000194550010000067401481100800.xml,27240520616431000194550010000067401481100800,2024,2024-05-16T16:43:00,gerado,individuais\2024\27240520616431000194550010000067401481100800.pdf,DANFE gerado com sucesso.
2024\100\27240512270435000488550020000567791679989254.xml,27240512270435000488550020000567791679989254,2024,2024-05-17T09:07:14,gerado,individuais\2024\27240512270435000488550020000567791679989254.pdf,DANFE gerado com sucesso.
2024\100\27240512270435000488550020000567951944422125.xml,27240512270435000488550020000567951944422125,2024,2024-05-17T11:04:26,gerado,individuais\2024\27240512270435000488550020000567951944422125.pdf,DANFE gerado com sucesso.
2024\200\27240514989900000118550020000288471810107019.xml,27240514989900000118550020000288471810107019,2024,2024-05-18T00:00:00,gerado,individuais\2024\27240514989900000118550020000288471810107019.pdf,DANFE gerado com sucesso.
2024\100\27240502556423000118550010003286411002413702.xml,27240502556423000118550010003286411002413702,2024,2024-05-20T00:00:00,gerado,individuais\2024\27240502556423000118550010003286411002413702.pdf,DANFE gerado com sucesso.
2024\100\27240502556423000118550010003287621002415042.xml,27240502556423000118550010003287621002415042,2024,2024-05-20T00:00:00,gerado,individuais\2024\27240502556423000118550010003287621002415042.pdf,DANFE gerado com sucesso.
2024\200\27240539255291000102550010000002901000002912.xml,27240539255291000102550010000002901000002912,2024,2024-05-20T00:00:00,gerado,individuais\2024\27240539255291000102550010000002901000002912.pdf,DANFE gerado com sucesso.
2024\100\27240507122759000196550030000481771295847274.xml,27240507122759000196550030000481771295847274,2024,2024-05-21T07:25:44,gerado,individuais\2024\27240507122759000196550030000481771295847274.pdf,DANFE gerado com sucesso.
2024\100\27240500562968000101550010000976771005629680.xml,27240500562968000101550010000976771005629680,2024,2024-05-22T00:00:00,gerado,individuais\2024\27240500562968000101550010000976771005629680.pdf,DANFE gerado com sucesso.
2024\200\27240515016380000120550010000108891004661251.xml,27240515016380000120550010000108891004661251,2024,2024-05-22T00:00:00,gerado,individuais\2024\27240515016380000120550010000108891004661251.pdf,DANFE gerado com sucesso.
2024\200\27240520616431000194550010000067741075043310.xml,27240520616431000194550010000067741075043310,2024,2024-05-23T08:03:00,gerado,individuais\2024\27240520616431000194550010000067741075043310.pdf,DANFE gerado com sucesso.
2024\200\27240535616280000141550010000058351494164839.xml,27240535616280000141550010000058351494164839,2024,2024-05-23T11:42:55,gerado,individuais\2024\27240535616280000141550010000058351494164839.pdf,DANFE gerado com sucesso.
2024\100\27240502556423000118550010003293501002421842.xml,27240502556423000118550010003293501002421842,2024,2024-05-24T00:00:00,gerado,individuais\2024\27240502556423000118550010003293501002421842.pdf,DANFE gerado com sucesso.
2024\100\27240514834357000180550010000000221192894453.xml,27240514834357000180550010000000221192894453,2024,2024-05-24T07:06:46,gerado,individuais\2024\27240514834357000180550010000000221192894453.pdf,DANFE gerado com sucesso.
2024\100\27240513192098000178550010000732491200550742.xml,27240513192098000178550010000732491200550742,2024,2024-05-24T15:53:11,gerado,individuais\2024\27240513192098000178550010000732491200550742.pdf,DANFE gerado com sucesso.
2024\200\27240526774412000172550030000109481755572528.xml,27240526774412000172550030000109481755572528,2024,2024-05-24T16:40:32,gerado,individuais\2024\27240526774412000172550030000109481755572528.pdf,DANFE gerado com sucesso.
2024\100\27240507122759000196550030000484781932154316.xml,27240507122759000196550030000484781932154316,2024,2024-05-27T07:33:18,gerado,individuais\2024\27240507122759000196550030000484781932154316.pdf,DANFE gerado com sucesso.
2024\200\27240526774412000172550030000109611753762020.xml,27240526774412000172550030000109611753762020,2024,2024-05-27T08:07:11,gerado,individuais\2024\27240526774412000172550030000109611753762020.pdf,DANFE gerado com sucesso.
2024\100\27240512270435000488550020000576481052820064.xml,27240512270435000488550020000576481052820064,2024,2024-05-29T16:01:48,gerado,individuais\2024\27240512270435000488550020000576481052820064.pdf,DANFE gerado com sucesso.
2024\200\27240524644710000112550020000044051094501564.xml,27240524644710000112550020000044051094501564,2024,2024-05-31T00:00:00,gerado,individuais\2024\27240524644710000112550020000044051094501564.pdf,DANFE gerado com sucesso.
2024\200\27240535616280000141550010000058761498346071.xml,27240535616280000141550010000058761498346071,2024,2024-05-31T07:51:11,gerado,individuais\2024\27240535616280000141550010000058761498346071.pdf,DANFE gerado com sucesso.
2024\100\27240507122759000358550030000029631374993135.xml,27240507122759000358550030000029631374993135,2024,2024-05-31T08:32:30,gerado,individuais\2024\27240507122759000358550030000029631374993135.pdf,DANFE gerado com sucesso.
2024\100\27240507122759000196550030000488241650350410.xml,27240507122759000196550030000488241650350410,2024,2024-05-31T16:41:49,gerado,individuais\2024\27240507122759000196550030000488241650350410.pdf,DANFE gerado com sucesso.
2024\200\27240626774412000172550030000110581918386588.xml,27240626774412000172550030000110581918386588,2024,2024-06-03T07:45:24,gerado,individuais\2024\27240626774412000172550030000110581918386588.pdf,DANFE gerado com sucesso.
2024\200\27240612270435000488550020000579361862915665.xml,27240612270435000488550020000579361862915665,2024,2024-06-04T13:46:47,gerado,individuais\2024\27240612270435000488550020000579361862915665.pdf,DANFE gerado com sucesso.
2024\200\27240603656804000131550030003748101245993137.xml,27240603656804000131550030003748101245993137,2024,2024-06-05T11:29:00,gerado,individuais\2024\27240603656804000131550030003748101245993137.pdf,DANFE gerado com sucesso.
2024\200\27240635616280000141550010000059421504950860.xml,27240635616280000141550010000059421504950860,2024,2024-06-10T15:37:42,gerado,individuais\2024\27240635616280000141550010000059421504950860.pdf,DANFE gerado com sucesso.
2024\200\27240602581010000193550010010238631936580941.xml,27240602581010000193550010010238631936580941,2024,2024-06-11T06:28:00,gerado,individuais\2024\27240602581010000193550010010238631936580941.pdf,DANFE gerado com sucesso.
2024\200\27240611449511000101550000001704331469456798.xml,27240611449511000101550000001704331469456798,2024,2024-06-11T07:11:54,gerado,individuais\2024\27240611449511000101550000001704331469456798.pdf,DANFE gerado com sucesso.
2024\200\27240626774412000172550030000112111454385710.xml,27240626774412000172550030000112111454385710,2024,2024-06-11T09:44:12,gerado,individuais\2024\27240626774412000172550030000112111454385710.pdf,DANFE gerado com sucesso.
2024\200\27240608441081000258550020001166541107600910.xml,27240608441081000258550020001166541107600910,2024,2024-06-12T00:00:00,gerado,individuais\2024\27240608441081000258550020001166541107600910.pdf,DANFE gerado com sucesso.
2024\200\27240624644710000112550020000044551036075367.xml,27240624644710000112550020000044551036075367,2024,2024-06-13T00:00:00,gerado,individuais\2024\27240624644710000112550020000044551036075367.pdf,DANFE gerado com sucesso.
2024\200\27240612270435000488550020000585421769060361.xml,27240612270435000488550020000585421769060361,2024,2024-06-13T13:21:22,gerado,individuais\2024\27240612270435000488550020000585421769060361.pdf,DANFE gerado com sucesso.
2024\200\27240602556423000118550010003317521002447709.xml,27240602556423000118550010003317521002447709,2024,2024-06-14T00:00:00,gerado,individuais\2024\27240602556423000118550010003317521002447709.pdf,DANFE gerado com sucesso.
2024\200\27240612270435000488550020000586161777269873.xml,27240612270435000488550020000586161777269873,2024,2024-06-14T14:25:25,gerado,individuais\2024\27240612270435000488550020000586161777269873.pdf,DANFE gerado com sucesso.
2024\200\27240654232082000129550010000000351000004354.xml,27240654232082000129550010000000351000004354,2024,2024-06-18T00:00:00,gerado,individuais\2024\27240654232082000129550010000000351000004354.pdf,DANFE gerado com sucesso.
2024\200\27240646963300000177550010000004301356648120.xml,27240646963300000177550010000004301356648120,2024,2024-06-18T17:00:06,gerado,individuais\2024\27240646963300000177550010000004301356648120.pdf,DANFE gerado com sucesso.
2024\200\27240607122759000196550030000499931057262835.xml,27240607122759000196550030000499931057262835,2024,2024-06-21T08:08:24,gerado,individuais\2024\27240607122759000196550030000499931057262835.pdf,DANFE gerado com sucesso.
2024\200\27240603656804000727550030008977201414877610.xml,27240603656804000727550030008977201414877610,2024,2024-06-25T14:18:00,gerado,individuais\2024\27240603656804000727550030008977201414877610.pdf,DANFE gerado com sucesso.
2024\200\27240616956886000181550010000010831761300002.xml,27240616956886000181550010000010831761300002,2024,2024-06-26T15:07:07,gerado,individuais\2024\27240616956886000181550010000010831761300002.pdf,DANFE gerado com sucesso.
2024\200\27240603656804002428550030000950861726177440.xml,27240603656804002428550030000950861726177440,2024,2024-06-27T19:47:00,gerado,individuais\2024\27240603656804002428550030000950861726177440.pdf,DANFE gerado com sucesso.
2024\200\27240734445466000201550010000005991618166299.xml,27240734445466000201550010000005991618166299,2024,2024-07-01T16:11:55,gerado,individuais\2024\27240734445466000201550010000005991618166299.pdf,DANFE gerado com sucesso.
2024\200\27240707122759000196550030000505131135140910.xml,27240707122759000196550030000505131135140910,2024,2024-07-01T16:47:16,gerado,individuais\2024\27240707122759000196550030000505131135140910.pdf,DANFE gerado com sucesso.
2024\200\27240709619157000174550010001936381172060485.xml,27240709619157000174550010001936381172060485,2024,2024-07-02T09:41:00,gerado,individuais\2024\27240709619157000174550010001936381172060485.pdf,DANFE gerado com sucesso.
2024\200\27240707122759000196550030000507051358144842.xml,27240707122759000196550030000507051358144842,2024,2024-07-04T11:12:15,gerado,individuais\2024\27240707122759000196550030000507051358144842.pdf,DANFE gerado com sucesso.
2024\200\27240713192098000178550010000736581212811420.xml,27240713192098000178550010000736581212811420,2024,2024-07-05T09:51:30,gerado,individuais\2024\27240713192098000178550010000736581212811420.pdf,DANFE gerado com sucesso.
2024\200\27240703656804001294550030000030651874557179.xml,27240703656804001294550030000030651874557179,2024,2024-07-06T09:59:00,gerado,individuais\2024\27240703656804001294550030000030651874557179.pdf,DANFE gerado com sucesso.
2024\200\27240726774412000172550030000116181458982892.xml,27240726774412000172550030000116181458982892,2024,2024-07-09T14:00:13,gerado,individuais\2024\27240726774412000172550030000116181458982892.pdf,DANFE gerado com sucesso.
2024\200\27240720616431000194550010000069551981678992.xml,27240720616431000194550010000069551981678992,2024,2024-07-10T09:55:00,gerado,individuais\2024\27240720616431000194550010000069551981678992.pdf,DANFE gerado com sucesso.
2024\200\27240745554837000110550010000000791205131831.xml,27240745554837000110550010000000791205131831,2024,2024-07-10T15:59:15,gerado,individuais\2024\27240745554837000110550010000000791205131831.pdf,DANFE gerado com sucesso.
2024\200\27240770015672000156550010001369271022695590.xml,27240770015672000156550010001369271022695590,2024,2024-07-12T10:09:56,gerado,individuais\2024\27240770015672000156550010001369271022695590.pdf,DANFE gerado com sucesso.
2024\200\27240743283811019330550010000274821710619478.xml,27240743283811019330550010000274821710619478,2024,2024-07-15T16:34:28,gerado,individuais\2024\27240743283811019330550010000274821710619478.pdf,DANFE gerado com sucesso.
2024\200\27240747960950171015550010000825511015717485.xml,27240747960950171015550010000825511015717485,2024,2024-07-15T18:04:06,gerado,individuais\2024\27240747960950171015550010000825511015717485.pdf,DANFE gerado com sucesso.
2024\200\27240711050845000370550010000028361031395787.xml,27240711050845000370550010000028361031395787,2024,2024-07-15T18:40:00,gerado,individuais\2024\27240711050845000370550010000028361031395787.pdf,DANFE gerado com sucesso.
2024\200\27240702556423000118550010003352631002485803.xml,27240702556423000118550010003352631002485803,2024,2024-07-16T00:00:00,gerado,individuais\2024\27240702556423000118550010003352631002485803.pdf,DANFE gerado com sucesso.
2024\200\27240749548028000157550010000005181339355093.xml,27240749548028000157550010000005181339355093,2024,2024-07-16T00:00:00,gerado,individuais\2024\27240749548028000157550010000005181339355093.pdf,DANFE gerado com sucesso.
2024\200\27240703555402000140550010003813191342082530.xml,27240703555402000140550010003813191342082530,2024,2024-07-16T12:02:00,gerado,individuais\2024\27240703555402000140550010003813191342082530.pdf,DANFE gerado com sucesso.
2024\200\27240711749321000100550010000024661187432113.xml,27240711749321000100550010000024661187432113,2024,2024-07-17T16:36:48,gerado,individuais\2024\27240711749321000100550010000024661187432113.pdf,DANFE gerado com sucesso.
2024\200\27240707122759000196550030000514121758919658.xml,27240707122759000196550030000514121758919658,2024,2024-07-17T16:57:52,gerado,individuais\2024\27240707122759000196550030000514121758919658.pdf,DANFE gerado com sucesso.
2024\200\27240707122759000196550030000514471082410967.xml,27240707122759000196550030000514471082410967,2024,2024-07-18T07:53:53,gerado,individuais\2024\27240707122759000196550030000514471082410967.pdf,DANFE gerado com sucesso.
2024\200\27240703656804000131550030003859871125336557.xml,27240703656804000131550030003859871125336557,2024,2024-07-19T17:07:00,gerado,individuais\2024\27240703656804000131550030003859871125336557.pdf,DANFE gerado com sucesso.
2024\200\27240741187998000162550010000413581411879987.xml,27240741187998000162550010000413581411879987,2024,2024-07-22T00:00:00,gerado,individuais\2024\27240741187998000162550010000413581411879987.pdf,DANFE gerado com sucesso.
2024\200\27240712380887000170550010000129931203304844.xml,27240712380887000170550010000129931203304844,2024,2024-07-22T09:51:34,gerado,individuais\2024\27240712380887000170550010000129931203304844.pdf,DANFE gerado com sucesso.
2024\200\27240707122759000358550030000031951334190017.xml,27240707122759000358550030000031951334190017,2024,2024-07-23T07:59:24,gerado,individuais\2024\27240707122759000358550030000031951334190017.pdf,DANFE gerado com sucesso.
2024\200\27240703555402000140550010003819671143911006.xml,27240703555402000140550010003819671143911006,2024,2024-07-23T10:17:00,gerado,individuais\2024\27240703555402000140550010003819671143911006.pdf,DANFE gerado com sucesso.
2024\200\27240711749321000100550010000024741187445225.xml,27240711749321000100550010000024741187445225,2024,2024-07-23T11:14:54,gerado,individuais\2024\27240711749321000100550010000024741187445225.pdf,DANFE gerado com sucesso.
2024\200\27240743283811019330550010000275501711386177.xml,27240743283811019330550010000275501711386177,2024,2024-07-23T14:50:24,gerado,individuais\2024\27240743283811019330550010000275501711386177.pdf,DANFE gerado com sucesso.
2024\200\27240712845236000108550010001008531910052370.xml,27240712845236000108550010001008531910052370,2024,2024-07-23T16:21:41,gerado,individuais\2024\27240712845236000108550010001008531910052370.pdf,DANFE gerado com sucesso.
2024\200\27240702556423000118550010003361731002495839.xml,27240702556423000118550010003361731002495839,2024,2024-07-24T00:00:00,gerado,individuais\2024\27240702556423000118550010003361731002495839.pdf,DANFE gerado com sucesso.
2024\200\27240721344990000155550010000058641849786734.xml,27240721344990000155550010000058641849786734,2024,2024-07-24T08:11:40,gerado,individuais\2024\27240721344990000155550010000058641849786734.pdf,DANFE gerado com sucesso.
2024\200\27240770015672000156550010001387101023116048.xml,27240770015672000156550010001387101023116048,2024,2024-07-24T09:03:17,gerado,individuais\2024\27240770015672000156550010001387101023116048.pdf,DANFE gerado com sucesso.
2024\200\27240716956886000181550010000010841737200002.xml,27240716956886000181550010000010841737200002,2024,2024-07-24T09:21:57,gerado,individuais\2024\27240716956886000181550010000010841737200002.pdf,DANFE gerado com sucesso.
2024\200\27240711749321000100550010000024781187523861.xml,27240711749321000100550010000024781187523861,2024,2024-07-24T13:29:04,gerado,individuais\2024\27240711749321000100550010000024781187523861.pdf,DANFE gerado com sucesso.
2024\200\27240746963300000177550010000004631654014370.xml,27240746963300000177550010000004631654014370,2024,2024-07-24T14:01:44,gerado,individuais\2024\27240746963300000177550010000004631654014370.pdf,DANFE gerado com sucesso.
2024\200\27240726678956000211550010000308791141218882.xml,27240726678956000211550010000308791141218882,2024,2024-07-24T16:42:19,gerado,individuais\2024\27240726678956000211550010000308791141218882.pdf,DANFE gerado com sucesso.
2024\200\27240702556423000118550010003363671002497967.xml,27240702556423000118550010003363671002497967,2024,2024-07-25T00:00:00,gerado,individuais\2024\27240702556423000118550010003363671002497967.pdf,DANFE gerado com sucesso.
2024\200\27240711446315000183550010000175821100175827.xml,27240711446315000183550010000175821100175827,2024,2024-07-25T14:20:29,gerado,individuais\2024\27240711446315000183550010000175821100175827.pdf,DANFE gerado com sucesso.
2024\200\27240770015672000156550010001391721023181030.xml,27240770015672000156550010001391721023181030,2024,2024-07-26T14:02:47,gerado,individuais\2024\27240770015672000156550010001391721023181030.pdf,DANFE gerado com sucesso.
2024\200\27240726774412000172550030000118681807193491.xml,27240726774412000172550030000118681807193491,2024,2024-07-29T07:59:02,gerado,individuais\2024\27240726774412000172550030000118681807193491.pdf,DANFE gerado com sucesso.
2024\200\27240726774412000172550030000118701020775729.xml,27240726774412000172550030000118701020775729,2024,2024-07-29T08:00:15,gerado,individuais\2024\27240726774412000172550030000118701020775729.pdf,DANFE gerado com sucesso.
2024\200\27240711840303000210550010001214861522690016.xml,27240711840303000210550010001214861522690016,2024,2024-07-29T16:07:00,gerado,individuais\2024\27240711840303000210550010001214861522690016.pdf,DANFE gerado com sucesso.
2024\200\27240721344990000155550010000058891026714197.xml,27240721344990000155550010000058891026714197,2024,2024-07-31T08:41:04,gerado,individuais\2024\27240721344990000155550010000058891026714197.pdf,DANFE gerado com sucesso.
2024\200\27240709619157000174550010001961661217924476.xml,27240709619157000174550010001961661217924476,2024,2024-07-31T09:22:00,gerado,individuais\2024\27240709619157000174550010001961661217924476.pdf,DANFE gerado com sucesso.
2024\200\27240808441081000258550020001184071793381017.xml,27240808441081000258550020001184071793381017,2024,2024-08-01T00:00:00,gerado,individuais\2024\27240808441081000258550020001184071793381017.pdf,DANFE gerado com sucesso.
2024\200\27240802581010000193550010010380681827505635.xml,27240802581010000193550010010380681827505635,2024,2024-08-01T02:43:00,gerado,individuais\2024\27240802581010000193550010010380681827505635.pdf,DANFE gerado com sucesso.
2024\200\27240811749321000100550010000024941617649730.xml,27240811749321000100550010000024941617649730,2024,2024-08-01T09:26:37,gerado,individuais\2024\27240811749321000100550010000024941617649730.pdf,DANFE gerado com sucesso.
2024\200\27240802556423000118550010003373541002508799.xml,27240802556423000118550010003373541002508799,2024,2024-08-02T00:00:00,gerado,individuais\2024\27240802556423000118550010003373541002508799.pdf,DANFE gerado com sucesso.
2024\27240826774412000172550030000119641336769780.xml,27240826774412000172550030000119641336769780,2024,2024-08-02T07:43:47,gerado,individuais\2024\27240826774412000172550030000119641336769780.pdf,DANFE gerado com sucesso.
2024\27240870015672000156550010001401611023336681.xml,27240870015672000156550010001401611023336681,2024,2024-08-02T08:41:55,gerado,individuais\2024\27240870015672000156550010001401611023336681.pdf,DANFE gerado com sucesso.
2024\200\27240809619157000174550010001964341191254165.xml,27240809619157000174550010001964341191254165,2024,2024-08-02T09:24:00,gerado,individuais\2024\27240809619157000174550010001964341191254165.pdf,DANFE gerado com sucesso.
2024\200\27240803555402000140550010003830501681251978.xml,27240803555402000140550010003830501681251978,2024,2024-08-05T15:32:00,gerado,individuais\2024\27240803555402000140550010003830501681251978.pdf,DANFE gerado com sucesso.
2024\35240843648971000155550080001314821037126987.xml,35240843648971000155550080001314821037126987,2024,2024-08-07T18:22:22,gerado,individuais\2024\35240843648971000155550080001314821037126987.pdf,DANFE gerado com sucesso.
2024\200\27240807122759000196550030000527151724038418.xml,27240807122759000196550030000527151724038418,2024,2024-08-08T08:25:05,gerado,individuais\2024\27240807122759000196550030000527151724038418.pdf,DANFE gerado com sucesso.
2024\27240870015672000156550010001412221023494416.xml,27240870015672000156550010001412221023494416,2024,2024-08-08T12:04:06,gerado,individuais\2024\27240870015672000156550010001412221023494416.pdf,DANFE gerado com sucesso.
2024\27240870015672000156550010001412281023494770.xml,27240870015672000156550010001412281023494770,2024,2024-08-08T12:13:22,gerado,individuais\2024\27240870015672000156550010001412281023494770.pdf,DANFE gerado com sucesso.
2024\100\26240843648971005033550010008559601975846136.xml,26240843648971005033550010008559601975846136,2024,2024-08-09T07:58:09,gerado,individuais\2024\26240843648971005033550010008559601975846136.pdf,DANFE gerado com sucesso.
2024\200\27240807122759000196550030000528631794902777.xml,27240807122759000196550030000528631794902777,2024,2024-08-12T08:18:04,gerado,individuais\2024\27240807122759000196550030000528631794902777.pdf,DANFE gerado com sucesso.
2024\27240870015672000156550010001417101023584152.xml,27240870015672000156550010001417101023584152,2024,2024-08-12T11:01:30,gerado,individuais\2024\27240870015672000156550010001417101023584152.pdf,DANFE gerado com sucesso.
2024\35240846676933000102550020001206121790557967.xml,35240846676933000102550020001206121790557967,2024,2024-08-14T10:45:04,gerado,individuais\2024\35240846676933000102550020001206121790557967.pdf,DANFE gerado com sucesso.
2024\200\27240802556423000118550010003389531002526550.xml,27240802556423000118550010003389531002526550,2024,2024-08-15T00:00:00,gerado,individuais\2024\27240802556423000118550010003389531002526550.pdf,DANFE gerado com sucesso.
2024\27240824644710000112550020000047271059801306.xml,27240824644710000112550020000047271059801306,2024,2024-08-15T00:00:00,gerado,individuais\2024\27240824644710000112550020000047271059801306.pdf,DANFE gerado com sucesso.
2024\200\27240807122759000196550030000531121012845469.xml,27240807122759000196550030000531121012845469,2024,2024-08-15T07:50:27,gerado,individuais\2024\27240807122759000196550030000531121012845469.pdf,DANFE gerado com sucesso.
2024\200\27240807122759000196550030000531161951970851.xml,27240807122759000196550030000531161951970851,2024,2024-08-15T07:59:26,gerado,individuais\2024\27240807122759000196550030000531161951970851.pdf,DANFE gerado com sucesso.
2024\27240826774412000172550030000121581445756810.xml,27240826774412000172550030000121581445756810,2024,2024-08-15T08:07:48,gerado,individuais\2024\27240826774412000172550030000121581445756810.pdf,DANFE gerado com sucesso.
2024\27240821827870000109550010000001571488169726.xml,27240821827870000109550010000001571488169726,2024,2024-08-16T10:26:15,gerado,individuais\2024\27240821827870000109550010000001571488169726.pdf,DANFE gerado com sucesso.
2024\27240870015672000156550010001427031023737242.xml,27240870015672000156550010001427031023737242,2024,2024-08-17T16:00:17,gerado,individuais\2024\27240870015672000156550010001427031023737242.pdf,DANFE gerado com sucesso.
2024\200\27240802556423000118550010003393451002530727.xml,27240802556423000118550010003393451002530727,2024,2024-08-19T00:00:00,gerado,individuais\2024\27240802556423000118550010003393451002530727.pdf,DANFE gerado com sucesso.
2024\200\27240807122759000196550030000533541644811448.xml,27240807122759000196550030000533541644811448,2024,2024-08-20T09:22:52,gerado,individuais\2024\27240807122759000196550030000533541644811448.pdf,DANFE gerado com sucesso.
2024\200\27240811749321000100550010000025371751605318.xml,27240811749321000100550010000025371751605318,2024,2024-08-21T09:38:45,gerado,individuais\2024\27240811749321000100550010000025371751605318.pdf,DANFE gerado com sucesso.
2024\200\27240811449511000101550000001723811260339548.xml,27240811449511000101550000001723811260339548,2024,2024-08-22T11:22:49,gerado,individuais\2024\27240811449511000101550000001723811260339548.pdf,DANFE gerado com sucesso.
2024\27240875315333009831550010004646541758244258.xml,27240875315333009831550010004646541758244258,2024,2024-08-23T09:49:16,gerado,individuais\2024\27240875315333009831550010004646541758244258.pdf,DANFE gerado com sucesso.
2024\200\27240802556423000118550010003406191002544778.xml,27240802556423000118550010003406191002544778,2024,2024-08-29T00:00:00,gerado,individuais\2024\27240802556423000118550010003406191002544778.pdf,DANFE gerado com sucesso.
2024\200\27240821344990000155550010000059781227736460.xml,27240821344990000155550010000059781227736460,2024,2024-08-29T10:19:25,gerado,individuais\2024\27240821344990000155550010000059781227736460.pdf,DANFE gerado com sucesso.
2024\27240907122759000196550030000541051252011140.xml,27240907122759000196550030000541051252011140,2024,2024-09-02T11:07:38,gerado,individuais\2024\27240907122759000196550030000541051252011140.pdf,DANFE gerado com sucesso.
2024\27240902556423000118550010003408561000011312.xml,27240902556423000118550010003408561000011312,2024,2024-09-02T11:09:45,gerado,individuais\2024\27240902556423000118550010003408561000011312.pdf,DANFE gerado com sucesso.
2024\27240903555402000140550010003853981213142129.xml,27240903555402000140550010003853981213142129,2024,2024-09-02T11:43:00,gerado,individuais\2024\27240903555402000140550010003853981213142129.pdf,DANFE gerado com sucesso.
2024\35240908736488000121550010000077551000090661.xml,35240908736488000121550010000077551000090661,2024,2024-09-03T11:00:55,gerado,individuais\2024\35240908736488000121550010000077551000090661.pdf,DANFE gerado com sucesso.
2024\27240903555402000140550010003855341327121817.xml,27240903555402000140550010003855341327121817,2024,2024-09-03T14:33:00,gerado,individuais\2024\27240903555402000140550010003855341327121817.pdf,DANFE gerado com sucesso.
2024\27240907122759000196550030000542481989566796.xml,27240907122759000196550030000542481989566796,2024,2024-09-04T08:11:45,gerado,individuais\2024\27240907122759000196550030000542481989566796.pdf,DANFE gerado com sucesso.
2024\27240909619157000174550010001992071619160514.xml,27240909619157000174550010001992071619160514,2024,2024-09-04T10:13:00,gerado,individuais\2024\27240909619157000174550010001992071619160514.pdf,DANFE gerado com sucesso.
2024\27240912270435000488550020000643531819595459.xml,27240912270435000488550020000643531819595459,2024,2024-09-04T10:43:55,gerado,individuais\2024\27240912270435000488550020000643531819595459.pdf,DANFE gerado com sucesso.
2024\27240921827870000109550010000001581784526105.xml,27240921827870000109550010000001581784526105,2024,2024-09-04T15:28:50,gerado,individuais\2024\27240921827870000109550010000001581784526105.pdf,DANFE gerado com sucesso.
2024\27240907122759000196550030000543351635788938.xml,27240907122759000196550030000543351635788938,2024,2024-09-05T07:54:14,gerado,individuais\2024\27240907122759000196550030000543351635788938.pdf,DANFE gerado com sucesso.
2024\27240926774412000172550030000124261450510528.xml,27240926774412000172550030000124261450510528,2024,2024-09-05T10:49:20,gerado,individuais\2024\27240926774412000172550030000124261450510528.pdf,DANFE gerado com sucesso.
2024\27240916953102000161550010000010841935741996.xml,27240916953102000161550010000010841935741996,2024,2024-09-05T13:47:57,gerado,individuais\2024\27240916953102000161550010000010841935741996.pdf,DANFE gerado com sucesso.
2024\27240914989900000118550020000297851659656599.xml,27240914989900000118550020000297851659656599,2024,2024-09-06T00:00:00,gerado,individuais\2024\27240914989900000118550020000297851659656599.pdf,DANFE gerado com sucesso.
2024\27240907122759000196550030000544311308379748.xml,27240907122759000196550030000544311308379748,2024,2024-09-06T10:19:09,gerado,individuais\2024\27240907122759000196550030000544311308379748.pdf,DANFE gerado com sucesso.
2024\27240949548028000157550010000005901694017124.xml,27240949548028000157550010000005901694017124,2024,2024-09-09T00:00:00,gerado,individuais\2024\27240949548028000157550010000005901694017124.pdf,DANFE gerado com sucesso.
2024\27240909619157000174550010001995211183725868.xml,27240909619157000174550010001995211183725868,2024,2024-09-09T09:24:00,gerado,individuais\2024\27240909619157000174550010001995211183725868.pdf,DANFE gerado com sucesso.
2024\27240903656804000727550030009226721615374310.xml,27240903656804000727550030009226721615374310,2024,2024-09-10T15:55:00,gerado,individuais\2024\27240903656804000727550030009226721615374310.pdf,DANFE gerado com sucesso.
2024\27240903656804000131550030004000151778820179.xml,27240903656804000131550030004000151778820179,2024,2024-09-10T17:11:00,gerado,individuais\2024\27240903656804000131550030004000151778820179.pdf,DANFE gerado com sucesso.
2024\27240908441081000258550020001198051109105550.xml,27240908441081000258550020001198051109105550,2024,2024-09-11T00:00:00,gerado,individuais\2024\27240908441081000258550020001198051109105550.pdf,DANFE gerado com sucesso.
2024\27240903555402000140550010003863021149651840.xml,27240903555402000140550010003863021149651840,2024,2024-09-11T15:56:00,gerado,individuais\2024\27240903555402000140550010003863021149651840.pdf,DANFE gerado com sucesso.
2024\27240902556423000118550010003419501000313110.xml,27240902556423000118550010003419501000313110,2024,2024-09-12T09:00:17,gerado,individuais\2024\27240902556423000118550010003419501000313110.pdf,DANFE gerado com sucesso.
2024\27240909619157000174550010001999171379813742.xml,27240909619157000174550010001999171379813742,2024,2024-09-12T12:06:00,gerado,individuais\2024\27240909619157000174550010001999171379813742.pdf,DANFE gerado com sucesso.
2024\27240920616431000194550010000072121380838584.xml,27240920616431000194550010000072121380838584,2024,2024-09-17T09:22:00,gerado,individuais\2024\27240920616431000194550010000072121380838584.pdf,DANFE gerado com sucesso.
2024\27240912270435000488550020000652001121001628.xml,27240912270435000488550020000652001121001628,2024,2024-09-17T14:03:56,gerado,individuais\2024\27240912270435000488550020000652001121001628.pdf,DANFE gerado com sucesso.
2024\27240940730122000158550010000008811965121453.xml,27240940730122000158550010000008811965121453,2024,2024-09-17T14:18:29,gerado,individuais\2024\27240940730122000158550010000008811965121453.pdf,DANFE gerado com sucesso.
2024\27240903555402000140550010003867441186811121.xml,27240903555402000140550010003867441186811121,2024,2024-09-17T17:22:00,gerado,individuais\2024\27240903555402000140550010003867441186811121.pdf,DANFE gerado com sucesso.
2024\27240903555402000140550010003867581234606044.xml,27240903555402000140550010003867581234606044,2024,2024-09-17T17:37:00,gerado,individuais\2024\27240903555402000140550010003867581234606044.pdf,DANFE gerado com sucesso.
2024\27240949548028000157550010000005941282332331.xml,27240949548028000157550010000005941282332331,2024,2024-09-18T00:00:00,gerado,individuais\2024\27240949548028000157550010000005941282332331.pdf,DANFE gerado com sucesso.
2024\27240903555402000140550010003867981641581569.xml,27240903555402000140550010003867981641581569,2024,2024-09-18T14:08:00,gerado,individuais\2024\27240903555402000140550010003867981641581569.pdf,DANFE gerado com sucesso.
2024\27240903555402000140550010003870281106138363.xml,27240903555402000140550010003870281106138363,2024,2024-09-20T09:17:00,gerado,individuais\2024\27240903555402000140550010003870281106138363.pdf,DANFE gerado com sucesso.
2024\27240903555402000140550010003870291157154916.xml,27240903555402000140550010003870291157154916,2024,2024-09-20T09:35:00,gerado,individuais\2024\27240903555402000140550010003870291157154916.pdf,DANFE gerado com sucesso.
2024\27240903555402000140550010003871791185139516.xml,27240903555402000140550010003871791185139516,2024,2024-09-23T12:19:00,gerado,individuais\2024\27240903555402000140550010003871791185139516.pdf,DANFE gerado com sucesso.
2024\35240975801902000126550000010931481586174767.xml,35240975801902000126550000010931481586174767,2024,2024-09-23T16:21:44,gerado,individuais\2024\35240975801902000126550000010931481586174767.pdf,DANFE gerado com sucesso.
2024\27240912270435000488550020000656851459054537.xml,27240912270435000488550020000656851459054537,2024,2024-09-23T18:22:17,gerado,individuais\2024\27240912270435000488550020000656851459054537.pdf,DANFE gerado com sucesso.
2024\27240907122759000196550030000553631290679578.xml,27240907122759000196550030000553631290679578,2024,2024-09-24T10:34:14,gerado,individuais\2024\27240907122759000196550030000553631290679578.pdf,DANFE gerado com sucesso.
2024\27240903555402000140550010003873001214192204.xml,27240903555402000140550010003873001214192204,2024,2024-09-24T11:24:00,gerado,individuais\2024\27240903555402000140550010003873001214192204.pdf,DANFE gerado com sucesso.
2024\27240912270435000488550020000657431286525563.xml,27240912270435000488550020000657431286525563,2024,2024-09-24T13:37:02,gerado,individuais\2024\27240912270435000488550020000657431286525563.pdf,DANFE gerado com sucesso.
2024\27240975315333009831550010004670431758306025.xml,27240975315333009831550010004670431758306025,2024,2024-09-25T15:44:44,gerado,individuais\2024\27240975315333009831550010004670431758306025.pdf,DANFE gerado com sucesso.
2024\27241008441081000258550020001204841820817259.xml,27241008441081000258550020001204841820817259,2024,2024-10-01T00:00:00,gerado,individuais\2024\27241008441081000258550020001204841820817259.pdf,DANFE gerado com sucesso.
2024\27241002556423000118550010003438561000991566.xml,27241002556423000118550010003438561000991566,2024,2024-10-01T09:56:38,gerado,individuais\2024\27241002556423000118550010003438561000991566.pdf,DANFE gerado com sucesso.
2024\27241003555402000140550010003879041581547520.xml,27241003555402000140550010003879041581547520,2024,2024-10-01T14:33:00,gerado,individuais\2024\27241003555402000140550010003879041581547520.pdf,DANFE gerado com sucesso.
2024\27241008441081000258550020001205131527568791.xml,27241008441081000258550020001205131527568791,2024,2024-10-02T00:00:00,gerado,individuais\2024\27241008441081000258550020001205131527568791.pdf,DANFE gerado com sucesso.
2024\27241012270435000488550020000664971303339148.xml,27241012270435000488550020000664971303339148,2024,2024-10-03T14:58:31,gerado,individuais\2024\27241012270435000488550020000664971303339148.pdf,DANFE gerado com sucesso.
2024\27241003656804000131550030004058501230231196.xml,27241003656804000131550030004058501230231196,2024,2024-10-03T15:47:00,gerado,individuais\2024\27241003656804000131550030004058501230231196.pdf,DANFE gerado com sucesso.
2024\42241005003729000488550010000332081752504167.xml,42241005003729000488550010000332081752504167,2024,2024-10-08T15:02:00,gerado,individuais\2024\42241005003729000488550010000332081752504167.pdf,DANFE gerado com sucesso.
2024\35241008606542000114550030000757791002444079.xml,35241008606542000114550030000757791002444079,2024,2024-10-09T14:41:08,gerado,individuais\2024\35241008606542000114550030000757791002444079.pdf,DANFE gerado com sucesso.
2024\41241013578459000119550010000062251126283980.xml,41241013578459000119550010000062251126283980,2024,2024-10-09T15:12:29,gerado,individuais\2024\41241013578459000119550010000062251126283980.pdf,DANFE gerado com sucesso.
2024\27241004135774000180550010000054621000010859.xml,27241004135774000180550010000054621000010859,2024,2024-10-09T16:31:18,gerado,individuais\2024\27241004135774000180550010000054621000010859.pdf,DANFE gerado com sucesso.
2024\27241019667297000171550010000004121727634129.xml,27241019667297000171550010000004121727634129,2024,2024-10-14T16:30:40,gerado,individuais\2024\27241019667297000171550010000004121727634129.pdf,DANFE gerado com sucesso.
2024\27241011188276000161550010001359041341539809.xml,27241011188276000161550010001359041341539809,2024,2024-10-18T15:58:36,gerado,individuais\2024\27241011188276000161550010001359041341539809.pdf,DANFE gerado com sucesso.
2024\41241149436714000136550010000005761905779097.xml,41241149436714000136550010000005761905779097,2024,2024-11-05T15:34:31,gerado,individuais\2024\41241149436714000136550010000005761905779097.pdf,DANFE gerado com sucesso.
2024\41241107880738000130550010000019831000010183.xml,41241107880738000130550010000019831000010183,2024,2024-11-11T16:28:03,gerado,individuais\2024\41241107880738000130550010000019831000010183.pdf,DANFE gerado com sucesso.
2024\27241121344990000155550010000061921785831108.xml,27241121344990000155550010000061921785831108,2024,2024-11-21T13:51:12,gerado,individuais\2024\27241121344990000155550010000061921785831108.pdf,DANFE gerado com sucesso.
2024\27241216973609001159550010000237121196350040.xml,27241216973609001159550010000237121196350040,2024,2024-12-05T15:53:00,gerado,individuais\2024\27241216973609001159550010000237121196350040.pdf,DANFE gerado com sucesso.
2024\27241243283811019330550010000287661725799797.xml,27241243283811019330550010000287661725799797,2024,2024-12-11T14:16:44,gerado,individuais\2024\27241243283811019330550010000287661725799797.pdf,DANFE gerado com sucesso.
2024\27241227936211004931550300000080391000375559.xml,27241227936211004931550300000080391000375559,2024,2024-12-19T18:28:39,gerado,individuais\2024\27241227936211004931550300000080391000375559.pdf,DANFE gerado com sucesso.
2025\27250103555402000140550010003963471255108214.xml,27250103555402000140550010003963471255108214,2025,2025-01-08T17:05:00,gerado,individuais\2025\27250103555402000140550010003963471255108214.pdf,DANFE gerado com sucesso.
2025\27250124644710000112550020000052811093716110.xml,27250124644710000112550020000052811093716110,2025,2025-01-30T00:00:00,gerado,individuais\2025\27250124644710000112550020000052811093716110.pdf,DANFE gerado com sucesso.
2025\43250290265919000108550010000618681832561333.xml,43250290265919000108550010000618681832561333,2025,2025-02-25T14:56:00,gerado,individuais\2025\43250290265919000108550010000618681832561333.pdf,DANFE gerado com sucesso.
2025\27250343283811019330550010000296761737097154.xml,27250343283811019330550010000296761737097154,2025,2025-03-13T15:58:02,gerado,individuais\2025\27250343283811019330550010000296761737097154.pdf,DANFE gerado com sucesso.
2025\27250303656804000131550030004511631836025246.xml,27250303656804000131550030004511631836025246,2025,2025-03-31T17:16:00,gerado,individuais\2025\27250303656804000131550030004511631836025246.pdf,DANFE gerado com sucesso.
2025\26250443648971005033550010009383791061665982.xml,26250443648971005033550010009383791061665982,2025,2025-04-15T13:15:44,gerado,individuais\2025\26250443648971005033550010009383791061665982.pdf,DANFE gerado com sucesso.
2025\27250420616431000194550010000079501285522004.xml,27250420616431000194550010000079501285522004,2025,2025-04-28T08:30:00,gerado,individuais\2025\27250420616431000194550010000079501285522004.pdf,DANFE gerado com sucesso.
2025\27250403656804000131550030004575671713612927.xml,27250403656804000131550030004575671713612927,2025,2025-04-28T17:00:00,gerado,individuais\2025\27250403656804000131550030004575671713612927.pdf,DANFE gerado com sucesso.
2025\27250543283811019330550010000301211743032950.xml,27250543283811019330550010000301211743032950,2025,2025-05-03T15:14:00,gerado,individuais\2025\27250543283811019330550010000301211743032950.pdf,DANFE gerado com sucesso.
2025\26250543648971005033550010009492741052852058.xml,26250543648971005033550010009492741052852058,2025,2025-05-19T07:34:08,gerado,individuais\2025\26250543648971005033550010009492741052852058.pdf,DANFE gerado com sucesso.
2025\27250526774412000172550030000164471650341822.xml,27250526774412000172550030000164471650341822,2025,2025-05-27T13:49:09,gerado,individuais\2025\27250526774412000172550030000164471650341822.pdf,DANFE gerado com sucesso.
2025\42250616911799000108550010000010441705547510.xml,42250616911799000108550010000010441705547510,2025,2025-06-03T16:24:01,gerado,individuais\2025\42250616911799000108550010000010441705547510.pdf,DANFE gerado com sucesso.
2025\25250613062420000144550010000000551181097500.xml,25250613062420000144550010000000551181097500,2025,2025-06-06T15:03:48,gerado,individuais\2025\25250613062420000144550010000000551181097500.pdf,DANFE gerado com sucesso.
2025\25250613062420000144550010000000621605302487.xml,25250613062420000144550010000000621605302487,2025,2025-06-14T12:10:12,gerado,individuais\2025\25250613062420000144550010000000621605302487.pdf,DANFE gerado com sucesso.
2025\25250613062420000144550010000000631921354642.xml,25250613062420000144550010000000631921354642,2025,2025-06-17T18:18:28,gerado,individuais\2025\25250613062420000144550010000000631921354642.pdf,DANFE gerado com sucesso.
2025\27250624644710000112550020000058551075235742.xml,27250624644710000112550020000058551075235742,2025,2025-06-26T00:00:00,gerado,individuais\2025\27250624644710000112550020000058551075235742.pdf,DANFE gerado com sucesso.
2025\27250724644710000112550020000058871089925174.xml,27250724644710000112550020000058871089925174,2025,2025-07-03T00:00:00,gerado,individuais\2025\27250724644710000112550020000058871089925174.pdf,DANFE gerado com sucesso.
2025\27250724644710000112550020000059251092795475.xml,27250724644710000112550020000059251092795475,2025,2025-07-09T00:00:00,gerado,individuais\2025\27250724644710000112550020000059251092795475.pdf,DANFE gerado com sucesso.
2025\27250724644710000112550020000059481068606492.xml,27250724644710000112550020000059481068606492,2025,2025-07-15T00:00:00,gerado,individuais\2025\27250724644710000112550020000059481068606492.pdf,DANFE gerado com sucesso.
2025\42250716911799000108550010000010591705547516.xml,42250716911799000108550010000010591705547516,2025,2025-07-16T15:39:00,gerado,individuais\2025\42250716911799000108550010000010591705547516.pdf,DANFE gerado com sucesso.
2025\27250747960950171015550010001137451062648700.xml,27250747960950171015550010001137451062648700,2025,2025-07-23T08:58:53,gerado,individuais\2025\27250747960950171015550010001137451062648700.pdf,DANFE gerado com sucesso.
2025\27250741187998000162550010000498361411879985.xml,27250741187998000162550010000498361411879985,2025,2025-07-29T00:00:00,gerado,individuais\2025\27250741187998000162550010000498361411879985.pdf,DANFE gerado com sucesso.
2025\27250747960950171015550010001142681084074171.xml,27250747960950171015550010001142681084074171,2025,2025-07-30T08:38:32,gerado,individuais\2025\27250747960950171015550010001142681084074171.pdf,DANFE gerado com sucesso.
2025\27250824644710000112550020000060691011366971.xml,27250824644710000112550020000060691011366971,2025,2025-08-13T00:00:00,gerado,individuais\2025\27250824644710000112550020000060691011366971.pdf,DANFE gerado com sucesso.
2025\27250811188276000161550010001641161972111412.xml,27250811188276000161550010001641161972111412,2025,2025-08-19T17:22:47,gerado,individuais\2025\27250811188276000161550010001641161972111412.pdf,DANFE gerado com sucesso.
2025\27250816973609001159550010000265981408105220.xml,27250816973609001159550010000265981408105220,2025,2025-08-30T08:57:00,gerado,individuais\2025\27250816973609001159550010000265981408105220.pdf,DANFE gerado com sucesso.
2025\27250924644710000112550020000061411035653286.xml,27250924644710000112550020000061411035653286,2025,2025-09-02T00:00:00,gerado,individuais\2025\27250924644710000112550020000061411035653286.pdf,DANFE gerado com sucesso.
2025\27250933041260149710550000000571941120955141.xml,27250933041260149710550000000571941120955141,2025,2025-09-03T09:55:14,gerado,individuais\2025\27250933041260149710550000000571941120955141.pdf,DANFE gerado com sucesso.
2025\27250906864595000100550010002275321023439168.xml,27250906864595000100550010002275321023439168,2025,2025-09-08T14:16:08,gerado,individuais\2025\27250906864595000100550010002275321023439168.pdf,DANFE gerado com sucesso.
2025\27250903656804000727550030010820461980092298.xml,27250903656804000727550030010820461980092298,2025,2025-09-12T11:44:00,gerado,individuais\2025\27250903656804000727550030010820461980092298.pdf,DANFE gerado com sucesso.
2025\27250903656804000131550030004927341817263970.xml,27250903656804000131550030004927341817263970,2025,2025-09-18T12:26:00,gerado,individuais\2025\27250903656804000131550030004927341817263970.pdf,DANFE gerado com sucesso.
2025\43250902438228000193550020000166211000224421.xml,43250902438228000193550020000166211000224421,2025,2025-09-25T00:00:00,gerado,individuais\2025\43250902438228000193550020000166211000224421.pdf,DANFE gerado com sucesso.
2025\35250961946091000147550010000625791648284686.xml,35250961946091000147550010000625791648284686,2025,2025-09-26T15:41:00,gerado,individuais\2025\35250961946091000147550010000625791648284686.pdf,DANFE gerado com sucesso.
2025\27250903555402000574550010000020941121212011.xml,27250903555402000574550010000020941121212011,2025,2025-09-26T16:34:00,gerado,individuais\2025\27250903555402000574550010000020941121212011.pdf,DANFE gerado com sucesso.
2025\27251006864595000100550010002299951023614181.xml,27251006864595000100550010002299951023614181,2025,2025-10-02T15:18:30,gerado,individuais\2025\27251006864595000100550010002299951023614181.pdf,DANFE gerado com sucesso.
2025\27251111188276000161550030000039851323385866.xml,27251111188276000161550030000039851323385866,2025,2025-11-14T15:03:33,gerado,individuais\2025\27251111188276000161550030000039851323385866.pdf,DANFE gerado com sucesso.
2025\27251202556423000118550010003901681019466498.xml,27251202556423000118550010003901681019466498,2025,2025-12-02T10:58:36,gerado,individuais\2025\27251202556423000118550010003901681019466498.pdf,DANFE gerado com sucesso.
2025\25251247960950090449550190001028901023202658.xml,25251247960950090449550190001028901023202658,2025,2025-12-05T09:49:10,gerado,individuais\2025\25251247960950090449550190001028901023202658.pdf,DANFE gerado com sucesso.
2025\27251203656804000727550030011359581295324923.xml,27251203656804000727550030011359581295324923,2025,2025-12-20T15:31:00,gerado,individuais\2025\27251203656804000727550030011359581295324923.pdf,DANFE gerado com sucesso.
2025\27251203656804000131550030005226811810522510.xml,27251203656804000131550030005226811810522510,2025,2025-12-31T09:17:00,gerado,individuais\2025\27251203656804000131550030005226811810522510.pdf,DANFE gerado com sucesso.
2026\27260104139595000111550010000839421000180390.xml,27260104139595000111550010000839421000180390,2026,2026-01-07T00:00:00,gerado,individuais\2026\27260104139595000111550010000839421000180390.pdf,DANFE gerado com sucesso.
2026\27260155299180000146550010000000541000000556.xml,27260155299180000146550010000000541000000556,2026,2026-01-07T00:00:00,gerado,individuais\2026\27260155299180000146550010000000541000000556.pdf,DANFE gerado com sucesso.
2026\27260103656804000727550030011416841774352522.xml,27260103656804000727550030011416841774352522,2026,2026-01-07T15:21:00,gerado,individuais\2026\27260103656804000727550030011416841774352522.pdf,DANFE gerado com sucesso.
2026\27260104752165000332550010000196681486740005.xml,27260104752165000332550010000196681486740005,2026,2026-01-13T09:25:41,gerado,individuais\2026\27260104752165000332550010000196681486740005.pdf,DANFE gerado com sucesso.
2026\27260102556423000207550010000350551021246477.xml,27260102556423000207550010000350551021246477,2026,2026-01-15T09:10:23,gerado,individuais\2026\27260102556423000207550010000350551021246477.pdf,DANFE gerado com sucesso.
2026\27260107431747000143550010002510411139106561.xml,27260107431747000143550010002510411139106561,2026,2026-01-16T11:30:00,gerado,individuais\2026\27260107431747000143550010002510411139106561.pdf,DANFE gerado com sucesso.
2026\27260103656804000131550030005263111539029216.xml,27260103656804000131550030005263111539029216,2026,2026-01-19T09:34:00,gerado,individuais\2026\27260103656804000131550030005263111539029216.pdf,DANFE gerado com sucesso.
2026\27260124644710000112550020000066321089036529.xml,27260124644710000112550020000066321089036529,2026,2026-01-20T00:00:00,gerado,individuais\2026\27260124644710000112550020000066321089036529.pdf,DANFE gerado com sucesso.
2026\27260112200192000169558900109969041074535965.xml,27260112200192000169558900109969041074535965,2026,2026-01-22T14:07:00,gerado,individuais\2026\27260112200192000169558900109969041074535965.pdf,DANFE gerado com sucesso.
2026\27260155299180000146550010000000551000000561.xml,27260155299180000146550010000000551000000561,2026,2026-01-23T00:00:00,gerado,individuais\2026\27260155299180000146550010000000551000000561.pdf,DANFE gerado com sucesso.
2026\27260111188276000161550010001797501612917293.xml,27260111188276000161550010001797501612917293,2026,2026-01-27T16:44:11,gerado,individuais\2026\27260111188276000161550010001797501612917293.pdf,DANFE gerado com sucesso.
