[    1698ms] [ERROR] Failed to load resource: the server responded with a status of 404 () @ https://onvio.com.br/favicon.ico:0
[   15320ms] [WARNING] Failed to decode downloaded font: https://app-data.gcs.trstatic.net/emcm-ui/bundle-profile/bundle-profile-assets/fonts/sourcesans3-semibold.woff2 @ https://auth.thomsonreuters.com/u/login/identifier?state=hKFo2SBRS3NrbGxIVWxCbWlTVl8tVk81Y09yenM2bGZURUctVKFur3VuaXZlcnNhbC1sb2dpbqN0aWTZIGN0cmZHbHROcjdxSVhQeGZRWlZ1SlpCVVpOVmlfVW9Zo2NpZNkgR0JVcFBwT1V3QmY0cGhTdjllSXFGMnhpOExTUHNrdEs&ui_locales=pt-BR:0
[   15321ms] [WARNING] OTS parsing error: Failed to convert WOFF 2.0 font to SFNT @ https://auth.thomsonreuters.com/u/login/identifier?state=hKFo2SBRS3NrbGxIVWxCbWlTVl8tVk81Y09yenM2bGZURUctVKFur3VuaXZlcnNhbC1sb2dpbqN0aWTZIGN0cmZHbHROcjdxSVhQeGZRWlZ1SlpCVVpOVmlfVW9Zo2NpZNkgR0JVcFBwT1V3QmY0cGhTdjllSXFGMnhpOExTUHNrdEs&ui_locales=pt-BR:0
[   15345ms] [ERROR] Access to font at 'https://app-data.gcs.trstatic.net/emcm-ui/bundle-profile/bundle-profile-assets/fonts/sourcesans3-semibold.woff' from origin 'https://auth.thomsonreuters.com' has been blocked by CORS policy: No 'Access-Control-Allow-Origin' header is present on the requested resource. @ https://auth.thomsonreuters.com/u/login/identifier?state=hKFo2SBRS3NrbGxIVWxCbWlTVl8tVk81Y09yenM2bGZURUctVKFur3VuaXZlcnNhbC1sb2dpbqN0aWTZIGN0cmZHbHROcjdxSVhQeGZRWlZ1SlpCVVpOVmlfVW9Zo2NpZNkgR0JVcFBwT1V3QmY0cGhTdjllSXFGMnhpOExTUHNrdEs&ui_locales=pt-BR:0
[   15346ms] [ERROR] Failed to load resource: net::ERR_FAILED @ https://app-data.gcs.trstatic.net/emcm-ui/bundle-profile/bundle-profile-assets/fonts/sourcesans3-semibold.woff:0
[   20500ms] [WARNING] Failed to decode downloaded font: https://app-data.gcs.trstatic.net/emcm-ui/bundle-profile/bundle-profile-assets/fonts/sourcesans3-semibold.woff2 @ https://auth.thomsonreuters.com/u/login/password?state=hKFo2SBRS3NrbGxIVWxCbWlTVl8tVk81Y09yenM2bGZURUctVKFur3VuaXZlcnNhbC1sb2dpbqN0aWTZIGN0cmZHbHROcjdxSVhQeGZRWlZ1SlpCVVpOVmlfVW9Zo2NpZNkgR0JVcFBwT1V3QmY0cGhTdjllSXFGMnhpOExTUHNrdEs&ui_locales=pt-BR:0
[   20500ms] [WARNING] OTS parsing error: Failed to convert WOFF 2.0 font to SFNT @ https://auth.thomsonreuters.com/u/login/password?state=hKFo2SBRS3NrbGxIVWxCbWlTVl8tVk81Y09yenM2bGZURUctVKFur3VuaXZlcnNhbC1sb2dpbqN0aWTZIGN0cmZHbHROcjdxSVhQeGZRWlZ1SlpCVVpOVmlfVW9Zo2NpZNkgR0JVcFBwT1V3QmY0cGhTdjllSXFGMnhpOExTUHNrdEs&ui_locales=pt-BR:0
[   20524ms] [ERROR] Access to font at 'https://app-data.gcs.trstatic.net/emcm-ui/bundle-profile/bundle-profile-assets/fonts/sourcesans3-semibold.woff' from origin 'https://auth.thomsonreuters.com' has been blocked by CORS policy: No 'Access-Control-Allow-Origin' header is present on the requested resource. @ https://auth.thomsonreuters.com/u/login/password?state=hKFo2SBRS3NrbGxIVWxCbWlTVl8tVk81Y09yenM2bGZURUctVKFur3VuaXZlcnNhbC1sb2dpbqN0aWTZIGN0cmZHbHROcjdxSVhQeGZRWlZ1SlpCVVpOVmlfVW9Zo2NpZNkgR0JVcFBwT1V3QmY0cGhTdjllSXFGMnhpOExTUHNrdEs&ui_locales=pt-BR:0
[   20525ms] [ERROR] Failed to load resource: net::ERR_FAILED @ https://app-data.gcs.trstatic.net/emcm-ui/bundle-profile/bundle-profile-assets/fonts/sourcesans3-semibold.woff:0
[   26569ms] [ERROR] Failed to load resource: the server responded with a status of 404 () @ https://auth.thomsonreuters.com/favicon.ico:0
[   28805ms] [WARNING] Failed to decode downloaded font: https://onvio.com.br/staff/SourceSans3VF-Upright.ttf.e7f20fc9b00b0e8a.woff2 @ https://onvio.com.br/staff/:0
[   28806ms] [WARNING] OTS parsing error: Failed to convert WOFF 2.0 font to SFNT @ https://onvio.com.br/staff/:0
[   28806ms] [WARNING] Failed to decode downloaded font: https://onvio.com.br/staff/SourceSans3VF-Upright.ttf.e7f20fc9b00b0e8a.woff2 @ https://onvio.com.br/staff/:0
[   28806ms] [WARNING] OTS parsing error: Failed to convert WOFF 2.0 font to SFNT @ https://onvio.com.br/staff/:0
[   28806ms] [WARNING] Failed to decode downloaded font: https://onvio.com.br/staff/SourceSans3VF-Upright.ttf.e7f20fc9b00b0e8a.woff2 @ https://onvio.com.br/staff/:0
[   28807ms] [WARNING] OTS parsing error: Failed to convert WOFF 2.0 font to SFNT @ https://onvio.com.br/staff/:0
[   28807ms] [WARNING] Failed to decode downloaded font: https://onvio.com.br/staff/SourceSans3VF-Upright.ttf.e7f20fc9b00b0e8a.woff2 @ https://onvio.com.br/staff/:0
[   28807ms] [WARNING] OTS parsing error: Failed to convert WOFF 2.0 font to SFNT @ https://onvio.com.br/staff/:0
[   28807ms] [WARNING] Failed to decode downloaded font: https://onvio.com.br/staff/SourceSans3VF-Upright.ttf.e7f20fc9b00b0e8a.woff2 @ https://onvio.com.br/staff/:0
[   28807ms] [WARNING] OTS parsing error: Failed to convert WOFF 2.0 font to SFNT @ https://onvio.com.br/staff/:0
[   28807ms] [WARNING] Failed to decode downloaded font: https://onvio.com.br/staff/SourceSans3VF-Upright.ttf.e7f20fc9b00b0e8a.woff2 @ https://onvio.com.br/staff/:0
[   28808ms] [WARNING] OTS parsing error: Failed to convert WOFF 2.0 font to SFNT @ https://onvio.com.br/staff/:0
[   28808ms] [WARNING] Failed to decode downloaded font: https://onvio.com.br/staff/SourceSans3VF-Upright.ttf.e7f20fc9b00b0e8a.woff2 @ https://onvio.com.br/staff/:0
[   28808ms] [WARNING] OTS parsing error: Failed to convert WOFF 2.0 font to SFNT @ https://onvio.com.br/staff/:0
[   28808ms] [WARNING] Failed to decode downloaded font: https://onvio.com.br/staff/SourceSans3VF-Upright.ttf.e7f20fc9b00b0e8a.woff2 @ https://onvio.com.br/staff/:0
[   28809ms] [WARNING] OTS parsing error: Failed to convert WOFF 2.0 font to SFNT @ https://onvio.com.br/staff/:0
[   28809ms] [WARNING] Failed to decode downloaded font: https://onvio.com.br/staff/SourceSans3VF-Upright.ttf.e7f20fc9b00b0e8a.woff2 @ https://onvio.com.br/staff/:0
[   28809ms] [WARNING] OTS parsing error: Failed to convert WOFF 2.0 font to SFNT @ https://onvio.com.br/staff/:0
[   28809ms] [WARNING] Failed to decode downloaded font: https://onvio.com.br/staff/SourceSans3VF-Upright.ttf.e7f20fc9b00b0e8a.woff2 @ https://onvio.com.br/staff/:0
[   28810ms] [WARNING] OTS parsing error: Failed to convert WOFF 2.0 font to SFNT @ https://onvio.com.br/staff/:0
[   28810ms] [WARNING] Failed to decode downloaded font: https://onvio.com.br/staff/SourceSans3VF-Upright.ttf.e7f20fc9b00b0e8a.woff2 @ https://onvio.com.br/staff/:0
[   28811ms] [WARNING] OTS parsing error: Failed to convert WOFF 2.0 font to SFNT @ https://onvio.com.br/staff/:0
[   28811ms] [WARNING] Failed to decode downloaded font: https://onvio.com.br/staff/SourceSans3VF-Upright.ttf.e7f20fc9b00b0e8a.woff2 @ https://onvio.com.br/staff/:0
[   28811ms] [WARNING] OTS parsing error: Failed to convert WOFF 2.0 font to SFNT @ https://onvio.com.br/staff/:0
[   28812ms] [WARNING] Failed to decode downloaded font: https://onvio.com.br/staff/SourceSans3VF-Upright.ttf.e7f20fc9b00b0e8a.woff2 @ https://onvio.com.br/staff/:0
[   28812ms] [WARNING] OTS parsing error: Failed to convert WOFF 2.0 font to SFNT @ https://onvio.com.br/staff/:0
[   28812ms] [WARNING] Failed to decode downloaded font: https://onvio.com.br/staff/SourceSans3VF-Upright.ttf.e7f20fc9b00b0e8a.woff2 @ https://onvio.com.br/staff/:0
[   28812ms] [WARNING] OTS parsing error: Failed to convert WOFF 2.0 font to SFNT @ https://onvio.com.br/staff/:0
[   28813ms] [WARNING] Failed to decode downloaded font: https://onvio.com.br/staff/SourceSans3VF-Upright.ttf.e7f20fc9b00b0e8a.woff2 @ https://onvio.com.br/staff/:0
[   28813ms] [WARNING] OTS parsing error: Failed to convert WOFF 2.0 font to SFNT @ https://onvio.com.br/staff/:0
[   28813ms] [WARNING] Failed to decode downloaded font: https://onvio.com.br/staff/SourceSans3VF-Upright.ttf.e7f20fc9b00b0e8a.woff2 @ https://onvio.com.br/staff/:0
[   28813ms] [WARNING] OTS parsing error: Failed to convert WOFF 2.0 font to SFNT @ https://onvio.com.br/staff/:0
[   28814ms] [WARNING] Failed to decode downloaded font: https://onvio.com.br/staff/SourceSans3VF-Upright.ttf.e7f20fc9b00b0e8a.woff2 @ https://onvio.com.br/staff/:0
[   28814ms] [WARNING] OTS parsing error: Failed to convert WOFF 2.0 font to SFNT @ https://onvio.com.br/staff/:0
[   28814ms] [WARNING] Failed to decode downloaded font: https://onvio.com.br/staff/SourceSans3VF-Upright.ttf.e7f20fc9b00b0e8a.woff2 @ https://onvio.com.br/staff/:0
[   28814ms] [WARNING] OTS parsing error: Failed to convert WOFF 2.0 font to SFNT @ https://onvio.com.br/staff/:0
[   28814ms] [WARNING] Failed to decode downloaded font: https://onvio.com.br/staff/SourceSans3VF-Upright.ttf.e7f20fc9b00b0e8a.woff2 @ https://onvio.com.br/staff/:0
[   28814ms] [WARNING] OTS parsing error: Failed to convert WOFF 2.0 font to SFNT @ https://onvio.com.br/staff/:0
[   28815ms] [WARNING] Failed to decode downloaded font: https://onvio.com.br/staff/SourceSans3VF-Upright.ttf.e7f20fc9b00b0e8a.woff2 @ https://onvio.com.br/staff/:0
[   28815ms] [WARNING] OTS parsing error: Failed to convert WOFF 2.0 font to SFNT @ https://onvio.com.br/staff/:0
[   28815ms] [WARNING] Failed to decode downloaded font: https://onvio.com.br/staff/SourceSans3VF-Upright.ttf.e7f20fc9b00b0e8a.woff2 @ https://onvio.com.br/staff/:0
[   28815ms] [WARNING] OTS parsing error: Failed to convert WOFF 2.0 font to SFNT @ https://onvio.com.br/staff/:0
[   28815ms] [WARNING] Failed to decode downloaded font: https://onvio.com.br/staff/SourceSans3VF-Upright.ttf.e7f20fc9b00b0e8a.woff2 @ https://onvio.com.br/staff/:0
[   28816ms] [WARNING] OTS parsing error: Failed to convert WOFF 2.0 font to SFNT @ https://onvio.com.br/staff/:0
[   28816ms] [WARNING] Failed to decode downloaded font: https://onvio.com.br/staff/SourceSans3VF-Upright.ttf.e7f20fc9b00b0e8a.woff2 @ https://onvio.com.br/staff/:0
[   28816ms] [WARNING] OTS parsing error: Failed to convert WOFF 2.0 font to SFNT @ https://onvio.com.br/staff/:0
[   28816ms] [WARNING] Failed to decode downloaded font: https://onvio.com.br/staff/SourceSans3VF-Upright.ttf.e7f20fc9b00b0e8a.woff2 @ https://onvio.com.br/staff/:0
[   28816ms] [WARNING] OTS parsing error: Failed to convert WOFF 2.0 font to SFNT @ https://onvio.com.br/staff/:0
[   28817ms] [WARNING] Failed to decode downloaded font: https://onvio.com.br/staff/SourceSans3VF-Upright.ttf.e7f20fc9b00b0e8a.woff2 @ https://onvio.com.br/staff/:0
[   28817ms] [WARNING] OTS parsing error: Failed to convert WOFF 2.0 font to SFNT @ https://onvio.com.br/staff/:0
[   28817ms] [WARNING] Failed to decode downloaded font: https://onvio.com.br/staff/SourceSans3VF-Upright.ttf.e7f20fc9b00b0e8a.woff2 @ https://onvio.com.br/staff/:0
[   28817ms] [WARNING] OTS parsing error: Failed to convert WOFF 2.0 font to SFNT @ https://onvio.com.br/staff/:0
[   28863ms] [WARNING] Failed to decode downloaded font: https://onvio.com.br/staff/SourceSans3VF-Upright.ttf.e7f20fc9b00b0e8a.woff2 @ https://onvio.com.br/staff/:0
[   28863ms] [WARNING] OTS parsing error: Failed to convert WOFF 2.0 font to SFNT @ https://onvio.com.br/staff/:0
[   28863ms] [WARNING] Failed to decode downloaded font: https://onvio.com.br/staff/SourceSans3VF-Upright.ttf.e7f20fc9b00b0e8a.woff2 @ https://onvio.com.br/staff/:0
[   28864ms] [WARNING] OTS parsing error: Failed to convert WOFF 2.0 font to SFNT @ https://onvio.com.br/staff/:0
[   28864ms] [WARNING] Failed to decode downloaded font: https://onvio.com.br/staff/SourceSans3VF-Upright.ttf.e7f20fc9b00b0e8a.woff2 @ https://onvio.com.br/staff/:0
[   28864ms] [WARNING] OTS parsing error: Failed to convert WOFF 2.0 font to SFNT @ https://onvio.com.br/staff/:0
[   28864ms] [WARNING] Failed to decode downloaded font: https://onvio.com.br/staff/SourceSans3VF-Upright.ttf.e7f20fc9b00b0e8a.woff2 @ https://onvio.com.br/staff/:0
[   28864ms] [WARNING] OTS parsing error: Failed to convert WOFF 2.0 font to SFNT @ https://onvio.com.br/staff/:0
[   28864ms] [WARNING] Failed to decode downloaded font: https://onvio.com.br/staff/SourceSans3VF-Upright.ttf.e7f20fc9b00b0e8a.woff2 @ https://onvio.com.br/staff/:0
[   28865ms] [WARNING] OTS parsing error: Failed to convert WOFF 2.0 font to SFNT @ https://onvio.com.br/staff/:0
[   28865ms] [WARNING] Failed to decode downloaded font: https://onvio.com.br/staff/SourceSans3VF-Upright.ttf.e7f20fc9b00b0e8a.woff2 @ https://onvio.com.br/staff/:0
[   28865ms] [WARNING] OTS parsing error: Failed to convert WOFF 2.0 font to SFNT @ https://onvio.com.br/staff/:0
[   28865ms] [WARNING] Failed to decode downloaded font: https://onvio.com.br/staff/SourceSans3VF-Upright.ttf.e7f20fc9b00b0e8a.woff2 @ https://onvio.com.br/staff/:0
[   28865ms] [WARNING] OTS parsing error: Failed to convert WOFF 2.0 font to SFNT @ https://onvio.com.br/staff/:0
[   28866ms] [WARNING] Failed to decode downloaded font: https://onvio.com.br/staff/SourceSans3VF-Upright.ttf.e7f20fc9b00b0e8a.woff2 @ https://onvio.com.br/staff/:0
[   28866ms] [WARNING] OTS parsing error: Failed to convert WOFF 2.0 font to SFNT @ https://onvio.com.br/staff/:0
[   28866ms] [WARNING] Failed to decode downloaded font: https://onvio.com.br/staff/SourceSans3VF-Upright.ttf.e7f20fc9b00b0e8a.woff2 @ https://onvio.com.br/staff/:0
[   28866ms] [WARNING] OTS parsing error: Failed to convert WOFF 2.0 font to SFNT @ https://onvio.com.br/staff/:0
[   28866ms] [WARNING] Failed to decode downloaded font: https://onvio.com.br/staff/SourceSans3VF-Upright.ttf.e7f20fc9b00b0e8a.woff2 @ https://onvio.com.br/staff/:0
[   28866ms] [WARNING] OTS parsing error: Failed to convert WOFF 2.0 font to SFNT @ https://onvio.com.br/staff/:0
[   28867ms] [WARNING] Failed to decode downloaded font: https://onvio.com.br/staff/SourceSans3VF-Upright.ttf.e7f20fc9b00b0e8a.woff2 @ https://onvio.com.br/staff/:0
[   28867ms] [WARNING] OTS parsing error: Failed to convert WOFF 2.0 font to SFNT @ https://onvio.com.br/staff/:0
[   28867ms] [WARNING] Failed to decode downloaded font: https://onvio.com.br/staff/SourceSans3VF-Upright.ttf.e7f20fc9b00b0e8a.woff2 @ https://onvio.com.br/staff/:0
[   28867ms] [WARNING] OTS parsing error: Failed to convert WOFF 2.0 font to SFNT @ https://onvio.com.br/staff/:0
[   28867ms] [WARNING] Failed to decode downloaded font: https://onvio.com.br/staff/SourceSans3VF-Upright.ttf.e7f20fc9b00b0e8a.woff2 @ https://onvio.com.br/staff/:0
[   28868ms] [WARNING] OTS parsing error: Failed to convert WOFF 2.0 font to SFNT @ https://onvio.com.br/staff/:0
[   28868ms] [WARNING] Failed to decode downloaded font: https://onvio.com.br/staff/SourceSans3VF-Upright.ttf.e7f20fc9b00b0e8a.woff2 @ https://onvio.com.br/staff/:0
[   28868ms] [WARNING] OTS parsing error: Failed to convert WOFF 2.0 font to SFNT @ https://onvio.com.br/staff/:0
[   28868ms] [WARNING] Failed to decode downloaded font: https://onvio.com.br/staff/SourceSans3VF-Upright.ttf.e7f20fc9b00b0e8a.woff2 @ https://onvio.com.br/staff/:0
[   28868ms] [WARNING] OTS parsing error: Failed to convert WOFF 2.0 font to SFNT @ https://onvio.com.br/staff/:0
[   28868ms] [WARNING] Failed to decode downloaded font: https://onvio.com.br/staff/SourceSans3VF-Upright.ttf.e7f20fc9b00b0e8a.woff2 @ https://onvio.com.br/staff/:0
[   28869ms] [WARNING] OTS parsing error: Failed to convert WOFF 2.0 font to SFNT @ https://onvio.com.br/staff/:0
[   28869ms] [WARNING] Failed to decode downloaded font: https://onvio.com.br/staff/SourceSans3VF-Upright.ttf.e7f20fc9b00b0e8a.woff2 @ https://onvio.com.br/staff/:0
[   28869ms] [WARNING] OTS parsing error: Failed to convert WOFF 2.0 font to SFNT @ https://onvio.com.br/staff/:0
[   28869ms] [WARNING] Failed to decode downloaded font: https://onvio.com.br/staff/SourceSans3VF-Upright.ttf.e7f20fc9b00b0e8a.woff2 @ https://onvio.com.br/staff/:0
[   28869ms] [WARNING] OTS parsing error: Failed to convert WOFF 2.0 font to SFNT @ https://onvio.com.br/staff/:0
[   28870ms] [WARNING] Failed to decode downloaded font: https://onvio.com.br/staff/SourceSans3VF-Upright.ttf.e7f20fc9b00b0e8a.woff2 @ https://onvio.com.br/staff/:0
[   28870ms] [WARNING] OTS parsing error: Failed to convert WOFF 2.0 font to SFNT @ https://onvio.com.br/staff/:0
[   28870ms] [WARNING] Failed to decode downloaded font: https://onvio.com.br/staff/SourceSans3VF-Upright.ttf.e7f20fc9b00b0e8a.woff2 @ https://onvio.com.br/staff/:0
[   28870ms] [WARNING] OTS parsing error: Failed to convert WOFF 2.0 font to SFNT @ https://onvio.com.br/staff/:0
[   28870ms] [WARNING] Failed to decode downloaded font: https://onvio.com.br/staff/SourceSans3VF-Upright.ttf.e7f20fc9b00b0e8a.woff2 @ https://onvio.com.br/staff/:0
[   28870ms] [WARNING] OTS parsing error: Failed to convert WOFF 2.0 font to SFNT @ https://onvio.com.br/staff/:0
[   28871ms] [WARNING] Failed to decode downloaded font: https://onvio.com.br/staff/SourceSans3VF-Upright.ttf.e7f20fc9b00b0e8a.woff2 @ https://onvio.com.br/staff/:0
[   28871ms] [WARNING] OTS parsing error: Failed to convert WOFF 2.0 font to SFNT @ https://onvio.com.br/staff/:0
[   28871ms] [WARNING] Failed to decode downloaded font: https://onvio.com.br/staff/SourceSans3VF-Upright.ttf.e7f20fc9b00b0e8a.woff2 @ https://onvio.com.br/staff/:0
[   28871ms] [WARNING] OTS parsing error: Failed to convert WOFF 2.0 font to SFNT @ https://onvio.com.br/staff/:0
[   28871ms] [WARNING] Failed to decode downloaded font: https://onvio.com.br/staff/SourceSans3VF-Upright.ttf.e7f20fc9b00b0e8a.woff2 @ https://onvio.com.br/staff/:0
[   28871ms] [WARNING] OTS parsing error: Failed to convert WOFF 2.0 font to SFNT @ https://onvio.com.br/staff/:0
[   28871ms] [WARNING] Failed to decode downloaded font: https://onvio.com.br/staff/SourceSans3VF-Upright.ttf.e7f20fc9b00b0e8a.woff2 @ https://onvio.com.br/staff/:0
[   28871ms] [WARNING] OTS parsing error: Failed to convert WOFF 2.0 font to SFNT @ https://onvio.com.br/staff/:0
[   28871ms] [WARNING] Failed to decode downloaded font: https://onvio.com.br/staff/SourceSans3VF-Upright.ttf.e7f20fc9b00b0e8a.woff2 @ https://onvio.com.br/staff/:0
[   28871ms] [WARNING] OTS parsing error: Failed to convert WOFF 2.0 font to SFNT @ https://onvio.com.br/staff/:0
[   28873ms] [WARNING] Failed to decode downloaded font: https://onvio.com.br/staff/SourceSans3VF-Upright.ttf.e7f20fc9b00b0e8a.woff2 @ https://onvio.com.br/staff/:0
[   28874ms] [WARNING] OTS parsing error: Failed to convert WOFF 2.0 font to SFNT @ https://onvio.com.br/staff/:0
[   28874ms] [WARNING] Failed to decode downloaded font: https://onvio.com.br/staff/SourceSans3VF-Upright.ttf.e7f20fc9b00b0e8a.woff2 @ https://onvio.com.br/staff/:0
[   28874ms] [WARNING] OTS parsing error: Failed to convert WOFF 2.0 font to SFNT @ https://onvio.com.br/staff/:0
[   28875ms] [WARNING] Failed to decode downloaded font: https://onvio.com.br/staff/SourceSans3VF-Upright.ttf.e7f20fc9b00b0e8a.woff2 @ https://onvio.com.br/staff/:0
[   28875ms] [WARNING] OTS parsing error: Failed to convert WOFF 2.0 font to SFNT @ https://onvio.com.br/staff/:0
[   28875ms] [WARNING] Failed to decode downloaded font: https://onvio.com.br/staff/SourceSans3VF-Upright.ttf.e7f20fc9b00b0e8a.woff2 @ https://onvio.com.br/staff/:0
[   28875ms] [WARNING] OTS parsing error: Failed to convert WOFF 2.0 font to SFNT @ https://onvio.com.br/staff/:0
[   28876ms] [WARNING] Failed to decode downloaded font: https://onvio.com.br/staff/SourceSans3VF-Upright.ttf.e7f20fc9b00b0e8a.woff2 @ https://onvio.com.br/staff/:0
[   28876ms] [WARNING] OTS parsing error: Failed to convert WOFF 2.0 font to SFNT @ https://onvio.com.br/staff/:0
[   28877ms] [WARNING] Failed to decode downloaded font: https://onvio.com.br/staff/SourceSans3VF-Upright.ttf.e7f20fc9b00b0e8a.woff2 @ https://onvio.com.br/staff/:0
[   28877ms] [WARNING] OTS parsing error: Failed to convert WOFF 2.0 font to SFNT @ https://onvio.com.br/staff/:0
[   28877ms] [WARNING] Failed to decode downloaded font: https://onvio.com.br/staff/SourceSans3VF-Upright.ttf.e7f20fc9b00b0e8a.woff2 @ https://onvio.com.br/staff/:0
[   28878ms] [WARNING] OTS parsing error: Failed to convert WOFF 2.0 font to SFNT @ https://onvio.com.br/staff/:0
[   28878ms] [WARNING] Failed to decode downloaded font: https://onvio.com.br/staff/SourceSans3VF-Upright.ttf.e7f20fc9b00b0e8a.woff2 @ https://onvio.com.br/staff/:0
[   28878ms] [WARNING] OTS parsing error: Failed to convert WOFF 2.0 font to SFNT @ https://onvio.com.br/staff/:0
[   28878ms] [WARNING] Failed to decode downloaded font: https://onvio.com.br/staff/SourceSans3VF-Upright.ttf.e7f20fc9b00b0e8a.woff2 @ https://onvio.com.br/staff/:0
[   28879ms] [WARNING] OTS parsing error: Failed to convert WOFF 2.0 font to SFNT @ https://onvio.com.br/staff/:0
[   28879ms] [WARNING] Failed to decode downloaded font: https://onvio.com.br/staff/SourceSans3VF-Upright.ttf.e7f20fc9b00b0e8a.woff2 @ https://onvio.com.br/staff/:0
[   28880ms] [WARNING] OTS parsing error: Failed to convert WOFF 2.0 font to SFNT @ https://onvio.com.br/staff/:0
[   28880ms] [WARNING] Failed to decode downloaded font: https://onvio.com.br/staff/SourceSans3VF-Upright.ttf.e7f20fc9b00b0e8a.woff2 @ https://onvio.com.br/staff/:0
[   28881ms] [WARNING] OTS parsing error: Failed to convert WOFF 2.0 font to SFNT @ https://onvio.com.br/staff/:0
[   28881ms] [WARNING] Failed to decode downloaded font: https://onvio.com.br/staff/SourceSans3VF-Upright.ttf.e7f20fc9b00b0e8a.woff2 @ https://onvio.com.br/staff/:0
[   28882ms] [WARNING] OTS parsing error: Failed to convert WOFF 2.0 font to SFNT @ https://onvio.com.br/staff/:0
[   28883ms] [WARNING] Failed to decode downloaded font: https://onvio.com.br/staff/SourceSans3VF-Upright.ttf.e7f20fc9b00b0e8a.woff2 @ https://onvio.com.br/staff/:0
[   28883ms] [WARNING] OTS parsing error: Failed to convert WOFF 2.0 font to SFNT @ https://onvio.com.br/staff/:0
[   28884ms] [WARNING] Failed to decode downloaded font: https://onvio.com.br/staff/SourceSans3VF-Upright.ttf.e7f20fc9b00b0e8a.woff2 @ https://onvio.com.br/staff/:0
[   28884ms] [WARNING] OTS parsing error: Failed to convert WOFF 2.0 font to SFNT @ https://onvio.com.br/staff/:0
[   28884ms] [WARNING] Failed to decode downloaded font: https://onvio.com.br/staff/SourceSans3VF-Upright.ttf.e7f20fc9b00b0e8a.woff2 @ https://onvio.com.br/staff/:0
[   28885ms] [WARNING] OTS parsing error: Failed to convert WOFF 2.0 font to SFNT @ https://onvio.com.br/staff/:0
[   28885ms] [WARNING] Failed to decode downloaded font: https://onvio.com.br/staff/SourceSans3VF-Upright.ttf.e7f20fc9b00b0e8a.woff2 @ https://onvio.com.br/staff/:0
[   28885ms] [WARNING] OTS parsing error: Failed to convert WOFF 2.0 font to SFNT @ https://onvio.com.br/staff/:0
[   28886ms] [WARNING] Failed to decode downloaded font: https://onvio.com.br/staff/SourceSans3VF-Upright.ttf.e7f20fc9b00b0e8a.woff2 @ https://onvio.com.br/staff/:0
[   28886ms] [WARNING] OTS parsing error: Failed to convert WOFF 2.0 font to SFNT @ https://onvio.com.br/staff/:0
[   28886ms] [WARNING] Failed to decode downloaded font: https://onvio.com.br/staff/SourceSans3VF-Upright.ttf.e7f20fc9b00b0e8a.woff2 @ https://onvio.com.br/staff/:0
[   28886ms] [WARNING] OTS parsing error: Failed to convert WOFF 2.0 font to SFNT @ https://onvio.com.br/staff/:0
[   28886ms] [WARNING] Failed to decode downloaded font: https://onvio.com.br/staff/SourceSans3VF-Upright.ttf.e7f20fc9b00b0e8a.woff2 @ https://onvio.com.br/staff/:0
[   28886ms] [WARNING] OTS parsing error: Failed to convert WOFF 2.0 font to SFNT @ https://onvio.com.br/staff/:0
[   28887ms] [WARNING] Failed to decode downloaded font: https://onvio.com.br/staff/SourceSans3VF-Upright.ttf.e7f20fc9b00b0e8a.woff2 @ https://onvio.com.br/staff/:0
[   28887ms] [WARNING] OTS parsing error: Failed to convert WOFF 2.0 font to SFNT @ https://onvio.com.br/staff/:0
[   28887ms] [WARNING] Failed to decode downloaded font: https://onvio.com.br/staff/SourceSans3VF-Upright.ttf.e7f20fc9b00b0e8a.woff2 @ https://onvio.com.br/staff/:0
[   28887ms] [WARNING] OTS parsing error: Failed to convert WOFF 2.0 font to SFNT @ https://onvio.com.br/staff/:0
[   28887ms] [WARNING] Failed to decode downloaded font: https://onvio.com.br/staff/SourceSans3VF-Upright.ttf.e7f20fc9b00b0e8a.woff2 @ https://onvio.com.br/staff/:0
[   28887ms] [WARNING] OTS parsing error: Failed to convert WOFF 2.0 font to SFNT @ https://onvio.com.br/staff/:0
[   28888ms] [WARNING] Failed to decode downloaded font: https://onvio.com.br/staff/SourceSans3VF-Upright.ttf.e7f20fc9b00b0e8a.woff2 @ https://onvio.com.br/staff/:0
[   28888ms] [WARNING] OTS parsing error: Failed to convert WOFF 2.0 font to SFNT @ https://onvio.com.br/staff/:0
[   28888ms] [WARNING] Failed to decode downloaded font: https://onvio.com.br/staff/SourceSans3VF-Upright.ttf.e7f20fc9b00b0e8a.woff2 @ https://onvio.com.br/staff/:0
[   28889ms] [WARNING] OTS parsing error: Failed to convert WOFF 2.0 font to SFNT @ https://onvio.com.br/staff/:0
[   28889ms] [WARNING] Failed to decode downloaded font: https://onvio.com.br/staff/SourceSans3VF-Upright.ttf.e7f20fc9b00b0e8a.woff2 @ https://onvio.com.br/staff/:0
[   28889ms] [WARNING] OTS parsing error: Failed to convert WOFF 2.0 font to SFNT @ https://onvio.com.br/staff/:0
[   28890ms] [WARNING] Failed to decode downloaded font: https://onvio.com.br/staff/SourceSans3VF-Upright.ttf.e7f20fc9b00b0e8a.woff2 @ https://onvio.com.br/staff/:0
[   28890ms] [WARNING] OTS parsing error: Failed to convert WOFF 2.0 font to SFNT @ https://onvio.com.br/staff/:0
[   28890ms] [WARNING] Failed to decode downloaded font: https://onvio.com.br/staff/SourceSans3VF-Upright.ttf.e7f20fc9b00b0e8a.woff2 @ https://onvio.com.br/staff/:0
[   28890ms] [WARNING] OTS parsing error: Failed to convert WOFF 2.0 font to SFNT @ https://onvio.com.br/staff/:0
[   28890ms] [WARNING] Failed to decode downloaded font: https://onvio.com.br/staff/SourceSans3VF-Upright.ttf.e7f20fc9b00b0e8a.woff2 @ https://onvio.com.br/staff/:0
[   28890ms] [WARNING] OTS parsing error: Failed to convert WOFF 2.0 font to SFNT @ https://onvio.com.br/staff/:0
[   28890ms] [WARNING] Failed to decode downloaded font: https://onvio.com.br/staff/SourceSans3VF-Upright.ttf.e7f20fc9b00b0e8a.woff2 @ https://onvio.com.br/staff/:0
[   28890ms] [WARNING] OTS parsing error: Failed to convert WOFF 2.0 font to SFNT @ https://onvio.com.br/staff/:0
[   28890ms] [WARNING] Failed to decode downloaded font: https://onvio.com.br/staff/SourceSans3VF-Upright.ttf.e7f20fc9b00b0e8a.woff2 @ https://onvio.com.br/staff/:0
[   28891ms] [WARNING] OTS parsing error: Failed to convert WOFF 2.0 font to SFNT @ https://onvio.com.br/staff/:0
[   28891ms] [WARNING] Failed to decode downloaded font: https://onvio.com.br/staff/SourceSans3VF-Upright.ttf.e7f20fc9b00b0e8a.woff2 @ https://onvio.com.br/staff/:0
[   28891ms] [WARNING] OTS parsing error: Failed to convert WOFF 2.0 font to SFNT @ https://onvio.com.br/staff/:0
[   28891ms] [WARNING] Failed to decode downloaded font: https://onvio.com.br/staff/SourceSans3VF-Upright.ttf.e7f20fc9b00b0e8a.woff2 @ https://onvio.com.br/staff/:0
[   28891ms] [WARNING] OTS parsing error: Failed to convert WOFF 2.0 font to SFNT @ https://onvio.com.br/staff/:0
[   28892ms] [WARNING] Failed to decode downloaded font: https://onvio.com.br/staff/SourceSans3VF-Upright.ttf.e7f20fc9b00b0e8a.woff2 @ https://onvio.com.br/staff/:0
[   28892ms] [WARNING] OTS parsing error: Failed to convert WOFF 2.0 font to SFNT @ https://onvio.com.br/staff/:0
[   28892ms] [WARNING] Failed to decode downloaded font: https://onvio.com.br/staff/SourceSans3VF-Upright.ttf.e7f20fc9b00b0e8a.woff2 @ https://onvio.com.br/staff/:0
[   28892ms] [WARNING] OTS parsing error: Failed to convert WOFF 2.0 font to SFNT @ https://onvio.com.br/staff/:0
[   28892ms] [WARNING] Failed to decode downloaded font: https://onvio.com.br/staff/SourceSans3VF-Upright.ttf.e7f20fc9b00b0e8a.woff2 @ https://onvio.com.br/staff/:0
[   28892ms] [WARNING] OTS parsing error: Failed to convert WOFF 2.0 font to SFNT @ https://onvio.com.br/staff/:0
[   28892ms] [WARNING] Failed to decode downloaded font: https://onvio.com.br/staff/SourceSans3VF-Upright.ttf.e7f20fc9b00b0e8a.woff2 @ https://onvio.com.br/staff/:0
[   28892ms] [WARNING] OTS parsing error: Failed to convert WOFF 2.0 font to SFNT @ https://onvio.com.br/staff/:0
[   28892ms] [WARNING] Failed to decode downloaded font: https://onvio.com.br/staff/SourceSans3VF-Upright.ttf.e7f20fc9b00b0e8a.woff2 @ https://onvio.com.br/staff/:0
[   28893ms] [WARNING] OTS parsing error: Failed to convert WOFF 2.0 font to SFNT @ https://onvio.com.br/staff/:0
[   28893ms] [WARNING] Failed to decode downloaded font: https://onvio.com.br/staff/SourceSans3VF-Upright.ttf.e7f20fc9b00b0e8a.woff2 @ https://onvio.com.br/staff/:0
[   28893ms] [WARNING] OTS parsing error: Failed to convert WOFF 2.0 font to SFNT @ https://onvio.com.br/staff/:0
[   28893ms] [WARNING] Failed to decode downloaded font: https://onvio.com.br/staff/SourceSans3VF-Upright.ttf.e7f20fc9b00b0e8a.woff2 @ https://onvio.com.br/staff/:0
[   28893ms] [WARNING] OTS parsing error: Failed to convert WOFF 2.0 font to SFNT @ https://onvio.com.br/staff/:0
[   28894ms] [WARNING] Failed to decode downloaded font: https://onvio.com.br/staff/SourceSans3VF-Upright.ttf.e7f20fc9b00b0e8a.woff2 @ https://onvio.com.br/staff/:0
[   28894ms] [WARNING] OTS parsing error: Failed to convert WOFF 2.0 font to SFNT @ https://onvio.com.br/staff/:0
[   28894ms] [WARNING] Failed to decode downloaded font: https://onvio.com.br/staff/SourceSans3VF-Upright.ttf.e7f20fc9b00b0e8a.woff2 @ https://onvio.com.br/staff/:0
[   28894ms] [WARNING] OTS parsing error: Failed to convert WOFF 2.0 font to SFNT @ https://onvio.com.br/staff/:0
[   28895ms] [WARNING] Failed to decode downloaded font: https://onvio.com.br/staff/SourceSans3VF-Upright.ttf.e7f20fc9b00b0e8a.woff2 @ https://onvio.com.br/staff/:0
[   28895ms] [WARNING] OTS parsing error: Failed to convert WOFF 2.0 font to SFNT @ https://onvio.com.br/staff/:0
[   28896ms] [WARNING] Failed to decode downloaded font: https://onvio.com.br/staff/SourceSans3VF-Upright.ttf.e7f20fc9b00b0e8a.woff2 @ https://onvio.com.br/staff/:0
[   28896ms] [WARNING] OTS parsing error: Failed to convert WOFF 2.0 font to SFNT @ https://onvio.com.br/staff/:0
[   28897ms] [WARNING] Failed to decode downloaded font: https://onvio.com.br/staff/SourceSans3VF-Upright.ttf.e7f20fc9b00b0e8a.woff2 @ https://onvio.com.br/staff/:0
[   28897ms] [WARNING] OTS parsing error: Failed to convert WOFF 2.0 font to SFNT @ https://onvio.com.br/staff/:0
[   28897ms] [WARNING] Failed to decode downloaded font: https://onvio.com.br/staff/SourceSans3VF-Upright.ttf.e7f20fc9b00b0e8a.woff2 @ https://onvio.com.br/staff/:0
[   28897ms] [WARNING] OTS parsing error: Failed to convert WOFF 2.0 font to SFNT @ https://onvio.com.br/staff/:0
[   28897ms] [WARNING] Failed to decode downloaded font: https://onvio.com.br/staff/SourceSans3VF-Upright.ttf.e7f20fc9b00b0e8a.woff2 @ https://onvio.com.br/staff/:0
[   28898ms] [WARNING] OTS parsing error: Failed to convert WOFF 2.0 font to SFNT @ https://onvio.com.br/staff/:0
[   28898ms] [WARNING] Failed to decode downloaded font: https://onvio.com.br/staff/SourceSans3VF-Upright.ttf.e7f20fc9b00b0e8a.woff2 @ https://onvio.com.br/staff/:0
[   28898ms] [WARNING] OTS parsing error: Failed to convert WOFF 2.0 font to SFNT @ https://onvio.com.br/staff/:0
[   28898ms] [WARNING] Failed to decode downloaded font: https://onvio.com.br/staff/SourceSans3VF-Upright.ttf.e7f20fc9b00b0e8a.woff2 @ https://onvio.com.br/staff/:0
[   28898ms] [WARNING] OTS parsing error: Failed to convert WOFF 2.0 font to SFNT @ https://onvio.com.br/staff/:0
[   28898ms] [WARNING] Failed to decode downloaded font: https://onvio.com.br/staff/SourceSans3VF-Upright.ttf.e7f20fc9b00b0e8a.woff2 @ https://onvio.com.br/staff/:0
[   28899ms] [WARNING] OTS parsing error: Failed to convert WOFF 2.0 font to SFNT @ https://onvio.com.br/staff/:0
[   28899ms] [WARNING] Failed to decode downloaded font: https://onvio.com.br/staff/SourceSans3VF-Upright.ttf.e7f20fc9b00b0e8a.woff2 @ https://onvio.com.br/staff/:0
[   28900ms] [WARNING] OTS parsing error: Failed to convert WOFF 2.0 font to SFNT @ https://onvio.com.br/staff/:0
[   28900ms] [WARNING] Failed to decode downloaded font: https://onvio.com.br/staff/SourceSans3VF-Upright.ttf.e7f20fc9b00b0e8a.woff2 @ https://onvio.com.br/staff/:0
[   28900ms] [WARNING] OTS parsing error: Failed to convert WOFF 2.0 font to SFNT @ https://onvio.com.br/staff/:0
[   28900ms] [WARNING] Failed to decode downloaded font: https://onvio.com.br/staff/SourceSans3VF-Upright.ttf.e7f20fc9b00b0e8a.woff2 @ https://onvio.com.br/staff/:0
[   28901ms] [WARNING] OTS parsing error: Failed to convert WOFF 2.0 font to SFNT @ https://onvio.com.br/staff/:0
[   28953ms] [WARNING] Failed to decode downloaded font: https://onvio.com.br/staff/SourceSans3-Regular.ttf.dab9805cb7eb3d8f.woff @ https://onvio.com.br/staff/:0
[   28953ms] [WARNING] OTS parsing error: incorrect file size in WOFF header @ https://onvio.com.br/staff/:0
[   28953ms] [WARNING] Failed to decode downloaded font: https://onvio.com.br/staff/SourceSans3-Regular.ttf.dab9805cb7eb3d8f.woff @ https://onvio.com.br/staff/:0
[   28953ms] [WARNING] OTS parsing error: incorrect file size in WOFF header @ https://onvio.com.br/staff/:0
[   28953ms] [WARNING] Failed to decode downloaded font: https://onvio.com.br/staff/SourceSans3-Regular.ttf.dab9805cb7eb3d8f.woff @ https://onvio.com.br/staff/:0
[   28953ms] [WARNING] OTS parsing error: incorrect file size in WOFF header @ https://onvio.com.br/staff/:0
[   28954ms] [WARNING] Failed to decode downloaded font: https://onvio.com.br/staff/SourceSans3-Regular.ttf.dab9805cb7eb3d8f.woff @ https://onvio.com.br/staff/:0
[   28954ms] [WARNING] OTS parsing error: incorrect file size in WOFF header @ https://onvio.com.br/staff/:0
[   28954ms] [WARNING] Failed to decode downloaded font: https://onvio.com.br/staff/SourceSans3-Regular.ttf.dab9805cb7eb3d8f.woff @ https://onvio.com.br/staff/:0
[   28954ms] [WARNING] OTS parsing error: incorrect file size in WOFF header @ https://onvio.com.br/staff/:0
[   28954ms] [WARNING] Failed to decode downloaded font: https://onvio.com.br/staff/SourceSans3-Regular.ttf.dab9805cb7eb3d8f.woff @ https://onvio.com.br/staff/:0
[   28954ms] [WARNING] OTS parsing error: incorrect file size in WOFF header @ https://onvio.com.br/staff/:0
[   28954ms] [WARNING] Failed to decode downloaded font: https://onvio.com.br/staff/SourceSans3-Regular.ttf.dab9805cb7eb3d8f.woff @ https://onvio.com.br/staff/:0
[   28954ms] [WARNING] OTS parsing error: incorrect file size in WOFF header @ https://onvio.com.br/staff/:0
[   28955ms] [WARNING] Failed to decode downloaded font: https://onvio.com.br/staff/SourceSans3-Regular.ttf.dab9805cb7eb3d8f.woff @ https://onvio.com.br/staff/:0
[   28955ms] [WARNING] OTS parsing error: incorrect file size in WOFF header @ https://onvio.com.br/staff/:0
[   28955ms] [WARNING] Failed to decode downloaded font: https://onvio.com.br/staff/SourceSans3-Regular.ttf.dab9805cb7eb3d8f.woff @ https://onvio.com.br/staff/:0
[   28955ms] [WARNING] OTS parsing error: incorrect file size in WOFF header @ https://onvio.com.br/staff/:0
[   28955ms] [WARNING] Failed to decode downloaded font: https://onvio.com.br/staff/SourceSans3-Regular.ttf.dab9805cb7eb3d8f.woff @ https://onvio.com.br/staff/:0
[   28955ms] [WARNING] OTS parsing error: incorrect file size in WOFF header @ https://onvio.com.br/staff/:0
[   28955ms] [WARNING] Failed to decode downloaded font: https://onvio.com.br/staff/SourceSans3-Regular.ttf.dab9805cb7eb3d8f.woff @ https://onvio.com.br/staff/:0
[   28955ms] [WARNING] OTS parsing error: incorrect file size in WOFF header @ https://onvio.com.br/staff/:0
[   28956ms] [WARNING] Failed to decode downloaded font: https://onvio.com.br/staff/SourceSans3-Regular.ttf.dab9805cb7eb3d8f.woff @ https://onvio.com.br/staff/:0
[   28956ms] [WARNING] OTS parsing error: incorrect file size in WOFF header @ https://onvio.com.br/staff/:0
[   28956ms] [WARNING] Failed to decode downloaded font: https://onvio.com.br/staff/SourceSans3-Regular.ttf.dab9805cb7eb3d8f.woff @ https://onvio.com.br/staff/:0
[   28956ms] [WARNING] OTS parsing error: incorrect file size in WOFF header @ https://onvio.com.br/staff/:0
[   28956ms] [WARNING] Failed to decode downloaded font: https://onvio.com.br/staff/SourceSans3-Regular.ttf.dab9805cb7eb3d8f.woff @ https://onvio.com.br/staff/:0
[   28956ms] [WARNING] OTS parsing error: incorrect file size in WOFF header @ https://onvio.com.br/staff/:0
[   28956ms] [WARNING] Failed to decode downloaded font: https://onvio.com.br/staff/SourceSans3-Regular.ttf.dab9805cb7eb3d8f.woff @ https://onvio.com.br/staff/:0
[   28957ms] [WARNING] OTS parsing error: incorrect file size in WOFF header @ https://onvio.com.br/staff/:0
[   28957ms] [WARNING] Failed to decode downloaded font: https://onvio.com.br/staff/SourceSans3-Regular.ttf.dab9805cb7eb3d8f.woff @ https://onvio.com.br/staff/:0
[   28957ms] [WARNING] OTS parsing error: incorrect file size in WOFF header @ https://onvio.com.br/staff/:0
[   28957ms] [WARNING] Failed to decode downloaded font: https://onvio.com.br/staff/SourceSans3-Regular.ttf.dab9805cb7eb3d8f.woff @ https://onvio.com.br/staff/:0
[   28957ms] [WARNING] OTS parsing error: incorrect file size in WOFF header @ https://onvio.com.br/staff/:0
[   28957ms] [WARNING] Failed to decode downloaded font: https://onvio.com.br/staff/SourceSans3-Regular.ttf.dab9805cb7eb3d8f.woff @ https://onvio.com.br/staff/:0
[   28957ms] [WARNING] OTS parsing error: incorrect file size in WOFF header @ https://onvio.com.br/staff/:0
[   28958ms] [WARNING] Failed to decode downloaded font: https://onvio.com.br/staff/SourceSans3-Regular.ttf.dab9805cb7eb3d8f.woff @ https://onvio.com.br/staff/:0
[   28958ms] [WARNING] OTS parsing error: incorrect file size in WOFF header @ https://onvio.com.br/staff/:0
[   28958ms] [WARNING] Failed to decode downloaded font: https://onvio.com.br/staff/SourceSans3-Regular.ttf.dab9805cb7eb3d8f.woff @ https://onvio.com.br/staff/:0
[   28958ms] [WARNING] OTS parsing error: incorrect file size in WOFF header @ https://onvio.com.br/staff/:0
[   28958ms] [WARNING] Failed to decode downloaded font: https://onvio.com.br/staff/SourceSans3-Regular.ttf.dab9805cb7eb3d8f.woff @ https://onvio.com.br/staff/:0
[   28958ms] [WARNING] OTS parsing error: incorrect file size in WOFF header @ https://onvio.com.br/staff/:0
[   28958ms] [WARNING] Failed to decode downloaded font: https://onvio.com.br/staff/SourceSans3-Regular.ttf.dab9805cb7eb3d8f.woff @ https://onvio.com.br/staff/:0
[   28958ms] [WARNING] OTS parsing error: incorrect file size in WOFF header @ https://onvio.com.br/staff/:0
[   28959ms] [WARNING] Failed to decode downloaded font: https://onvio.com.br/staff/SourceSans3-Regular.ttf.dab9805cb7eb3d8f.woff @ https://onvio.com.br/staff/:0
[   28959ms] [WARNING] OTS parsing error: incorrect file size in WOFF header @ https://onvio.com.br/staff/:0
[   28959ms] [WARNING] Failed to decode downloaded font: https://onvio.com.br/staff/SourceSans3-Regular.ttf.dab9805cb7eb3d8f.woff @ https://onvio.com.br/staff/:0
[   28959ms] [WARNING] OTS parsing error: incorrect file size in WOFF header @ https://onvio.com.br/staff/:0
[   28959ms] [WARNING] Failed to decode downloaded font: https://onvio.com.br/staff/SourceSans3-Regular.ttf.dab9805cb7eb3d8f.woff @ https://onvio.com.br/staff/:0
[   28959ms] [WARNING] OTS parsing error: incorrect file size in WOFF header @ https://onvio.com.br/staff/:0
[   28959ms] [WARNING] Failed to decode downloaded font: https://onvio.com.br/staff/SourceSans3-Regular.ttf.dab9805cb7eb3d8f.woff @ https://onvio.com.br/staff/:0
[   28960ms] [WARNING] OTS parsing error: incorrect file size in WOFF header @ https://onvio.com.br/staff/:0
[   28960ms] [WARNING] Failed to decode downloaded font: https://onvio.com.br/staff/SourceSans3-Regular.ttf.dab9805cb7eb3d8f.woff @ https://onvio.com.br/staff/:0
[   28960ms] [WARNING] OTS parsing error: incorrect file size in WOFF header @ https://onvio.com.br/staff/:0
[   28960ms] [WARNING] Failed to decode downloaded font: https://onvio.com.br/staff/SourceSans3-Regular.ttf.dab9805cb7eb3d8f.woff @ https://onvio.com.br/staff/:0
[   28961ms] [WARNING] OTS parsing error: incorrect file size in WOFF header @ https://onvio.com.br/staff/:0
[   28961ms] [WARNING] Failed to decode downloaded font: https://onvio.com.br/staff/SourceSans3-Regular.ttf.dab9805cb7eb3d8f.woff @ https://onvio.com.br/staff/:0
[   28961ms] [WARNING] OTS parsing error: incorrect file size in WOFF header @ https://onvio.com.br/staff/:0
[   28961ms] [WARNING] Failed to decode downloaded font: https://onvio.com.br/staff/SourceSans3-Regular.ttf.dab9805cb7eb3d8f.woff @ https://onvio.com.br/staff/:0
[   28961ms] [WARNING] OTS parsing error: incorrect file size in WOFF header @ https://onvio.com.br/staff/:0
[   28962ms] [WARNING] Failed to decode downloaded font: https://onvio.com.br/staff/SourceSans3-Regular.ttf.dab9805cb7eb3d8f.woff @ https://onvio.com.br/staff/:0
[   28962ms] [WARNING] OTS parsing error: incorrect file size in WOFF header @ https://onvio.com.br/staff/:0
[   28962ms] [WARNING] Failed to decode downloaded font: https://onvio.com.br/staff/SourceSans3-Regular.ttf.dab9805cb7eb3d8f.woff @ https://onvio.com.br/staff/:0
[   28962ms] [WARNING] OTS parsing error: incorrect file size in WOFF header @ https://onvio.com.br/staff/:0
[   28963ms] [WARNING] Failed to decode downloaded font: https://onvio.com.br/staff/SourceSans3-Regular.ttf.dab9805cb7eb3d8f.woff @ https://onvio.com.br/staff/:0
[   28963ms] [WARNING] OTS parsing error: incorrect file size in WOFF header @ https://onvio.com.br/staff/:0
[   28963ms] [WARNING] Failed to decode downloaded font: https://onvio.com.br/staff/SourceSans3-Regular.ttf.dab9805cb7eb3d8f.woff @ https://onvio.com.br/staff/:0
[   28963ms] [WARNING] OTS parsing error: incorrect file size in WOFF header @ https://onvio.com.br/staff/:0
[   28963ms] [WARNING] Failed to decode downloaded font: https://onvio.com.br/staff/SourceSans3-Regular.ttf.dab9805cb7eb3d8f.woff @ https://onvio.com.br/staff/:0
[   28963ms] [WARNING] OTS parsing error: incorrect file size in WOFF header @ https://onvio.com.br/staff/:0
[   28964ms] [WARNING] Failed to decode downloaded font: https://onvio.com.br/staff/SourceSans3-Regular.ttf.dab9805cb7eb3d8f.woff @ https://onvio.com.br/staff/:0
[   28964ms] [WARNING] OTS parsing error: incorrect file size in WOFF header @ https://onvio.com.br/staff/:0
[   28964ms] [WARNING] Failed to decode downloaded font: https://onvio.com.br/staff/SourceSans3-Regular.ttf.dab9805cb7eb3d8f.woff @ https://onvio.com.br/staff/:0
[   28964ms] [WARNING] OTS parsing error: incorrect file size in WOFF header @ https://onvio.com.br/staff/:0
[   28965ms] [WARNING] Failed to decode downloaded font: https://onvio.com.br/staff/SourceSans3-Regular.ttf.dab9805cb7eb3d8f.woff @ https://onvio.com.br/staff/:0
[   28965ms] [WARNING] OTS parsing error: incorrect file size in WOFF header @ https://onvio.com.br/staff/:0
[   28965ms] [WARNING] Failed to decode downloaded font: https://onvio.com.br/staff/SourceSans3-Regular.ttf.dab9805cb7eb3d8f.woff @ https://onvio.com.br/staff/:0
[   28965ms] [WARNING] OTS parsing error: incorrect file size in WOFF header @ https://onvio.com.br/staff/:0
[   28966ms] [WARNING] Failed to decode downloaded font: https://onvio.com.br/staff/SourceSans3-Regular.ttf.dab9805cb7eb3d8f.woff @ https://onvio.com.br/staff/:0
[   28966ms] [WARNING] OTS parsing error: incorrect file size in WOFF header @ https://onvio.com.br/staff/:0
[   28966ms] [WARNING] Failed to decode downloaded font: https://onvio.com.br/staff/SourceSans3-Regular.ttf.dab9805cb7eb3d8f.woff @ https://onvio.com.br/staff/:0
[   28966ms] [WARNING] OTS parsing error: incorrect file size in WOFF header @ https://onvio.com.br/staff/:0
[   28966ms] [WARNING] Failed to decode downloaded font: https://onvio.com.br/staff/SourceSans3-Regular.ttf.dab9805cb7eb3d8f.woff @ https://onvio.com.br/staff/:0
[   28966ms] [WARNING] OTS parsing error: incorrect file size in WOFF header @ https://onvio.com.br/staff/:0
[   28966ms] [WARNING] Failed to decode downloaded font: https://onvio.com.br/staff/SourceSans3-Regular.ttf.dab9805cb7eb3d8f.woff @ https://onvio.com.br/staff/:0
[   28966ms] [WARNING] OTS parsing error: incorrect file size in WOFF header @ https://onvio.com.br/staff/:0
[   28967ms] [WARNING] Failed to decode downloaded font: https://onvio.com.br/staff/SourceSans3-Regular.ttf.dab9805cb7eb3d8f.woff @ https://onvio.com.br/staff/:0
[   28967ms] [WARNING] OTS parsing error: incorrect file size in WOFF header @ https://onvio.com.br/staff/:0
[   28967ms] [WARNING] Failed to decode downloaded font: https://onvio.com.br/staff/SourceSans3-Regular.ttf.dab9805cb7eb3d8f.woff @ https://onvio.com.br/staff/:0
[   28967ms] [WARNING] OTS parsing error: incorrect file size in WOFF header @ https://onvio.com.br/staff/:0
[   28967ms] [WARNING] Failed to decode downloaded font: https://onvio.com.br/staff/SourceSans3-Regular.ttf.dab9805cb7eb3d8f.woff @ https://onvio.com.br/staff/:0
[   28967ms] [WARNING] OTS parsing error: incorrect file size in WOFF header @ https://onvio.com.br/staff/:0
[   28967ms] [WARNING] Failed to decode downloaded font: https://onvio.com.br/staff/SourceSans3-Regular.ttf.dab9805cb7eb3d8f.woff @ https://onvio.com.br/staff/:0
[   28967ms] [WARNING] OTS parsing error: incorrect file size in WOFF header @ https://onvio.com.br/staff/:0
[   28967ms] [WARNING] Failed to decode downloaded font: https://onvio.com.br/staff/SourceSans3-Regular.ttf.dab9805cb7eb3d8f.woff @ https://onvio.com.br/staff/:0
[   28967ms] [WARNING] OTS parsing error: incorrect file size in WOFF header @ https://onvio.com.br/staff/:0
[   28967ms] [WARNING] Failed to decode downloaded font: https://onvio.com.br/staff/SourceSans3-Regular.ttf.dab9805cb7eb3d8f.woff @ https://onvio.com.br/staff/:0
[   28967ms] [WARNING] OTS parsing error: incorrect file size in WOFF header @ https://onvio.com.br/staff/:0
[   28968ms] [WARNING] Failed to decode downloaded font: https://onvio.com.br/staff/SourceSans3-Regular.ttf.dab9805cb7eb3d8f.woff @ https://onvio.com.br/staff/:0
[   28968ms] [WARNING] OTS parsing error: incorrect file size in WOFF header @ https://onvio.com.br/staff/:0
[   28968ms] [WARNING] Failed to decode downloaded font: https://onvio.com.br/staff/SourceSans3-Regular.ttf.dab9805cb7eb3d8f.woff @ https://onvio.com.br/staff/:0
[   28968ms] [WARNING] OTS parsing error: incorrect file size in WOFF header @ https://onvio.com.br/staff/:0
[   28968ms] [WARNING] Failed to decode downloaded font: https://onvio.com.br/staff/SourceSans3-Regular.ttf.dab9805cb7eb3d8f.woff @ https://onvio.com.br/staff/:0
[   28968ms] [WARNING] OTS parsing error: incorrect file size in WOFF header @ https://onvio.com.br/staff/:0
[   28968ms] [WARNING] Failed to decode downloaded font: https://onvio.com.br/staff/SourceSans3-Regular.ttf.dab9805cb7eb3d8f.woff @ https://onvio.com.br/staff/:0
[   28968ms] [WARNING] OTS parsing error: incorrect file size in WOFF header @ https://onvio.com.br/staff/:0
[   28969ms] [WARNING] Failed to decode downloaded font: https://onvio.com.br/staff/SourceSans3-Regular.ttf.dab9805cb7eb3d8f.woff @ https://onvio.com.br/staff/:0
[   28969ms] [WARNING] OTS parsing error: incorrect file size in WOFF header @ https://onvio.com.br/staff/:0
[   28969ms] [WARNING] Failed to decode downloaded font: https://onvio.com.br/staff/SourceSans3-Regular.ttf.dab9805cb7eb3d8f.woff @ https://onvio.com.br/staff/:0
[   28969ms] [WARNING] OTS parsing error: incorrect file size in WOFF header @ https://onvio.com.br/staff/:0
[   28969ms] [WARNING] Failed to decode downloaded font: https://onvio.com.br/staff/SourceSans3-Regular.ttf.dab9805cb7eb3d8f.woff @ https://onvio.com.br/staff/:0
[   28969ms] [WARNING] OTS parsing error: incorrect file size in WOFF header @ https://onvio.com.br/staff/:0
[   28969ms] [WARNING] Failed to decode downloaded font: https://onvio.com.br/staff/SourceSans3-Regular.ttf.dab9805cb7eb3d8f.woff @ https://onvio.com.br/staff/:0
[   28970ms] [WARNING] OTS parsing error: incorrect file size in WOFF header @ https://onvio.com.br/staff/:0
[   28970ms] [WARNING] Failed to decode downloaded font: https://onvio.com.br/staff/SourceSans3-Regular.ttf.dab9805cb7eb3d8f.woff @ https://onvio.com.br/staff/:0
[   28970ms] [WARNING] OTS parsing error: incorrect file size in WOFF header @ https://onvio.com.br/staff/:0
[   28970ms] [WARNING] Failed to decode downloaded font: https://onvio.com.br/staff/SourceSans3-Regular.ttf.dab9805cb7eb3d8f.woff @ https://onvio.com.br/staff/:0
[   28970ms] [WARNING] OTS parsing error: incorrect file size in WOFF header @ https://onvio.com.br/staff/:0
[   28970ms] [WARNING] Failed to decode downloaded font: https://onvio.com.br/staff/SourceSans3-Regular.ttf.dab9805cb7eb3d8f.woff @ https://onvio.com.br/staff/:0
[   28970ms] [WARNING] OTS parsing error: incorrect file size in WOFF header @ https://onvio.com.br/staff/:0
[   28970ms] [WARNING] Failed to decode downloaded font: https://onvio.com.br/staff/SourceSans3-Regular.ttf.dab9805cb7eb3d8f.woff @ https://onvio.com.br/staff/:0
[   28971ms] [WARNING] OTS parsing error: incorrect file size in WOFF header @ https://onvio.com.br/staff/:0
[   28971ms] [WARNING] Failed to decode downloaded font: https://onvio.com.br/staff/SourceSans3-Regular.ttf.dab9805cb7eb3d8f.woff @ https://onvio.com.br/staff/:0
[   28971ms] [WARNING] OTS parsing error: incorrect file size in WOFF header @ https://onvio.com.br/staff/:0
[   28971ms] [WARNING] Failed to decode downloaded font: https://onvio.com.br/staff/SourceSans3-Regular.ttf.dab9805cb7eb3d8f.woff @ https://onvio.com.br/staff/:0
[   28971ms] [WARNING] OTS parsing error: incorrect file size in WOFF header @ https://onvio.com.br/staff/:0
[   28971ms] [WARNING] Failed to decode downloaded font: https://onvio.com.br/staff/SourceSans3-Regular.ttf.dab9805cb7eb3d8f.woff @ https://onvio.com.br/staff/:0
[   28971ms] [WARNING] OTS parsing error: incorrect file size in WOFF header @ https://onvio.com.br/staff/:0
[   28972ms] [WARNING] Failed to decode downloaded font: https://onvio.com.br/staff/SourceSans3-Regular.ttf.dab9805cb7eb3d8f.woff @ https://onvio.com.br/staff/:0
[   28972ms] [WARNING] OTS parsing error: incorrect file size in WOFF header @ https://onvio.com.br/staff/:0
[   28972ms] [WARNING] Failed to decode downloaded font: https://onvio.com.br/staff/SourceSans3-Regular.ttf.dab9805cb7eb3d8f.woff @ https://onvio.com.br/staff/:0
[   28972ms] [WARNING] OTS parsing error: incorrect file size in WOFF header @ https://onvio.com.br/staff/:0
[   28972ms] [WARNING] Failed to decode downloaded font: https://onvio.com.br/staff/SourceSans3-Regular.ttf.dab9805cb7eb3d8f.woff @ https://onvio.com.br/staff/:0
[   28972ms] [WARNING] OTS parsing error: incorrect file size in WOFF header @ https://onvio.com.br/staff/:0
[   28973ms] [WARNING] Failed to decode downloaded font: https://onvio.com.br/staff/SourceSans3-Regular.ttf.dab9805cb7eb3d8f.woff @ https://onvio.com.br/staff/:0
[   28973ms] [WARNING] OTS parsing error: incorrect file size in WOFF header @ https://onvio.com.br/staff/:0
[   28973ms] [WARNING] Failed to decode downloaded font: https://onvio.com.br/staff/SourceSans3-Regular.ttf.dab9805cb7eb3d8f.woff @ https://onvio.com.br/staff/:0
[   28973ms] [WARNING] OTS parsing error: incorrect file size in WOFF header @ https://onvio.com.br/staff/:0
[   28973ms] [WARNING] Failed to decode downloaded font: https://onvio.com.br/staff/SourceSans3-Regular.ttf.dab9805cb7eb3d8f.woff @ https://onvio.com.br/staff/:0
[   28973ms] [WARNING] OTS parsing error: incorrect file size in WOFF header @ https://onvio.com.br/staff/:0
[   28973ms] [WARNING] Failed to decode downloaded font: https://onvio.com.br/staff/SourceSans3-Regular.ttf.dab9805cb7eb3d8f.woff @ https://onvio.com.br/staff/:0
[   28974ms] [WARNING] OTS parsing error: incorrect file size in WOFF header @ https://onvio.com.br/staff/:0
[   28974ms] [WARNING] Failed to decode downloaded font: https://onvio.com.br/staff/SourceSans3-Regular.ttf.dab9805cb7eb3d8f.woff @ https://onvio.com.br/staff/:0
[   28974ms] [WARNING] OTS parsing error: incorrect file size in WOFF header @ https://onvio.com.br/staff/:0
[   29106ms] [WARNING] Failed to decode downloaded font: https://onvio.com.br/staff/SourceSans3-Regular.114f93b5f3b7d159.otf @ https://onvio.com.br/staff/:0
[   29106ms] [WARNING] OTS parsing error: bad table directory searchRange
bad table directory entrySelector
bad table directory rangeShift
Invalid table tag: 0x604241
 `BA: misaligned table @ https://onvio.com.br/staff/:0
[   29107ms] [WARNING] Failed to decode downloaded font: https://onvio.com.br/staff/SourceSans3-Regular.114f93b5f3b7d159.otf @ https://onvio.com.br/staff/:0
[   29107ms] [WARNING] OTS parsing error: bad table directory searchRange
bad table directory entrySelector
bad table directory rangeShift
Invalid table tag: 0x604241
 `BA: misaligned table @ https://onvio.com.br/staff/:0
[   29107ms] [WARNING] Failed to decode downloaded font: https://onvio.com.br/staff/SourceSans3-Regular.114f93b5f3b7d159.otf @ https://onvio.com.br/staff/:0
[   29107ms] [WARNING] OTS parsing error: bad table directory searchRange
bad table directory entrySelector
bad table directory rangeShift
Invalid table tag: 0x604241
 `BA: misaligned table @ https://onvio.com.br/staff/:0
[   29107ms] [WARNING] Failed to decode downloaded font: https://onvio.com.br/staff/SourceSans3-Regular.114f93b5f3b7d159.otf @ https://onvio.com.br/staff/:0
[   29107ms] [WARNING] OTS parsing error: bad table directory searchRange
bad table directory entrySelector
bad table directory rangeShift
Invalid table tag: 0x604241
 `BA: misaligned table @ https://onvio.com.br/staff/:0
[   29107ms] [WARNING] Failed to decode downloaded font: https://onvio.com.br/staff/SourceSans3-Regular.114f93b5f3b7d159.otf @ https://onvio.com.br/staff/:0
[   29108ms] [WARNING] OTS parsing error: bad table directory searchRange
bad table directory entrySelector
bad table directory rangeShift
Invalid table tag: 0x604241
 `BA: misaligned table @ https://onvio.com.br/staff/:0
[   29108ms] [WARNING] Failed to decode downloaded font: https://onvio.com.br/staff/SourceSans3-Regular.114f93b5f3b7d159.otf @ https://onvio.com.br/staff/:0
[   29108ms] [WARNING] OTS parsing error: bad table directory searchRange
bad table directory entrySelector
bad table directory rangeShift
Invalid table tag: 0x604241
 `BA: misaligned table @ https://onvio.com.br/staff/:0
[   29108ms] [WARNING] Failed to decode downloaded font: https://onvio.com.br/staff/SourceSans3-Regular.114f93b5f3b7d159.otf @ https://onvio.com.br/staff/:0
[   29108ms] [WARNING] OTS parsing error: bad table directory searchRange
bad table directory entrySelector
bad table directory rangeShift
Invalid table tag: 0x604241
 `BA: misaligned table @ https://onvio.com.br/staff/:0
[   29108ms] [WARNING] Failed to decode downloaded font: https://onvio.com.br/staff/SourceSans3-Regular.114f93b5f3b7d159.otf @ https://onvio.com.br/staff/:0
[   29108ms] [WARNING] OTS parsing error: bad table directory searchRange
bad table directory entrySelector
bad table directory rangeShift
Invalid table tag: 0x604241
 `BA: misaligned table @ https://onvio.com.br/staff/:0
[   29108ms] [WARNING] Failed to decode downloaded font: https://onvio.com.br/staff/SourceSans3-Regular.114f93b5f3b7d159.otf @ https://onvio.com.br/staff/:0
[   29109ms] [WARNING] OTS parsing error: bad table directory searchRange
bad table directory entrySelector
bad table directory rangeShift
Invalid table tag: 0x604241
 `BA: misaligned table @ https://onvio.com.br/staff/:0
[   29109ms] [WARNING] Failed to decode downloaded font: https://onvio.com.br/staff/SourceSans3-Regular.114f93b5f3b7d159.otf @ https://onvio.com.br/staff/:0
[   29109ms] [WARNING] OTS parsing error: bad table directory searchRange
bad table directory entrySelector
bad table directory rangeShift
Invalid table tag: 0x604241
 `BA: misaligned table @ https://onvio.com.br/staff/:0
[   29109ms] [WARNING] Failed to decode downloaded font: https://onvio.com.br/staff/SourceSans3-Regular.114f93b5f3b7d159.otf @ https://onvio.com.br/staff/:0
[   29110ms] [WARNING] OTS parsing error: bad table directory searchRange
bad table directory entrySelector
bad table directory rangeShift
Invalid table tag: 0x604241
 `BA: misaligned table @ https://onvio.com.br/staff/:0
[   29111ms] [WARNING] Failed to decode downloaded font: https://onvio.com.br/staff/SourceSans3-Regular.114f93b5f3b7d159.otf @ https://onvio.com.br/staff/:0
[   29112ms] [WARNING] OTS parsing error: bad table directory searchRange
bad table directory entrySelector
bad table directory rangeShift
Invalid table tag: 0x604241
 `BA: misaligned table @ https://onvio.com.br/staff/:0
[   29116ms] [WARNING] Failed to decode downloaded font: https://onvio.com.br/staff/SourceSans3-Regular.114f93b5f3b7d159.otf @ https://onvio.com.br/staff/:0
[   29117ms] [WARNING] OTS parsing error: bad table directory searchRange
bad table directory entrySelector
bad table directory rangeShift
Invalid table tag: 0x604241
 `BA: misaligned table @ https://onvio.com.br/staff/:0
[   29117ms] [WARNING] Failed to decode downloaded font: https://onvio.com.br/staff/SourceSans3-Regular.114f93b5f3b7d159.otf @ https://onvio.com.br/staff/:0
[   29118ms] [WARNING] OTS parsing error: bad table directory searchRange
bad table directory entrySelector
bad table directory rangeShift
Invalid table tag: 0x604241
 `BA: misaligned table @ https://onvio.com.br/staff/:0
[   29118ms] [WARNING] Failed to decode downloaded font: https://onvio.com.br/staff/SourceSans3-Regular.114f93b5f3b7d159.otf @ https://onvio.com.br/staff/:0
[   29119ms] [WARNING] OTS parsing error: bad table directory searchRange
bad table directory entrySelector
bad table directory rangeShift
Invalid table tag: 0x604241
 `BA: misaligned table @ https://onvio.com.br/staff/:0
[   29119ms] [WARNING] Failed to decode downloaded font: https://onvio.com.br/staff/SourceSans3-Regular.114f93b5f3b7d159.otf @ https://onvio.com.br/staff/:0
[   29120ms] [WARNING] OTS parsing error: bad table directory searchRange
bad table directory entrySelector
bad table directory rangeShift
Invalid table tag: 0x604241
 `BA: misaligned table @ https://onvio.com.br/staff/:0
[   29120ms] [WARNING] Failed to decode downloaded font: https://onvio.com.br/staff/SourceSans3-Regular.114f93b5f3b7d159.otf @ https://onvio.com.br/staff/:0
[   29121ms] [WARNING] OTS parsing error: bad table directory searchRange
bad table directory entrySelector
bad table directory rangeShift
Invalid table tag: 0x604241
 `BA: misaligned table @ https://onvio.com.br/staff/:0
[   29121ms] [WARNING] Failed to decode downloaded font: https://onvio.com.br/staff/SourceSans3-Regular.114f93b5f3b7d159.otf @ https://onvio.com.br/staff/:0
[   29121ms] [WARNING] OTS parsing error: bad table directory searchRange
bad table directory entrySelector
bad table directory rangeShift
Invalid table tag: 0x604241
 `BA: misaligned table @ https://onvio.com.br/staff/:0
[   29123ms] [WARNING] Failed to decode downloaded font: https://onvio.com.br/staff/SourceSans3-Regular.114f93b5f3b7d159.otf @ https://onvio.com.br/staff/:0
[   29123ms] [WARNING] OTS parsing error: bad table directory searchRange
bad table directory entrySelector
bad table directory rangeShift
Invalid table tag: 0x604241
 `BA: misaligned table @ https://onvio.com.br/staff/:0
[   29123ms] [WARNING] Failed to decode downloaded font: https://onvio.com.br/staff/SourceSans3-Regular.114f93b5f3b7d159.otf @ https://onvio.com.br/staff/:0
[   29124ms] [WARNING] OTS parsing error: bad table directory searchRange
bad table directory entrySelector
bad table directory rangeShift
Invalid table tag: 0x604241
 `BA: misaligned table @ https://onvio.com.br/staff/:0
[   29124ms] [WARNING] Failed to decode downloaded font: https://onvio.com.br/staff/SourceSans3-Regular.114f93b5f3b7d159.otf @ https://onvio.com.br/staff/:0
[   29124ms] [WARNING] OTS parsing error: bad table directory searchRange
bad table directory entrySelector
bad table directory rangeShift
Invalid table tag: 0x604241
 `BA: misaligned table @ https://onvio.com.br/staff/:0
[   29125ms] [WARNING] Failed to decode downloaded font: https://onvio.com.br/staff/SourceSans3-Regular.114f93b5f3b7d159.otf @ https://onvio.com.br/staff/:0
[   29125ms] [WARNING] OTS parsing error: bad table directory searchRange
bad table directory entrySelector
bad table directory rangeShift
Invalid table tag: 0x604241
 `BA: misaligned table @ https://onvio.com.br/staff/:0
[   29128ms] [WARNING] Failed to decode downloaded font: https://onvio.com.br/staff/SourceSans3-Regular.114f93b5f3b7d159.otf @ https://onvio.com.br/staff/:0
[   29128ms] [WARNING] OTS parsing error: bad table directory searchRange
bad table directory entrySelector
bad table directory rangeShift
Invalid table tag: 0x604241
 `BA: misaligned table @ https://onvio.com.br/staff/:0
[   29129ms] [WARNING] Failed to decode downloaded font: https://onvio.com.br/staff/SourceSans3-Regular.114f93b5f3b7d159.otf @ https://onvio.com.br/staff/:0
[   29129ms] [WARNING] OTS parsing error: bad table directory searchRange
bad table directory entrySelector
bad table directory rangeShift
Invalid table tag: 0x604241
 `BA: misaligned table @ https://onvio.com.br/staff/:0
[   29129ms] [WARNING] Failed to decode downloaded font: https://onvio.com.br/staff/SourceSans3-Regular.114f93b5f3b7d159.otf @ https://onvio.com.br/staff/:0
[   29129ms] [WARNING] OTS parsing error: bad table directory searchRange
bad table directory entrySelector
bad table directory rangeShift
Invalid table tag: 0x604241
 `BA: misaligned table @ https://onvio.com.br/staff/:0
[   29130ms] [WARNING] Failed to decode downloaded font: https://onvio.com.br/staff/SourceSans3-Regular.114f93b5f3b7d159.otf @ https://onvio.com.br/staff/:0
[   29130ms] [WARNING] OTS parsing error: bad table directory searchRange
bad table directory entrySelector
bad table directory rangeShift
Invalid table tag: 0x604241
 `BA: misaligned table @ https://onvio.com.br/staff/:0
[   29130ms] [WARNING] Failed to decode downloaded font: https://onvio.com.br/staff/SourceSans3-Regular.114f93b5f3b7d159.otf @ https://onvio.com.br/staff/:0
[   29130ms] [WARNING] OTS parsing error: bad table directory searchRange
bad table directory entrySelector
bad table directory rangeShift
Invalid table tag: 0x604241
 `BA: misaligned table @ https://onvio.com.br/staff/:0
[   29130ms] [WARNING] Failed to decode downloaded font: https://onvio.com.br/staff/SourceSans3-Regular.114f93b5f3b7d159.otf @ https://onvio.com.br/staff/:0
[   29131ms] [WARNING] OTS parsing error: bad table directory searchRange
bad table directory entrySelector
bad table directory rangeShift
Invalid table tag: 0x604241
 `BA: misaligned table @ https://onvio.com.br/staff/:0
[   29131ms] [WARNING] Failed to decode downloaded font: https://onvio.com.br/staff/SourceSans3-Regular.114f93b5f3b7d159.otf @ https://onvio.com.br/staff/:0
[   29131ms] [WARNING] OTS parsing error: bad table directory searchRange
bad table directory entrySelector
bad table directory rangeShift
Invalid table tag: 0x604241
 `BA: misaligned table @ https://onvio.com.br/staff/:0
[   29131ms] [WARNING] Failed to decode downloaded font: https://onvio.com.br/staff/SourceSans3-Regular.114f93b5f3b7d159.otf @ https://onvio.com.br/staff/:0
[   29131ms] [WARNING] OTS parsing error: bad table directory searchRange
bad table directory entrySelector
bad table directory rangeShift
Invalid table tag: 0x604241
 `BA: misaligned table @ https://onvio.com.br/staff/:0
[   29131ms] [WARNING] Failed to decode downloaded font: https://onvio.com.br/staff/SourceSans3-Regular.114f93b5f3b7d159.otf @ https://onvio.com.br/staff/:0
[   29131ms] [WARNING] OTS parsing error: bad table directory searchRange
bad table directory entrySelector
bad table directory rangeShift
Invalid table tag: 0x604241
 `BA: misaligned table @ https://onvio.com.br/staff/:0
[   29131ms] [WARNING] Failed to decode downloaded font: https://onvio.com.br/staff/SourceSans3-Regular.114f93b5f3b7d159.otf @ https://onvio.com.br/staff/:0
[   29132ms] [WARNING] OTS parsing error: bad table directory searchRange
bad table directory entrySelector
bad table directory rangeShift
Invalid table tag: 0x604241
 `BA: misaligned table @ https://onvio.com.br/staff/:0
[   29132ms] [WARNING] Failed to decode downloaded font: https://onvio.com.br/staff/SourceSans3-Regular.114f93b5f3b7d159.otf @ https://onvio.com.br/staff/:0
[   29132ms] [WARNING] OTS parsing error: bad table directory searchRange
bad table directory entrySelector
bad table directory rangeShift
Invalid table tag: 0x604241
 `BA: misaligned table @ https://onvio.com.br/staff/:0
[   29132ms] [WARNING] Failed to decode downloaded font: https://onvio.com.br/staff/SourceSans3-Regular.114f93b5f3b7d159.otf @ https://onvio.com.br/staff/:0
[   29132ms] [WARNING] OTS parsing error: bad table directory searchRange
bad table directory entrySelector
bad table directory rangeShift
Invalid table tag: 0x604241
 `BA: misaligned table @ https://onvio.com.br/staff/:0
[   29132ms] [WARNING] Failed to decode downloaded font: https://onvio.com.br/staff/SourceSans3-Regular.114f93b5f3b7d159.otf @ https://onvio.com.br/staff/:0
[   29132ms] [WARNING] OTS parsing error: bad table directory searchRange
bad table directory entrySelector
bad table directory rangeShift
Invalid table tag: 0x604241
 `BA: misaligned table @ https://onvio.com.br/staff/:0
[   29132ms] [WARNING] Failed to decode downloaded font: https://onvio.com.br/staff/SourceSans3-Regular.114f93b5f3b7d159.otf @ https://onvio.com.br/staff/:0
[   29132ms] [WARNING] OTS parsing error: bad table directory searchRange
bad table directory entrySelector
bad table directory rangeShift
Invalid table tag: 0x604241
 `BA: misaligned table @ https://onvio.com.br/staff/:0
[   29132ms] [WARNING] Failed to decode downloaded font: https://onvio.com.br/staff/SourceSans3-Regular.114f93b5f3b7d159.otf @ https://onvio.com.br/staff/:0
[   29132ms] [WARNING] OTS parsing error: bad table directory searchRange
bad table directory entrySelector
bad table directory rangeShift
Invalid table tag: 0x604241
 `BA: misaligned table @ https://onvio.com.br/staff/:0
[   29133ms] [WARNING] Failed to decode downloaded font: https://onvio.com.br/staff/SourceSans3-Regular.114f93b5f3b7d159.otf @ https://onvio.com.br/staff/:0
[   29133ms] [WARNING] OTS parsing error: bad table directory searchRange
bad table directory entrySelector
bad table directory rangeShift
Invalid table tag: 0x604241
 `BA: misaligned table @ https://onvio.com.br/staff/:0
[   29133ms] [WARNING] Failed to decode downloaded font: https://onvio.com.br/staff/SourceSans3-Regular.114f93b5f3b7d159.otf @ https://onvio.com.br/staff/:0
[   29133ms] [WARNING] OTS parsing error: bad table directory searchRange
bad table directory entrySelector
bad table directory rangeShift
Invalid table tag: 0x604241
 `BA: misaligned table @ https://onvio.com.br/staff/:0
[   29133ms] [WARNING] Failed to decode downloaded font: https://onvio.com.br/staff/SourceSans3-Regular.114f93b5f3b7d159.otf @ https://onvio.com.br/staff/:0
[   29133ms] [WARNING] OTS parsing error: bad table directory searchRange
bad table directory entrySelector
bad table directory rangeShift
Invalid table tag: 0x604241
 `BA: misaligned table @ https://onvio.com.br/staff/:0
[   29133ms] [WARNING] Failed to decode downloaded font: https://onvio.com.br/staff/SourceSans3-Regular.114f93b5f3b7d159.otf @ https://onvio.com.br/staff/:0
[   29133ms] [WARNING] OTS parsing error: bad table directory searchRange
bad table directory entrySelector
bad table directory rangeShift
Invalid table tag: 0x604241
 `BA: misaligned table @ https://onvio.com.br/staff/:0
[   29133ms] [WARNING] Failed to decode downloaded font: https://onvio.com.br/staff/SourceSans3-Regular.114f93b5f3b7d159.otf @ https://onvio.com.br/staff/:0
[   29133ms] [WARNING] OTS parsing error: bad table directory searchRange
bad table directory entrySelector
bad table directory rangeShift
Invalid table tag: 0x604241
 `BA: misaligned table @ https://onvio.com.br/staff/:0
[   29133ms] [WARNING] Failed to decode downloaded font: https://onvio.com.br/staff/SourceSans3-Regular.114f93b5f3b7d159.otf @ https://onvio.com.br/staff/:0
[   29133ms] [WARNING] OTS parsing error: bad table directory searchRange
bad table directory entrySelector
bad table directory rangeShift
Invalid table tag: 0x604241
 `BA: misaligned table @ https://onvio.com.br/staff/:0
[   29134ms] [WARNING] Failed to decode downloaded font: https://onvio.com.br/staff/SourceSans3-Regular.114f93b5f3b7d159.otf @ https://onvio.com.br/staff/:0
[   29134ms] [WARNING] OTS parsing error: bad table directory searchRange
bad table directory entrySelector
bad table directory rangeShift
Invalid table tag: 0x604241
 `BA: misaligned table @ https://onvio.com.br/staff/:0
[   29134ms] [WARNING] Failed to decode downloaded font: https://onvio.com.br/staff/SourceSans3-Regular.114f93b5f3b7d159.otf @ https://onvio.com.br/staff/:0
[   29134ms] [WARNING] OTS parsing error: bad table directory searchRange
bad table directory entrySelector
bad table directory rangeShift
Invalid table tag: 0x604241
 `BA: misaligned table @ https://onvio.com.br/staff/:0
[   29134ms] [WARNING] Failed to decode downloaded font: https://onvio.com.br/staff/SourceSans3-Regular.114f93b5f3b7d159.otf @ https://onvio.com.br/staff/:0
[   29134ms] [WARNING] OTS parsing error: bad table directory searchRange
bad table directory entrySelector
bad table directory rangeShift
Invalid table tag: 0x604241
 `BA: misaligned table @ https://onvio.com.br/staff/:0
[   29134ms] [WARNING] Failed to decode downloaded font: https://onvio.com.br/staff/SourceSans3-Regular.114f93b5f3b7d159.otf @ https://onvio.com.br/staff/:0
[   29134ms] [WARNING] OTS parsing error: bad table directory searchRange
bad table directory entrySelector
bad table directory rangeShift
Invalid table tag: 0x604241
 `BA: misaligned table @ https://onvio.com.br/staff/:0
[   29135ms] [WARNING] Failed to decode downloaded font: https://onvio.com.br/staff/SourceSans3-Regular.114f93b5f3b7d159.otf @ https://onvio.com.br/staff/:0
[   29135ms] [WARNING] OTS parsing error: bad table directory searchRange
bad table directory entrySelector
bad table directory rangeShift
Invalid table tag: 0x604241
 `BA: misaligned table @ https://onvio.com.br/staff/:0
[   29135ms] [WARNING] Failed to decode downloaded font: https://onvio.com.br/staff/SourceSans3-Regular.114f93b5f3b7d159.otf @ https://onvio.com.br/staff/:0
[   29135ms] [WARNING] OTS parsing error: bad table directory searchRange
bad table directory entrySelector
bad table directory rangeShift
Invalid table tag: 0x604241
 `BA: misaligned table @ https://onvio.com.br/staff/:0
[   29135ms] [WARNING] Failed to decode downloaded font: https://onvio.com.br/staff/SourceSans3-Regular.114f93b5f3b7d159.otf @ https://onvio.com.br/staff/:0
[   29135ms] [WARNING] OTS parsing error: bad table directory searchRange
bad table directory entrySelector
bad table directory rangeShift
Invalid table tag: 0x604241
 `BA: misaligned table @ https://onvio.com.br/staff/:0
[   29136ms] [WARNING] Failed to decode downloaded font: https://onvio.com.br/staff/SourceSans3-Regular.114f93b5f3b7d159.otf @ https://onvio.com.br/staff/:0
[   29136ms] [WARNING] OTS parsing error: bad table directory searchRange
bad table directory entrySelector
bad table directory rangeShift
Invalid table tag: 0x604241
 `BA: misaligned table @ https://onvio.com.br/staff/:0
[   29136ms] [WARNING] Failed to decode downloaded font: https://onvio.com.br/staff/SourceSans3-Regular.114f93b5f3b7d159.otf @ https://onvio.com.br/staff/:0
[   29136ms] [WARNING] OTS parsing error: bad table directory searchRange
bad table directory entrySelector
bad table directory rangeShift
Invalid table tag: 0x604241
 `BA: misaligned table @ https://onvio.com.br/staff/:0
[   29136ms] [WARNING] Failed to decode downloaded font: https://onvio.com.br/staff/SourceSans3-Regular.114f93b5f3b7d159.otf @ https://onvio.com.br/staff/:0
[   29136ms] [WARNING] OTS parsing error: bad table directory searchRange
bad table directory entrySelector
bad table directory rangeShift
Invalid table tag: 0x604241
 `BA: misaligned table @ https://onvio.com.br/staff/:0
[   29136ms] [WARNING] Failed to decode downloaded font: https://onvio.com.br/staff/SourceSans3-Regular.114f93b5f3b7d159.otf @ https://onvio.com.br/staff/:0
[   29137ms] [WARNING] OTS parsing error: bad table directory searchRange
bad table directory entrySelector
bad table directory rangeShift
Invalid table tag: 0x604241
 `BA: misaligned table @ https://onvio.com.br/staff/:0
[   29137ms] [WARNING] Failed to decode downloaded font: https://onvio.com.br/staff/SourceSans3-Regular.114f93b5f3b7d159.otf @ https://onvio.com.br/staff/:0
[   29137ms] [WARNING] OTS parsing error: bad table directory searchRange
bad table directory entrySelector
bad table directory rangeShift
Invalid table tag: 0x604241
 `BA: misaligned table @ https://onvio.com.br/staff/:0
[   29137ms] [WARNING] Failed to decode downloaded font: https://onvio.com.br/staff/SourceSans3-Regular.114f93b5f3b7d159.otf @ https://onvio.com.br/staff/:0
[   29137ms] [WARNING] OTS parsing error: bad table directory searchRange
bad table directory entrySelector
bad table directory rangeShift
Invalid table tag: 0x604241
 `BA: misaligned table @ https://onvio.com.br/staff/:0
[   29137ms] [WARNING] Failed to decode downloaded font: https://onvio.com.br/staff/SourceSans3-Regular.114f93b5f3b7d159.otf @ https://onvio.com.br/staff/:0
[   29137ms] [WARNING] OTS parsing error: bad table directory searchRange
bad table directory entrySelector
bad table directory rangeShift
Invalid table tag: 0x604241
 `BA: misaligned table @ https://onvio.com.br/staff/:0
[   29138ms] [WARNING] Failed to decode downloaded font: https://onvio.com.br/staff/SourceSans3-Regular.114f93b5f3b7d159.otf @ https://onvio.com.br/staff/:0
[   29138ms] [WARNING] OTS parsing error: bad table directory searchRange
bad table directory entrySelector
bad table directory rangeShift
Invalid table tag: 0x604241
 `BA: misaligned table @ https://onvio.com.br/staff/:0
[   29138ms] [WARNING] Failed to decode downloaded font: https://onvio.com.br/staff/SourceSans3-Regular.114f93b5f3b7d159.otf @ https://onvio.com.br/staff/:0
[   29139ms] [WARNING] OTS parsing error: bad table directory searchRange
bad table directory entrySelector
bad table directory rangeShift
Invalid table tag: 0x604241
 `BA: misaligned table @ https://onvio.com.br/staff/:0
[   29139ms] [WARNING] Failed to decode downloaded font: https://onvio.com.br/staff/SourceSans3-Regular.114f93b5f3b7d159.otf @ https://onvio.com.br/staff/:0
[   29140ms] [WARNING] OTS parsing error: bad table directory searchRange
bad table directory entrySelector
bad table directory rangeShift
Invalid table tag: 0x604241
 `BA: misaligned table @ https://onvio.com.br/staff/:0
[   29140ms] [WARNING] Failed to decode downloaded font: https://onvio.com.br/staff/SourceSans3-Regular.114f93b5f3b7d159.otf @ https://onvio.com.br/staff/:0
[   29141ms] [WARNING] OTS parsing error: bad table directory searchRange
bad table directory entrySelector
bad table directory rangeShift
Invalid table tag: 0x604241
 `BA: misaligned table @ https://onvio.com.br/staff/:0
[   29141ms] [WARNING] Failed to decode downloaded font: https://onvio.com.br/staff/SourceSans3-Regular.114f93b5f3b7d159.otf @ https://onvio.com.br/staff/:0
[   29141ms] [WARNING] OTS parsing error: bad table directory searchRange
bad table directory entrySelector
bad table directory rangeShift
Invalid table tag: 0x604241
 `BA: misaligned table @ https://onvio.com.br/staff/:0
[   29142ms] [WARNING] Failed to decode downloaded font: https://onvio.com.br/staff/SourceSans3-Regular.114f93b5f3b7d159.otf @ https://onvio.com.br/staff/:0
[   29142ms] [WARNING] OTS parsing error: bad table directory searchRange
bad table directory entrySelector
bad table directory rangeShift
Invalid table tag: 0x604241
 `BA: misaligned table @ https://onvio.com.br/staff/:0
[   29142ms] [WARNING] Failed to decode downloaded font: https://onvio.com.br/staff/SourceSans3-Regular.114f93b5f3b7d159.otf @ https://onvio.com.br/staff/:0
[   29142ms] [WARNING] OTS parsing error: bad table directory searchRange
bad table directory entrySelector
bad table directory rangeShift
Invalid table tag: 0x604241
 `BA: misaligned table @ https://onvio.com.br/staff/:0
[   29142ms] [WARNING] Failed to decode downloaded font: https://onvio.com.br/staff/SourceSans3-Regular.114f93b5f3b7d159.otf @ https://onvio.com.br/staff/:0
[   29142ms] [WARNING] OTS parsing error: bad table directory searchRange
bad table directory entrySelector
bad table directory rangeShift
Invalid table tag: 0x604241
 `BA: misaligned table @ https://onvio.com.br/staff/:0
[   29143ms] [WARNING] Failed to decode downloaded font: https://onvio.com.br/staff/SourceSans3-Regular.114f93b5f3b7d159.otf @ https://onvio.com.br/staff/:0
[   29143ms] [WARNING] OTS parsing error: bad table directory searchRange
bad table directory entrySelector
bad table directory rangeShift
Invalid table tag: 0x604241
 `BA: misaligned table @ https://onvio.com.br/staff/:0
[   29143ms] [WARNING] Failed to decode downloaded font: https://onvio.com.br/staff/SourceSans3-Regular.114f93b5f3b7d159.otf @ https://onvio.com.br/staff/:0
[   29143ms] [WARNING] OTS parsing error: bad table directory searchRange
bad table directory entrySelector
bad table directory rangeShift
Invalid table tag: 0x604241
 `BA: misaligned table @ https://onvio.com.br/staff/:0
[   29143ms] [WARNING] Failed to decode downloaded font: https://onvio.com.br/staff/SourceSans3-Regular.114f93b5f3b7d159.otf @ https://onvio.com.br/staff/:0
[   29144ms] [WARNING] OTS parsing error: bad table directory searchRange
bad table directory entrySelector
bad table directory rangeShift
Invalid table tag: 0x604241
 `BA: misaligned table @ https://onvio.com.br/staff/:0
[   29144ms] [WARNING] Failed to decode downloaded font: https://onvio.com.br/staff/SourceSans3-Regular.114f93b5f3b7d159.otf @ https://onvio.com.br/staff/:0
[   29144ms] [WARNING] OTS parsing error: bad table directory searchRange
bad table directory entrySelector
bad table directory rangeShift
Invalid table tag: 0x604241
 `BA: misaligned table @ https://onvio.com.br/staff/:0
[   29144ms] [WARNING] Failed to decode downloaded font: https://onvio.com.br/staff/SourceSans3-Regular.114f93b5f3b7d159.otf @ https://onvio.com.br/staff/:0
[   29146ms] [WARNING] OTS parsing error: bad table directory searchRange
bad table directory entrySelector
bad table directory rangeShift
Invalid table tag: 0x604241
 `BA: misaligned table @ https://onvio.com.br/staff/:0
[   29146ms] [WARNING] Failed to decode downloaded font: https://onvio.com.br/staff/SourceSans3-Regular.114f93b5f3b7d159.otf @ https://onvio.com.br/staff/:0
[   29146ms] [WARNING] OTS parsing error: bad table directory searchRange
bad table directory entrySelector
bad table directory rangeShift
Invalid table tag: 0x604241
 `BA: misaligned table @ https://onvio.com.br/staff/:0
[   29146ms] [WARNING] Failed to decode downloaded font: https://onvio.com.br/staff/SourceSans3-Regular.114f93b5f3b7d159.otf @ https://onvio.com.br/staff/:0
[   29146ms] [WARNING] OTS parsing error: bad table directory searchRange
bad table directory entrySelector
bad table directory rangeShift
Invalid table tag: 0x604241
 `BA: misaligned table @ https://onvio.com.br/staff/:0
[   29262ms] [WARNING] Failed to decode downloaded font: https://onvio.com.br/staff/SourceSans3-Regular.ab920762075b81fb.ttf @ https://onvio.com.br/staff/:0
[   29262ms] [WARNING] OTS parsing error: BASE: invalid table offset @ https://onvio.com.br/staff/:0
[   29262ms] [WARNING] Failed to decode downloaded font: https://onvio.com.br/staff/SourceSans3-Regular.ab920762075b81fb.ttf @ https://onvio.com.br/staff/:0
[   29263ms] [WARNING] OTS parsing error: BASE: invalid table offset @ https://onvio.com.br/staff/:0
[   29263ms] [WARNING] Failed to decode downloaded font: https://onvio.com.br/staff/SourceSans3-Regular.ab920762075b81fb.ttf @ https://onvio.com.br/staff/:0
[   29263ms] [WARNING] OTS parsing error: BASE: invalid table offset @ https://onvio.com.br/staff/:0
[   29263ms] [WARNING] Failed to decode downloaded font: https://onvio.com.br/staff/SourceSans3-Regular.ab920762075b81fb.ttf @ https://onvio.com.br/staff/:0
[   29263ms] [WARNING] OTS parsing error: BASE: invalid table offset @ https://onvio.com.br/staff/:0
[   29263ms] [WARNING] Failed to decode downloaded font: https://onvio.com.br/staff/SourceSans3-Regular.ab920762075b81fb.ttf @ https://onvio.com.br/staff/:0
[   29264ms] [WARNING] OTS parsing error: BASE: invalid table offset @ https://onvio.com.br/staff/:0
[   29264ms] [WARNING] Failed to decode downloaded font: https://onvio.com.br/staff/SourceSans3-Regular.ab920762075b81fb.ttf @ https://onvio.com.br/staff/:0
[   29264ms] [WARNING] OTS parsing error: BASE: invalid table offset @ https://onvio.com.br/staff/:0
[   29264ms] [WARNING] Failed to decode downloaded font: https://onvio.com.br/staff/SourceSans3-Regular.ab920762075b81fb.ttf @ https://onvio.com.br/staff/:0
[   29264ms] [WARNING] OTS parsing error: BASE: invalid table offset @ https://onvio.com.br/staff/:0
[   29264ms] [WARNING] Failed to decode downloaded font: https://onvio.com.br/staff/SourceSans3-Regular.ab920762075b81fb.ttf @ https://onvio.com.br/staff/:0
[   29265ms] [WARNING] OTS parsing error: BASE: invalid table offset @ https://onvio.com.br/staff/:0
[   29265ms] [WARNING] Failed to decode downloaded font: https://onvio.com.br/staff/SourceSans3-Regular.ab920762075b81fb.ttf @ https://onvio.com.br/staff/:0
[   29265ms] [WARNING] OTS parsing error: BASE: invalid table offset @ https://onvio.com.br/staff/:0
[   29265ms] [WARNING] Failed to decode downloaded font: https://onvio.com.br/staff/SourceSans3-Regular.ab920762075b81fb.ttf @ https://onvio.com.br/staff/:0
[   29265ms] [WARNING] OTS parsing error: BASE: invalid table offset @ https://onvio.com.br/staff/:0
[   29265ms] [WARNING] Failed to decode downloaded font: https://onvio.com.br/staff/SourceSans3-Regular.ab920762075b81fb.ttf @ https://onvio.com.br/staff/:0
[   29265ms] [WARNING] OTS parsing error: BASE: invalid table offset @ https://onvio.com.br/staff/:0
[   29265ms] [WARNING] Failed to decode downloaded font: https://onvio.com.br/staff/SourceSans3-Regular.ab920762075b81fb.ttf @ https://onvio.com.br/staff/:0
[   29265ms] [WARNING] OTS parsing error: BASE: invalid table offset @ https://onvio.com.br/staff/:0
[   29265ms] [WARNING] Failed to decode downloaded font: https://onvio.com.br/staff/SourceSans3-Regular.ab920762075b81fb.ttf @ https://onvio.com.br/staff/:0
[   29265ms] [WARNING] OTS parsing error: BASE: invalid table offset @ https://onvio.com.br/staff/:0
[   29265ms] [WARNING] Failed to decode downloaded font: https://onvio.com.br/staff/SourceSans3-Regular.ab920762075b81fb.ttf @ https://onvio.com.br/staff/:0
[   29266ms] [WARNING] OTS parsing error: BASE: invalid table offset @ https://onvio.com.br/staff/:0
[   29266ms] [WARNING] Failed to decode downloaded font: https://onvio.com.br/staff/SourceSans3-Regular.ab920762075b81fb.ttf @ https://onvio.com.br/staff/:0
[   29266ms] [WARNING] OTS parsing error: BASE: invalid table offset @ https://onvio.com.br/staff/:0
[   29266ms] [WARNING] Failed to decode downloaded font: https://onvio.com.br/staff/SourceSans3-Regular.ab920762075b81fb.ttf @ https://onvio.com.br/staff/:0
[   29266ms] [WARNING] OTS parsing error: BASE: invalid table offset @ https://onvio.com.br/staff/:0
[   29266ms] [WARNING] Failed to decode downloaded font: https://onvio.com.br/staff/SourceSans3-Regular.ab920762075b81fb.ttf @ https://onvio.com.br/staff/:0
[   29266ms] [WARNING] OTS parsing error: BASE: invalid table offset @ https://onvio.com.br/staff/:0
[   29266ms] [WARNING] Failed to decode downloaded font: https://onvio.com.br/staff/SourceSans3-Regular.ab920762075b81fb.ttf @ https://onvio.com.br/staff/:0
[   29266ms] [WARNING] OTS parsing error: BASE: invalid table offset @ https://onvio.com.br/staff/:0
[   29266ms] [WARNING] Failed to decode downloaded font: https://onvio.com.br/staff/SourceSans3-Regular.ab920762075b81fb.ttf @ https://onvio.com.br/staff/:0
[   29266ms] [WARNING] OTS parsing error: BASE: invalid table offset @ https://onvio.com.br/staff/:0
[   29267ms] [WARNING] Failed to decode downloaded font: https://onvio.com.br/staff/SourceSans3-Regular.ab920762075b81fb.ttf @ https://onvio.com.br/staff/:0
[   29267ms] [WARNING] OTS parsing error: BASE: invalid table offset @ https://onvio.com.br/staff/:0
[   29267ms] [WARNING] Failed to decode downloaded font: https://onvio.com.br/staff/SourceSans3-Regular.ab920762075b81fb.ttf @ https://onvio.com.br/staff/:0
[   29267ms] [WARNING] OTS parsing error: BASE: invalid table offset @ https://onvio.com.br/staff/:0
[   29267ms] [WARNING] Failed to decode downloaded font: https://onvio.com.br/staff/SourceSans3-Regular.ab920762075b81fb.ttf @ https://onvio.com.br/staff/:0
[   29267ms] [WARNING] OTS parsing error: BASE: invalid table offset @ https://onvio.com.br/staff/:0
[   29267ms] [WARNING] Failed to decode downloaded font: https://onvio.com.br/staff/SourceSans3-Regular.ab920762075b81fb.ttf @ https://onvio.com.br/staff/:0
[   29267ms] [WARNING] OTS parsing error: BASE: invalid table offset @ https://onvio.com.br/staff/:0
[   29268ms] [WARNING] Failed to decode downloaded font: https://onvio.com.br/staff/SourceSans3-Regular.ab920762075b81fb.ttf @ https://onvio.com.br/staff/:0
[   29268ms] [WARNING] OTS parsing error: BASE: invalid table offset @ https://onvio.com.br/staff/:0
[   29268ms] [WARNING] Failed to decode downloaded font: https://onvio.com.br/staff/SourceSans3-Regular.ab920762075b81fb.ttf @ https://onvio.com.br/staff/:0
[   29268ms] [WARNING] OTS parsing error: BASE: invalid table offset @ https://onvio.com.br/staff/:0
[   29268ms] [WARNING] Failed to decode downloaded font: https://onvio.com.br/staff/SourceSans3-Regular.ab920762075b81fb.ttf @ https://onvio.com.br/staff/:0
[   29268ms] [WARNING] OTS parsing error: BASE: invalid table offset @ https://onvio.com.br/staff/:0
[   29269ms] [WARNING] Failed to decode downloaded font: https://onvio.com.br/staff/SourceSans3-Regular.ab920762075b81fb.ttf @ https://onvio.com.br/staff/:0
[   29269ms] [WARNING] OTS parsing error: BASE: invalid table offset @ https://onvio.com.br/staff/:0
[   29269ms] [WARNING] Failed to decode downloaded font: https://onvio.com.br/staff/SourceSans3-Regular.ab920762075b81fb.ttf @ https://onvio.com.br/staff/:0
[   29269ms] [WARNING] OTS parsing error: BASE: invalid table offset @ https://onvio.com.br/staff/:0
[   29269ms] [WARNING] Failed to decode downloaded font: https://onvio.com.br/staff/SourceSans3-Regular.ab920762075b81fb.ttf @ https://onvio.com.br/staff/:0
[   29269ms] [WARNING] OTS parsing error: BASE: invalid table offset @ https://onvio.com.br/staff/:0
[   29269ms] [WARNING] Failed to decode downloaded font: https://onvio.com.br/staff/SourceSans3-Regular.ab920762075b81fb.ttf @ https://onvio.com.br/staff/:0
[   29269ms] [WARNING] OTS parsing error: BASE: invalid table offset @ https://onvio.com.br/staff/:0
[   29270ms] [WARNING] Failed to decode downloaded font: https://onvio.com.br/staff/SourceSans3-Regular.ab920762075b81fb.ttf @ https://onvio.com.br/staff/:0
[   29270ms] [WARNING] OTS parsing error: BASE: invalid table offset @ https://onvio.com.br/staff/:0
[   29270ms] [WARNING] Failed to decode downloaded font: https://onvio.com.br/staff/SourceSans3-Regular.ab920762075b81fb.ttf @ https://onvio.com.br/staff/:0
[   29270ms] [WARNING] OTS parsing error: BASE: invalid table offset @ https://onvio.com.br/staff/:0
[   29271ms] [WARNING] Failed to decode downloaded font: https://onvio.com.br/staff/SourceSans3-Regular.ab920762075b81fb.ttf @ https://onvio.com.br/staff/:0
[   29271ms] [WARNING] OTS parsing error: BASE: invalid table offset @ https://onvio.com.br/staff/:0
[   29271ms] [WARNING] Failed to decode downloaded font: https://onvio.com.br/staff/SourceSans3-Regular.ab920762075b81fb.ttf @ https://onvio.com.br/staff/:0
[   29271ms] [WARNING] OTS parsing error: BASE: invalid table offset @ https://onvio.com.br/staff/:0
[   29271ms] [WARNING] Failed to decode downloaded font: https://onvio.com.br/staff/SourceSans3-Regular.ab920762075b81fb.ttf @ https://onvio.com.br/staff/:0
[   29271ms] [WARNING] OTS parsing error: BASE: invalid table offset @ https://onvio.com.br/staff/:0
[   29271ms] [WARNING] Failed to decode downloaded font: https://onvio.com.br/staff/SourceSans3-Regular.ab920762075b81fb.ttf @ https://onvio.com.br/staff/:0
[   29271ms] [WARNING] OTS parsing error: BASE: invalid table offset @ https://onvio.com.br/staff/:0
[   29271ms] [WARNING] Failed to decode downloaded font: https://onvio.com.br/staff/SourceSans3-Regular.ab920762075b81fb.ttf @ https://onvio.com.br/staff/:0
[   29272ms] [WARNING] OTS parsing error: BASE: invalid table offset @ https://onvio.com.br/staff/:0
[   29272ms] [WARNING] Failed to decode downloaded font: https://onvio.com.br/staff/SourceSans3-Regular.ab920762075b81fb.ttf @ https://onvio.com.br/staff/:0
[   29272ms] [WARNING] OTS parsing error: BASE: invalid table offset @ https://onvio.com.br/staff/:0
[   29272ms] [WARNING] Failed to decode downloaded font: https://onvio.com.br/staff/SourceSans3-Regular.ab920762075b81fb.ttf @ https://onvio.com.br/staff/:0
[   29272ms] [WARNING] OTS parsing error: BASE: invalid table offset @ https://onvio.com.br/staff/:0
[   29272ms] [WARNING] Failed to decode downloaded font: https://onvio.com.br/staff/SourceSans3-Regular.ab920762075b81fb.ttf @ https://onvio.com.br/staff/:0
[   29273ms] [WARNING] OTS parsing error: BASE: invalid table offset @ https://onvio.com.br/staff/:0
[   29273ms] [WARNING] Failed to decode downloaded font: https://onvio.com.br/staff/SourceSans3-Regular.ab920762075b81fb.ttf @ https://onvio.com.br/staff/:0
[   29273ms] [WARNING] OTS parsing error: BASE: invalid table offset @ https://onvio.com.br/staff/:0
[   29273ms] [WARNING] Failed to decode downloaded font: https://onvio.com.br/staff/SourceSans3-Regular.ab920762075b81fb.ttf @ https://onvio.com.br/staff/:0
[   29273ms] [WARNING] OTS parsing error: BASE: invalid table offset @ https://onvio.com.br/staff/:0
[   29273ms] [WARNING] Failed to decode downloaded font: https://onvio.com.br/staff/SourceSans3-Regular.ab920762075b81fb.ttf @ https://onvio.com.br/staff/:0
[   29274ms] [WARNING] OTS parsing error: BASE: invalid table offset @ https://onvio.com.br/staff/:0
[   29274ms] [WARNING] Failed to decode downloaded font: https://onvio.com.br/staff/SourceSans3-Regular.ab920762075b81fb.ttf @ https://onvio.com.br/staff/:0
[   29274ms] [WARNING] OTS parsing error: BASE: invalid table offset @ https://onvio.com.br/staff/:0
[   29274ms] [WARNING] Failed to decode downloaded font: https://onvio.com.br/staff/SourceSans3-Regular.ab920762075b81fb.ttf @ https://onvio.com.br/staff/:0
[   29274ms] [WARNING] OTS parsing error: BASE: invalid table offset @ https://onvio.com.br/staff/:0
[   29274ms] [WARNING] Failed to decode downloaded font: https://onvio.com.br/staff/SourceSans3-Regular.ab920762075b81fb.ttf @ https://onvio.com.br/staff/:0
[   29274ms] [WARNING] OTS parsing error: BASE: invalid table offset @ https://onvio.com.br/staff/:0
[   29274ms] [WARNING] Failed to decode downloaded font: https://onvio.com.br/staff/SourceSans3-Regular.ab920762075b81fb.ttf @ https://onvio.com.br/staff/:0
[   29274ms] [WARNING] OTS parsing error: BASE: invalid table offset @ https://onvio.com.br/staff/:0
[   29275ms] [WARNING] Failed to decode downloaded font: https://onvio.com.br/staff/SourceSans3-Regular.ab920762075b81fb.ttf @ https://onvio.com.br/staff/:0
[   29275ms] [WARNING] OTS parsing error: BASE: invalid table offset @ https://onvio.com.br/staff/:0
[   29275ms] [WARNING] Failed to decode downloaded font: https://onvio.com.br/staff/SourceSans3-Regular.ab920762075b81fb.ttf @ https://onvio.com.br/staff/:0
[   29275ms] [WARNING] OTS parsing error: BASE: invalid table offset @ https://onvio.com.br/staff/:0
[   29275ms] [WARNING] Failed to decode downloaded font: https://onvio.com.br/staff/SourceSans3-Regular.ab920762075b81fb.ttf @ https://onvio.com.br/staff/:0
[   29275ms] [WARNING] OTS parsing error: BASE: invalid table offset @ https://onvio.com.br/staff/:0
[   29275ms] [WARNING] Failed to decode downloaded font: https://onvio.com.br/staff/SourceSans3-Regular.ab920762075b81fb.ttf @ https://onvio.com.br/staff/:0
[   29275ms] [WARNING] OTS parsing error: BASE: invalid table offset @ https://onvio.com.br/staff/:0
[   29275ms] [WARNING] Failed to decode downloaded font: https://onvio.com.br/staff/SourceSans3-Regular.ab920762075b81fb.ttf @ https://onvio.com.br/staff/:0
[   29276ms] [WARNING] OTS parsing error: BASE: invalid table offset @ https://onvio.com.br/staff/:0
[   29276ms] [WARNING] Failed to decode downloaded font: https://onvio.com.br/staff/SourceSans3-Regular.ab920762075b81fb.ttf @ https://onvio.com.br/staff/:0
[   29276ms] [WARNING] OTS parsing error: BASE: invalid table offset @ https://onvio.com.br/staff/:0
[   29276ms] [WARNING] Failed to decode downloaded font: https://onvio.com.br/staff/SourceSans3-Regular.ab920762075b81fb.ttf @ https://onvio.com.br/staff/:0
[   29276ms] [WARNING] OTS parsing error: BASE: invalid table offset @ https://onvio.com.br/staff/:0
[   29277ms] [WARNING] Failed to decode downloaded font: https://onvio.com.br/staff/SourceSans3-Regular.ab920762075b81fb.ttf @ https://onvio.com.br/staff/:0
[   29277ms] [WARNING] OTS parsing error: BASE: invalid table offset @ https://onvio.com.br/staff/:0
[   29277ms] [WARNING] Failed to decode downloaded font: https://onvio.com.br/staff/SourceSans3-Regular.ab920762075b81fb.ttf @ https://onvio.com.br/staff/:0
[   29278ms] [WARNING] OTS parsing error: BASE: invalid table offset @ https://onvio.com.br/staff/:0
[   29278ms] [WARNING] Failed to decode downloaded font: https://onvio.com.br/staff/SourceSans3-Regular.ab920762075b81fb.ttf @ https://onvio.com.br/staff/:0
[   29278ms] [WARNING] OTS parsing error: BASE: invalid table offset @ https://onvio.com.br/staff/:0
[   29278ms] [WARNING] Failed to decode downloaded font: https://onvio.com.br/staff/SourceSans3-Regular.ab920762075b81fb.ttf @ https://onvio.com.br/staff/:0
[   29278ms] [WARNING] OTS parsing error: BASE: invalid table offset @ https://onvio.com.br/staff/:0
[   29278ms] [WARNING] Failed to decode downloaded font: https://onvio.com.br/staff/SourceSans3-Regular.ab920762075b81fb.ttf @ https://onvio.com.br/staff/:0
[   29279ms] [WARNING] OTS parsing error: BASE: invalid table offset @ https://onvio.com.br/staff/:0
[   29279ms] [WARNING] Failed to decode downloaded font: https://onvio.com.br/staff/SourceSans3-Regular.ab920762075b81fb.ttf @ https://onvio.com.br/staff/:0
[   29279ms] [WARNING] OTS parsing error: BASE: invalid table offset @ https://onvio.com.br/staff/:0
[   29279ms] [WARNING] Failed to decode downloaded font: https://onvio.com.br/staff/SourceSans3-Regular.ab920762075b81fb.ttf @ https://onvio.com.br/staff/:0
[   29279ms] [WARNING] OTS parsing error: BASE: invalid table offset @ https://onvio.com.br/staff/:0
[   29280ms] [WARNING] Failed to decode downloaded font: https://onvio.com.br/staff/SourceSans3-Regular.ab920762075b81fb.ttf @ https://onvio.com.br/staff/:0
[   29280ms] [WARNING] OTS parsing error: BASE: invalid table offset @ https://onvio.com.br/staff/:0
[   29280ms] [WARNING] Failed to decode downloaded font: https://onvio.com.br/staff/SourceSans3-Regular.ab920762075b81fb.ttf @ https://onvio.com.br/staff/:0
[   29280ms] [WARNING] OTS parsing error: BASE: invalid table offset @ https://onvio.com.br/staff/:0
[   29280ms] [WARNING] Failed to decode downloaded font: https://onvio.com.br/staff/SourceSans3-Regular.ab920762075b81fb.ttf @ https://onvio.com.br/staff/:0
[   29280ms] [WARNING] OTS parsing error: BASE: invalid table offset @ https://onvio.com.br/staff/:0
[   29281ms] [WARNING] Failed to decode downloaded font: https://onvio.com.br/staff/SourceSans3-Regular.ab920762075b81fb.ttf @ https://onvio.com.br/staff/:0
[   29281ms] [WARNING] OTS parsing error: BASE: invalid table offset @ https://onvio.com.br/staff/:0
[   29281ms] [WARNING] Failed to decode downloaded font: https://onvio.com.br/staff/SourceSans3-Regular.ab920762075b81fb.ttf @ https://onvio.com.br/staff/:0
[   29281ms] [WARNING] OTS parsing error: BASE: invalid table offset @ https://onvio.com.br/staff/:0
[   29281ms] [WARNING] Failed to decode downloaded font: https://onvio.com.br/staff/SourceSans3-Regular.ab920762075b81fb.ttf @ https://onvio.com.br/staff/:0
[   29281ms] [WARNING] OTS parsing error: BASE: invalid table offset @ https://onvio.com.br/staff/:0
[   29282ms] [WARNING] Failed to decode downloaded font: https://onvio.com.br/staff/SourceSans3-Regular.ab920762075b81fb.ttf @ https://onvio.com.br/staff/:0
[   29282ms] [WARNING] OTS parsing error: BASE: invalid table offset @ https://onvio.com.br/staff/:0
[   29282ms] [WARNING] Failed to decode downloaded font: https://onvio.com.br/staff/SourceSans3-Regular.ab920762075b81fb.ttf @ https://onvio.com.br/staff/:0
[   29282ms] [WARNING] OTS parsing error: BASE: invalid table offset @ https://onvio.com.br/staff/:0
[   29282ms] [WARNING] Failed to decode downloaded font: https://onvio.com.br/staff/SourceSans3-Regular.ab920762075b81fb.ttf @ https://onvio.com.br/staff/:0
[   29282ms] [WARNING] OTS parsing error: BASE: invalid table offset @ https://onvio.com.br/staff/:0
[   29282ms] [WARNING] Failed to decode downloaded font: https://onvio.com.br/staff/SourceSans3-Regular.ab920762075b81fb.ttf @ https://onvio.com.br/staff/:0
[   29282ms] [WARNING] OTS parsing error: BASE: invalid table offset @ https://onvio.com.br/staff/:0
[   29283ms] [WARNING] Failed to decode downloaded font: https://onvio.com.br/staff/SourceSans3-Regular.ab920762075b81fb.ttf @ https://onvio.com.br/staff/:0
[   29283ms] [WARNING] OTS parsing error: BASE: invalid table offset @ https://onvio.com.br/staff/:0
[   29955ms] [WARNING] Failed to decode downloaded font: https://onvio.com.br/staff/SourceSans3VF-Upright.ttf.e7f20fc9b00b0e8a.woff2 @ https://onvio.com.br/staff/assets/legacy-files.js:1
[   29955ms] [WARNING] OTS parsing error: Failed to convert WOFF 2.0 font to SFNT @ https://onvio.com.br/staff/assets/legacy-files.js:1
[   29956ms] [WARNING] Failed to decode downloaded font: https://onvio.com.br/staff/SourceSans3-Regular.ttf.dab9805cb7eb3d8f.woff @ https://onvio.com.br/staff/assets/legacy-files.js:1
[   29956ms] [WARNING] OTS parsing error: incorrect file size in WOFF header @ https://onvio.com.br/staff/assets/legacy-files.js:1
[   29957ms] [WARNING] Failed to decode downloaded font: https://onvio.com.br/staff/SourceSans3-Regular.114f93b5f3b7d159.otf @ https://onvio.com.br/staff/assets/legacy-files.js:1
[   29957ms] [WARNING] OTS parsing error: bad table directory searchRange
bad table directory entrySelector
bad table directory rangeShift
Invalid table tag: 0x604241
 `BA: misaligned table @ https://onvio.com.br/staff/assets/legacy-files.js:1
[   29958ms] [WARNING] Failed to decode downloaded font: https://onvio.com.br/staff/SourceSans3-Regular.ab920762075b81fb.ttf @ https://onvio.com.br/staff/assets/legacy-files.js:1
[   29958ms] [WARNING] OTS parsing error: BASE: invalid table offset @ https://onvio.com.br/staff/assets/legacy-files.js:1
[   29958ms] [WARNING] Failed to decode downloaded font: https://onvio.com.br/staff/SourceSans3VF-Upright.ttf.e7f20fc9b00b0e8a.woff2 @ https://onvio.com.br/staff/assets/legacy-files.js:1
[   29958ms] [WARNING] OTS parsing error: Failed to convert WOFF 2.0 font to SFNT @ https://onvio.com.br/staff/assets/legacy-files.js:1
[   29959ms] [WARNING] Failed to decode downloaded font: https://onvio.com.br/staff/SourceSans3-Regular.ttf.dab9805cb7eb3d8f.woff @ https://onvio.com.br/staff/assets/legacy-files.js:1
[   29959ms] [WARNING] OTS parsing error: incorrect file size in WOFF header @ https://onvio.com.br/staff/assets/legacy-files.js:1
[   29959ms] [WARNING] Failed to decode downloaded font: https://onvio.com.br/staff/SourceSans3-Regular.114f93b5f3b7d159.otf @ https://onvio.com.br/staff/assets/legacy-files.js:1
[   29960ms] [WARNING] OTS parsing error: bad table directory searchRange
bad table directory entrySelector
bad table directory rangeShift
Invalid table tag: 0x604241
 `BA: misaligned table @ https://onvio.com.br/staff/assets/legacy-files.js:1
[   29960ms] [WARNING] Failed to decode downloaded font: https://onvio.com.br/staff/SourceSans3-Regular.ab920762075b81fb.ttf @ https://onvio.com.br/staff/assets/legacy-files.js:1
[   29962ms] [WARNING] OTS parsing error: BASE: invalid table offset @ https://onvio.com.br/staff/assets/legacy-files.js:1
[   29962ms] [WARNING] Failed to decode downloaded font: https://onvio.com.br/staff/SourceSans3VF-Upright.ttf.e7f20fc9b00b0e8a.woff2 @ https://onvio.com.br/staff/assets/legacy-files.js:1
[   29962ms] [WARNING] OTS parsing error: Failed to convert WOFF 2.0 font to SFNT @ https://onvio.com.br/staff/assets/legacy-files.js:1
[   29963ms] [WARNING] Failed to decode downloaded font: https://onvio.com.br/staff/SourceSans3-Regular.ttf.dab9805cb7eb3d8f.woff @ https://onvio.com.br/staff/assets/legacy-files.js:1
[   29963ms] [WARNING] OTS parsing error: incorrect file size in WOFF header @ https://onvio.com.br/staff/assets/legacy-files.js:1
[   29963ms] [WARNING] Failed to decode downloaded font: https://onvio.com.br/staff/SourceSans3-Regular.114f93b5f3b7d159.otf @ https://onvio.com.br/staff/assets/legacy-files.js:1
[   29963ms] [WARNING] OTS parsing error: bad table directory searchRange
bad table directory entrySelector
bad table directory rangeShift
Invalid table tag: 0x604241
 `BA: misaligned table @ https://onvio.com.br/staff/assets/legacy-files.js:1
[   29963ms] [WARNING] Failed to decode downloaded font: https://onvio.com.br/staff/SourceSans3-Regular.ab920762075b81fb.ttf @ https://onvio.com.br/staff/assets/legacy-files.js:1
[   29964ms] [WARNING] OTS parsing error: BASE: invalid table offset @ https://onvio.com.br/staff/assets/legacy-files.js:1
[   29964ms] [WARNING] Failed to decode downloaded font: https://onvio.com.br/staff/SourceSans3VF-Upright.ttf.e7f20fc9b00b0e8a.woff2 @ https://onvio.com.br/staff/assets/legacy-files.js:1
[   29964ms] [WARNING] OTS parsing error: Failed to convert WOFF 2.0 font to SFNT @ https://onvio.com.br/staff/assets/legacy-files.js:1
[   29965ms] [WARNING] Failed to decode downloaded font: https://onvio.com.br/staff/SourceSans3-Regular.ttf.dab9805cb7eb3d8f.woff @ https://onvio.com.br/staff/assets/legacy-files.js:1
[   29965ms] [WARNING] OTS parsing error: incorrect file size in WOFF header @ https://onvio.com.br/staff/assets/legacy-files.js:1
[   29965ms] [WARNING] Failed to decode downloaded font: https://onvio.com.br/staff/SourceSans3-Regular.114f93b5f3b7d159.otf @ https://onvio.com.br/staff/assets/legacy-files.js:1
[   29966ms] [WARNING] OTS parsing error: bad table directory searchRange
bad table directory entrySelector
bad table directory rangeShift
Invalid table tag: 0x604241
 `BA: misaligned table @ https://onvio.com.br/staff/assets/legacy-files.js:1
[   29966ms] [WARNING] Failed to decode downloaded font: https://onvio.com.br/staff/SourceSans3-Regular.ab920762075b81fb.ttf @ https://onvio.com.br/staff/assets/legacy-files.js:1
[   29966ms] [WARNING] OTS parsing error: BASE: invalid table offset @ https://onvio.com.br/staff/assets/legacy-files.js:1
[   29967ms] [WARNING] Failed to decode downloaded font: https://onvio.com.br/staff/SourceSans3VF-Upright.ttf.e7f20fc9b00b0e8a.woff2 @ https://onvio.com.br/staff/assets/legacy-files.js:1
[   29967ms] [WARNING] OTS parsing error: Failed to convert WOFF 2.0 font to SFNT @ https://onvio.com.br/staff/assets/legacy-files.js:1
[   29968ms] [WARNING] Failed to decode downloaded font: https://onvio.com.br/staff/SourceSans3-Regular.ttf.dab9805cb7eb3d8f.woff @ https://onvio.com.br/staff/assets/legacy-files.js:1
[   29968ms] [WARNING] OTS parsing error: incorrect file size in WOFF header @ https://onvio.com.br/staff/assets/legacy-files.js:1
[   29968ms] [WARNING] Failed to decode downloaded font: https://onvio.com.br/staff/SourceSans3-Regular.114f93b5f3b7d159.otf @ https://onvio.com.br/staff/assets/legacy-files.js:1
[   29968ms] [WARNING] OTS parsing error: bad table directory searchRange
bad table directory entrySelector
bad table directory rangeShift
Invalid table tag: 0x604241
 `BA: misaligned table @ https://onvio.com.br/staff/assets/legacy-files.js:1
[   29969ms] [WARNING] Failed to decode downloaded font: https://onvio.com.br/staff/SourceSans3-Regular.ab920762075b81fb.ttf @ https://onvio.com.br/staff/assets/legacy-files.js:1
[   29969ms] [WARNING] OTS parsing error: BASE: invalid table offset @ https://onvio.com.br/staff/assets/legacy-files.js:1
[   29970ms] [WARNING] Failed to decode downloaded font: https://onvio.com.br/staff/SourceSans3VF-Upright.ttf.e7f20fc9b00b0e8a.woff2 @ https://onvio.com.br/staff/assets/legacy-files.js:1
[   29970ms] [WARNING] OTS parsing error: Failed to convert WOFF 2.0 font to SFNT @ https://onvio.com.br/staff/assets/legacy-files.js:1
[   29970ms] [WARNING] Failed to decode downloaded font: https://onvio.com.br/staff/SourceSans3VF-Upright.ttf.e7f20fc9b00b0e8a.woff2 @ https://onvio.com.br/staff/assets/legacy-files.js:1
[   29970ms] [WARNING] OTS parsing error: Failed to convert WOFF 2.0 font to SFNT @ https://onvio.com.br/staff/assets/legacy-files.js:1
[   29971ms] [WARNING] Failed to decode downloaded font: https://onvio.com.br/staff/SourceSans3VF-Upright.ttf.e7f20fc9b00b0e8a.woff2 @ https://onvio.com.br/staff/assets/legacy-files.js:1
[   29971ms] [WARNING] OTS parsing error: Failed to convert WOFF 2.0 font to SFNT @ https://onvio.com.br/staff/assets/legacy-files.js:1
[   29971ms] [WARNING] Failed to decode downloaded font: https://onvio.com.br/staff/SourceSans3VF-Upright.ttf.e7f20fc9b00b0e8a.woff2 @ https://onvio.com.br/staff/assets/legacy-files.js:1
[   29971ms] [WARNING] OTS parsing error: Failed to convert WOFF 2.0 font to SFNT @ https://onvio.com.br/staff/assets/legacy-files.js:1
[   29972ms] [WARNING] Failed to decode downloaded font: https://onvio.com.br/staff/SourceSans3VF-Upright.ttf.e7f20fc9b00b0e8a.woff2 @ https://onvio.com.br/staff/assets/legacy-files.js:1
[   29972ms] [WARNING] OTS parsing error: Failed to convert WOFF 2.0 font to SFNT @ https://onvio.com.br/staff/assets/legacy-files.js:1
[   29972ms] [WARNING] Failed to decode downloaded font: https://onvio.com.br/staff/SourceSans3VF-Upright.ttf.e7f20fc9b00b0e8a.woff2 @ https://onvio.com.br/staff/assets/legacy-files.js:1
[   29972ms] [WARNING] OTS parsing error: Failed to convert WOFF 2.0 font to SFNT @ https://onvio.com.br/staff/assets/legacy-files.js:1
[   29973ms] [WARNING] Failed to decode downloaded font: https://onvio.com.br/staff/SourceSans3VF-Upright.ttf.e7f20fc9b00b0e8a.woff2 @ https://onvio.com.br/staff/assets/legacy-files.js:1
[   29973ms] [WARNING] OTS parsing error: Failed to convert WOFF 2.0 font to SFNT @ https://onvio.com.br/staff/assets/legacy-files.js:1
[   29973ms] [WARNING] Failed to decode downloaded font: https://onvio.com.br/staff/SourceSans3VF-Upright.ttf.e7f20fc9b00b0e8a.woff2 @ https://onvio.com.br/staff/assets/legacy-files.js:1
[   29973ms] [WARNING] OTS parsing error: Failed to convert WOFF 2.0 font to SFNT @ https://onvio.com.br/staff/assets/legacy-files.js:1
[   29974ms] [WARNING] Failed to decode downloaded font: https://onvio.com.br/staff/SourceSans3VF-Upright.ttf.e7f20fc9b00b0e8a.woff2 @ https://onvio.com.br/staff/assets/legacy-files.js:1
[   29974ms] [WARNING] OTS parsing error: Failed to convert WOFF 2.0 font to SFNT @ https://onvio.com.br/staff/assets/legacy-files.js:1
[   29974ms] [WARNING] Failed to decode downloaded font: https://onvio.com.br/staff/SourceSans3-Regular.ttf.dab9805cb7eb3d8f.woff @ https://onvio.com.br/staff/assets/legacy-files.js:1
[   29974ms] [WARNING] OTS parsing error: incorrect file size in WOFF header @ https://onvio.com.br/staff/assets/legacy-files.js:1
[   29974ms] [WARNING] Failed to decode downloaded font: https://onvio.com.br/staff/SourceSans3-Regular.114f93b5f3b7d159.otf @ https://onvio.com.br/staff/assets/legacy-files.js:1
[   29974ms] [WARNING] OTS parsing error: bad table directory searchRange
bad table directory entrySelector
bad table directory rangeShift
Invalid table tag: 0x604241
 `BA: misaligned table @ https://onvio.com.br/staff/assets/legacy-files.js:1
[   29975ms] [WARNING] Failed to decode downloaded font: https://onvio.com.br/staff/SourceSans3-Regular.ab920762075b81fb.ttf @ https://onvio.com.br/staff/assets/legacy-files.js:1
[   29975ms] [WARNING] OTS parsing error: BASE: invalid table offset @ https://onvio.com.br/staff/assets/legacy-files.js:1
[   29975ms] [WARNING] Failed to decode downloaded font: https://onvio.com.br/staff/SourceSans3VF-Upright.ttf.e7f20fc9b00b0e8a.woff2 @ https://onvio.com.br/staff/assets/legacy-files.js:1
[   29976ms] [WARNING] OTS parsing error: Failed to convert WOFF 2.0 font to SFNT @ https://onvio.com.br/staff/assets/legacy-files.js:1
[   29976ms] [WARNING] Failed to decode downloaded font: https://onvio.com.br/staff/SourceSans3-Regular.ttf.dab9805cb7eb3d8f.woff @ https://onvio.com.br/staff/assets/legacy-files.js:1
[   29976ms] [WARNING] OTS parsing error: incorrect file size in WOFF header @ https://onvio.com.br/staff/assets/legacy-files.js:1
[   29977ms] [WARNING] Failed to decode downloaded font: https://onvio.com.br/staff/SourceSans3-Regular.114f93b5f3b7d159.otf @ https://onvio.com.br/staff/assets/legacy-files.js:1
[   29977ms] [WARNING] OTS parsing error: bad table directory searchRange
bad table directory entrySelector
bad table directory rangeShift
Invalid table tag: 0x604241
 `BA: misaligned table @ https://onvio.com.br/staff/assets/legacy-files.js:1
[   29978ms] [WARNING] Failed to decode downloaded font: https://onvio.com.br/staff/SourceSans3-Regular.ab920762075b81fb.ttf @ https://onvio.com.br/staff/assets/legacy-files.js:1
[   29978ms] [WARNING] OTS parsing error: BASE: invalid table offset @ https://onvio.com.br/staff/assets/legacy-files.js:1
[   29978ms] [WARNING] Failed to decode downloaded font: https://onvio.com.br/staff/SourceSans3VF-Upright.ttf.e7f20fc9b00b0e8a.woff2 @ https://onvio.com.br/staff/assets/legacy-files.js:1
[   29978ms] [WARNING] OTS parsing error: Failed to convert WOFF 2.0 font to SFNT @ https://onvio.com.br/staff/assets/legacy-files.js:1
[   29978ms] [WARNING] Failed to decode downloaded font: https://onvio.com.br/staff/SourceSans3-Regular.ttf.dab9805cb7eb3d8f.woff @ https://onvio.com.br/staff/assets/legacy-files.js:1
[   29978ms] [WARNING] OTS parsing error: incorrect file size in WOFF header @ https://onvio.com.br/staff/assets/legacy-files.js:1
[   29979ms] [WARNING] Failed to decode downloaded font: https://onvio.com.br/staff/SourceSans3-Regular.114f93b5f3b7d159.otf @ https://onvio.com.br/staff/assets/legacy-files.js:1
[   29979ms] [WARNING] OTS parsing error: bad table directory searchRange
bad table directory entrySelector
bad table directory rangeShift
Invalid table tag: 0x604241
 `BA: misaligned table @ https://onvio.com.br/staff/assets/legacy-files.js:1
[   29979ms] [WARNING] Failed to decode downloaded font: https://onvio.com.br/staff/SourceSans3-Regular.ab920762075b81fb.ttf @ https://onvio.com.br/staff/assets/legacy-files.js:1
[   29979ms] [WARNING] OTS parsing error: BASE: invalid table offset @ https://onvio.com.br/staff/assets/legacy-files.js:1
[   29979ms] [WARNING] Failed to decode downloaded font: https://onvio.com.br/staff/SourceSans3VF-Upright.ttf.e7f20fc9b00b0e8a.woff2 @ https://onvio.com.br/staff/assets/legacy-files.js:1
[   29980ms] [WARNING] OTS parsing error: Failed to convert WOFF 2.0 font to SFNT @ https://onvio.com.br/staff/assets/legacy-files.js:1
[   29980ms] [WARNING] Failed to decode downloaded font: https://onvio.com.br/staff/SourceSans3-Regular.ttf.dab9805cb7eb3d8f.woff @ https://onvio.com.br/staff/assets/legacy-files.js:1
[   29980ms] [WARNING] OTS parsing error: incorrect file size in WOFF header @ https://onvio.com.br/staff/assets/legacy-files.js:1
[   29980ms] [WARNING] Failed to decode downloaded font: https://onvio.com.br/staff/SourceSans3-Regular.114f93b5f3b7d159.otf @ https://onvio.com.br/staff/assets/legacy-files.js:1
[   29980ms] [WARNING] OTS parsing error: bad table directory searchRange
bad table directory entrySelector
bad table directory rangeShift
Invalid table tag: 0x604241
 `BA: misaligned table @ https://onvio.com.br/staff/assets/legacy-files.js:1
[   29980ms] [WARNING] Failed to decode downloaded font: https://onvio.com.br/staff/SourceSans3-Regular.ab920762075b81fb.ttf @ https://onvio.com.br/staff/assets/legacy-files.js:1
[   29980ms] [WARNING] OTS parsing error: BASE: invalid table offset @ https://onvio.com.br/staff/assets/legacy-files.js:1
[   29981ms] [WARNING] Failed to decode downloaded font: https://onvio.com.br/staff/SourceSans3VF-Upright.ttf.e7f20fc9b00b0e8a.woff2 @ https://onvio.com.br/staff/assets/legacy-files.js:1
[   29981ms] [WARNING] OTS parsing error: Failed to convert WOFF 2.0 font to SFNT @ https://onvio.com.br/staff/assets/legacy-files.js:1
[   29981ms] [WARNING] Failed to decode downloaded font: https://onvio.com.br/staff/SourceSans3-Regular.ttf.dab9805cb7eb3d8f.woff @ https://onvio.com.br/staff/assets/legacy-files.js:1
[   29981ms] [WARNING] OTS parsing error: incorrect file size in WOFF header @ https://onvio.com.br/staff/assets/legacy-files.js:1
[   29981ms] [WARNING] Failed to decode downloaded font: https://onvio.com.br/staff/SourceSans3-Regular.114f93b5f3b7d159.otf @ https://onvio.com.br/staff/assets/legacy-files.js:1
[   29981ms] [WARNING] OTS parsing error: bad table directory searchRange
bad table directory entrySelector
bad table directory rangeShift
Invalid table tag: 0x604241
 `BA: misaligned table @ https://onvio.com.br/staff/assets/legacy-files.js:1
[   29981ms] [WARNING] Failed to decode downloaded font: https://onvio.com.br/staff/SourceSans3-Regular.ab920762075b81fb.ttf @ https://onvio.com.br/staff/assets/legacy-files.js:1
[   29982ms] [WARNING] OTS parsing error: BASE: invalid table offset @ https://onvio.com.br/staff/assets/legacy-files.js:1
[   29982ms] [WARNING] Failed to decode downloaded font: https://onvio.com.br/staff/SourceSans3VF-Upright.ttf.e7f20fc9b00b0e8a.woff2 @ https://onvio.com.br/staff/assets/legacy-files.js:1
[   29982ms] [WARNING] OTS parsing error: Failed to convert WOFF 2.0 font to SFNT @ https://onvio.com.br/staff/assets/legacy-files.js:1
[   29982ms] [WARNING] Failed to decode downloaded font: https://onvio.com.br/staff/SourceSans3-Regular.ttf.dab9805cb7eb3d8f.woff @ https://onvio.com.br/staff/assets/legacy-files.js:1
[   29982ms] [WARNING] OTS parsing error: incorrect file size in WOFF header @ https://onvio.com.br/staff/assets/legacy-files.js:1
[   29983ms] [WARNING] Failed to decode downloaded font: https://onvio.com.br/staff/SourceSans3-Regular.114f93b5f3b7d159.otf @ https://onvio.com.br/staff/assets/legacy-files.js:1
[   29983ms] [WARNING] OTS parsing error: bad table directory searchRange
bad table directory entrySelector
bad table directory rangeShift
Invalid table tag: 0x604241
 `BA: misaligned table @ https://onvio.com.br/staff/assets/legacy-files.js:1
[   29983ms] [WARNING] Failed to decode downloaded font: https://onvio.com.br/staff/SourceSans3-Regular.ab920762075b81fb.ttf @ https://onvio.com.br/staff/assets/legacy-files.js:1
[   29983ms] [WARNING] OTS parsing error: BASE: invalid table offset @ https://onvio.com.br/staff/assets/legacy-files.js:1
[   29983ms] [WARNING] Failed to decode downloaded font: https://onvio.com.br/staff/SourceSans3VF-Upright.ttf.e7f20fc9b00b0e8a.woff2 @ https://onvio.com.br/staff/assets/legacy-files.js:1
[   29983ms] [WARNING] OTS parsing error: Failed to convert WOFF 2.0 font to SFNT @ https://onvio.com.br/staff/assets/legacy-files.js:1
[   29984ms] [WARNING] Failed to decode downloaded font: https://onvio.com.br/staff/SourceSans3-Regular.ttf.dab9805cb7eb3d8f.woff @ https://onvio.com.br/staff/assets/legacy-files.js:1
[   29984ms] [WARNING] OTS parsing error: incorrect file size in WOFF header @ https://onvio.com.br/staff/assets/legacy-files.js:1
[   29984ms] [WARNING] Failed to decode downloaded font: https://onvio.com.br/staff/SourceSans3-Regular.114f93b5f3b7d159.otf @ https://onvio.com.br/staff/assets/legacy-files.js:1
[   29984ms] [WARNING] OTS parsing error: bad table directory searchRange
bad table directory entrySelector
bad table directory rangeShift
Invalid table tag: 0x604241
 `BA: misaligned table @ https://onvio.com.br/staff/assets/legacy-files.js:1
[   29984ms] [WARNING] Failed to decode downloaded font: https://onvio.com.br/staff/SourceSans3-Regular.ab920762075b81fb.ttf @ https://onvio.com.br/staff/assets/legacy-files.js:1
[   29984ms] [WARNING] OTS parsing error: BASE: invalid table offset @ https://onvio.com.br/staff/assets/legacy-files.js:1
[   29984ms] [WARNING] Failed to decode downloaded font: https://onvio.com.br/staff/SourceSans3VF-Upright.ttf.e7f20fc9b00b0e8a.woff2 @ https://onvio.com.br/staff/assets/legacy-files.js:1
[   29984ms] [WARNING] OTS parsing error: Failed to convert WOFF 2.0 font to SFNT @ https://onvio.com.br/staff/assets/legacy-files.js:1
[   29984ms] [WARNING] Failed to decode downloaded font: https://onvio.com.br/staff/SourceSans3-Regular.ttf.dab9805cb7eb3d8f.woff @ https://onvio.com.br/staff/assets/legacy-files.js:1
[   29984ms] [WARNING] OTS parsing error: incorrect file size in WOFF header @ https://onvio.com.br/staff/assets/legacy-files.js:1
[   29984ms] [WARNING] Failed to decode downloaded font: https://onvio.com.br/staff/SourceSans3-Regular.114f93b5f3b7d159.otf @ https://onvio.com.br/staff/assets/legacy-files.js:1
[   29985ms] [WARNING] OTS parsing error: bad table directory searchRange
bad table directory entrySelector
bad table directory rangeShift
Invalid table tag: 0x604241
 `BA: misaligned table @ https://onvio.com.br/staff/assets/legacy-files.js:1
[   29985ms] [WARNING] Failed to decode downloaded font: https://onvio.com.br/staff/SourceSans3-Regular.ab920762075b81fb.ttf @ https://onvio.com.br/staff/assets/legacy-files.js:1
[   29985ms] [WARNING] OTS parsing error: BASE: invalid table offset @ https://onvio.com.br/staff/assets/legacy-files.js:1
[   29985ms] [WARNING] Failed to decode downloaded font: https://onvio.com.br/staff/SourceSans3VF-Upright.ttf.e7f20fc9b00b0e8a.woff2 @ https://onvio.com.br/staff/assets/legacy-files.js:1
[   29985ms] [WARNING] OTS parsing error: Failed to convert WOFF 2.0 font to SFNT @ https://onvio.com.br/staff/assets/legacy-files.js:1
[   29985ms] [WARNING] Failed to decode downloaded font: https://onvio.com.br/staff/SourceSans3-Regular.114f93b5f3b7d159.otf @ https://onvio.com.br/staff/assets/legacy-files.js:1
[   29985ms] [WARNING] OTS parsing error: bad table directory searchRange
bad table directory entrySelector
bad table directory rangeShift
Invalid table tag: 0x604241
 `BA: misaligned table @ https://onvio.com.br/staff/assets/legacy-files.js:1
[   29986ms] [WARNING] Failed to decode downloaded font: https://onvio.com.br/staff/SourceSans3-Regular.ttf.dab9805cb7eb3d8f.woff @ https://onvio.com.br/staff/assets/legacy-files.js:1
[   29986ms] [WARNING] OTS parsing error: incorrect file size in WOFF header @ https://onvio.com.br/staff/assets/legacy-files.js:1
[   29986ms] [WARNING] Failed to decode downloaded font: https://onvio.com.br/staff/SourceSans3-Regular.ab920762075b81fb.ttf @ https://onvio.com.br/staff/assets/legacy-files.js:1
[   29986ms] [WARNING] OTS parsing error: BASE: invalid table offset @ https://onvio.com.br/staff/assets/legacy-files.js:1
[   29986ms] [WARNING] Failed to decode downloaded font: https://onvio.com.br/staff/SourceSans3VF-Upright.ttf.e7f20fc9b00b0e8a.woff2 @ https://onvio.com.br/staff/assets/legacy-files.js:1
[   29986ms] [WARNING] OTS parsing error: Failed to convert WOFF 2.0 font to SFNT @ https://onvio.com.br/staff/assets/legacy-files.js:1
[   29986ms] [WARNING] Failed to decode downloaded font: https://onvio.com.br/staff/SourceSans3-Regular.ttf.dab9805cb7eb3d8f.woff @ https://onvio.com.br/staff/assets/legacy-files.js:1
[   29986ms] [WARNING] OTS parsing error: incorrect file size in WOFF header @ https://onvio.com.br/staff/assets/legacy-files.js:1
[   29986ms] [WARNING] Failed to decode downloaded font: https://onvio.com.br/staff/SourceSans3-Regular.114f93b5f3b7d159.otf @ https://onvio.com.br/staff/assets/legacy-files.js:1
[   29986ms] [WARNING] OTS parsing error: bad table directory searchRange
bad table directory entrySelector
bad table directory rangeShift
Invalid table tag: 0x604241
 `BA: misaligned table @ https://onvio.com.br/staff/assets/legacy-files.js:1
[   29987ms] [WARNING] Failed to decode downloaded font: https://onvio.com.br/staff/SourceSans3-Regular.ab920762075b81fb.ttf @ https://onvio.com.br/staff/assets/legacy-files.js:1
[   29987ms] [WARNING] OTS parsing error: BASE: invalid table offset @ https://onvio.com.br/staff/assets/legacy-files.js:1
[   29987ms] [WARNING] Failed to decode downloaded font: https://onvio.com.br/staff/SourceSans3VF-Upright.ttf.e7f20fc9b00b0e8a.woff2 @ https://onvio.com.br/staff/assets/legacy-files.js:1
[   29987ms] [WARNING] OTS parsing error: Failed to convert WOFF 2.0 font to SFNT @ https://onvio.com.br/staff/assets/legacy-files.js:1
[   29987ms] [WARNING] Failed to decode downloaded font: https://onvio.com.br/staff/SourceSans3-Regular.ttf.dab9805cb7eb3d8f.woff @ https://onvio.com.br/staff/assets/legacy-files.js:1
[   29987ms] [WARNING] OTS parsing error: incorrect file size in WOFF header @ https://onvio.com.br/staff/assets/legacy-files.js:1
[   29987ms] [WARNING] Failed to decode downloaded font: https://onvio.com.br/staff/SourceSans3-Regular.114f93b5f3b7d159.otf @ https://onvio.com.br/staff/assets/legacy-files.js:1
[   29987ms] [WARNING] OTS parsing error: bad table directory searchRange
bad table directory entrySelector
bad table directory rangeShift
Invalid table tag: 0x604241
 `BA: misaligned table @ https://onvio.com.br/staff/assets/legacy-files.js:1
[   29987ms] [WARNING] Failed to decode downloaded font: https://onvio.com.br/staff/SourceSans3-Regular.ab920762075b81fb.ttf @ https://onvio.com.br/staff/assets/legacy-files.js:1
[   29987ms] [WARNING] OTS parsing error: BASE: invalid table offset @ https://onvio.com.br/staff/assets/legacy-files.js:1
[   29987ms] [WARNING] Failed to decode downloaded font: https://onvio.com.br/staff/SourceSans3VF-Upright.ttf.e7f20fc9b00b0e8a.woff2 @ https://onvio.com.br/staff/assets/legacy-files.js:1
[   29988ms] [WARNING] OTS parsing error: Failed to convert WOFF 2.0 font to SFNT @ https://onvio.com.br/staff/assets/legacy-files.js:1
[   29988ms] [WARNING] Failed to decode downloaded font: https://onvio.com.br/staff/SourceSans3-Regular.ttf.dab9805cb7eb3d8f.woff @ https://onvio.com.br/staff/assets/legacy-files.js:1
[   29988ms] [WARNING] OTS parsing error: incorrect file size in WOFF header @ https://onvio.com.br/staff/assets/legacy-files.js:1
[   29988ms] [WARNING] Failed to decode downloaded font: https://onvio.com.br/staff/SourceSans3-Regular.114f93b5f3b7d159.otf @ https://onvio.com.br/staff/assets/legacy-files.js:1
[   29988ms] [WARNING] OTS parsing error: bad table directory searchRange
bad table directory entrySelector
bad table directory rangeShift
Invalid table tag: 0x604241
 `BA: misaligned table @ https://onvio.com.br/staff/assets/legacy-files.js:1
[   29988ms] [WARNING] Failed to decode downloaded font: https://onvio.com.br/staff/SourceSans3-Regular.ab920762075b81fb.ttf @ https://onvio.com.br/staff/assets/legacy-files.js:1
[   29988ms] [WARNING] OTS parsing error: BASE: invalid table offset @ https://onvio.com.br/staff/assets/legacy-files.js:1
[   29988ms] [WARNING] Failed to decode downloaded font: https://onvio.com.br/staff/SourceSans3VF-Upright.ttf.e7f20fc9b00b0e8a.woff2 @ https://onvio.com.br/staff/assets/legacy-files.js:1
[   29989ms] [WARNING] OTS parsing error: Failed to convert WOFF 2.0 font to SFNT @ https://onvio.com.br/staff/assets/legacy-files.js:1
[   29989ms] [WARNING] Failed to decode downloaded font: https://onvio.com.br/staff/SourceSans3-Regular.ttf.dab9805cb7eb3d8f.woff @ https://onvio.com.br/staff/assets/legacy-files.js:1
[   29989ms] [WARNING] OTS parsing error: incorrect file size in WOFF header @ https://onvio.com.br/staff/assets/legacy-files.js:1
[   29989ms] [WARNING] Failed to decode downloaded font: https://onvio.com.br/staff/SourceSans3-Regular.114f93b5f3b7d159.otf @ https://onvio.com.br/staff/assets/legacy-files.js:1
[   29989ms] [WARNING] OTS parsing error: bad table directory searchRange
bad table directory entrySelector
bad table directory rangeShift
Invalid table tag: 0x604241
 `BA: misaligned table @ https://onvio.com.br/staff/assets/legacy-files.js:1
[   29989ms] [WARNING] Failed to decode downloaded font: https://onvio.com.br/staff/SourceSans3-Regular.ab920762075b81fb.ttf @ https://onvio.com.br/staff/assets/legacy-files.js:1
[   29989ms] [WARNING] OTS parsing error: BASE: invalid table offset @ https://onvio.com.br/staff/assets/legacy-files.js:1
[   29989ms] [WARNING] Failed to decode downloaded font: https://onvio.com.br/staff/SourceSans3VF-Upright.ttf.e7f20fc9b00b0e8a.woff2 @ https://onvio.com.br/staff/assets/legacy-files.js:1
[   29989ms] [WARNING] OTS parsing error: Failed to convert WOFF 2.0 font to SFNT @ https://onvio.com.br/staff/assets/legacy-files.js:1
[   29989ms] [WARNING] Failed to decode downloaded font: https://onvio.com.br/staff/SourceSans3-Regular.ttf.dab9805cb7eb3d8f.woff @ https://onvio.com.br/staff/assets/legacy-files.js:1
[   29989ms] [WARNING] OTS parsing error: incorrect file size in WOFF header @ https://onvio.com.br/staff/assets/legacy-files.js:1
[   29990ms] [WARNING] Failed to decode downloaded font: https://onvio.com.br/staff/SourceSans3-Regular.114f93b5f3b7d159.otf @ https://onvio.com.br/staff/assets/legacy-files.js:1
[   29990ms] [WARNING] OTS parsing error: bad table directory searchRange
bad table directory entrySelector
bad table directory rangeShift
Invalid table tag: 0x604241
 `BA: misaligned table @ https://onvio.com.br/staff/assets/legacy-files.js:1
[   29990ms] [WARNING] Failed to decode downloaded font: https://onvio.com.br/staff/SourceSans3-Regular.ab920762075b81fb.ttf @ https://onvio.com.br/staff/assets/legacy-files.js:1
[   29990ms] [WARNING] OTS parsing error: BASE: invalid table offset @ https://onvio.com.br/staff/assets/legacy-files.js:1
[   29990ms] [WARNING] Failed to decode downloaded font: https://onvio.com.br/staff/SourceSans3VF-Upright.ttf.e7f20fc9b00b0e8a.woff2 @ https://onvio.com.br/staff/assets/legacy-files.js:1
[   29990ms] [WARNING] OTS parsing error: Failed to convert WOFF 2.0 font to SFNT @ https://onvio.com.br/staff/assets/legacy-files.js:1
[   29990ms] [WARNING] Failed to decode downloaded font: https://onvio.com.br/staff/SourceSans3-Regular.ttf.dab9805cb7eb3d8f.woff @ https://onvio.com.br/staff/assets/legacy-files.js:1
[   29990ms] [WARNING] OTS parsing error: incorrect file size in WOFF header @ https://onvio.com.br/staff/assets/legacy-files.js:1
[   29990ms] [WARNING] Failed to decode downloaded font: https://onvio.com.br/staff/SourceSans3-Regular.114f93b5f3b7d159.otf @ https://onvio.com.br/staff/assets/legacy-files.js:1
[   29990ms] [WARNING] OTS parsing error: bad table directory searchRange
bad table directory entrySelector
bad table directory rangeShift
Invalid table tag: 0x604241
 `BA: misaligned table @ https://onvio.com.br/staff/assets/legacy-files.js:1
[   29990ms] [WARNING] Failed to decode downloaded font: https://onvio.com.br/staff/SourceSans3-Regular.ab920762075b81fb.ttf @ https://onvio.com.br/staff/assets/legacy-files.js:1
[   29991ms] [WARNING] OTS parsing error: BASE: invalid table offset @ https://onvio.com.br/staff/assets/legacy-files.js:1
[   29991ms] [WARNING] Failed to decode downloaded font: https://onvio.com.br/staff/SourceSans3VF-Upright.ttf.e7f20fc9b00b0e8a.woff2 @ https://onvio.com.br/staff/assets/legacy-files.js:1
[   29991ms] [WARNING] OTS parsing error: Failed to convert WOFF 2.0 font to SFNT @ https://onvio.com.br/staff/assets/legacy-files.js:1
[   29991ms] [WARNING] Failed to decode downloaded font: https://onvio.com.br/staff/SourceSans3-Regular.ttf.dab9805cb7eb3d8f.woff @ https://onvio.com.br/staff/assets/legacy-files.js:1
[   29991ms] [WARNING] OTS parsing error: incorrect file size in WOFF header @ https://onvio.com.br/staff/assets/legacy-files.js:1
[   29991ms] [WARNING] Failed to decode downloaded font: https://onvio.com.br/staff/SourceSans3-Regular.114f93b5f3b7d159.otf @ https://onvio.com.br/staff/assets/legacy-files.js:1
[   29991ms] [WARNING] OTS parsing error: bad table directory searchRange
bad table directory entrySelector
bad table directory rangeShift
Invalid table tag: 0x604241
 `BA: misaligned table @ https://onvio.com.br/staff/assets/legacy-files.js:1
[   29991ms] [WARNING] Failed to decode downloaded font: https://onvio.com.br/staff/SourceSans3-Regular.ab920762075b81fb.ttf @ https://onvio.com.br/staff/assets/legacy-files.js:1
[   29991ms] [WARNING] OTS parsing error: BASE: invalid table offset @ https://onvio.com.br/staff/assets/legacy-files.js:1
[   29991ms] [WARNING] Failed to decode downloaded font: https://onvio.com.br/staff/SourceSans3VF-Upright.ttf.e7f20fc9b00b0e8a.woff2 @ https://onvio.com.br/staff/assets/legacy-files.js:1
[   29992ms] [WARNING] OTS parsing error: Failed to convert WOFF 2.0 font to SFNT @ https://onvio.com.br/staff/assets/legacy-files.js:1
[   29992ms] [WARNING] Failed to decode downloaded font: https://onvio.com.br/staff/SourceSans3-Regular.ttf.dab9805cb7eb3d8f.woff @ https://onvio.com.br/staff/assets/legacy-files.js:1
[   29992ms] [WARNING] OTS parsing error: incorrect file size in WOFF header @ https://onvio.com.br/staff/assets/legacy-files.js:1
[   29992ms] [WARNING] Failed to decode downloaded font: https://onvio.com.br/staff/SourceSans3-Regular.114f93b5f3b7d159.otf @ https://onvio.com.br/staff/assets/legacy-files.js:1
[   29992ms] [WARNING] OTS parsing error: bad table directory searchRange
bad table directory entrySelector
bad table directory rangeShift
Invalid table tag: 0x604241
 `BA: misaligned table @ https://onvio.com.br/staff/assets/legacy-files.js:1
[   29992ms] [WARNING] Failed to decode downloaded font: https://onvio.com.br/staff/SourceSans3-Regular.ab920762075b81fb.ttf @ https://onvio.com.br/staff/assets/legacy-files.js:1
[   29992ms] [WARNING] OTS parsing error: BASE: invalid table offset @ https://onvio.com.br/staff/assets/legacy-files.js:1
[   29992ms] [WARNING] Failed to decode downloaded font: https://onvio.com.br/staff/SourceSans3VF-Upright.ttf.e7f20fc9b00b0e8a.woff2 @ https://onvio.com.br/staff/assets/legacy-files.js:1
[   29993ms] [WARNING] OTS parsing error: Failed to convert WOFF 2.0 font to SFNT @ https://onvio.com.br/staff/assets/legacy-files.js:1
[   29993ms] [WARNING] Failed to decode downloaded font: https://onvio.com.br/staff/SourceSans3-Regular.ttf.dab9805cb7eb3d8f.woff @ https://onvio.com.br/staff/assets/legacy-files.js:1
[   29993ms] [WARNING] OTS parsing error: incorrect file size in WOFF header @ https://onvio.com.br/staff/assets/legacy-files.js:1
[   29993ms] [WARNING] Failed to decode downloaded font: https://onvio.com.br/staff/SourceSans3-Regular.114f93b5f3b7d159.otf @ https://onvio.com.br/staff/assets/legacy-files.js:1
[   29994ms] [WARNING] OTS parsing error: bad table directory searchRange
bad table directory entrySelector
bad table directory rangeShift
Invalid table tag: 0x604241
 `BA: misaligned table @ https://onvio.com.br/staff/assets/legacy-files.js:1
[   29994ms] [WARNING] Failed to decode downloaded font: https://onvio.com.br/staff/SourceSans3-Regular.ab920762075b81fb.ttf @ https://onvio.com.br/staff/assets/legacy-files.js:1
[   29994ms] [WARNING] OTS parsing error: BASE: invalid table offset @ https://onvio.com.br/staff/assets/legacy-files.js:1
[   29994ms] [WARNING] Failed to decode downloaded font: https://onvio.com.br/staff/SourceSans3VF-Upright.ttf.e7f20fc9b00b0e8a.woff2 @ https://onvio.com.br/staff/assets/legacy-files.js:1
[   29994ms] [WARNING] OTS parsing error: Failed to convert WOFF 2.0 font to SFNT @ https://onvio.com.br/staff/assets/legacy-files.js:1
[   29994ms] [WARNING] Failed to decode downloaded font: https://onvio.com.br/staff/SourceSans3VF-Upright.ttf.e7f20fc9b00b0e8a.woff2 @ https://onvio.com.br/staff/assets/legacy-files.js:1
[   29994ms] [WARNING] OTS parsing error: Failed to convert WOFF 2.0 font to SFNT @ https://onvio.com.br/staff/assets/legacy-files.js:1
[   29994ms] [WARNING] Failed to decode downloaded font: https://onvio.com.br/staff/SourceSans3VF-Upright.ttf.e7f20fc9b00b0e8a.woff2 @ https://onvio.com.br/staff/assets/legacy-files.js:1
[   29994ms] [WARNING] OTS parsing error: Failed to convert WOFF 2.0 font to SFNT @ https://onvio.com.br/staff/assets/legacy-files.js:1
[   29994ms] [WARNING] Failed to decode downloaded font: https://onvio.com.br/staff/SourceSans3VF-Upright.ttf.e7f20fc9b00b0e8a.woff2 @ https://onvio.com.br/staff/assets/legacy-files.js:1
[   29994ms] [WARNING] OTS parsing error: Failed to convert WOFF 2.0 font to SFNT @ https://onvio.com.br/staff/assets/legacy-files.js:1
[   29994ms] [WARNING] Failed to decode downloaded font: https://onvio.com.br/staff/SourceSans3VF-Upright.ttf.e7f20fc9b00b0e8a.woff2 @ https://onvio.com.br/staff/assets/legacy-files.js:1
[   29994ms] [WARNING] OTS parsing error: Failed to convert WOFF 2.0 font to SFNT @ https://onvio.com.br/staff/assets/legacy-files.js:1
[   29995ms] [WARNING] Failed to decode downloaded font: https://onvio.com.br/staff/SourceSans3VF-Upright.ttf.e7f20fc9b00b0e8a.woff2 @ https://onvio.com.br/staff/assets/legacy-files.js:1
[   29995ms] [WARNING] OTS parsing error: Failed to convert WOFF 2.0 font to SFNT @ https://onvio.com.br/staff/assets/legacy-files.js:1
[   29995ms] [WARNING] Failed to decode downloaded font: https://onvio.com.br/staff/SourceSans3VF-Upright.ttf.e7f20fc9b00b0e8a.woff2 @ https://onvio.com.br/staff/assets/legacy-files.js:1
[   29995ms] [WARNING] OTS parsing error: Failed to convert WOFF 2.0 font to SFNT @ https://onvio.com.br/staff/assets/legacy-files.js:1
[   29995ms] [WARNING] Failed to decode downloaded font: https://onvio.com.br/staff/SourceSans3VF-Upright.ttf.e7f20fc9b00b0e8a.woff2 @ https://onvio.com.br/staff/assets/legacy-files.js:1
[   29995ms] [WARNING] OTS parsing error: Failed to convert WOFF 2.0 font to SFNT @ https://onvio.com.br/staff/assets/legacy-files.js:1
[   29995ms] [WARNING] Failed to decode downloaded font: https://onvio.com.br/staff/SourceSans3VF-Upright.ttf.e7f20fc9b00b0e8a.woff2 @ https://onvio.com.br/staff/assets/legacy-files.js:1
[   29995ms] [WARNING] OTS parsing error: Failed to convert WOFF 2.0 font to SFNT @ https://onvio.com.br/staff/assets/legacy-files.js:1
[   29995ms] [WARNING] Failed to decode downloaded font: https://onvio.com.br/staff/SourceSans3-Regular.ttf.dab9805cb7eb3d8f.woff @ https://onvio.com.br/staff/assets/legacy-files.js:1
[   29995ms] [WARNING] OTS parsing error: incorrect file size in WOFF header @ https://onvio.com.br/staff/assets/legacy-files.js:1
[   29995ms] [WARNING] Failed to decode downloaded font: https://onvio.com.br/staff/SourceSans3-Regular.114f93b5f3b7d159.otf @ https://onvio.com.br/staff/assets/legacy-files.js:1
[   29995ms] [WARNING] OTS parsing error: bad table directory searchRange
bad table directory entrySelector
bad table directory rangeShift
Invalid table tag: 0x604241
 `BA: misaligned table @ https://onvio.com.br/staff/assets/legacy-files.js:1
[   29995ms] [WARNING] Failed to decode downloaded font: https://onvio.com.br/staff/SourceSans3-Regular.ab920762075b81fb.ttf @ https://onvio.com.br/staff/assets/legacy-files.js:1
[   29996ms] [WARNING] OTS parsing error: BASE: invalid table offset @ https://onvio.com.br/staff/assets/legacy-files.js:1
[   29996ms] [WARNING] Failed to decode downloaded font: https://onvio.com.br/staff/SourceSans3VF-Upright.ttf.e7f20fc9b00b0e8a.woff2 @ https://onvio.com.br/staff/assets/legacy-files.js:1
[   29996ms] [WARNING] OTS parsing error: Failed to convert WOFF 2.0 font to SFNT @ https://onvio.com.br/staff/assets/legacy-files.js:1
[   29996ms] [WARNING] Failed to decode downloaded font: https://onvio.com.br/staff/SourceSans3-Regular.ttf.dab9805cb7eb3d8f.woff @ https://onvio.com.br/staff/assets/legacy-files.js:1
[   29996ms] [WARNING] OTS parsing error: incorrect file size in WOFF header @ https://onvio.com.br/staff/assets/legacy-files.js:1
[   29996ms] [WARNING] Failed to decode downloaded font: https://onvio.com.br/staff/SourceSans3-Regular.114f93b5f3b7d159.otf @ https://onvio.com.br/staff/assets/legacy-files.js:1
[   29996ms] [WARNING] OTS parsing error: bad table directory searchRange
bad table directory entrySelector
bad table directory rangeShift
Invalid table tag: 0x604241
 `BA: misaligned table @ https://onvio.com.br/staff/assets/legacy-files.js:1
[   29996ms] [WARNING] Failed to decode downloaded font: https://onvio.com.br/staff/SourceSans3-Regular.ab920762075b81fb.ttf @ https://onvio.com.br/staff/assets/legacy-files.js:1
[   29996ms] [WARNING] OTS parsing error: BASE: invalid table offset @ https://onvio.com.br/staff/assets/legacy-files.js:1
[   29996ms] [WARNING] Failed to decode downloaded font: https://onvio.com.br/staff/SourceSans3VF-Upright.ttf.e7f20fc9b00b0e8a.woff2 @ https://onvio.com.br/staff/assets/legacy-files.js:1
[   29996ms] [WARNING] OTS parsing error: Failed to convert WOFF 2.0 font to SFNT @ https://onvio.com.br/staff/assets/legacy-files.js:1
[   29996ms] [WARNING] Failed to decode downloaded font: https://onvio.com.br/staff/SourceSans3-Regular.ttf.dab9805cb7eb3d8f.woff @ https://onvio.com.br/staff/assets/legacy-files.js:1
[   29997ms] [WARNING] OTS parsing error: incorrect file size in WOFF header @ https://onvio.com.br/staff/assets/legacy-files.js:1
[   29997ms] [WARNING] Failed to decode downloaded font: https://onvio.com.br/staff/SourceSans3-Regular.114f93b5f3b7d159.otf @ https://onvio.com.br/staff/assets/legacy-files.js:1
[   29997ms] [WARNING] OTS parsing error: bad table directory searchRange
bad table directory entrySelector
bad table directory rangeShift
Invalid table tag: 0x604241
 `BA: misaligned table @ https://onvio.com.br/staff/assets/legacy-files.js:1
[   29997ms] [WARNING] Failed to decode downloaded font: https://onvio.com.br/staff/SourceSans3-Regular.ab920762075b81fb.ttf @ https://onvio.com.br/staff/assets/legacy-files.js:1
[   29997ms] [WARNING] OTS parsing error: BASE: invalid table offset @ https://onvio.com.br/staff/assets/legacy-files.js:1
[   29997ms] [WARNING] Failed to decode downloaded font: https://onvio.com.br/staff/SourceSans3VF-Upright.ttf.e7f20fc9b00b0e8a.woff2 @ https://onvio.com.br/staff/assets/legacy-files.js:1
[   29997ms] [WARNING] OTS parsing error: Failed to convert WOFF 2.0 font to SFNT @ https://onvio.com.br/staff/assets/legacy-files.js:1
[   29997ms] [WARNING] Failed to decode downloaded font: https://onvio.com.br/staff/SourceSans3-Regular.ttf.dab9805cb7eb3d8f.woff @ https://onvio.com.br/staff/assets/legacy-files.js:1
[   29997ms] [WARNING] OTS parsing error: incorrect file size in WOFF header @ https://onvio.com.br/staff/assets/legacy-files.js:1
[   29997ms] [WARNING] Failed to decode downloaded font: https://onvio.com.br/staff/SourceSans3-Regular.114f93b5f3b7d159.otf @ https://onvio.com.br/staff/assets/legacy-files.js:1
[   29998ms] [WARNING] OTS parsing error: bad table directory searchRange
bad table directory entrySelector
bad table directory rangeShift
Invalid table tag: 0x604241
 `BA: misaligned table @ https://onvio.com.br/staff/assets/legacy-files.js:1
[   29998ms] [WARNING] Failed to decode downloaded font: https://onvio.com.br/staff/SourceSans3-Regular.ab920762075b81fb.ttf @ https://onvio.com.br/staff/assets/legacy-files.js:1
[   29998ms] [WARNING] OTS parsing error: BASE: invalid table offset @ https://onvio.com.br/staff/assets/legacy-files.js:1
[   29998ms] [WARNING] Failed to decode downloaded font: https://onvio.com.br/staff/SourceSans3VF-Upright.ttf.e7f20fc9b00b0e8a.woff2 @ https://onvio.com.br/staff/assets/legacy-files.js:1
[   29998ms] [WARNING] OTS parsing error: Failed to convert WOFF 2.0 font to SFNT @ https://onvio.com.br/staff/assets/legacy-files.js:1
[   29998ms] [WARNING] Failed to decode downloaded font: https://onvio.com.br/staff/SourceSans3-Regular.ttf.dab9805cb7eb3d8f.woff @ https://onvio.com.br/staff/assets/legacy-files.js:1
[   29998ms] [WARNING] OTS parsing error: incorrect file size in WOFF header @ https://onvio.com.br/staff/assets/legacy-files.js:1
[   29999ms] [WARNING] Failed to decode downloaded font: https://onvio.com.br/staff/SourceSans3-Regular.114f93b5f3b7d159.otf @ https://onvio.com.br/staff/assets/legacy-files.js:1
[   29999ms] [WARNING] OTS parsing error: bad table directory searchRange
bad table directory entrySelector
bad table directory rangeShift
Invalid table tag: 0x604241
 `BA: misaligned table @ https://onvio.com.br/staff/assets/legacy-files.js:1
[   29999ms] [WARNING] Failed to decode downloaded font: https://onvio.com.br/staff/SourceSans3-Regular.ab920762075b81fb.ttf @ https://onvio.com.br/staff/assets/legacy-files.js:1
[   29999ms] [WARNING] OTS parsing error: BASE: invalid table offset @ https://onvio.com.br/staff/assets/legacy-files.js:1
[   29999ms] [WARNING] Failed to decode downloaded font: https://onvio.com.br/staff/SourceSans3VF-Upright.ttf.e7f20fc9b00b0e8a.woff2 @ https://onvio.com.br/staff/assets/legacy-files.js:1
[   29999ms] [WARNING] OTS parsing error: Failed to convert WOFF 2.0 font to SFNT @ https://onvio.com.br/staff/assets/legacy-files.js:1
[   29999ms] [WARNING] Failed to decode downloaded font: https://onvio.com.br/staff/SourceSans3-Regular.ttf.dab9805cb7eb3d8f.woff @ https://onvio.com.br/staff/assets/legacy-files.js:1
[   30000ms] [WARNING] OTS parsing error: incorrect file size in WOFF header @ https://onvio.com.br/staff/assets/legacy-files.js:1
[   30000ms] [WARNING] Failed to decode downloaded font: https://onvio.com.br/staff/SourceSans3-Regular.114f93b5f3b7d159.otf @ https://onvio.com.br/staff/assets/legacy-files.js:1
[   30000ms] [WARNING] OTS parsing error: bad table directory searchRange
bad table directory entrySelector
bad table directory rangeShift
Invalid table tag: 0x604241
 `BA: misaligned table @ https://onvio.com.br/staff/assets/legacy-files.js:1
[   30000ms] [WARNING] Failed to decode downloaded font: https://onvio.com.br/staff/SourceSans3-Regular.ab920762075b81fb.ttf @ https://onvio.com.br/staff/assets/legacy-files.js:1
[   30000ms] [WARNING] OTS parsing error: BASE: invalid table offset @ https://onvio.com.br/staff/assets/legacy-files.js:1
[   30000ms] [WARNING] Failed to decode downloaded font: https://onvio.com.br/staff/SourceSans3VF-Upright.ttf.e7f20fc9b00b0e8a.woff2 @ https://onvio.com.br/staff/assets/legacy-files.js:1
[   30000ms] [WARNING] OTS parsing error: Failed to convert WOFF 2.0 font to SFNT @ https://onvio.com.br/staff/assets/legacy-files.js:1
[   30001ms] [WARNING] Failed to decode downloaded font: https://onvio.com.br/staff/SourceSans3-Regular.ttf.dab9805cb7eb3d8f.woff @ https://onvio.com.br/staff/assets/legacy-files.js:1
[   30001ms] [WARNING] OTS parsing error: incorrect file size in WOFF header @ https://onvio.com.br/staff/assets/legacy-files.js:1
[   30001ms] [WARNING] Failed to decode downloaded font: https://onvio.com.br/staff/SourceSans3-Regular.114f93b5f3b7d159.otf @ https://onvio.com.br/staff/assets/legacy-files.js:1
[   30001ms] [WARNING] OTS parsing error: bad table directory searchRange
bad table directory entrySelector
bad table directory rangeShift
Invalid table tag: 0x604241
 `BA: misaligned table @ https://onvio.com.br/staff/assets/legacy-files.js:1
[   30001ms] [WARNING] Failed to decode downloaded font: https://onvio.com.br/staff/SourceSans3-Regular.ab920762075b81fb.ttf @ https://onvio.com.br/staff/assets/legacy-files.js:1
[   30001ms] [WARNING] OTS parsing error: BASE: invalid table offset @ https://onvio.com.br/staff/assets/legacy-files.js:1
[   30001ms] [WARNING] Failed to decode downloaded font: https://onvio.com.br/staff/SourceSans3VF-Upright.ttf.e7f20fc9b00b0e8a.woff2 @ https://onvio.com.br/staff/assets/legacy-files.js:1
[   30001ms] [WARNING] OTS parsing error: Failed to convert WOFF 2.0 font to SFNT @ https://onvio.com.br/staff/assets/legacy-files.js:1
[   30002ms] [WARNING] Failed to decode downloaded font: https://onvio.com.br/staff/SourceSans3-Regular.ttf.dab9805cb7eb3d8f.woff @ https://onvio.com.br/staff/assets/legacy-files.js:1
[   30002ms] [WARNING] OTS parsing error: incorrect file size in WOFF header @ https://onvio.com.br/staff/assets/legacy-files.js:1
[   30002ms] [WARNING] Failed to decode downloaded font: https://onvio.com.br/staff/SourceSans3-Regular.114f93b5f3b7d159.otf @ https://onvio.com.br/staff/assets/legacy-files.js:1
[   30002ms] [WARNING] OTS parsing error: bad table directory searchRange
bad table directory entrySelector
bad table directory rangeShift
Invalid table tag: 0x604241
 `BA: misaligned table @ https://onvio.com.br/staff/assets/legacy-files.js:1
[   30002ms] [WARNING] Failed to decode downloaded font: https://onvio.com.br/staff/SourceSans3-Regular.ab920762075b81fb.ttf @ https://onvio.com.br/staff/assets/legacy-files.js:1
[   30002ms] [WARNING] OTS parsing error: BASE: invalid table offset @ https://onvio.com.br/staff/assets/legacy-files.js:1
[   30002ms] [WARNING] Failed to decode downloaded font: https://onvio.com.br/staff/SourceSans3VF-Upright.ttf.e7f20fc9b00b0e8a.woff2 @ https://onvio.com.br/staff/assets/legacy-files.js:1
[   30003ms] [WARNING] OTS parsing error: Failed to convert WOFF 2.0 font to SFNT @ https://onvio.com.br/staff/assets/legacy-files.js:1
[   30003ms] [WARNING] Failed to decode downloaded font: https://onvio.com.br/staff/SourceSans3-Regular.114f93b5f3b7d159.otf @ https://onvio.com.br/staff/assets/legacy-files.js:1
[   30003ms] [WARNING] OTS parsing error: bad table directory searchRange
bad table directory entrySelector
bad table directory rangeShift
Invalid table tag: 0x604241
 `BA: misaligned table @ https://onvio.com.br/staff/assets/legacy-files.js:1
[   30003ms] [WARNING] Failed to decode downloaded font: https://onvio.com.br/staff/SourceSans3-Regular.ttf.dab9805cb7eb3d8f.woff @ https://onvio.com.br/staff/assets/legacy-files.js:1
[   30004ms] [WARNING] OTS parsing error: incorrect file size in WOFF header @ https://onvio.com.br/staff/assets/legacy-files.js:1
[   30004ms] [WARNING] Failed to decode downloaded font: https://onvio.com.br/staff/SourceSans3-Regular.ab920762075b81fb.ttf @ https://onvio.com.br/staff/assets/legacy-files.js:1
[   30004ms] [WARNING] OTS parsing error: BASE: invalid table offset @ https://onvio.com.br/staff/assets/legacy-files.js:1
[   30004ms] [WARNING] Failed to decode downloaded font: https://onvio.com.br/staff/SourceSans3VF-Upright.ttf.e7f20fc9b00b0e8a.woff2 @ https://onvio.com.br/staff/assets/legacy-files.js:1
[   30004ms] [WARNING] OTS parsing error: Failed to convert WOFF 2.0 font to SFNT @ https://onvio.com.br/staff/assets/legacy-files.js:1
[   30004ms] [WARNING] Failed to decode downloaded font: https://onvio.com.br/staff/SourceSans3-Regular.ttf.dab9805cb7eb3d8f.woff @ https://onvio.com.br/staff/assets/legacy-files.js:1
[   30005ms] [WARNING] OTS parsing error: incorrect file size in WOFF header @ https://onvio.com.br/staff/assets/legacy-files.js:1
[   30005ms] [WARNING] Failed to decode downloaded font: https://onvio.com.br/staff/SourceSans3-Regular.114f93b5f3b7d159.otf @ https://onvio.com.br/staff/assets/legacy-files.js:1
[   30005ms] [WARNING] OTS parsing error: bad table directory searchRange
bad table directory entrySelector
bad table directory rangeShift
Invalid table tag: 0x604241
 `BA: misaligned table @ https://onvio.com.br/staff/assets/legacy-files.js:1
[   30005ms] [WARNING] Failed to decode downloaded font: https://onvio.com.br/staff/SourceSans3-Regular.ab920762075b81fb.ttf @ https://onvio.com.br/staff/assets/legacy-files.js:1
[   30006ms] [WARNING] OTS parsing error: BASE: invalid table offset @ https://onvio.com.br/staff/assets/legacy-files.js:1
[   30006ms] [WARNING] Failed to decode downloaded font: https://onvio.com.br/staff/SourceSans3VF-Upright.ttf.e7f20fc9b00b0e8a.woff2 @ https://onvio.com.br/staff/assets/legacy-files.js:1
[   30006ms] [WARNING] OTS parsing error: Failed to convert WOFF 2.0 font to SFNT @ https://onvio.com.br/staff/assets/legacy-files.js:1
[   30006ms] [WARNING] Failed to decode downloaded font: https://onvio.com.br/staff/SourceSans3-Regular.ttf.dab9805cb7eb3d8f.woff @ https://onvio.com.br/staff/assets/legacy-files.js:1
[   30006ms] [WARNING] OTS parsing error: incorrect file size in WOFF header @ https://onvio.com.br/staff/assets/legacy-files.js:1
[   30006ms] [WARNING] Failed to decode downloaded font: https://onvio.com.br/staff/SourceSans3-Regular.114f93b5f3b7d159.otf @ https://onvio.com.br/staff/assets/legacy-files.js:1
[   30007ms] [WARNING] OTS parsing error: bad table directory searchRange
bad table directory entrySelector
bad table directory rangeShift
Invalid table tag: 0x604241
 `BA: misaligned table @ https://onvio.com.br/staff/assets/legacy-files.js:1
[   30007ms] [WARNING] Failed to decode downloaded font: https://onvio.com.br/staff/SourceSans3-Regular.ab920762075b81fb.ttf @ https://onvio.com.br/staff/assets/legacy-files.js:1
[   30007ms] [WARNING] OTS parsing error: BASE: invalid table offset @ https://onvio.com.br/staff/assets/legacy-files.js:1
[   30007ms] [WARNING] Failed to decode downloaded font: https://onvio.com.br/staff/SourceSans3VF-Upright.ttf.e7f20fc9b00b0e8a.woff2 @ https://onvio.com.br/staff/assets/legacy-files.js:1
[   30007ms] [WARNING] OTS parsing error: Failed to convert WOFF 2.0 font to SFNT @ https://onvio.com.br/staff/assets/legacy-files.js:1
[   30007ms] [WARNING] Failed to decode downloaded font: https://onvio.com.br/staff/SourceSans3-Regular.ttf.dab9805cb7eb3d8f.woff @ https://onvio.com.br/staff/assets/legacy-files.js:1
[   30008ms] [WARNING] OTS parsing error: incorrect file size in WOFF header @ https://onvio.com.br/staff/assets/legacy-files.js:1
[   30008ms] [WARNING] Failed to decode downloaded font: https://onvio.com.br/staff/SourceSans3-Regular.114f93b5f3b7d159.otf @ https://onvio.com.br/staff/assets/legacy-files.js:1
[   30008ms] [WARNING] OTS parsing error: bad table directory searchRange
bad table directory entrySelector
bad table directory rangeShift
Invalid table tag: 0x604241
 `BA: misaligned table @ https://onvio.com.br/staff/assets/legacy-files.js:1
[   30008ms] [WARNING] Failed to decode downloaded font: https://onvio.com.br/staff/SourceSans3-Regular.ab920762075b81fb.ttf @ https://onvio.com.br/staff/assets/legacy-files.js:1
[   30008ms] [WARNING] OTS parsing error: BASE: invalid table offset @ https://onvio.com.br/staff/assets/legacy-files.js:1
[   30008ms] [WARNING] Failed to decode downloaded font: https://onvio.com.br/staff/SourceSans3VF-Upright.ttf.e7f20fc9b00b0e8a.woff2 @ https://onvio.com.br/staff/assets/legacy-files.js:1
[   30009ms] [WARNING] OTS parsing error: Failed to convert WOFF 2.0 font to SFNT @ https://onvio.com.br/staff/assets/legacy-files.js:1
[   30009ms] [WARNING] Failed to decode downloaded font: https://onvio.com.br/staff/SourceSans3-Regular.ttf.dab9805cb7eb3d8f.woff @ https://onvio.com.br/staff/assets/legacy-files.js:1
[   30009ms] [WARNING] OTS parsing error: incorrect file size in WOFF header @ https://onvio.com.br/staff/assets/legacy-files.js:1
[   30009ms] [WARNING] Failed to decode downloaded font: https://onvio.com.br/staff/SourceSans3-Regular.114f93b5f3b7d159.otf @ https://onvio.com.br/staff/assets/legacy-files.js:1
[   30009ms] [WARNING] OTS parsing error: bad table directory searchRange
bad table directory entrySelector
bad table directory rangeShift
Invalid table tag: 0x604241
 `BA: misaligned table @ https://onvio.com.br/staff/assets/legacy-files.js:1
[   30009ms] [WARNING] Failed to decode downloaded font: https://onvio.com.br/staff/SourceSans3-Regular.ab920762075b81fb.ttf @ https://onvio.com.br/staff/assets/legacy-files.js:1
[   30009ms] [WARNING] OTS parsing error: BASE: invalid table offset @ https://onvio.com.br/staff/assets/legacy-files.js:1
[   30040ms] [WARNING] Failed to decode downloaded font: https://onvio.com.br/staff/SourceSans3VF-Upright.ttf.e7f20fc9b00b0e8a.woff2 @ https://onvio.com.br/staff/:0
[   30041ms] [WARNING] OTS parsing error: Failed to convert WOFF 2.0 font to SFNT @ https://onvio.com.br/staff/:0
[   30041ms] [WARNING] Failed to decode downloaded font: https://onvio.com.br/staff/SourceSans3-Regular.ttf.dab9805cb7eb3d8f.woff @ https://onvio.com.br/staff/:0
[   30041ms] [WARNING] OTS parsing error: incorrect file size in WOFF header @ https://onvio.com.br/staff/:0
[   30041ms] [WARNING] Failed to decode downloaded font: https://onvio.com.br/staff/SourceSans3-Regular.114f93b5f3b7d159.otf @ https://onvio.com.br/staff/:0
[   30041ms] [WARNING] OTS parsing error: bad table directory searchRange
bad table directory entrySelector
bad table directory rangeShift
Invalid table tag: 0x604241
 `BA: misaligned table @ https://onvio.com.br/staff/:0
[   30041ms] [WARNING] Failed to decode downloaded font: https://onvio.com.br/staff/SourceSans3-Regular.ab920762075b81fb.ttf @ https://onvio.com.br/staff/:0
[   30042ms] [WARNING] OTS parsing error: BASE: invalid table offset @ https://onvio.com.br/staff/:0
[   30042ms] [WARNING] Failed to decode downloaded font: https://onvio.com.br/staff/SourceSans3VF-Upright.ttf.e7f20fc9b00b0e8a.woff2 @ https://onvio.com.br/staff/:0
[   30042ms] [WARNING] OTS parsing error: Failed to convert WOFF 2.0 font to SFNT @ https://onvio.com.br/staff/:0
[   30042ms] [WARNING] Failed to decode downloaded font: https://onvio.com.br/staff/SourceSans3-Regular.ttf.dab9805cb7eb3d8f.woff @ https://onvio.com.br/staff/:0
[   30043ms] [WARNING] OTS parsing error: incorrect file size in WOFF header @ https://onvio.com.br/staff/:0
[   30043ms] [WARNING] Failed to decode downloaded font: https://onvio.com.br/staff/SourceSans3-Regular.114f93b5f3b7d159.otf @ https://onvio.com.br/staff/:0
[   30044ms] [WARNING] OTS parsing error: bad table directory searchRange
bad table directory entrySelector
bad table directory rangeShift
Invalid table tag: 0x604241
 `BA: misaligned table @ https://onvio.com.br/staff/:0
[   30044ms] [WARNING] Failed to decode downloaded font: https://onvio.com.br/staff/SourceSans3-Regular.ab920762075b81fb.ttf @ https://onvio.com.br/staff/:0
[   30044ms] [WARNING] OTS parsing error: BASE: invalid table offset @ https://onvio.com.br/staff/:0
[   30044ms] [WARNING] Failed to decode downloaded font: https://onvio.com.br/staff/SourceSans3VF-Upright.ttf.e7f20fc9b00b0e8a.woff2 @ https://onvio.com.br/staff/:0
[   30045ms] [WARNING] OTS parsing error: Failed to convert WOFF 2.0 font to SFNT @ https://onvio.com.br/staff/:0
[   30046ms] [WARNING] Failed to decode downloaded font: https://onvio.com.br/staff/SourceSans3-Regular.ttf.dab9805cb7eb3d8f.woff @ https://onvio.com.br/staff/:0
[   30046ms] [WARNING] OTS parsing error: incorrect file size in WOFF header @ https://onvio.com.br/staff/:0
[   30047ms] [WARNING] Failed to decode downloaded font: https://onvio.com.br/staff/SourceSans3-Regular.114f93b5f3b7d159.otf @ https://onvio.com.br/staff/:0
[   30047ms] [WARNING] OTS parsing error: bad table directory searchRange
bad table directory entrySelector
bad table directory rangeShift
Invalid table tag: 0x604241
 `BA: misaligned table @ https://onvio.com.br/staff/:0
[   30047ms] [WARNING] Failed to decode downloaded font: https://onvio.com.br/staff/SourceSans3-Regular.ab920762075b81fb.ttf @ https://onvio.com.br/staff/:0
[   30047ms] [WARNING] OTS parsing error: BASE: invalid table offset @ https://onvio.com.br/staff/:0
[   30048ms] [WARNING] Failed to decode downloaded font: https://onvio.com.br/staff/SourceSans3VF-Upright.ttf.e7f20fc9b00b0e8a.woff2 @ https://onvio.com.br/staff/:0
[   30048ms] [WARNING] OTS parsing error: Failed to convert WOFF 2.0 font to SFNT @ https://onvio.com.br/staff/:0
[   30048ms] [WARNING] Failed to decode downloaded font: https://onvio.com.br/staff/SourceSans3-Regular.ttf.dab9805cb7eb3d8f.woff @ https://onvio.com.br/staff/:0
[   30048ms] [WARNING] OTS parsing error: incorrect file size in WOFF header @ https://onvio.com.br/staff/:0
[   30048ms] [WARNING] Failed to decode downloaded font: https://onvio.com.br/staff/SourceSans3-Regular.114f93b5f3b7d159.otf @ https://onvio.com.br/staff/:0
[   30049ms] [WARNING] OTS parsing error: bad table directory searchRange
bad table directory entrySelector
bad table directory rangeShift
Invalid table tag: 0x604241
 `BA: misaligned table @ https://onvio.com.br/staff/:0
[   30049ms] [WARNING] Failed to decode downloaded font: https://onvio.com.br/staff/SourceSans3-Regular.ab920762075b81fb.ttf @ https://onvio.com.br/staff/:0
[   30049ms] [WARNING] OTS parsing error: BASE: invalid table offset @ https://onvio.com.br/staff/:0
[   30049ms] [WARNING] Failed to decode downloaded font: https://onvio.com.br/staff/SourceSans3VF-Upright.ttf.e7f20fc9b00b0e8a.woff2 @ https://onvio.com.br/staff/:0
[   30049ms] [WARNING] OTS parsing error: Failed to convert WOFF 2.0 font to SFNT @ https://onvio.com.br/staff/:0
[   30049ms] [WARNING] Failed to decode downloaded font: https://onvio.com.br/staff/SourceSans3-Regular.ttf.dab9805cb7eb3d8f.woff @ https://onvio.com.br/staff/:0
[   30050ms] [WARNING] OTS parsing error: incorrect file size in WOFF header @ https://onvio.com.br/staff/:0
[   30050ms] [WARNING] Failed to decode downloaded font: https://onvio.com.br/staff/SourceSans3-Regular.114f93b5f3b7d159.otf @ https://onvio.com.br/staff/:0
[   30050ms] [WARNING] OTS parsing error: bad table directory searchRange
bad table directory entrySelector
bad table directory rangeShift
Invalid table tag: 0x604241
 `BA: misaligned table @ https://onvio.com.br/staff/:0
[   30050ms] [WARNING] Failed to decode downloaded font: https://onvio.com.br/staff/SourceSans3-Regular.ab920762075b81fb.ttf @ https://onvio.com.br/staff/:0
[   30050ms] [WARNING] OTS parsing error: BASE: invalid table offset @ https://onvio.com.br/staff/:0
[   30050ms] [WARNING] Failed to decode downloaded font: https://onvio.com.br/staff/SourceSans3VF-Upright.ttf.e7f20fc9b00b0e8a.woff2 @ https://onvio.com.br/staff/:0
[   30050ms] [WARNING] OTS parsing error: Failed to convert WOFF 2.0 font to SFNT @ https://onvio.com.br/staff/:0
[   30051ms] [WARNING] Failed to decode downloaded font: https://onvio.com.br/staff/SourceSans3VF-Upright.ttf.e7f20fc9b00b0e8a.woff2 @ https://onvio.com.br/staff/:0
[   30051ms] [WARNING] OTS parsing error: Failed to convert WOFF 2.0 font to SFNT @ https://onvio.com.br/staff/:0
[   30051ms] [WARNING] Failed to decode downloaded font: https://onvio.com.br/staff/SourceSans3VF-Upright.ttf.e7f20fc9b00b0e8a.woff2 @ https://onvio.com.br/staff/:0
[   30051ms] [WARNING] OTS parsing error: Failed to convert WOFF 2.0 font to SFNT @ https://onvio.com.br/staff/:0
[   30052ms] [WARNING] Failed to decode downloaded font: https://onvio.com.br/staff/SourceSans3VF-Upright.ttf.e7f20fc9b00b0e8a.woff2 @ https://onvio.com.br/staff/:0
[   30052ms] [WARNING] OTS parsing error: Failed to convert WOFF 2.0 font to SFNT @ https://onvio.com.br/staff/:0
[   30052ms] [WARNING] Failed to decode downloaded font: https://onvio.com.br/staff/SourceSans3VF-Upright.ttf.e7f20fc9b00b0e8a.woff2 @ https://onvio.com.br/staff/:0
[   30053ms] [WARNING] OTS parsing error: Failed to convert WOFF 2.0 font to SFNT @ https://onvio.com.br/staff/:0
[   30053ms] [WARNING] Failed to decode downloaded font: https://onvio.com.br/staff/SourceSans3VF-Upright.ttf.e7f20fc9b00b0e8a.woff2 @ https://onvio.com.br/staff/:0
[   30053ms] [WARNING] OTS parsing error: Failed to convert WOFF 2.0 font to SFNT @ https://onvio.com.br/staff/:0
[   30054ms] [WARNING] Failed to decode downloaded font: https://onvio.com.br/staff/SourceSans3VF-Upright.ttf.e7f20fc9b00b0e8a.woff2 @ https://onvio.com.br/staff/:0
[   30054ms] [WARNING] OTS parsing error: Failed to convert WOFF 2.0 font to SFNT @ https://onvio.com.br/staff/:0
[   30054ms] [WARNING] Failed to decode downloaded font: https://onvio.com.br/staff/SourceSans3VF-Upright.ttf.e7f20fc9b00b0e8a.woff2 @ https://onvio.com.br/staff/:0
[   30055ms] [WARNING] OTS parsing error: Failed to convert WOFF 2.0 font to SFNT @ https://onvio.com.br/staff/:0
[   30055ms] [WARNING] Failed to decode downloaded font: https://onvio.com.br/staff/SourceSans3VF-Upright.ttf.e7f20fc9b00b0e8a.woff2 @ https://onvio.com.br/staff/:0
[   30055ms] [WARNING] OTS parsing error: Failed to convert WOFF 2.0 font to SFNT @ https://onvio.com.br/staff/:0
[   30056ms] [WARNING] Failed to decode downloaded font: https://onvio.com.br/staff/SourceSans3-Regular.ttf.dab9805cb7eb3d8f.woff @ https://onvio.com.br/staff/:0
[   30056ms] [WARNING] OTS parsing error: incorrect file size in WOFF header @ https://onvio.com.br/staff/:0
[   30056ms] [WARNING] Failed to decode downloaded font: https://onvio.com.br/staff/SourceSans3-Regular.114f93b5f3b7d159.otf @ https://onvio.com.br/staff/:0
[   30057ms] [WARNING] OTS parsing error: bad table directory searchRange
bad table directory entrySelector
bad table directory rangeShift
Invalid table tag: 0x604241
 `BA: misaligned table @ https://onvio.com.br/staff/:0
[   30058ms] [WARNING] Failed to decode downloaded font: https://onvio.com.br/staff/SourceSans3-Regular.ab920762075b81fb.ttf @ https://onvio.com.br/staff/:0
[   30058ms] [WARNING] OTS parsing error: BASE: invalid table offset @ https://onvio.com.br/staff/:0
[   30059ms] [WARNING] Failed to decode downloaded font: https://onvio.com.br/staff/SourceSans3VF-Upright.ttf.e7f20fc9b00b0e8a.woff2 @ https://onvio.com.br/staff/:0
[   30059ms] [WARNING] OTS parsing error: Failed to convert WOFF 2.0 font to SFNT @ https://onvio.com.br/staff/:0
[   30059ms] [WARNING] Failed to decode downloaded font: https://onvio.com.br/staff/SourceSans3-Regular.ttf.dab9805cb7eb3d8f.woff @ https://onvio.com.br/staff/:0
[   30059ms] [WARNING] OTS parsing error: incorrect file size in WOFF header @ https://onvio.com.br/staff/:0
[   30060ms] [WARNING] Failed to decode downloaded font: https://onvio.com.br/staff/SourceSans3-Regular.114f93b5f3b7d159.otf @ https://onvio.com.br/staff/:0
[   30060ms] [WARNING] OTS parsing error: bad table directory searchRange
bad table directory entrySelector
bad table directory rangeShift
Invalid table tag: 0x604241
 `BA: misaligned table @ https://onvio.com.br/staff/:0
[   30060ms] [WARNING] Failed to decode downloaded font: https://onvio.com.br/staff/SourceSans3-Regular.ab920762075b81fb.ttf @ https://onvio.com.br/staff/:0
[   30060ms] [WARNING] OTS parsing error: BASE: invalid table offset @ https://onvio.com.br/staff/:0
[   30060ms] [WARNING] Failed to decode downloaded font: https://onvio.com.br/staff/SourceSans3VF-Upright.ttf.e7f20fc9b00b0e8a.woff2 @ https://onvio.com.br/staff/:0
[   30060ms] [WARNING] OTS parsing error: Failed to convert WOFF 2.0 font to SFNT @ https://onvio.com.br/staff/:0
[   30060ms] [WARNING] Failed to decode downloaded font: https://onvio.com.br/staff/SourceSans3-Regular.ttf.dab9805cb7eb3d8f.woff @ https://onvio.com.br/staff/:0
[   30060ms] [WARNING] OTS parsing error: incorrect file size in WOFF header @ https://onvio.com.br/staff/:0
[   30061ms] [WARNING] Failed to decode downloaded font: https://onvio.com.br/staff/SourceSans3-Regular.114f93b5f3b7d159.otf @ https://onvio.com.br/staff/:0
[   30061ms] [WARNING] OTS parsing error: bad table directory searchRange
bad table directory entrySelector
bad table directory rangeShift
Invalid table tag: 0x604241
 `BA: misaligned table @ https://onvio.com.br/staff/:0
[   30061ms] [WARNING] Failed to decode downloaded font: https://onvio.com.br/staff/SourceSans3-Regular.ab920762075b81fb.ttf @ https://onvio.com.br/staff/:0
[   30061ms] [WARNING] OTS parsing error: BASE: invalid table offset @ https://onvio.com.br/staff/:0
[   30061ms] [WARNING] Failed to decode downloaded font: https://onvio.com.br/staff/SourceSans3VF-Upright.ttf.e7f20fc9b00b0e8a.woff2 @ https://onvio.com.br/staff/:0
[   30061ms] [WARNING] OTS parsing error: Failed to convert WOFF 2.0 font to SFNT @ https://onvio.com.br/staff/:0
[   30061ms] [WARNING] Failed to decode downloaded font: https://onvio.com.br/staff/SourceSans3-Regular.ttf.dab9805cb7eb3d8f.woff @ https://onvio.com.br/staff/:0
[   30062ms] [WARNING] OTS parsing error: incorrect file size in WOFF header @ https://onvio.com.br/staff/:0
[   30062ms] [WARNING] Failed to decode downloaded font: https://onvio.com.br/staff/SourceSans3-Regular.114f93b5f3b7d159.otf @ https://onvio.com.br/staff/:0
[   30062ms] [WARNING] OTS parsing error: bad table directory searchRange
bad table directory entrySelector
bad table directory rangeShift
Invalid table tag: 0x604241
 `BA: misaligned table @ https://onvio.com.br/staff/:0
[   30062ms] [WARNING] Failed to decode downloaded font: https://onvio.com.br/staff/SourceSans3-Regular.ab920762075b81fb.ttf @ https://onvio.com.br/staff/:0
[   30062ms] [WARNING] OTS parsing error: BASE: invalid table offset @ https://onvio.com.br/staff/:0
[   30062ms] [WARNING] Failed to decode downloaded font: https://onvio.com.br/staff/SourceSans3VF-Upright.ttf.e7f20fc9b00b0e8a.woff2 @ https://onvio.com.br/staff/:0
[   30062ms] [WARNING] OTS parsing error: Failed to convert WOFF 2.0 font to SFNT @ https://onvio.com.br/staff/:0
[   30062ms] [WARNING] Failed to decode downloaded font: https://onvio.com.br/staff/SourceSans3-Regular.ttf.dab9805cb7eb3d8f.woff @ https://onvio.com.br/staff/:0
[   30062ms] [WARNING] OTS parsing error: incorrect file size in WOFF header @ https://onvio.com.br/staff/:0
[   30062ms] [WARNING] Failed to decode downloaded font: https://onvio.com.br/staff/SourceSans3-Regular.114f93b5f3b7d159.otf @ https://onvio.com.br/staff/:0
[   30062ms] [WARNING] OTS parsing error: bad table directory searchRange
bad table directory entrySelector
bad table directory rangeShift
Invalid table tag: 0x604241
 `BA: misaligned table @ https://onvio.com.br/staff/:0
[   30063ms] [WARNING] Failed to decode downloaded font: https://onvio.com.br/staff/SourceSans3-Regular.ab920762075b81fb.ttf @ https://onvio.com.br/staff/:0
[   30063ms] [WARNING] OTS parsing error: BASE: invalid table offset @ https://onvio.com.br/staff/:0
[   30063ms] [WARNING] Failed to decode downloaded font: https://onvio.com.br/staff/SourceSans3VF-Upright.ttf.e7f20fc9b00b0e8a.woff2 @ https://onvio.com.br/staff/:0
[   30063ms] [WARNING] OTS parsing error: Failed to convert WOFF 2.0 font to SFNT @ https://onvio.com.br/staff/:0
[   30063ms] [WARNING] Failed to decode downloaded font: https://onvio.com.br/staff/SourceSans3-Regular.ttf.dab9805cb7eb3d8f.woff @ https://onvio.com.br/staff/:0
[   30063ms] [WARNING] OTS parsing error: incorrect file size in WOFF header @ https://onvio.com.br/staff/:0
[   30063ms] [WARNING] Failed to decode downloaded font: https://onvio.com.br/staff/SourceSans3-Regular.114f93b5f3b7d159.otf @ https://onvio.com.br/staff/:0
[   30063ms] [WARNING] OTS parsing error: bad table directory searchRange
bad table directory entrySelector
bad table directory rangeShift
Invalid table tag: 0x604241
 `BA: misaligned table @ https://onvio.com.br/staff/:0
[   30063ms] [WARNING] Failed to decode downloaded font: https://onvio.com.br/staff/SourceSans3-Regular.ab920762075b81fb.ttf @ https://onvio.com.br/staff/:0
[   30063ms] [WARNING] OTS parsing error: BASE: invalid table offset @ https://onvio.com.br/staff/:0
[   30063ms] [WARNING] Failed to decode downloaded font: https://onvio.com.br/staff/SourceSans3VF-Upright.ttf.e7f20fc9b00b0e8a.woff2 @ https://onvio.com.br/staff/:0
[   30064ms] [WARNING] OTS parsing error: Failed to convert WOFF 2.0 font to SFNT @ https://onvio.com.br/staff/:0
[   30064ms] [WARNING] Failed to decode downloaded font: https://onvio.com.br/staff/SourceSans3-Regular.ttf.dab9805cb7eb3d8f.woff @ https://onvio.com.br/staff/:0
[   30064ms] [WARNING] OTS parsing error: incorrect file size in WOFF header @ https://onvio.com.br/staff/:0
[   30064ms] [WARNING] Failed to decode downloaded font: https://onvio.com.br/staff/SourceSans3-Regular.114f93b5f3b7d159.otf @ https://onvio.com.br/staff/:0
[   30064ms] [WARNING] OTS parsing error: bad table directory searchRange
bad table directory entrySelector
bad table directory rangeShift
Invalid table tag: 0x604241
 `BA: misaligned table @ https://onvio.com.br/staff/:0
[   30064ms] [WARNING] Failed to decode downloaded font: https://onvio.com.br/staff/SourceSans3-Regular.ab920762075b81fb.ttf @ https://onvio.com.br/staff/:0
[   30064ms] [WARNING] OTS parsing error: BASE: invalid table offset @ https://onvio.com.br/staff/:0
[   30064ms] [WARNING] Failed to decode downloaded font: https://onvio.com.br/staff/SourceSans3VF-Upright.ttf.e7f20fc9b00b0e8a.woff2 @ https://onvio.com.br/staff/:0
[   30065ms] [WARNING] OTS parsing error: Failed to convert WOFF 2.0 font to SFNT @ https://onvio.com.br/staff/:0
[   30065ms] [WARNING] Failed to decode downloaded font: https://onvio.com.br/staff/SourceSans3-Regular.ttf.dab9805cb7eb3d8f.woff @ https://onvio.com.br/staff/:0
[   30065ms] [WARNING] OTS parsing error: incorrect file size in WOFF header @ https://onvio.com.br/staff/:0
[   30065ms] [WARNING] Failed to decode downloaded font: https://onvio.com.br/staff/SourceSans3-Regular.114f93b5f3b7d159.otf @ https://onvio.com.br/staff/:0
[   30065ms] [WARNING] OTS parsing error: bad table directory searchRange
bad table directory entrySelector
bad table directory rangeShift
Invalid table tag: 0x604241
 `BA: misaligned table @ https://onvio.com.br/staff/:0
[   30065ms] [WARNING] Failed to decode downloaded font: https://onvio.com.br/staff/SourceSans3-Regular.ab920762075b81fb.ttf @ https://onvio.com.br/staff/:0
[   30065ms] [WARNING] OTS parsing error: BASE: invalid table offset @ https://onvio.com.br/staff/:0
[   30065ms] [WARNING] Failed to decode downloaded font: https://onvio.com.br/staff/SourceSans3VF-Upright.ttf.e7f20fc9b00b0e8a.woff2 @ https://onvio.com.br/staff/:0
[   30065ms] [WARNING] OTS parsing error: Failed to convert WOFF 2.0 font to SFNT @ https://onvio.com.br/staff/:0
[   30065ms] [WARNING] Failed to decode downloaded font: https://onvio.com.br/staff/SourceSans3-Regular.114f93b5f3b7d159.otf @ https://onvio.com.br/staff/:0
[   30066ms] [WARNING] OTS parsing error: bad table directory searchRange
bad table directory entrySelector
bad table directory rangeShift
Invalid table tag: 0x604241
 `BA: misaligned table @ https://onvio.com.br/staff/:0
[   30066ms] [WARNING] Failed to decode downloaded font: https://onvio.com.br/staff/SourceSans3-Regular.ttf.dab9805cb7eb3d8f.woff @ https://onvio.com.br/staff/:0
[   30066ms] [WARNING] OTS parsing error: incorrect file size in WOFF header @ https://onvio.com.br/staff/:0
[   30066ms] [WARNING] Failed to decode downloaded font: https://onvio.com.br/staff/SourceSans3-Regular.ab920762075b81fb.ttf @ https://onvio.com.br/staff/:0
[   30066ms] [WARNING] OTS parsing error: BASE: invalid table offset @ https://onvio.com.br/staff/:0
[   30066ms] [WARNING] Failed to decode downloaded font: https://onvio.com.br/staff/SourceSans3VF-Upright.ttf.e7f20fc9b00b0e8a.woff2 @ https://onvio.com.br/staff/:0
[   30066ms] [WARNING] OTS parsing error: Failed to convert WOFF 2.0 font to SFNT @ https://onvio.com.br/staff/:0
[   30066ms] [WARNING] Failed to decode downloaded font: https://onvio.com.br/staff/SourceSans3-Regular.ttf.dab9805cb7eb3d8f.woff @ https://onvio.com.br/staff/:0
[   30066ms] [WARNING] OTS parsing error: incorrect file size in WOFF header @ https://onvio.com.br/staff/:0
[   30067ms] [WARNING] Failed to decode downloaded font: https://onvio.com.br/staff/SourceSans3-Regular.114f93b5f3b7d159.otf @ https://onvio.com.br/staff/:0
[   30067ms] [WARNING] OTS parsing error: bad table directory searchRange
bad table directory entrySelector
bad table directory rangeShift
Invalid table tag: 0x604241
 `BA: misaligned table @ https://onvio.com.br/staff/:0
[   30067ms] [WARNING] Failed to decode downloaded font: https://onvio.com.br/staff/SourceSans3-Regular.ab920762075b81fb.ttf @ https://onvio.com.br/staff/:0
[   30067ms] [WARNING] OTS parsing error: BASE: invalid table offset @ https://onvio.com.br/staff/:0
[   30067ms] [WARNING] Failed to decode downloaded font: https://onvio.com.br/staff/SourceSans3VF-Upright.ttf.e7f20fc9b00b0e8a.woff2 @ https://onvio.com.br/staff/:0
[   30067ms] [WARNING] OTS parsing error: Failed to convert WOFF 2.0 font to SFNT @ https://onvio.com.br/staff/:0
[   30067ms] [WARNING] Failed to decode downloaded font: https://onvio.com.br/staff/SourceSans3-Regular.ttf.dab9805cb7eb3d8f.woff @ https://onvio.com.br/staff/:0
[   30067ms] [WARNING] OTS parsing error: incorrect file size in WOFF header @ https://onvio.com.br/staff/:0
[   30068ms] [WARNING] Failed to decode downloaded font: https://onvio.com.br/staff/SourceSans3-Regular.114f93b5f3b7d159.otf @ https://onvio.com.br/staff/:0
[   30068ms] [WARNING] OTS parsing error: bad table directory searchRange
bad table directory entrySelector
bad table directory rangeShift
Invalid table tag: 0x604241
 `BA: misaligned table @ https://onvio.com.br/staff/:0
[   30068ms] [WARNING] Failed to decode downloaded font: https://onvio.com.br/staff/SourceSans3-Regular.ab920762075b81fb.ttf @ https://onvio.com.br/staff/:0
[   30068ms] [WARNING] OTS parsing error: BASE: invalid table offset @ https://onvio.com.br/staff/:0
[   30068ms] [WARNING] Failed to decode downloaded font: https://onvio.com.br/staff/SourceSans3VF-Upright.ttf.e7f20fc9b00b0e8a.woff2 @ https://onvio.com.br/staff/:0
[   30068ms] [WARNING] OTS parsing error: Failed to convert WOFF 2.0 font to SFNT @ https://onvio.com.br/staff/:0
[   30068ms] [WARNING] Failed to decode downloaded font: https://onvio.com.br/staff/SourceSans3-Regular.ttf.dab9805cb7eb3d8f.woff @ https://onvio.com.br/staff/:0
[   30068ms] [WARNING] OTS parsing error: incorrect file size in WOFF header @ https://onvio.com.br/staff/:0
[   30068ms] [WARNING] Failed to decode downloaded font: https://onvio.com.br/staff/SourceSans3-Regular.114f93b5f3b7d159.otf @ https://onvio.com.br/staff/:0
[   30069ms] [WARNING] OTS parsing error: bad table directory searchRange
bad table directory entrySelector
bad table directory rangeShift
Invalid table tag: 0x604241
 `BA: misaligned table @ https://onvio.com.br/staff/:0
[   30069ms] [WARNING] Failed to decode downloaded font: https://onvio.com.br/staff/SourceSans3-Regular.ab920762075b81fb.ttf @ https://onvio.com.br/staff/:0
[   30069ms] [WARNING] OTS parsing error: BASE: invalid table offset @ https://onvio.com.br/staff/:0
[   30070ms] [WARNING] Failed to decode downloaded font: https://onvio.com.br/staff/SourceSans3VF-Upright.ttf.e7f20fc9b00b0e8a.woff2 @ https://onvio.com.br/staff/:0
[   30070ms] [WARNING] OTS parsing error: Failed to convert WOFF 2.0 font to SFNT @ https://onvio.com.br/staff/:0
[   30070ms] [WARNING] Failed to decode downloaded font: https://onvio.com.br/staff/SourceSans3-Regular.ttf.dab9805cb7eb3d8f.woff @ https://onvio.com.br/staff/:0
[   30070ms] [WARNING] OTS parsing error: incorrect file size in WOFF header @ https://onvio.com.br/staff/:0
[   30070ms] [WARNING] Failed to decode downloaded font: https://onvio.com.br/staff/SourceSans3-Regular.114f93b5f3b7d159.otf @ https://onvio.com.br/staff/:0
[   30071ms] [WARNING] OTS parsing error: bad table directory searchRange
bad table directory entrySelector
bad table directory rangeShift
Invalid table tag: 0x604241
 `BA: misaligned table @ https://onvio.com.br/staff/:0
[   30071ms] [WARNING] Failed to decode downloaded font: https://onvio.com.br/staff/SourceSans3-Regular.ab920762075b81fb.ttf @ https://onvio.com.br/staff/:0
[   30071ms] [WARNING] OTS parsing error: BASE: invalid table offset @ https://onvio.com.br/staff/:0
[   30071ms] [WARNING] Failed to decode downloaded font: https://onvio.com.br/staff/SourceSans3VF-Upright.ttf.e7f20fc9b00b0e8a.woff2 @ https://onvio.com.br/staff/:0
[   30072ms] [WARNING] OTS parsing error: Failed to convert WOFF 2.0 font to SFNT @ https://onvio.com.br/staff/:0
[   30072ms] [WARNING] Failed to decode downloaded font: https://onvio.com.br/staff/SourceSans3-Regular.ttf.dab9805cb7eb3d8f.woff @ https://onvio.com.br/staff/:0
[   30072ms] [WARNING] OTS parsing error: incorrect file size in WOFF header @ https://onvio.com.br/staff/:0
[   30072ms] [WARNING] Failed to decode downloaded font: https://onvio.com.br/staff/SourceSans3-Regular.114f93b5f3b7d159.otf @ https://onvio.com.br/staff/:0
[   30072ms] [WARNING] OTS parsing error: bad table directory searchRange
bad table directory entrySelector
bad table directory rangeShift
Invalid table tag: 0x604241
 `BA: misaligned table @ https://onvio.com.br/staff/:0
[   30072ms] [WARNING] Failed to decode downloaded font: https://onvio.com.br/staff/SourceSans3-Regular.ab920762075b81fb.ttf @ https://onvio.com.br/staff/:0
[   30073ms] [WARNING] OTS parsing error: BASE: invalid table offset @ https://onvio.com.br/staff/:0
[   30074ms] [WARNING] Failed to decode downloaded font: https://onvio.com.br/staff/SourceSans3VF-Upright.ttf.e7f20fc9b00b0e8a.woff2 @ https://onvio.com.br/staff/:0
[   30074ms] [WARNING] OTS parsing error: Failed to convert WOFF 2.0 font to SFNT @ https://onvio.com.br/staff/:0
[   30074ms] [WARNING] Failed to decode downloaded font: https://onvio.com.br/staff/SourceSans3-Regular.ttf.dab9805cb7eb3d8f.woff @ https://onvio.com.br/staff/:0
[   30074ms] [WARNING] OTS parsing error: incorrect file size in WOFF header @ https://onvio.com.br/staff/:0
[   30075ms] [WARNING] Failed to decode downloaded font: https://onvio.com.br/staff/SourceSans3-Regular.114f93b5f3b7d159.otf @ https://onvio.com.br/staff/:0
[   30075ms] [WARNING] OTS parsing error: bad table directory searchRange
bad table directory entrySelector
bad table directory rangeShift
Invalid table tag: 0x604241
 `BA: misaligned table @ https://onvio.com.br/staff/:0
[   30075ms] [WARNING] Failed to decode downloaded font: https://onvio.com.br/staff/SourceSans3-Regular.ab920762075b81fb.ttf @ https://onvio.com.br/staff/:0
[   30075ms] [WARNING] OTS parsing error: BASE: invalid table offset @ https://onvio.com.br/staff/:0
[   30075ms] [WARNING] Failed to decode downloaded font: https://onvio.com.br/staff/SourceSans3VF-Upright.ttf.e7f20fc9b00b0e8a.woff2 @ https://onvio.com.br/staff/:0
[   30076ms] [WARNING] OTS parsing error: Failed to convert WOFF 2.0 font to SFNT @ https://onvio.com.br/staff/:0
[   30076ms] [WARNING] Failed to decode downloaded font: https://onvio.com.br/staff/SourceSans3-Regular.ttf.dab9805cb7eb3d8f.woff @ https://onvio.com.br/staff/:0
[   30077ms] [WARNING] OTS parsing error: incorrect file size in WOFF header @ https://onvio.com.br/staff/:0
[   30077ms] [WARNING] Failed to decode downloaded font: https://onvio.com.br/staff/SourceSans3-Regular.114f93b5f3b7d159.otf @ https://onvio.com.br/staff/:0
[   30077ms] [WARNING] OTS parsing error: bad table directory searchRange
bad table directory entrySelector
bad table directory rangeShift
Invalid table tag: 0x604241
 `BA: misaligned table @ https://onvio.com.br/staff/:0
[   30077ms] [WARNING] Failed to decode downloaded font: https://onvio.com.br/staff/SourceSans3-Regular.ab920762075b81fb.ttf @ https://onvio.com.br/staff/:0
[   30078ms] [WARNING] OTS parsing error: BASE: invalid table offset @ https://onvio.com.br/staff/:0
[   30078ms] [WARNING] Failed to decode downloaded font: https://onvio.com.br/staff/SourceSans3VF-Upright.ttf.e7f20fc9b00b0e8a.woff2 @ https://onvio.com.br/staff/:0
[   30078ms] [WARNING] OTS parsing error: Failed to convert WOFF 2.0 font to SFNT @ https://onvio.com.br/staff/:0
[   30078ms] [WARNING] Failed to decode downloaded font: https://onvio.com.br/staff/SourceSans3-Regular.ttf.dab9805cb7eb3d8f.woff @ https://onvio.com.br/staff/:0
[   30078ms] [WARNING] OTS parsing error: incorrect file size in WOFF header @ https://onvio.com.br/staff/:0
[   30079ms] [WARNING] Failed to decode downloaded font: https://onvio.com.br/staff/SourceSans3-Regular.114f93b5f3b7d159.otf @ https://onvio.com.br/staff/:0
[   30079ms] [WARNING] OTS parsing error: bad table directory searchRange
bad table directory entrySelector
bad table directory rangeShift
Invalid table tag: 0x604241
 `BA: misaligned table @ https://onvio.com.br/staff/:0
[   30079ms] [WARNING] Failed to decode downloaded font: https://onvio.com.br/staff/SourceSans3-Regular.ab920762075b81fb.ttf @ https://onvio.com.br/staff/:0
[   30079ms] [WARNING] OTS parsing error: BASE: invalid table offset @ https://onvio.com.br/staff/:0
[   30080ms] [WARNING] Failed to decode downloaded font: https://onvio.com.br/staff/SourceSans3VF-Upright.ttf.e7f20fc9b00b0e8a.woff2 @ https://onvio.com.br/staff/:0
[   30080ms] [WARNING] OTS parsing error: Failed to convert WOFF 2.0 font to SFNT @ https://onvio.com.br/staff/:0
[   30080ms] [WARNING] Failed to decode downloaded font: https://onvio.com.br/staff/SourceSans3-Regular.ttf.dab9805cb7eb3d8f.woff @ https://onvio.com.br/staff/:0
[   30080ms] [WARNING] OTS parsing error: incorrect file size in WOFF header @ https://onvio.com.br/staff/:0
[   30080ms] [WARNING] Failed to decode downloaded font: https://onvio.com.br/staff/SourceSans3-Regular.114f93b5f3b7d159.otf @ https://onvio.com.br/staff/:0
[   30081ms] [WARNING] OTS parsing error: bad table directory searchRange
bad table directory entrySelector
bad table directory rangeShift
Invalid table tag: 0x604241
 `BA: misaligned table @ https://onvio.com.br/staff/:0
[   30081ms] [WARNING] Failed to decode downloaded font: https://onvio.com.br/staff/SourceSans3-Regular.ab920762075b81fb.ttf @ https://onvio.com.br/staff/:0
[   30081ms] [WARNING] OTS parsing error: BASE: invalid table offset @ https://onvio.com.br/staff/:0
[   30081ms] [WARNING] Failed to decode downloaded font: https://onvio.com.br/staff/SourceSans3VF-Upright.ttf.e7f20fc9b00b0e8a.woff2 @ https://onvio.com.br/staff/:0
[   30081ms] [WARNING] OTS parsing error: Failed to convert WOFF 2.0 font to SFNT @ https://onvio.com.br/staff/:0
[   30081ms] [WARNING] Failed to decode downloaded font: https://onvio.com.br/staff/SourceSans3VF-Upright.ttf.e7f20fc9b00b0e8a.woff2 @ https://onvio.com.br/staff/:0
[   30081ms] [WARNING] OTS parsing error: Failed to convert WOFF 2.0 font to SFNT @ https://onvio.com.br/staff/:0
[   30082ms] [WARNING] Failed to decode downloaded font: https://onvio.com.br/staff/SourceSans3VF-Upright.ttf.e7f20fc9b00b0e8a.woff2 @ https://onvio.com.br/staff/:0
[   30082ms] [WARNING] OTS parsing error: Failed to convert WOFF 2.0 font to SFNT @ https://onvio.com.br/staff/:0
[   30082ms] [WARNING] Failed to decode downloaded font: https://onvio.com.br/staff/SourceSans3VF-Upright.ttf.e7f20fc9b00b0e8a.woff2 @ https://onvio.com.br/staff/:0
[   30082ms] [WARNING] OTS parsing error: Failed to convert WOFF 2.0 font to SFNT @ https://onvio.com.br/staff/:0
[   30082ms] [WARNING] Failed to decode downloaded font: https://onvio.com.br/staff/SourceSans3VF-Upright.ttf.e7f20fc9b00b0e8a.woff2 @ https://onvio.com.br/staff/:0
[   30082ms] [WARNING] OTS parsing error: Failed to convert WOFF 2.0 font to SFNT @ https://onvio.com.br/staff/:0
[   30082ms] [WARNING] Failed to decode downloaded font: https://onvio.com.br/staff/SourceSans3VF-Upright.ttf.e7f20fc9b00b0e8a.woff2 @ https://onvio.com.br/staff/:0
[   30082ms] [WARNING] OTS parsing error: Failed to convert WOFF 2.0 font to SFNT @ https://onvio.com.br/staff/:0
[   30082ms] [WARNING] Failed to decode downloaded font: https://onvio.com.br/staff/SourceSans3VF-Upright.ttf.e7f20fc9b00b0e8a.woff2 @ https://onvio.com.br/staff/:0
[   30082ms] [WARNING] OTS parsing error: Failed to convert WOFF 2.0 font to SFNT @ https://onvio.com.br/staff/:0
[   30082ms] [WARNING] Failed to decode downloaded font: https://onvio.com.br/staff/SourceSans3VF-Upright.ttf.e7f20fc9b00b0e8a.woff2 @ https://onvio.com.br/staff/:0
[   30082ms] [WARNING] OTS parsing error: Failed to convert WOFF 2.0 font to SFNT @ https://onvio.com.br/staff/:0
[   30083ms] [WARNING] Failed to decode downloaded font: https://onvio.com.br/staff/SourceSans3VF-Upright.ttf.e7f20fc9b00b0e8a.woff2 @ https://onvio.com.br/staff/:0
[   30083ms] [WARNING] OTS parsing error: Failed to convert WOFF 2.0 font to SFNT @ https://onvio.com.br/staff/:0
[   30083ms] [WARNING] Failed to decode downloaded font: https://onvio.com.br/staff/SourceSans3-Regular.ttf.dab9805cb7eb3d8f.woff @ https://onvio.com.br/staff/:0
[   30083ms] [WARNING] OTS parsing error: incorrect file size in WOFF header @ https://onvio.com.br/staff/:0
[   30083ms] [WARNING] Failed to decode downloaded font: https://onvio.com.br/staff/SourceSans3-Regular.114f93b5f3b7d159.otf @ https://onvio.com.br/staff/:0
[   30083ms] [WARNING] OTS parsing error: bad table directory searchRange
bad table directory entrySelector
bad table directory rangeShift
Invalid table tag: 0x604241
 `BA: misaligned table @ https://onvio.com.br/staff/:0
[   30084ms] [WARNING] Failed to decode downloaded font: https://onvio.com.br/staff/SourceSans3-Regular.ab920762075b81fb.ttf @ https://onvio.com.br/staff/:0
[   30084ms] [WARNING] OTS parsing error: BASE: invalid table offset @ https://onvio.com.br/staff/:0
[   30084ms] [WARNING] Failed to decode downloaded font: https://onvio.com.br/staff/SourceSans3VF-Upright.ttf.e7f20fc9b00b0e8a.woff2 @ https://onvio.com.br/staff/:0
[   30084ms] [WARNING] OTS parsing error: Failed to convert WOFF 2.0 font to SFNT @ https://onvio.com.br/staff/:0
[   30084ms] [WARNING] Failed to decode downloaded font: https://onvio.com.br/staff/SourceSans3-Regular.ttf.dab9805cb7eb3d8f.woff @ https://onvio.com.br/staff/:0
[   30084ms] [WARNING] OTS parsing error: incorrect file size in WOFF header @ https://onvio.com.br/staff/:0
[   30084ms] [WARNING] Failed to decode downloaded font: https://onvio.com.br/staff/SourceSans3-Regular.114f93b5f3b7d159.otf @ https://onvio.com.br/staff/:0
[   30084ms] [WARNING] OTS parsing error: bad table directory searchRange
bad table directory entrySelector
bad table directory rangeShift
Invalid table tag: 0x604241
 `BA: misaligned table @ https://onvio.com.br/staff/:0
[   30084ms] [WARNING] Failed to decode downloaded font: https://onvio.com.br/staff/SourceSans3-Regular.ab920762075b81fb.ttf @ https://onvio.com.br/staff/:0
[   30085ms] [WARNING] OTS parsing error: BASE: invalid table offset @ https://onvio.com.br/staff/:0
[   30085ms] [WARNING] Failed to decode downloaded font: https://onvio.com.br/staff/SourceSans3VF-Upright.ttf.e7f20fc9b00b0e8a.woff2 @ https://onvio.com.br/staff/:0
[   30085ms] [WARNING] OTS parsing error: Failed to convert WOFF 2.0 font to SFNT @ https://onvio.com.br/staff/:0
[   30085ms] [WARNING] Failed to decode downloaded font: https://onvio.com.br/staff/SourceSans3-Regular.ttf.dab9805cb7eb3d8f.woff @ https://onvio.com.br/staff/:0
[   30085ms] [WARNING] OTS parsing error: incorrect file size in WOFF header @ https://onvio.com.br/staff/:0
[   30085ms] [WARNING] Failed to decode downloaded font: https://onvio.com.br/staff/SourceSans3-Regular.114f93b5f3b7d159.otf @ https://onvio.com.br/staff/:0
[   30085ms] [WARNING] OTS parsing error: bad table directory searchRange
bad table directory entrySelector
bad table directory rangeShift
Invalid table tag: 0x604241
 `BA: misaligned table @ https://onvio.com.br/staff/:0
[   30085ms] [WARNING] Failed to decode downloaded font: https://onvio.com.br/staff/SourceSans3-Regular.ab920762075b81fb.ttf @ https://onvio.com.br/staff/:0
[   30085ms] [WARNING] OTS parsing error: BASE: invalid table offset @ https://onvio.com.br/staff/:0
[   30086ms] [WARNING] Failed to decode downloaded font: https://onvio.com.br/staff/SourceSans3VF-Upright.ttf.e7f20fc9b00b0e8a.woff2 @ https://onvio.com.br/staff/:0
[   30086ms] [WARNING] OTS parsing error: Failed to convert WOFF 2.0 font to SFNT @ https://onvio.com.br/staff/:0
[   30086ms] [WARNING] Failed to decode downloaded font: https://onvio.com.br/staff/SourceSans3-Regular.ttf.dab9805cb7eb3d8f.woff @ https://onvio.com.br/staff/:0
[   30086ms] [WARNING] OTS parsing error: incorrect file size in WOFF header @ https://onvio.com.br/staff/:0
[   30087ms] [WARNING] Failed to decode downloaded font: https://onvio.com.br/staff/SourceSans3-Regular.114f93b5f3b7d159.otf @ https://onvio.com.br/staff/:0
[   30087ms] [WARNING] OTS parsing error: bad table directory searchRange
bad table directory entrySelector
bad table directory rangeShift
Invalid table tag: 0x604241
 `BA: misaligned table @ https://onvio.com.br/staff/:0
[   30087ms] [WARNING] Failed to decode downloaded font: https://onvio.com.br/staff/SourceSans3-Regular.ab920762075b81fb.ttf @ https://onvio.com.br/staff/:0
[   30087ms] [WARNING] OTS parsing error: BASE: invalid table offset @ https://onvio.com.br/staff/:0
[   30088ms] [WARNING] Failed to decode downloaded font: https://onvio.com.br/staff/SourceSans3VF-Upright.ttf.e7f20fc9b00b0e8a.woff2 @ https://onvio.com.br/staff/:0
[   30088ms] [WARNING] OTS parsing error: Failed to convert WOFF 2.0 font to SFNT @ https://onvio.com.br/staff/:0
[   30088ms] [WARNING] Failed to decode downloaded font: https://onvio.com.br/staff/SourceSans3-Regular.ttf.dab9805cb7eb3d8f.woff @ https://onvio.com.br/staff/:0
[   30089ms] [WARNING] OTS parsing error: incorrect file size in WOFF header @ https://onvio.com.br/staff/:0
[   30089ms] [WARNING] Failed to decode downloaded font: https://onvio.com.br/staff/SourceSans3-Regular.114f93b5f3b7d159.otf @ https://onvio.com.br/staff/:0
[   30089ms] [WARNING] OTS parsing error: bad table directory searchRange
bad table directory entrySelector
bad table directory rangeShift
Invalid table tag: 0x604241
 `BA: misaligned table @ https://onvio.com.br/staff/:0
[   30089ms] [WARNING] Failed to decode downloaded font: https://onvio.com.br/staff/SourceSans3-Regular.ab920762075b81fb.ttf @ https://onvio.com.br/staff/:0
[   30089ms] [WARNING] OTS parsing error: BASE: invalid table offset @ https://onvio.com.br/staff/:0
[   30090ms] [WARNING] Failed to decode downloaded font: https://onvio.com.br/staff/SourceSans3VF-Upright.ttf.e7f20fc9b00b0e8a.woff2 @ https://onvio.com.br/staff/:0
[   30090ms] [WARNING] OTS parsing error: Failed to convert WOFF 2.0 font to SFNT @ https://onvio.com.br/staff/:0
[   30090ms] [WARNING] Failed to decode downloaded font: https://onvio.com.br/staff/SourceSans3-Regular.ttf.dab9805cb7eb3d8f.woff @ https://onvio.com.br/staff/:0
[   30090ms] [WARNING] OTS parsing error: incorrect file size in WOFF header @ https://onvio.com.br/staff/:0
[   30090ms] [WARNING] Failed to decode downloaded font: https://onvio.com.br/staff/SourceSans3-Regular.114f93b5f3b7d159.otf @ https://onvio.com.br/staff/:0
[   30091ms] [WARNING] OTS parsing error: bad table directory searchRange
bad table directory entrySelector
bad table directory rangeShift
Invalid table tag: 0x604241
 `BA: misaligned table @ https://onvio.com.br/staff/:0
[   30091ms] [WARNING] Failed to decode downloaded font: https://onvio.com.br/staff/SourceSans3-Regular.ab920762075b81fb.ttf @ https://onvio.com.br/staff/:0
[   30091ms] [WARNING] OTS parsing error: BASE: invalid table offset @ https://onvio.com.br/staff/:0
[   30091ms] [WARNING] Failed to decode downloaded font: https://onvio.com.br/staff/SourceSans3VF-Upright.ttf.e7f20fc9b00b0e8a.woff2 @ https://onvio.com.br/staff/:0
[   30092ms] [WARNING] OTS parsing error: Failed to convert WOFF 2.0 font to SFNT @ https://onvio.com.br/staff/:0
[   30092ms] [WARNING] Failed to decode downloaded font: https://onvio.com.br/staff/SourceSans3-Regular.ttf.dab9805cb7eb3d8f.woff @ https://onvio.com.br/staff/:0
[   30092ms] [WARNING] OTS parsing error: incorrect file size in WOFF header @ https://onvio.com.br/staff/:0
[   30092ms] [WARNING] Failed to decode downloaded font: https://onvio.com.br/staff/SourceSans3-Regular.114f93b5f3b7d159.otf @ https://onvio.com.br/staff/:0
[   30092ms] [WARNING] OTS parsing error: bad table directory searchRange
bad table directory entrySelector
bad table directory rangeShift
Invalid table tag: 0x604241
 `BA: misaligned table @ https://onvio.com.br/staff/:0
[   30092ms] [WARNING] Failed to decode downloaded font: https://onvio.com.br/staff/SourceSans3-Regular.ab920762075b81fb.ttf @ https://onvio.com.br/staff/:0
[   30093ms] [WARNING] OTS parsing error: BASE: invalid table offset @ https://onvio.com.br/staff/:0
[   30093ms] [WARNING] Failed to decode downloaded font: https://onvio.com.br/staff/SourceSans3VF-Upright.ttf.e7f20fc9b00b0e8a.woff2 @ https://onvio.com.br/staff/:0
[   30093ms] [WARNING] OTS parsing error: Failed to convert WOFF 2.0 font to SFNT @ https://onvio.com.br/staff/:0
[   30093ms] [WARNING] Failed to decode downloaded font: https://onvio.com.br/staff/SourceSans3-Regular.ttf.dab9805cb7eb3d8f.woff @ https://onvio.com.br/staff/:0
[   30093ms] [WARNING] OTS parsing error: incorrect file size in WOFF header @ https://onvio.com.br/staff/:0
[   30094ms] [WARNING] Failed to decode downloaded font: https://onvio.com.br/staff/SourceSans3-Regular.114f93b5f3b7d159.otf @ https://onvio.com.br/staff/:0
[   30094ms] [WARNING] OTS parsing error: bad table directory searchRange
bad table directory entrySelector
bad table directory rangeShift
Invalid table tag: 0x604241
 `BA: misaligned table @ https://onvio.com.br/staff/:0
[   30094ms] [WARNING] Failed to decode downloaded font: https://onvio.com.br/staff/SourceSans3-Regular.ab920762075b81fb.ttf @ https://onvio.com.br/staff/:0
[   30094ms] [WARNING] OTS parsing error: BASE: invalid table offset @ https://onvio.com.br/staff/:0
[   30094ms] [WARNING] Failed to decode downloaded font: https://onvio.com.br/staff/SourceSans3VF-Upright.ttf.e7f20fc9b00b0e8a.woff2 @ https://onvio.com.br/staff/:0
[   30094ms] [WARNING] OTS parsing error: Failed to convert WOFF 2.0 font to SFNT @ https://onvio.com.br/staff/:0
[   30095ms] [WARNING] Failed to decode downloaded font: https://onvio.com.br/staff/SourceSans3-Regular.114f93b5f3b7d159.otf @ https://onvio.com.br/staff/:0
[   30095ms] [WARNING] OTS parsing error: bad table directory searchRange
bad table directory entrySelector
bad table directory rangeShift
Invalid table tag: 0x604241
 `BA: misaligned table @ https://onvio.com.br/staff/:0
[   30095ms] [WARNING] Failed to decode downloaded font: https://onvio.com.br/staff/SourceSans3-Regular.ttf.dab9805cb7eb3d8f.woff @ https://onvio.com.br/staff/:0
[   30095ms] [WARNING] OTS parsing error: incorrect file size in WOFF header @ https://onvio.com.br/staff/:0
[   30096ms] [WARNING] Failed to decode downloaded font: https://onvio.com.br/staff/SourceSans3-Regular.ab920762075b81fb.ttf @ https://onvio.com.br/staff/:0
[   30096ms] [WARNING] OTS parsing error: BASE: invalid table offset @ https://onvio.com.br/staff/:0
[   30096ms] [WARNING] Failed to decode downloaded font: https://onvio.com.br/staff/SourceSans3VF-Upright.ttf.e7f20fc9b00b0e8a.woff2 @ https://onvio.com.br/staff/:0
[   30096ms] [WARNING] OTS parsing error: Failed to convert WOFF 2.0 font to SFNT @ https://onvio.com.br/staff/:0
[   30096ms] [WARNING] Failed to decode downloaded font: https://onvio.com.br/staff/SourceSans3-Regular.ttf.dab9805cb7eb3d8f.woff @ https://onvio.com.br/staff/:0
[   30096ms] [WARNING] OTS parsing error: incorrect file size in WOFF header @ https://onvio.com.br/staff/:0
[   30097ms] [WARNING] Failed to decode downloaded font: https://onvio.com.br/staff/SourceSans3-Regular.114f93b5f3b7d159.otf @ https://onvio.com.br/staff/:0
[   30097ms] [WARNING] OTS parsing error: bad table directory searchRange
bad table directory entrySelector
bad table directory rangeShift
Invalid table tag: 0x604241
 `BA: misaligned table @ https://onvio.com.br/staff/:0
[   30097ms] [WARNING] Failed to decode downloaded font: https://onvio.com.br/staff/SourceSans3-Regular.ab920762075b81fb.ttf @ https://onvio.com.br/staff/:0
[   30097ms] [WARNING] OTS parsing error: BASE: invalid table offset @ https://onvio.com.br/staff/:0
[   30097ms] [WARNING] Failed to decode downloaded font: https://onvio.com.br/staff/SourceSans3VF-Upright.ttf.e7f20fc9b00b0e8a.woff2 @ https://onvio.com.br/staff/:0
[   30097ms] [WARNING] OTS parsing error: Failed to convert WOFF 2.0 font to SFNT @ https://onvio.com.br/staff/:0
[   30097ms] [WARNING] Failed to decode downloaded font: https://onvio.com.br/staff/SourceSans3-Regular.ttf.dab9805cb7eb3d8f.woff @ https://onvio.com.br/staff/:0
[   30097ms] [WARNING] OTS parsing error: incorrect file size in WOFF header @ https://onvio.com.br/staff/:0
[   30097ms] [WARNING] Failed to decode downloaded font: https://onvio.com.br/staff/SourceSans3-Regular.114f93b5f3b7d159.otf @ https://onvio.com.br/staff/:0
[   30097ms] [WARNING] OTS parsing error: bad table directory searchRange
bad table directory entrySelector
bad table directory rangeShift
Invalid table tag: 0x604241
 `BA: misaligned table @ https://onvio.com.br/staff/:0
[   30097ms] [WARNING] Failed to decode downloaded font: https://onvio.com.br/staff/SourceSans3-Regular.ab920762075b81fb.ttf @ https://onvio.com.br/staff/:0
[   30098ms] [WARNING] OTS parsing error: BASE: invalid table offset @ https://onvio.com.br/staff/:0
[   30098ms] [WARNING] Failed to decode downloaded font: https://onvio.com.br/staff/SourceSans3VF-Upright.ttf.e7f20fc9b00b0e8a.woff2 @ https://onvio.com.br/staff/:0
[   30098ms] [WARNING] OTS parsing error: Failed to convert WOFF 2.0 font to SFNT @ https://onvio.com.br/staff/:0
[   30098ms] [WARNING] Failed to decode downloaded font: https://onvio.com.br/staff/SourceSans3-Regular.ttf.dab9805cb7eb3d8f.woff @ https://onvio.com.br/staff/:0
[   30098ms] [WARNING] OTS parsing error: incorrect file size in WOFF header @ https://onvio.com.br/staff/:0
[   30098ms] [WARNING] Failed to decode downloaded font: https://onvio.com.br/staff/SourceSans3-Regular.114f93b5f3b7d159.otf @ https://onvio.com.br/staff/:0
[   30098ms] [WARNING] OTS parsing error: bad table directory searchRange
bad table directory entrySelector
bad table directory rangeShift
Invalid table tag: 0x604241
 `BA: misaligned table @ https://onvio.com.br/staff/:0
[   30098ms] [WARNING] Failed to decode downloaded font: https://onvio.com.br/staff/SourceSans3-Regular.ab920762075b81fb.ttf @ https://onvio.com.br/staff/:0
[   30098ms] [WARNING] OTS parsing error: BASE: invalid table offset @ https://onvio.com.br/staff/:0
[   30098ms] [WARNING] Failed to decode downloaded font: https://onvio.com.br/staff/SourceSans3VF-Upright.ttf.e7f20fc9b00b0e8a.woff2 @ https://onvio.com.br/staff/:0
[   30098ms] [WARNING] OTS parsing error: Failed to convert WOFF 2.0 font to SFNT @ https://onvio.com.br/staff/:0
[   30098ms] [WARNING] Failed to decode downloaded font: https://onvio.com.br/staff/SourceSans3-Regular.ttf.dab9805cb7eb3d8f.woff @ https://onvio.com.br/staff/:0
[   30098ms] [WARNING] OTS parsing error: incorrect file size in WOFF header @ https://onvio.com.br/staff/:0
[   30098ms] [WARNING] Failed to decode downloaded font: https://onvio.com.br/staff/SourceSans3-Regular.114f93b5f3b7d159.otf @ https://onvio.com.br/staff/:0
[   30099ms] [WARNING] OTS parsing error: bad table directory searchRange
bad table directory entrySelector
bad table directory rangeShift
Invalid table tag: 0x604241
 `BA: misaligned table @ https://onvio.com.br/staff/:0
[   30099ms] [WARNING] Failed to decode downloaded font: https://onvio.com.br/staff/SourceSans3-Regular.ab920762075b81fb.ttf @ https://onvio.com.br/staff/:0
[   30099ms] [WARNING] OTS parsing error: BASE: invalid table offset @ https://onvio.com.br/staff/:0
[   30684ms] [WARNING] This environment does not allow for usage of the WebComponent version of WebViewer: NotSupportedError: Failed to execute 'define' on 'CustomElementRegistry': the name "apryse-webviewer" has already been used with this registry @ https://onvio.com.br/staff/4888.e62af6d7ff1a20c1.js:0
[   30685ms] [WARNING] Custom element bm-icon is already registered and the constructors are not the same function R(){var k,L;(0,d.default)(this,R);for(var $=arguments.length,B=new Array($),K=0;K<$;K++)B[K]=arguments[K];return(L=T.call.apply(T,(0,f.default)(k=[this]).call(k,B))).type=void 0,L} function R(){var k,L;(0,d.default)(this,R);for(var $=arguments.length,B=new Array($),K=0;K<$;K++)B[K]=arguments[K];return(L=T.call.apply(T,(0,f.default)(k=[this]).call(k,B))).type=void 0,L} @ https://onvio.com.br/staff/4888.e62af6d7ff1a20c1.js:0
[   30698ms] [WARNING] Custom element bm-alert is already registered and the constructors are not the same function g(){var T,R;(0,v.default)(this,g);for(var k=arguments.length,L=new Array(k),$=0;$<k;$++)L[$]=arguments[$];return(R=p.call.apply(p,(0,d.default)(T=[this]).call(T,L))).type="info",R.closeable=!1,R} function g(){var T,R;(0,v.default)(this,g);for(var k=arguments.length,L=new Array(k),$=0;$<k;$++)L[$]=arguments[$];return(R=p.call.apply(p,(0,d.default)(T=[this]).call(T,L))).type="info",R.closeable=!1,R} @ https://onvio.com.br/staff/4888.e62af6d7ff1a20c1.js:0
[   30698ms] [WARNING] Custom element bm-alert is already registered and the constructors are not the same function g(){var T,R;(0,v.default)(this,g);for(var k=arguments.length,L=new Array(k),$=0;$<k;$++)L[$]=arguments[$];return(R=p.call.apply(p,(0,d.default)(T=[this]).call(T,L))).type="info",R.closeable=!1,R} function g(){var T,R;(0,v.default)(this,g);for(var k=arguments.length,L=new Array(k),$=0;$<k;$++)L[$]=arguments[$];return(R=p.call.apply(p,(0,d.default)(T=[this]).call(T,L))).type="info",R.closeable=!1,R} @ https://onvio.com.br/staff/4888.e62af6d7ff1a20c1.js:0
[   30698ms] [WARNING] Custom element bm-alert is already registered and the constructors are not the same function g(){var T,R;(0,v.default)(this,g);for(var k=arguments.length,L=new Array(k),$=0;$<k;$++)L[$]=arguments[$];return(R=p.call.apply(p,(0,d.default)(T=[this]).call(T,L))).type="info",R.closeable=!1,R} function g(){var T,R;(0,v.default)(this,g);for(var k=arguments.length,L=new Array(k),$=0;$<k;$++)L[$]=arguments[$];return(R=p.call.apply(p,(0,d.default)(T=[this]).call(T,L))).type="info",R.closeable=!1,R} @ https://onvio.com.br/staff/4888.e62af6d7ff1a20c1.js:0
[   30699ms] [WARNING] Custom element bm-alert is already registered and the constructors are not the same function g(){var T,R;(0,v.default)(this,g);for(var k=arguments.length,L=new Array(k),$=0;$<k;$++)L[$]=arguments[$];return(R=p.call.apply(p,(0,d.default)(T=[this]).call(T,L))).type="info",R.closeable=!1,R} function g(){var T,R;(0,v.default)(this,g);for(var k=arguments.length,L=new Array(k),$=0;$<k;$++)L[$]=arguments[$];return(R=p.call.apply(p,(0,d.default)(T=[this]).call(T,L))).type="info",R.closeable=!1,R} @ https://onvio.com.br/staff/4888.e62af6d7ff1a20c1.js:0
[   30699ms] [WARNING] Custom element bm-alert is already registered and the constructors are not the same function g(){var T,R;(0,v.default)(this,g);for(var k=arguments.length,L=new Array(k),$=0;$<k;$++)L[$]=arguments[$];return(R=p.call.apply(p,(0,d.default)(T=[this]).call(T,L))).type="info",R.closeable=!1,R} function g(){var T,R;(0,v.default)(this,g);for(var k=arguments.length,L=new Array(k),$=0;$<k;$++)L[$]=arguments[$];return(R=p.call.apply(p,(0,d.default)(T=[this]).call(T,L))).type="info",R.closeable=!1,R} @ https://onvio.com.br/staff/4888.e62af6d7ff1a20c1.js:0
[   30699ms] [WARNING] Custom element bm-alert is already registered and the constructors are not the same function g(){var T,R;(0,v.default)(this,g);for(var k=arguments.length,L=new Array(k),$=0;$<k;$++)L[$]=arguments[$];return(R=p.call.apply(p,(0,d.default)(T=[this]).call(T,L))).type="info",R.closeable=!1,R} function g(){var T,R;(0,v.default)(this,g);for(var k=arguments.length,L=new Array(k),$=0;$<k;$++)L[$]=arguments[$];return(R=p.call.apply(p,(0,d.default)(T=[this]).call(T,L))).type="info",R.closeable=!1,R} @ https://onvio.com.br/staff/4888.e62af6d7ff1a20c1.js:0
[   30699ms] [WARNING] Custom element bm-alert is already registered and the constructors are not the same function g(){var T,R;(0,v.default)(this,g);for(var k=arguments.length,L=new Array(k),$=0;$<k;$++)L[$]=arguments[$];return(R=p.call.apply(p,(0,d.default)(T=[this]).call(T,L))).type="info",R.closeable=!1,R} function g(){var T,R;(0,v.default)(this,g);for(var k=arguments.length,L=new Array(k),$=0;$<k;$++)L[$]=arguments[$];return(R=p.call.apply(p,(0,d.default)(T=[this]).call(T,L))).type="info",R.closeable=!1,R} @ https://onvio.com.br/staff/4888.e62af6d7ff1a20c1.js:0
[   30700ms] [WARNING] Custom element bm-alert is already registered and the constructors are not the same function g(){var T,R;(0,v.default)(this,g);for(var k=arguments.length,L=new Array(k),$=0;$<k;$++)L[$]=arguments[$];return(R=p.call.apply(p,(0,d.default)(T=[this]).call(T,L))).type="info",R.closeable=!1,R} function g(){var T,R;(0,v.default)(this,g);for(var k=arguments.length,L=new Array(k),$=0;$<k;$++)L[$]=arguments[$];return(R=p.call.apply(p,(0,d.default)(T=[this]).call(T,L))).type="info",R.closeable=!1,R} @ https://onvio.com.br/staff/4888.e62af6d7ff1a20c1.js:0
[   30771ms] [WARNING] Failed to decode downloaded font: https://onvio.com.br/staff/SourceSans3VF-Upright.ttf.e7f20fc9b00b0e8a.woff2 @ https://onvio.com.br/staff/#/:0
[   30772ms] [WARNING] OTS parsing error: Failed to convert WOFF 2.0 font to SFNT @ https://onvio.com.br/staff/#/:0
[   30773ms] [WARNING] Failed to decode downloaded font: https://onvio.com.br/staff/SourceSans3-Regular.ttf.dab9805cb7eb3d8f.woff @ https://onvio.com.br/staff/#/:0
[   30773ms] [WARNING] OTS parsing error: incorrect file size in WOFF header @ https://onvio.com.br/staff/#/:0
[   30774ms] [WARNING] Failed to decode downloaded font: https://onvio.com.br/staff/SourceSans3-Regular.114f93b5f3b7d159.otf @ https://onvio.com.br/staff/#/:0
[   30775ms] [WARNING] OTS parsing error: bad table directory searchRange
bad table directory entrySelector
bad table directory rangeShift
Invalid table tag: 0x604241
 `BA: misaligned table @ https://onvio.com.br/staff/#/:0
[   30775ms] [WARNING] Failed to decode downloaded font: https://onvio.com.br/staff/SourceSans3-Regular.ab920762075b81fb.ttf @ https://onvio.com.br/staff/#/:0
[   30776ms] [WARNING] OTS parsing error: BASE: invalid table offset @ https://onvio.com.br/staff/#/:0
[   30776ms] [WARNING] Failed to decode downloaded font: https://onvio.com.br/staff/SourceSans3VF-Upright.ttf.e7f20fc9b00b0e8a.woff2 @ https://onvio.com.br/staff/#/:0
[   30777ms] [WARNING] OTS parsing error: Failed to convert WOFF 2.0 font to SFNT @ https://onvio.com.br/staff/#/:0
[   30777ms] [WARNING] Failed to decode downloaded font: https://onvio.com.br/staff/SourceSans3-Regular.ttf.dab9805cb7eb3d8f.woff @ https://onvio.com.br/staff/#/:0
[   30778ms] [WARNING] OTS parsing error: incorrect file size in WOFF header @ https://onvio.com.br/staff/#/:0
[   30778ms] [WARNING] Failed to decode downloaded font: https://onvio.com.br/staff/SourceSans3-Regular.114f93b5f3b7d159.otf @ https://onvio.com.br/staff/#/:0
[   30779ms] [WARNING] OTS parsing error: bad table directory searchRange
bad table directory entrySelector
bad table directory rangeShift
Invalid table tag: 0x604241
 `BA: misaligned table @ https://onvio.com.br/staff/#/:0
[   30779ms] [WARNING] Failed to decode downloaded font: https://onvio.com.br/staff/SourceSans3-Regular.ab920762075b81fb.ttf @ https://onvio.com.br/staff/#/:0
[   30780ms] [WARNING] OTS parsing error: BASE: invalid table offset @ https://onvio.com.br/staff/#/:0
[   30780ms] [WARNING] Failed to decode downloaded font: https://onvio.com.br/staff/SourceSans3VF-Upright.ttf.e7f20fc9b00b0e8a.woff2 @ https://onvio.com.br/staff/#/:0
[   30781ms] [WARNING] OTS parsing error: Failed to convert WOFF 2.0 font to SFNT @ https://onvio.com.br/staff/#/:0
[   30782ms] [WARNING] Failed to decode downloaded font: https://onvio.com.br/staff/SourceSans3-Regular.ttf.dab9805cb7eb3d8f.woff @ https://onvio.com.br/staff/#/:0
[   30782ms] [WARNING] OTS parsing error: incorrect file size in WOFF header @ https://onvio.com.br/staff/#/:0
[   30782ms] [WARNING] Failed to decode downloaded font: https://onvio.com.br/staff/SourceSans3-Regular.114f93b5f3b7d159.otf @ https://onvio.com.br/staff/#/:0
[   30783ms] [WARNING] OTS parsing error: bad table directory searchRange
bad table directory entrySelector
bad table directory rangeShift
Invalid table tag: 0x604241
 `BA: misaligned table @ https://onvio.com.br/staff/#/:0
[   30784ms] [WARNING] Failed to decode downloaded font: https://onvio.com.br/staff/SourceSans3-Regular.ab920762075b81fb.ttf @ https://onvio.com.br/staff/#/:0
[   30784ms] [WARNING] OTS parsing error: BASE: invalid table offset @ https://onvio.com.br/staff/#/:0
[   30784ms] [WARNING] Failed to decode downloaded font: https://onvio.com.br/staff/SourceSans3VF-Upright.ttf.e7f20fc9b00b0e8a.woff2 @ https://onvio.com.br/staff/#/:0
[   30785ms] [WARNING] OTS parsing error: Failed to convert WOFF 2.0 font to SFNT @ https://onvio.com.br/staff/#/:0
[   30785ms] [WARNING] Failed to decode downloaded font: https://onvio.com.br/staff/SourceSans3-Regular.ttf.dab9805cb7eb3d8f.woff @ https://onvio.com.br/staff/#/:0
[   30786ms] [WARNING] OTS parsing error: incorrect file size in WOFF header @ https://onvio.com.br/staff/#/:0
[   30786ms] [WARNING] Failed to decode downloaded font: https://onvio.com.br/staff/SourceSans3-Regular.114f93b5f3b7d159.otf @ https://onvio.com.br/staff/#/:0
[   30787ms] [WARNING] OTS parsing error: bad table directory searchRange
bad table directory entrySelector
bad table directory rangeShift
Invalid table tag: 0x604241
 `BA: misaligned table @ https://onvio.com.br/staff/#/:0
[   30787ms] [WARNING] Failed to decode downloaded font: https://onvio.com.br/staff/SourceSans3-Regular.ab920762075b81fb.ttf @ https://onvio.com.br/staff/#/:0
[   30788ms] [WARNING] OTS parsing error: BASE: invalid table offset @ https://onvio.com.br/staff/#/:0
[   30789ms] [WARNING] Failed to decode downloaded font: https://onvio.com.br/staff/SourceSans3VF-Upright.ttf.e7f20fc9b00b0e8a.woff2 @ https://onvio.com.br/staff/#/:0
[   30790ms] [WARNING] OTS parsing error: Failed to convert WOFF 2.0 font to SFNT @ https://onvio.com.br/staff/#/:0
[   30790ms] [WARNING] Failed to decode downloaded font: https://onvio.com.br/staff/SourceSans3-Regular.ttf.dab9805cb7eb3d8f.woff @ https://onvio.com.br/staff/#/:0
[   30790ms] [WARNING] OTS parsing error: incorrect file size in WOFF header @ https://onvio.com.br/staff/#/:0
[   30790ms] [WARNING] Failed to decode downloaded font: https://onvio.com.br/staff/SourceSans3-Regular.114f93b5f3b7d159.otf @ https://onvio.com.br/staff/#/:0
[   30791ms] [WARNING] OTS parsing error: bad table directory searchRange
bad table directory entrySelector
bad table directory rangeShift
Invalid table tag: 0x604241
 `BA: misaligned table @ https://onvio.com.br/staff/#/:0
[   30791ms] [WARNING] Failed to decode downloaded font: https://onvio.com.br/staff/SourceSans3-Regular.ab920762075b81fb.ttf @ https://onvio.com.br/staff/#/:0
[   30791ms] [WARNING] OTS parsing error: BASE: invalid table offset @ https://onvio.com.br/staff/#/:0
[   30791ms] [WARNING] Failed to decode downloaded font: https://onvio.com.br/staff/SourceSans3VF-Upright.ttf.e7f20fc9b00b0e8a.woff2 @ https://onvio.com.br/staff/#/:0
[   30791ms] [WARNING] OTS parsing error: Failed to convert WOFF 2.0 font to SFNT @ https://onvio.com.br/staff/#/:0
[   30792ms] [WARNING] Failed to decode downloaded font: https://onvio.com.br/staff/SourceSans3VF-Upright.ttf.e7f20fc9b00b0e8a.woff2 @ https://onvio.com.br/staff/#/:0
[   30792ms] [WARNING] OTS parsing error: Failed to convert WOFF 2.0 font to SFNT @ https://onvio.com.br/staff/#/:0
[   30792ms] [WARNING] Failed to decode downloaded font: https://onvio.com.br/staff/SourceSans3VF-Upright.ttf.e7f20fc9b00b0e8a.woff2 @ https://onvio.com.br/staff/#/:0
[   30792ms] [WARNING] OTS parsing error: Failed to convert WOFF 2.0 font to SFNT @ https://onvio.com.br/staff/#/:0
[   30793ms] [WARNING] Failed to decode downloaded font: https://onvio.com.br/staff/SourceSans3VF-Upright.ttf.e7f20fc9b00b0e8a.woff2 @ https://onvio.com.br/staff/#/:0
[   30793ms] [WARNING] OTS parsing error: Failed to convert WOFF 2.0 font to SFNT @ https://onvio.com.br/staff/#/:0
[   30793ms] [WARNING] Failed to decode downloaded font: https://onvio.com.br/staff/SourceSans3VF-Upright.ttf.e7f20fc9b00b0e8a.woff2 @ https://onvio.com.br/staff/#/:0
[   30794ms] [WARNING] OTS parsing error: Failed to convert WOFF 2.0 font to SFNT @ https://onvio.com.br/staff/#/:0
[   30794ms] [WARNING] Failed to decode downloaded font: https://onvio.com.br/staff/SourceSans3VF-Upright.ttf.e7f20fc9b00b0e8a.woff2 @ https://onvio.com.br/staff/#/:0
[   30794ms] [WARNING] OTS parsing error: Failed to convert WOFF 2.0 font to SFNT @ https://onvio.com.br/staff/#/:0
[   30794ms] [WARNING] Failed to decode downloaded font: https://onvio.com.br/staff/SourceSans3VF-Upright.ttf.e7f20fc9b00b0e8a.woff2 @ https://onvio.com.br/staff/#/:0
[   30795ms] [WARNING] OTS parsing error: Failed to convert WOFF 2.0 font to SFNT @ https://onvio.com.br/staff/#/:0
[   30795ms] [WARNING] Failed to decode downloaded font: https://onvio.com.br/staff/SourceSans3VF-Upright.ttf.e7f20fc9b00b0e8a.woff2 @ https://onvio.com.br/staff/#/:0
[   30795ms] [WARNING] OTS parsing error: Failed to convert WOFF 2.0 font to SFNT @ https://onvio.com.br/staff/#/:0
[   30796ms] [WARNING] Failed to decode downloaded font: https://onvio.com.br/staff/SourceSans3VF-Upright.ttf.e7f20fc9b00b0e8a.woff2 @ https://onvio.com.br/staff/#/:0
[   30796ms] [WARNING] OTS parsing error: Failed to convert WOFF 2.0 font to SFNT @ https://onvio.com.br/staff/#/:0
[   30796ms] [WARNING] Failed to decode downloaded font: https://onvio.com.br/staff/SourceSans3-Regular.ttf.dab9805cb7eb3d8f.woff @ https://onvio.com.br/staff/#/:0
[   30796ms] [WARNING] OTS parsing error: incorrect file size in WOFF header @ https://onvio.com.br/staff/#/:0
[   30796ms] [WARNING] Failed to decode downloaded font: https://onvio.com.br/staff/SourceSans3-Regular.114f93b5f3b7d159.otf @ https://onvio.com.br/staff/#/:0
[   30796ms] [WARNING] OTS parsing error: bad table directory searchRange
bad table directory entrySelector
bad table directory rangeShift
Invalid table tag: 0x604241
 `BA: misaligned table @ https://onvio.com.br/staff/#/:0
[   30796ms] [WARNING] Failed to decode downloaded font: https://onvio.com.br/staff/SourceSans3-Regular.ab920762075b81fb.ttf @ https://onvio.com.br/staff/#/:0
[   30797ms] [WARNING] OTS parsing error: BASE: invalid table offset @ https://onvio.com.br/staff/#/:0
[   30797ms] [WARNING] Failed to decode downloaded font: https://onvio.com.br/staff/SourceSans3VF-Upright.ttf.e7f20fc9b00b0e8a.woff2 @ https://onvio.com.br/staff/#/:0
[   30798ms] [WARNING] OTS parsing error: Failed to convert WOFF 2.0 font to SFNT @ https://onvio.com.br/staff/#/:0
[   30798ms] [WARNING] Failed to decode downloaded font: https://onvio.com.br/staff/SourceSans3-Regular.ttf.dab9805cb7eb3d8f.woff @ https://onvio.com.br/staff/#/:0
[   30798ms] [WARNING] OTS parsing error: incorrect file size in WOFF header @ https://onvio.com.br/staff/#/:0
[   30798ms] [WARNING] Failed to decode downloaded font: https://onvio.com.br/staff/SourceSans3-Regular.114f93b5f3b7d159.otf @ https://onvio.com.br/staff/#/:0
[   30798ms] [WARNING] OTS parsing error: bad table directory searchRange
bad table directory entrySelector
bad table directory rangeShift
Invalid table tag: 0x604241
 `BA: misaligned table @ https://onvio.com.br/staff/#/:0
[   30798ms] [WARNING] Failed to decode downloaded font: https://onvio.com.br/staff/SourceSans3-Regular.ab920762075b81fb.ttf @ https://onvio.com.br/staff/#/:0
[   30798ms] [WARNING] OTS parsing error: BASE: invalid table offset @ https://onvio.com.br/staff/#/:0
[   30799ms] [WARNING] Failed to decode downloaded font: https://onvio.com.br/staff/SourceSans3VF-Upright.ttf.e7f20fc9b00b0e8a.woff2 @ https://onvio.com.br/staff/#/:0
[   30799ms] [WARNING] OTS parsing error: Failed to convert WOFF 2.0 font to SFNT @ https://onvio.com.br/staff/#/:0
[   30799ms] [WARNING] Failed to decode downloaded font: https://onvio.com.br/staff/SourceSans3-Regular.ttf.dab9805cb7eb3d8f.woff @ https://onvio.com.br/staff/#/:0
[   30799ms] [WARNING] OTS parsing error: incorrect file size in WOFF header @ https://onvio.com.br/staff/#/:0
[   30799ms] [WARNING] Failed to decode downloaded font: https://onvio.com.br/staff/SourceSans3-Regular.114f93b5f3b7d159.otf @ https://onvio.com.br/staff/#/:0
[   30799ms] [WARNING] OTS parsing error: bad table directory searchRange
bad table directory entrySelector
bad table directory rangeShift
Invalid table tag: 0x604241
 `BA: misaligned table @ https://onvio.com.br/staff/#/:0
[   30799ms] [WARNING] Failed to decode downloaded font: https://onvio.com.br/staff/SourceSans3-Regular.ab920762075b81fb.ttf @ https://onvio.com.br/staff/#/:0
[   30799ms] [WARNING] OTS parsing error: BASE: invalid table offset @ https://onvio.com.br/staff/#/:0
[   30800ms] [WARNING] Failed to decode downloaded font: https://onvio.com.br/staff/SourceSans3VF-Upright.ttf.e7f20fc9b00b0e8a.woff2 @ https://onvio.com.br/staff/#/:0
[   30800ms] [WARNING] OTS parsing error: Failed to convert WOFF 2.0 font to SFNT @ https://onvio.com.br/staff/#/:0
[   30800ms] [WARNING] Failed to decode downloaded font: https://onvio.com.br/staff/SourceSans3-Regular.ttf.dab9805cb7eb3d8f.woff @ https://onvio.com.br/staff/#/:0
[   30800ms] [WARNING] OTS parsing error: incorrect file size in WOFF header @ https://onvio.com.br/staff/#/:0
[   30800ms] [WARNING] Failed to decode downloaded font: https://onvio.com.br/staff/SourceSans3-Regular.114f93b5f3b7d159.otf @ https://onvio.com.br/staff/#/:0
[   30800ms] [WARNING] OTS parsing error: bad table directory searchRange
bad table directory entrySelector
bad table directory rangeShift
Invalid table tag: 0x604241
 `BA: misaligned table @ https://onvio.com.br/staff/#/:0
[   30800ms] [WARNING] Failed to decode downloaded font: https://onvio.com.br/staff/SourceSans3-Regular.ab920762075b81fb.ttf @ https://onvio.com.br/staff/#/:0
[   30801ms] [WARNING] OTS parsing error: BASE: invalid table offset @ https://onvio.com.br/staff/#/:0
[   30801ms] [WARNING] Failed to decode downloaded font: https://onvio.com.br/staff/SourceSans3VF-Upright.ttf.e7f20fc9b00b0e8a.woff2 @ https://onvio.com.br/staff/#/:0
[   30801ms] [WARNING] OTS parsing error: Failed to convert WOFF 2.0 font to SFNT @ https://onvio.com.br/staff/#/:0
[   30801ms] [WARNING] Failed to decode downloaded font: https://onvio.com.br/staff/SourceSans3-Regular.ttf.dab9805cb7eb3d8f.woff @ https://onvio.com.br/staff/#/:0
[   30801ms] [WARNING] OTS parsing error: incorrect file size in WOFF header @ https://onvio.com.br/staff/#/:0
[   30801ms] [WARNING] Failed to decode downloaded font: https://onvio.com.br/staff/SourceSans3-Regular.114f93b5f3b7d159.otf @ https://onvio.com.br/staff/#/:0
[   30801ms] [WARNING] OTS parsing error: bad table directory searchRange
bad table directory entrySelector
bad table directory rangeShift
Invalid table tag: 0x604241
 `BA: misaligned table @ https://onvio.com.br/staff/#/:0
[   30801ms] [WARNING] Failed to decode downloaded font: https://onvio.com.br/staff/SourceSans3-Regular.ab920762075b81fb.ttf @ https://onvio.com.br/staff/#/:0
[   30802ms] [WARNING] OTS parsing error: BASE: invalid table offset @ https://onvio.com.br/staff/#/:0
[   30802ms] [WARNING] Failed to decode downloaded font: https://onvio.com.br/staff/SourceSans3VF-Upright.ttf.e7f20fc9b00b0e8a.woff2 @ https://onvio.com.br/staff/#/:0
[   30802ms] [WARNING] OTS parsing error: Failed to convert WOFF 2.0 font to SFNT @ https://onvio.com.br/staff/#/:0
[   30802ms] [WARNING] Failed to decode downloaded font: https://onvio.com.br/staff/SourceSans3-Regular.ttf.dab9805cb7eb3d8f.woff @ https://onvio.com.br/staff/#/:0
[   30802ms] [WARNING] OTS parsing error: incorrect file size in WOFF header @ https://onvio.com.br/staff/#/:0
[   30803ms] [WARNING] Failed to decode downloaded font: https://onvio.com.br/staff/SourceSans3-Regular.114f93b5f3b7d159.otf @ https://onvio.com.br/staff/#/:0
[   30803ms] [WARNING] OTS parsing error: bad table directory searchRange
bad table directory entrySelector
bad table directory rangeShift
Invalid table tag: 0x604241
 `BA: misaligned table @ https://onvio.com.br/staff/#/:0
[   30803ms] [WARNING] Failed to decode downloaded font: https://onvio.com.br/staff/SourceSans3-Regular.ab920762075b81fb.ttf @ https://onvio.com.br/staff/#/:0
[   30803ms] [WARNING] OTS parsing error: BASE: invalid table offset @ https://onvio.com.br/staff/#/:0
[   30803ms] [WARNING] Failed to decode downloaded font: https://onvio.com.br/staff/SourceSans3VF-Upright.ttf.e7f20fc9b00b0e8a.woff2 @ https://onvio.com.br/staff/#/:0
[   30803ms] [WARNING] OTS parsing error: Failed to convert WOFF 2.0 font to SFNT @ https://onvio.com.br/staff/#/:0
[   30804ms] [WARNING] Failed to decode downloaded font: https://onvio.com.br/staff/SourceSans3-Regular.ttf.dab9805cb7eb3d8f.woff @ https://onvio.com.br/staff/#/:0
[   30804ms] [WARNING] OTS parsing error: incorrect file size in WOFF header @ https://onvio.com.br/staff/#/:0
[   30804ms] [WARNING] Failed to decode downloaded font: https://onvio.com.br/staff/SourceSans3-Regular.114f93b5f3b7d159.otf @ https://onvio.com.br/staff/#/:0
[   30804ms] [WARNING] OTS parsing error: bad table directory searchRange
bad table directory entrySelector
bad table directory rangeShift
Invalid table tag: 0x604241
 `BA: misaligned table @ https://onvio.com.br/staff/#/:0
[   30804ms] [WARNING] Failed to decode downloaded font: https://onvio.com.br/staff/SourceSans3-Regular.ab920762075b81fb.ttf @ https://onvio.com.br/staff/#/:0
[   30804ms] [WARNING] OTS parsing error: BASE: invalid table offset @ https://onvio.com.br/staff/#/:0
[   30805ms] [WARNING] Failed to decode downloaded font: https://onvio.com.br/staff/SourceSans3VF-Upright.ttf.e7f20fc9b00b0e8a.woff2 @ https://onvio.com.br/staff/#/:0
[   30805ms] [WARNING] OTS parsing error: Failed to convert WOFF 2.0 font to SFNT @ https://onvio.com.br/staff/#/:0
[   30805ms] [WARNING] Failed to decode downloaded font: https://onvio.com.br/staff/SourceSans3-Regular.ttf.dab9805cb7eb3d8f.woff @ https://onvio.com.br/staff/#/:0
[   30805ms] [WARNING] OTS parsing error: incorrect file size in WOFF header @ https://onvio.com.br/staff/#/:0
[   30805ms] [WARNING] Failed to decode downloaded font: https://onvio.com.br/staff/SourceSans3-Regular.114f93b5f3b7d159.otf @ https://onvio.com.br/staff/#/:0
[   30805ms] [WARNING] OTS parsing error: bad table directory searchRange
bad table directory entrySelector
bad table directory rangeShift
Invalid table tag: 0x604241
 `BA: misaligned table @ https://onvio.com.br/staff/#/:0
[   30805ms] [WARNING] Failed to decode downloaded font: https://onvio.com.br/staff/SourceSans3-Regular.ab920762075b81fb.ttf @ https://onvio.com.br/staff/#/:0
[   30806ms] [WARNING] OTS parsing error: BASE: invalid table offset @ https://onvio.com.br/staff/#/:0
[   30806ms] [WARNING] Failed to decode downloaded font: https://onvio.com.br/staff/SourceSans3VF-Upright.ttf.e7f20fc9b00b0e8a.woff2 @ https://onvio.com.br/staff/#/:0
[   30806ms] [WARNING] OTS parsing error: Failed to convert WOFF 2.0 font to SFNT @ https://onvio.com.br/staff/#/:0
[   30806ms] [WARNING] Failed to decode downloaded font: https://onvio.com.br/staff/SourceSans3-Regular.114f93b5f3b7d159.otf @ https://onvio.com.br/staff/#/:0
[   30806ms] [WARNING] OTS parsing error: bad table directory searchRange
bad table directory entrySelector
bad table directory rangeShift
Invalid table tag: 0x604241
 `BA: misaligned table @ https://onvio.com.br/staff/#/:0
[   30806ms] [WARNING] Failed to decode downloaded font: https://onvio.com.br/staff/SourceSans3-Regular.ttf.dab9805cb7eb3d8f.woff @ https://onvio.com.br/staff/#/:0
[   30806ms] [WARNING] OTS parsing error: incorrect file size in WOFF header @ https://onvio.com.br/staff/#/:0
[   30806ms] [WARNING] Failed to decode downloaded font: https://onvio.com.br/staff/SourceSans3-Regular.ab920762075b81fb.ttf @ https://onvio.com.br/staff/#/:0
[   30807ms] [WARNING] OTS parsing error: BASE: invalid table offset @ https://onvio.com.br/staff/#/:0
[   30807ms] [WARNING] Failed to decode downloaded font: https://onvio.com.br/staff/SourceSans3VF-Upright.ttf.e7f20fc9b00b0e8a.woff2 @ https://onvio.com.br/staff/#/:0
[   30807ms] [WARNING] OTS parsing error: Failed to convert WOFF 2.0 font to SFNT @ https://onvio.com.br/staff/#/:0
[   30807ms] [WARNING] Failed to decode downloaded font: https://onvio.com.br/staff/SourceSans3-Regular.ttf.dab9805cb7eb3d8f.woff @ https://onvio.com.br/staff/#/:0
[   30807ms] [WARNING] OTS parsing error: incorrect file size in WOFF header @ https://onvio.com.br/staff/#/:0
[   30808ms] [WARNING] Failed to decode downloaded font: https://onvio.com.br/staff/SourceSans3-Regular.114f93b5f3b7d159.otf @ https://onvio.com.br/staff/#/:0
[   30808ms] [WARNING] OTS parsing error: bad table directory searchRange
bad table directory entrySelector
bad table directory rangeShift
Invalid table tag: 0x604241
 `BA: misaligned table @ https://onvio.com.br/staff/#/:0
[   30808ms] [WARNING] Failed to decode downloaded font: https://onvio.com.br/staff/SourceSans3-Regular.ab920762075b81fb.ttf @ https://onvio.com.br/staff/#/:0
[   30808ms] [WARNING] OTS parsing error: BASE: invalid table offset @ https://onvio.com.br/staff/#/:0
[   30808ms] [WARNING] Failed to decode downloaded font: https://onvio.com.br/staff/SourceSans3VF-Upright.ttf.e7f20fc9b00b0e8a.woff2 @ https://onvio.com.br/staff/#/:0
[   30808ms] [WARNING] OTS parsing error: Failed to convert WOFF 2.0 font to SFNT @ https://onvio.com.br/staff/#/:0
[   30809ms] [WARNING] Failed to decode downloaded font: https://onvio.com.br/staff/SourceSans3-Regular.ttf.dab9805cb7eb3d8f.woff @ https://onvio.com.br/staff/#/:0
[   30809ms] [WARNING] OTS parsing error: incorrect file size in WOFF header @ https://onvio.com.br/staff/#/:0
[   30809ms] [WARNING] Failed to decode downloaded font: https://onvio.com.br/staff/SourceSans3-Regular.114f93b5f3b7d159.otf @ https://onvio.com.br/staff/#/:0
[   30809ms] [WARNING] OTS parsing error: bad table directory searchRange
bad table directory entrySelector
bad table directory rangeShift
Invalid table tag: 0x604241
 `BA: misaligned table @ https://onvio.com.br/staff/#/:0
[   30810ms] [WARNING] Failed to decode downloaded font: https://onvio.com.br/staff/SourceSans3-Regular.ab920762075b81fb.ttf @ https://onvio.com.br/staff/#/:0
[   30810ms] [WARNING] OTS parsing error: BASE: invalid table offset @ https://onvio.com.br/staff/#/:0
[   30810ms] [WARNING] Failed to decode downloaded font: https://onvio.com.br/staff/SourceSans3VF-Upright.ttf.e7f20fc9b00b0e8a.woff2 @ https://onvio.com.br/staff/#/:0
[   30810ms] [WARNING] OTS parsing error: Failed to convert WOFF 2.0 font to SFNT @ https://onvio.com.br/staff/#/:0
[   30810ms] [WARNING] Failed to decode downloaded font: https://onvio.com.br/staff/SourceSans3-Regular.ttf.dab9805cb7eb3d8f.woff @ https://onvio.com.br/staff/#/:0
[   30810ms] [WARNING] OTS parsing error: incorrect file size in WOFF header @ https://onvio.com.br/staff/#/:0
[   30811ms] [WARNING] Failed to decode downloaded font: https://onvio.com.br/staff/SourceSans3-Regular.114f93b5f3b7d159.otf @ https://onvio.com.br/staff/#/:0
[   30811ms] [WARNING] OTS parsing error: bad table directory searchRange
bad table directory entrySelector
bad table directory rangeShift
Invalid table tag: 0x604241
 `BA: misaligned table @ https://onvio.com.br/staff/#/:0
[   30811ms] [WARNING] Failed to decode downloaded font: https://onvio.com.br/staff/SourceSans3-Regular.ab920762075b81fb.ttf @ https://onvio.com.br/staff/#/:0
[   30811ms] [WARNING] OTS parsing error: BASE: invalid table offset @ https://onvio.com.br/staff/#/:0
[   30812ms] [WARNING] Failed to decode downloaded font: https://onvio.com.br/staff/SourceSans3VF-Upright.ttf.e7f20fc9b00b0e8a.woff2 @ https://onvio.com.br/staff/#/:0
[   30812ms] [WARNING] OTS parsing error: Failed to convert WOFF 2.0 font to SFNT @ https://onvio.com.br/staff/#/:0
[   30812ms] [WARNING] Failed to decode downloaded font: https://onvio.com.br/staff/SourceSans3-Regular.ttf.dab9805cb7eb3d8f.woff @ https://onvio.com.br/staff/#/:0
[   30812ms] [WARNING] OTS parsing error: incorrect file size in WOFF header @ https://onvio.com.br/staff/#/:0
[   30812ms] [WARNING] Failed to decode downloaded font: https://onvio.com.br/staff/SourceSans3-Regular.114f93b5f3b7d159.otf @ https://onvio.com.br/staff/#/:0
[   30812ms] [WARNING] OTS parsing error: bad table directory searchRange
bad table directory entrySelector
bad table directory rangeShift
Invalid table tag: 0x604241
 `BA: misaligned table @ https://onvio.com.br/staff/#/:0
[   30813ms] [WARNING] Failed to decode downloaded font: https://onvio.com.br/staff/SourceSans3-Regular.ab920762075b81fb.ttf @ https://onvio.com.br/staff/#/:0
[   30813ms] [WARNING] OTS parsing error: BASE: invalid table offset @ https://onvio.com.br/staff/#/:0
[   30813ms] [WARNING] Failed to decode downloaded font: https://onvio.com.br/staff/SourceSans3VF-Upright.ttf.e7f20fc9b00b0e8a.woff2 @ https://onvio.com.br/staff/#/:0
[   30813ms] [WARNING] OTS parsing error: Failed to convert WOFF 2.0 font to SFNT @ https://onvio.com.br/staff/#/:0
[   30813ms] [WARNING] Failed to decode downloaded font: https://onvio.com.br/staff/SourceSans3-Regular.ttf.dab9805cb7eb3d8f.woff @ https://onvio.com.br/staff/#/:0
[   30813ms] [WARNING] OTS parsing error: incorrect file size in WOFF header @ https://onvio.com.br/staff/#/:0
[   30813ms] [WARNING] Failed to decode downloaded font: https://onvio.com.br/staff/SourceSans3-Regular.114f93b5f3b7d159.otf @ https://onvio.com.br/staff/#/:0
[   30813ms] [WARNING] OTS parsing error: bad table directory searchRange
bad table directory entrySelector
bad table directory rangeShift
Invalid table tag: 0x604241
 `BA: misaligned table @ https://onvio.com.br/staff/#/:0
[   30813ms] [WARNING] Failed to decode downloaded font: https://onvio.com.br/staff/SourceSans3-Regular.ab920762075b81fb.ttf @ https://onvio.com.br/staff/#/:0
[   30813ms] [WARNING] OTS parsing error: BASE: invalid table offset @ https://onvio.com.br/staff/#/:0
[   30814ms] [WARNING] Failed to decode downloaded font: https://onvio.com.br/staff/SourceSans3VF-Upright.ttf.e7f20fc9b00b0e8a.woff2 @ https://onvio.com.br/staff/#/:0
[   30814ms] [WARNING] OTS parsing error: Failed to convert WOFF 2.0 font to SFNT @ https://onvio.com.br/staff/#/:0
[   30814ms] [WARNING] Failed to decode downloaded font: https://onvio.com.br/staff/SourceSans3-Regular.ttf.dab9805cb7eb3d8f.woff @ https://onvio.com.br/staff/#/:0
[   30814ms] [WARNING] OTS parsing error: incorrect file size in WOFF header @ https://onvio.com.br/staff/#/:0
[   30814ms] [WARNING] Failed to decode downloaded font: https://onvio.com.br/staff/SourceSans3-Regular.114f93b5f3b7d159.otf @ https://onvio.com.br/staff/#/:0
[   30815ms] [WARNING] OTS parsing error: bad table directory searchRange
bad table directory entrySelector
bad table directory rangeShift
Invalid table tag: 0x604241
 `BA: misaligned table @ https://onvio.com.br/staff/#/:0
[   30815ms] [WARNING] Failed to decode downloaded font: https://onvio.com.br/staff/SourceSans3-Regular.ab920762075b81fb.ttf @ https://onvio.com.br/staff/#/:0
[   30815ms] [WARNING] OTS parsing error: BASE: invalid table offset @ https://onvio.com.br/staff/#/:0
[   30815ms] [WARNING] Failed to decode downloaded font: https://onvio.com.br/staff/SourceSans3VF-Upright.ttf.e7f20fc9b00b0e8a.woff2 @ https://onvio.com.br/staff/#/:0
[   30815ms] [WARNING] OTS parsing error: Failed to convert WOFF 2.0 font to SFNT @ https://onvio.com.br/staff/#/:0
[   30815ms] [WARNING] Failed to decode downloaded font: https://onvio.com.br/staff/SourceSans3-Regular.ttf.dab9805cb7eb3d8f.woff @ https://onvio.com.br/staff/#/:0
[   30816ms] [WARNING] OTS parsing error: incorrect file size in WOFF header @ https://onvio.com.br/staff/#/:0
[   30816ms] [WARNING] Failed to decode downloaded font: https://onvio.com.br/staff/SourceSans3-Regular.114f93b5f3b7d159.otf @ https://onvio.com.br/staff/#/:0
[   30816ms] [WARNING] OTS parsing error: bad table directory searchRange
bad table directory entrySelector
bad table directory rangeShift
Invalid table tag: 0x604241
 `BA: misaligned table @ https://onvio.com.br/staff/#/:0
[   30816ms] [WARNING] Failed to decode downloaded font: https://onvio.com.br/staff/SourceSans3-Regular.ab920762075b81fb.ttf @ https://onvio.com.br/staff/#/:0
[   30816ms] [WARNING] OTS parsing error: BASE: invalid table offset @ https://onvio.com.br/staff/#/:0
[   30816ms] [WARNING] Failed to decode downloaded font: https://onvio.com.br/staff/SourceSans3VF-Upright.ttf.e7f20fc9b00b0e8a.woff2 @ https://onvio.com.br/staff/#/:0
[   30816ms] [WARNING] OTS parsing error: Failed to convert WOFF 2.0 font to SFNT @ https://onvio.com.br/staff/#/:0
[   30817ms] [WARNING] Failed to decode downloaded font: https://onvio.com.br/staff/SourceSans3-Regular.ttf.dab9805cb7eb3d8f.woff @ https://onvio.com.br/staff/#/:0
[   30817ms] [WARNING] OTS parsing error: incorrect file size in WOFF header @ https://onvio.com.br/staff/#/:0
[   30817ms] [WARNING] Failed to decode downloaded font: https://onvio.com.br/staff/SourceSans3-Regular.114f93b5f3b7d159.otf @ https://onvio.com.br/staff/#/:0
[   30817ms] [WARNING] OTS parsing error: bad table directory searchRange
bad table directory entrySelector
bad table directory rangeShift
Invalid table tag: 0x604241
 `BA: misaligned table @ https://onvio.com.br/staff/#/:0
[   30817ms] [WARNING] Failed to decode downloaded font: https://onvio.com.br/staff/SourceSans3-Regular.ab920762075b81fb.ttf @ https://onvio.com.br/staff/#/:0
[   30817ms] [WARNING] OTS parsing error: BASE: invalid table offset @ https://onvio.com.br/staff/#/:0
[   30817ms] [WARNING] Failed to decode downloaded font: https://onvio.com.br/staff/SourceSans3VF-Upright.ttf.e7f20fc9b00b0e8a.woff2 @ https://onvio.com.br/staff/#/:0
[   30818ms] [WARNING] OTS parsing error: Failed to convert WOFF 2.0 font to SFNT @ https://onvio.com.br/staff/#/:0
[   30818ms] [WARNING] Failed to decode downloaded font: https://onvio.com.br/staff/SourceSans3-Regular.ttf.dab9805cb7eb3d8f.woff @ https://onvio.com.br/staff/#/:0
[   30818ms] [WARNING] OTS parsing error: incorrect file size in WOFF header @ https://onvio.com.br/staff/#/:0
[   30818ms] [WARNING] Failed to decode downloaded font: https://onvio.com.br/staff/SourceSans3-Regular.114f93b5f3b7d159.otf @ https://onvio.com.br/staff/#/:0
[   30818ms] [WARNING] OTS parsing error: bad table directory searchRange
bad table directory entrySelector
bad table directory rangeShift
Invalid table tag: 0x604241
 `BA: misaligned table @ https://onvio.com.br/staff/#/:0
[   30818ms] [WARNING] Failed to decode downloaded font: https://onvio.com.br/staff/SourceSans3-Regular.ab920762075b81fb.ttf @ https://onvio.com.br/staff/#/:0
[   30818ms] [WARNING] OTS parsing error: BASE: invalid table offset @ https://onvio.com.br/staff/#/:0
[   30819ms] [WARNING] Failed to decode downloaded font: https://onvio.com.br/staff/SourceSans3VF-Upright.ttf.e7f20fc9b00b0e8a.woff2 @ https://onvio.com.br/staff/#/:0
[   30819ms] [WARNING] OTS parsing error: Failed to convert WOFF 2.0 font to SFNT @ https://onvio.com.br/staff/#/:0
[   30819ms] [WARNING] Failed to decode downloaded font: https://onvio.com.br/staff/SourceSans3VF-Upright.ttf.e7f20fc9b00b0e8a.woff2 @ https://onvio.com.br/staff/#/:0
[   30819ms] [WARNING] OTS parsing error: Failed to convert WOFF 2.0 font to SFNT @ https://onvio.com.br/staff/#/:0
[   30819ms] [WARNING] Failed to decode downloaded font: https://onvio.com.br/staff/SourceSans3VF-Upright.ttf.e7f20fc9b00b0e8a.woff2 @ https://onvio.com.br/staff/#/:0
[   30819ms] [WARNING] OTS parsing error: Failed to convert WOFF 2.0 font to SFNT @ https://onvio.com.br/staff/#/:0
[   30819ms] [WARNING] Failed to decode downloaded font: https://onvio.com.br/staff/SourceSans3VF-Upright.ttf.e7f20fc9b00b0e8a.woff2 @ https://onvio.com.br/staff/#/:0
[   30820ms] [WARNING] OTS parsing error: Failed to convert WOFF 2.0 font to SFNT @ https://onvio.com.br/staff/#/:0
[   30820ms] [WARNING] Failed to decode downloaded font: https://onvio.com.br/staff/SourceSans3VF-Upright.ttf.e7f20fc9b00b0e8a.woff2 @ https://onvio.com.br/staff/#/:0
[   30820ms] [WARNING] OTS parsing error: Failed to convert WOFF 2.0 font to SFNT @ https://onvio.com.br/staff/#/:0
[   30820ms] [WARNING] Failed to decode downloaded font: https://onvio.com.br/staff/SourceSans3VF-Upright.ttf.e7f20fc9b00b0e8a.woff2 @ https://onvio.com.br/staff/#/:0
[   30820ms] [WARNING] OTS parsing error: Failed to convert WOFF 2.0 font to SFNT @ https://onvio.com.br/staff/#/:0
[   30820ms] [WARNING] Failed to decode downloaded font: https://onvio.com.br/staff/SourceSans3VF-Upright.ttf.e7f20fc9b00b0e8a.woff2 @ https://onvio.com.br/staff/#/:0
[   30821ms] [WARNING] OTS parsing error: Failed to convert WOFF 2.0 font to SFNT @ https://onvio.com.br/staff/#/:0
[   30821ms] [WARNING] Failed to decode downloaded font: https://onvio.com.br/staff/SourceSans3VF-Upright.ttf.e7f20fc9b00b0e8a.woff2 @ https://onvio.com.br/staff/#/:0
[   30821ms] [WARNING] OTS parsing error: Failed to convert WOFF 2.0 font to SFNT @ https://onvio.com.br/staff/#/:0
[   30821ms] [WARNING] Failed to decode downloaded font: https://onvio.com.br/staff/SourceSans3VF-Upright.ttf.e7f20fc9b00b0e8a.woff2 @ https://onvio.com.br/staff/#/:0
[   30821ms] [WARNING] OTS parsing error: Failed to convert WOFF 2.0 font to SFNT @ https://onvio.com.br/staff/#/:0
[   30821ms] [WARNING] Failed to decode downloaded font: https://onvio.com.br/staff/SourceSans3-Regular.ttf.dab9805cb7eb3d8f.woff @ https://onvio.com.br/staff/#/:0
[   30822ms] [WARNING] OTS parsing error: incorrect file size in WOFF header @ https://onvio.com.br/staff/#/:0
[   30822ms] [WARNING] Failed to decode downloaded font: https://onvio.com.br/staff/SourceSans3-Regular.114f93b5f3b7d159.otf @ https://onvio.com.br/staff/#/:0
[   30822ms] [WARNING] OTS parsing error: bad table directory searchRange
bad table directory entrySelector
bad table directory rangeShift
Invalid table tag: 0x604241
 `BA: misaligned table @ https://onvio.com.br/staff/#/:0
[   30822ms] [WARNING] Failed to decode downloaded font: https://onvio.com.br/staff/SourceSans3-Regular.ab920762075b81fb.ttf @ https://onvio.com.br/staff/#/:0
[   30822ms] [WARNING] OTS parsing error: BASE: invalid table offset @ https://onvio.com.br/staff/#/:0
[   30822ms] [WARNING] Failed to decode downloaded font: https://onvio.com.br/staff/SourceSans3VF-Upright.ttf.e7f20fc9b00b0e8a.woff2 @ https://onvio.com.br/staff/#/:0
[   30822ms] [WARNING] OTS parsing error: Failed to convert WOFF 2.0 font to SFNT @ https://onvio.com.br/staff/#/:0
[   30823ms] [WARNING] Failed to decode downloaded font: https://onvio.com.br/staff/SourceSans3-Regular.ttf.dab9805cb7eb3d8f.woff @ https://onvio.com.br/staff/#/:0
[   30823ms] [WARNING] OTS parsing error: incorrect file size in WOFF header @ https://onvio.com.br/staff/#/:0
[   30823ms] [WARNING] Failed to decode downloaded font: https://onvio.com.br/staff/SourceSans3-Regular.114f93b5f3b7d159.otf @ https://onvio.com.br/staff/#/:0
[   30823ms] [WARNING] OTS parsing error: bad table directory searchRange
bad table directory entrySelector
bad table directory rangeShift
Invalid table tag: 0x604241
 `BA: misaligned table @ https://onvio.com.br/staff/#/:0
[   30823ms] [WARNING] Failed to decode downloaded font: https://onvio.com.br/staff/SourceSans3-Regular.ab920762075b81fb.ttf @ https://onvio.com.br/staff/#/:0
[   30823ms] [WARNING] OTS parsing error: BASE: invalid table offset @ https://onvio.com.br/staff/#/:0
[   30823ms] [WARNING] Failed to decode downloaded font: https://onvio.com.br/staff/SourceSans3VF-Upright.ttf.e7f20fc9b00b0e8a.woff2 @ https://onvio.com.br/staff/#/:0
[   30824ms] [WARNING] OTS parsing error: Failed to convert WOFF 2.0 font to SFNT @ https://onvio.com.br/staff/#/:0
[   30824ms] [WARNING] Failed to decode downloaded font: https://onvio.com.br/staff/SourceSans3-Regular.ttf.dab9805cb7eb3d8f.woff @ https://onvio.com.br/staff/#/:0
[   30824ms] [WARNING] OTS parsing error: incorrect file size in WOFF header @ https://onvio.com.br/staff/#/:0
[   30824ms] [WARNING] Failed to decode downloaded font: https://onvio.com.br/staff/SourceSans3-Regular.114f93b5f3b7d159.otf @ https://onvio.com.br/staff/#/:0
[   30824ms] [WARNING] OTS parsing error: bad table directory searchRange
bad table directory entrySelector
bad table directory rangeShift
Invalid table tag: 0x604241
 `BA: misaligned table @ https://onvio.com.br/staff/#/:0
[   30825ms] [WARNING] Failed to decode downloaded font: https://onvio.com.br/staff/SourceSans3-Regular.ab920762075b81fb.ttf @ https://onvio.com.br/staff/#/:0
[   30826ms] [WARNING] OTS parsing error: BASE: invalid table offset @ https://onvio.com.br/staff/#/:0
[   30827ms] [WARNING] Failed to decode downloaded font: https://onvio.com.br/staff/SourceSans3VF-Upright.ttf.e7f20fc9b00b0e8a.woff2 @ https://onvio.com.br/staff/#/:0
[   30827ms] [WARNING] OTS parsing error: Failed to convert WOFF 2.0 font to SFNT @ https://onvio.com.br/staff/#/:0
[   30828ms] [WARNING] Failed to decode downloaded font: https://onvio.com.br/staff/SourceSans3-Regular.ttf.dab9805cb7eb3d8f.woff @ https://onvio.com.br/staff/#/:0
[   30828ms] [WARNING] OTS parsing error: incorrect file size in WOFF header @ https://onvio.com.br/staff/#/:0
[   30829ms] [WARNING] Failed to decode downloaded font: https://onvio.com.br/staff/SourceSans3-Regular.114f93b5f3b7d159.otf @ https://onvio.com.br/staff/#/:0
[   30829ms] [WARNING] OTS parsing error: bad table directory searchRange
bad table directory entrySelector
bad table directory rangeShift
Invalid table tag: 0x604241
 `BA: misaligned table @ https://onvio.com.br/staff/#/:0
[   30829ms] [WARNING] Failed to decode downloaded font: https://onvio.com.br/staff/SourceSans3-Regular.ab920762075b81fb.ttf @ https://onvio.com.br/staff/#/:0
[   30830ms] [WARNING] OTS parsing error: BASE: invalid table offset @ https://onvio.com.br/staff/#/:0
[   30830ms] [WARNING] Failed to decode downloaded font: https://onvio.com.br/staff/SourceSans3VF-Upright.ttf.e7f20fc9b00b0e8a.woff2 @ https://onvio.com.br/staff/#/:0
[   30830ms] [WARNING] OTS parsing error: Failed to convert WOFF 2.0 font to SFNT @ https://onvio.com.br/staff/#/:0
[   30830ms] [WARNING] Failed to decode downloaded font: https://onvio.com.br/staff/SourceSans3-Regular.ttf.dab9805cb7eb3d8f.woff @ https://onvio.com.br/staff/#/:0
[   30830ms] [WARNING] OTS parsing error: incorrect file size in WOFF header @ https://onvio.com.br/staff/#/:0
[   30831ms] [WARNING] Failed to decode downloaded font: https://onvio.com.br/staff/SourceSans3-Regular.114f93b5f3b7d159.otf @ https://onvio.com.br/staff/#/:0
[   30831ms] [WARNING] OTS parsing error: bad table directory searchRange
bad table directory entrySelector
bad table directory rangeShift
Invalid table tag: 0x604241
 `BA: misaligned table @ https://onvio.com.br/staff/#/:0
[   30831ms] [WARNING] Failed to decode downloaded font: https://onvio.com.br/staff/SourceSans3-Regular.ab920762075b81fb.ttf @ https://onvio.com.br/staff/#/:0
[   30831ms] [WARNING] OTS parsing error: BASE: invalid table offset @ https://onvio.com.br/staff/#/:0
[   30831ms] [WARNING] Failed to decode downloaded font: https://onvio.com.br/staff/SourceSans3VF-Upright.ttf.e7f20fc9b00b0e8a.woff2 @ https://onvio.com.br/staff/#/:0
[   30832ms] [WARNING] OTS parsing error: Failed to convert WOFF 2.0 font to SFNT @ https://onvio.com.br/staff/#/:0
[   30832ms] [WARNING] Failed to decode downloaded font: https://onvio.com.br/staff/SourceSans3-Regular.ttf.dab9805cb7eb3d8f.woff @ https://onvio.com.br/staff/#/:0
[   30832ms] [WARNING] OTS parsing error: incorrect file size in WOFF header @ https://onvio.com.br/staff/#/:0
[   30832ms] [WARNING] Failed to decode downloaded font: https://onvio.com.br/staff/SourceSans3-Regular.114f93b5f3b7d159.otf @ https://onvio.com.br/staff/#/:0
[   30832ms] [WARNING] OTS parsing error: bad table directory searchRange
bad table directory entrySelector
bad table directory rangeShift
Invalid table tag: 0x604241
 `BA: misaligned table @ https://onvio.com.br/staff/#/:0
[   30833ms] [WARNING] Failed to decode downloaded font: https://onvio.com.br/staff/SourceSans3-Regular.ab920762075b81fb.ttf @ https://onvio.com.br/staff/#/:0
[   30833ms] [WARNING] OTS parsing error: BASE: invalid table offset @ https://onvio.com.br/staff/#/:0
[   30833ms] [WARNING] Failed to decode downloaded font: https://onvio.com.br/staff/SourceSans3VF-Upright.ttf.e7f20fc9b00b0e8a.woff2 @ https://onvio.com.br/staff/#/:0
[   30833ms] [WARNING] OTS parsing error: Failed to convert WOFF 2.0 font to SFNT @ https://onvio.com.br/staff/#/:0
[   30834ms] [WARNING] Failed to decode downloaded font: https://onvio.com.br/staff/SourceSans3-Regular.ttf.dab9805cb7eb3d8f.woff @ https://onvio.com.br/staff/#/:0
[   30834ms] [WARNING] OTS parsing error: incorrect file size in WOFF header @ https://onvio.com.br/staff/#/:0
[   30834ms] [WARNING] Failed to decode downloaded font: https://onvio.com.br/staff/SourceSans3-Regular.114f93b5f3b7d159.otf @ https://onvio.com.br/staff/#/:0
[   30835ms] [WARNING] OTS parsing error: bad table directory searchRange
bad table directory entrySelector
bad table directory rangeShift
Invalid table tag: 0x604241
 `BA: misaligned table @ https://onvio.com.br/staff/#/:0
[   30835ms] [WARNING] Failed to decode downloaded font: https://onvio.com.br/staff/SourceSans3-Regular.ab920762075b81fb.ttf @ https://onvio.com.br/staff/#/:0
[   30835ms] [WARNING] OTS parsing error: BASE: invalid table offset @ https://onvio.com.br/staff/#/:0
[   30835ms] [WARNING] Failed to decode downloaded font: https://onvio.com.br/staff/SourceSans3VF-Upright.ttf.e7f20fc9b00b0e8a.woff2 @ https://onvio.com.br/staff/#/:0
[   30836ms] [WARNING] OTS parsing error: Failed to convert WOFF 2.0 font to SFNT @ https://onvio.com.br/staff/#/:0
[   30836ms] [WARNING] Failed to decode downloaded font: https://onvio.com.br/staff/SourceSans3-Regular.ttf.dab9805cb7eb3d8f.woff @ https://onvio.com.br/staff/#/:0
[   30836ms] [WARNING] OTS parsing error: incorrect file size in WOFF header @ https://onvio.com.br/staff/#/:0
[   30836ms] [WARNING] Failed to decode downloaded font: https://onvio.com.br/staff/SourceSans3-Regular.114f93b5f3b7d159.otf @ https://onvio.com.br/staff/#/:0
[   30837ms] [WARNING] OTS parsing error: bad table directory searchRange
bad table directory entrySelector
bad table directory rangeShift
Invalid table tag: 0x604241
 `BA: misaligned table @ https://onvio.com.br/staff/#/:0
[   30837ms] [WARNING] Failed to decode downloaded font: https://onvio.com.br/staff/SourceSans3-Regular.ab920762075b81fb.ttf @ https://onvio.com.br/staff/#/:0
[   30837ms] [WARNING] OTS parsing error: BASE: invalid table offset @ https://onvio.com.br/staff/#/:0
[   30837ms] [WARNING] Failed to decode downloaded font: https://onvio.com.br/staff/SourceSans3VF-Upright.ttf.e7f20fc9b00b0e8a.woff2 @ https://onvio.com.br/staff/#/:0
[   30837ms] [WARNING] OTS parsing error: Failed to convert WOFF 2.0 font to SFNT @ https://onvio.com.br/staff/#/:0
[   30838ms] [WARNING] Failed to decode downloaded font: https://onvio.com.br/staff/SourceSans3-Regular.114f93b5f3b7d159.otf @ https://onvio.com.br/staff/#/:0
[   30838ms] [WARNING] OTS parsing error: bad table directory searchRange
bad table directory entrySelector
bad table directory rangeShift
Invalid table tag: 0x604241
 `BA: misaligned table @ https://onvio.com.br/staff/#/:0
[   30838ms] [WARNING] Failed to decode downloaded font: https://onvio.com.br/staff/SourceSans3-Regular.ttf.dab9805cb7eb3d8f.woff @ https://onvio.com.br/staff/#/:0
[   30839ms] [WARNING] OTS parsing error: incorrect file size in WOFF header @ https://onvio.com.br/staff/#/:0
[   30839ms] [WARNING] Failed to decode downloaded font: https://onvio.com.br/staff/SourceSans3-Regular.ab920762075b81fb.ttf @ https://onvio.com.br/staff/#/:0
[   30839ms] [WARNING] OTS parsing error: BASE: invalid table offset @ https://onvio.com.br/staff/#/:0
[   30839ms] [WARNING] Failed to decode downloaded font: https://onvio.com.br/staff/SourceSans3VF-Upright.ttf.e7f20fc9b00b0e8a.woff2 @ https://onvio.com.br/staff/#/:0
[   30840ms] [WARNING] OTS parsing error: Failed to convert WOFF 2.0 font to SFNT @ https://onvio.com.br/staff/#/:0
[   30840ms] [WARNING] Failed to decode downloaded font: https://onvio.com.br/staff/SourceSans3-Regular.ttf.dab9805cb7eb3d8f.woff @ https://onvio.com.br/staff/#/:0
[   30840ms] [WARNING] OTS parsing error: incorrect file size in WOFF header @ https://onvio.com.br/staff/#/:0
[   30841ms] [WARNING] Failed to decode downloaded font: https://onvio.com.br/staff/SourceSans3-Regular.114f93b5f3b7d159.otf @ https://onvio.com.br/staff/#/:0
[   30844ms] [WARNING] OTS parsing error: bad table directory searchRange
bad table directory entrySelector
bad table directory rangeShift
Invalid table tag: 0x604241
 `BA: misaligned table @ https://onvio.com.br/staff/#/:0
[   30844ms] [WARNING] Failed to decode downloaded font: https://onvio.com.br/staff/SourceSans3-Regular.ab920762075b81fb.ttf @ https://onvio.com.br/staff/#/:0
[   30844ms] [WARNING] OTS parsing error: BASE: invalid table offset @ https://onvio.com.br/staff/#/:0
[   30844ms] [WARNING] Failed to decode downloaded font: https://onvio.com.br/staff/SourceSans3VF-Upright.ttf.e7f20fc9b00b0e8a.woff2 @ https://onvio.com.br/staff/#/:0
[   30845ms] [WARNING] OTS parsing error: Failed to convert WOFF 2.0 font to SFNT @ https://onvio.com.br/staff/#/:0
[   30845ms] [WARNING] Failed to decode downloaded font: https://onvio.com.br/staff/SourceSans3-Regular.ttf.dab9805cb7eb3d8f.woff @ https://onvio.com.br/staff/#/:0
[   30845ms] [WARNING] OTS parsing error: incorrect file size in WOFF header @ https://onvio.com.br/staff/#/:0
[   30845ms] [WARNING] Failed to decode downloaded font: https://onvio.com.br/staff/SourceSans3-Regular.114f93b5f3b7d159.otf @ https://onvio.com.br/staff/#/:0
[   30845ms] [WARNING] OTS parsing error: bad table directory searchRange
bad table directory entrySelector
bad table directory rangeShift
Invalid table tag: 0x604241
 `BA: misaligned table @ https://onvio.com.br/staff/#/:0
[   30845ms] [WARNING] Failed to decode downloaded font: https://onvio.com.br/staff/SourceSans3-Regular.ab920762075b81fb.ttf @ https://onvio.com.br/staff/#/:0
[   30845ms] [WARNING] OTS parsing error: BASE: invalid table offset @ https://onvio.com.br/staff/#/:0
[   30846ms] [WARNING] Failed to decode downloaded font: https://onvio.com.br/staff/SourceSans3VF-Upright.ttf.e7f20fc9b00b0e8a.woff2 @ https://onvio.com.br/staff/#/:0
[   30846ms] [WARNING] OTS parsing error: Failed to convert WOFF 2.0 font to SFNT @ https://onvio.com.br/staff/#/:0
[   30846ms] [WARNING] Failed to decode downloaded font: https://onvio.com.br/staff/SourceSans3-Regular.ttf.dab9805cb7eb3d8f.woff @ https://onvio.com.br/staff/#/:0
[   30846ms] [WARNING] OTS parsing error: incorrect file size in WOFF header @ https://onvio.com.br/staff/#/:0
[   30846ms] [WARNING] Failed to decode downloaded font: https://onvio.com.br/staff/SourceSans3-Regular.114f93b5f3b7d159.otf @ https://onvio.com.br/staff/#/:0
[   30846ms] [WARNING] OTS parsing error: bad table directory searchRange
bad table directory entrySelector
bad table directory rangeShift
Invalid table tag: 0x604241
 `BA: misaligned table @ https://onvio.com.br/staff/#/:0
[   30846ms] [WARNING] Failed to decode downloaded font: https://onvio.com.br/staff/SourceSans3-Regular.ab920762075b81fb.ttf @ https://onvio.com.br/staff/#/:0
[   30846ms] [WARNING] OTS parsing error: BASE: invalid table offset @ https://onvio.com.br/staff/#/:0
[   30847ms] [WARNING] Failed to decode downloaded font: https://onvio.com.br/staff/SourceSans3VF-Upright.ttf.e7f20fc9b00b0e8a.woff2 @ https://onvio.com.br/staff/#/:0
[   30847ms] [WARNING] OTS parsing error: Failed to convert WOFF 2.0 font to SFNT @ https://onvio.com.br/staff/#/:0
[   30847ms] [WARNING] Failed to decode downloaded font: https://onvio.com.br/staff/SourceSans3-Regular.ttf.dab9805cb7eb3d8f.woff @ https://onvio.com.br/staff/#/:0
[   30847ms] [WARNING] OTS parsing error: incorrect file size in WOFF header @ https://onvio.com.br/staff/#/:0
[   30847ms] [WARNING] Failed to decode downloaded font: https://onvio.com.br/staff/SourceSans3-Regular.114f93b5f3b7d159.otf @ https://onvio.com.br/staff/#/:0
[   30848ms] [WARNING] OTS parsing error: bad table directory searchRange
bad table directory entrySelector
bad table directory rangeShift
Invalid table tag: 0x604241
 `BA: misaligned table @ https://onvio.com.br/staff/#/:0
[   30848ms] [WARNING] Failed to decode downloaded font: https://onvio.com.br/staff/SourceSans3-Regular.ab920762075b81fb.ttf @ https://onvio.com.br/staff/#/:0
[   30848ms] [WARNING] OTS parsing error: BASE: invalid table offset @ https://onvio.com.br/staff/#/:0
[   30853ms] Error: AppConfig not defined
    at ir (https://onvio.com.br/staff/4888.e62af6d7ff1a20c1.js:1:1623251)
    at https://onvio.com.br/staff/4888.e62af6d7ff1a20c1.js:1:1623286
    at ye.invokeTask (https://onvio.com.br/staff/polyfills.8d6b19594cef5236.js:1:949225)
    at T.runTask (https://onvio.com.br/staff/polyfills.8d6b19594cef5236.js:1:944564)
    at Ae.invokeTask [as invoke] (https://onvio.com.br/staff/polyfills.8d6b19594cef5236.js:1:950285)
    at Ge (https://onvio.com.br/staff/polyfills.8d6b19594cef5236.js:1:963449)
    at je (https://onvio.com.br/staff/polyfills.8d6b19594cef5236.js:1:963896)
    at Je (https://onvio.com.br/staff/polyfills.8d6b19594cef5236.js:1:964080)
[   30853ms] Error: AppConfig was not configured yet
    at f (https://onvio.com.br/staff/4888.e62af6d7ff1a20c1.js:1:5668728)
    at b (https://onvio.com.br/staff/4888.e62af6d7ff1a20c1.js:1:5668783)
    at https://onvio.com.br/staff/4888.e62af6d7ff1a20c1.js:1:5669861
    at ye.invokeTask (https://onvio.com.br/staff/polyfills.8d6b19594cef5236.js:1:949225)
    at T.runTask (https://onvio.com.br/staff/polyfills.8d6b19594cef5236.js:1:944564)
    at Ae.invokeTask [as invoke] (https://onvio.com.br/staff/polyfills.8d6b19594cef5236.js:1:950285)
    at Ge (https://onvio.com.br/staff/polyfills.8d6b19594cef5236.js:1:963449)
    at je (https://onvio.com.br/staff/polyfills.8d6b19594cef5236.js:1:963896)
    at Je (https://onvio.com.br/staff/polyfills.8d6b19594cef5236.js:1:964080)
[   30891ms] [ERROR] Refused to execute script from 'https://onvio.com.br/staff/node_modules/angular-i18n/angular-locale_pt-br.js' because its MIME type ('text/html') is not executable, and strict MIME type checking is enabled. @ https://onvio.com.br/staff/#/:0
[   30891ms] [ERROR] Possibly unhandled rejection: pt-br undefined @ https://onvio.com.br/staff/8672.f47112ec8d1c8694.js:0
[   31328ms] [WARNING] Failed to decode downloaded font: https://onvio.com.br/staff/SourceSans3VF-Upright.ttf.e7f20fc9b00b0e8a.woff2 @ https://onvio.com.br/staff/#/:0
[   31328ms] [WARNING] OTS parsing error: Failed to convert WOFF 2.0 font to SFNT @ https://onvio.com.br/staff/#/:0
[   31329ms] [WARNING] Failed to decode downloaded font: https://onvio.com.br/staff/SourceSans3-Regular.ttf.dab9805cb7eb3d8f.woff @ https://onvio.com.br/staff/#/:0
[   31329ms] [WARNING] OTS parsing error: incorrect file size in WOFF header @ https://onvio.com.br/staff/#/:0
[   31329ms] [WARNING] Failed to decode downloaded font: https://onvio.com.br/staff/SourceSans3-Regular.114f93b5f3b7d159.otf @ https://onvio.com.br/staff/#/:0
[   31330ms] [WARNING] OTS parsing error: bad table directory searchRange
bad table directory entrySelector
bad table directory rangeShift
Invalid table tag: 0x604241
 `BA: misaligned table @ https://onvio.com.br/staff/#/:0
[   31330ms] [WARNING] Failed to decode downloaded font: https://onvio.com.br/staff/SourceSans3-Regular.ab920762075b81fb.ttf @ https://onvio.com.br/staff/#/:0
[   31330ms] [WARNING] OTS parsing error: BASE: invalid table offset @ https://onvio.com.br/staff/#/:0
[   31331ms] [WARNING] Failed to decode downloaded font: https://onvio.com.br/staff/SourceSans3VF-Upright.ttf.e7f20fc9b00b0e8a.woff2 @ https://onvio.com.br/staff/#/:0
[   31331ms] [WARNING] OTS parsing error: Failed to convert WOFF 2.0 font to SFNT @ https://onvio.com.br/staff/#/:0
[   31331ms] [WARNING] Failed to decode downloaded font: https://onvio.com.br/staff/SourceSans3-Regular.ttf.dab9805cb7eb3d8f.woff @ https://onvio.com.br/staff/#/:0
[   31331ms] [WARNING] OTS parsing error: incorrect file size in WOFF header @ https://onvio.com.br/staff/#/:0
[   31331ms] [WARNING] Failed to decode downloaded font: https://onvio.com.br/staff/SourceSans3-Regular.114f93b5f3b7d159.otf @ https://onvio.com.br/staff/#/:0
[   31331ms] [WARNING] OTS parsing error: bad table directory searchRange
bad table directory entrySelector
bad table directory rangeShift
Invalid table tag: 0x604241
 `BA: misaligned table @ https://onvio.com.br/staff/#/:0
[   31331ms] [WARNING] Failed to decode downloaded font: https://onvio.com.br/staff/SourceSans3-Regular.ab920762075b81fb.ttf @ https://onvio.com.br/staff/#/:0
[   31331ms] [WARNING] OTS parsing error: BASE: invalid table offset @ https://onvio.com.br/staff/#/:0
[   31332ms] [WARNING] Failed to decode downloaded font: https://onvio.com.br/staff/SourceSans3VF-Upright.ttf.e7f20fc9b00b0e8a.woff2 @ https://onvio.com.br/staff/#/:0
[   31332ms] [WARNING] OTS parsing error: Failed to convert WOFF 2.0 font to SFNT @ https://onvio.com.br/staff/#/:0
[   31332ms] [WARNING] Failed to decode downloaded font: https://onvio.com.br/staff/SourceSans3-Regular.ttf.dab9805cb7eb3d8f.woff @ https://onvio.com.br/staff/#/:0
[   31332ms] [WARNING] OTS parsing error: incorrect file size in WOFF header @ https://onvio.com.br/staff/#/:0
[   31332ms] [WARNING] Failed to decode downloaded font: https://onvio.com.br/staff/SourceSans3-Regular.114f93b5f3b7d159.otf @ https://onvio.com.br/staff/#/:0
[   31332ms] [WARNING] OTS parsing error: bad table directory searchRange
bad table directory entrySelector
bad table directory rangeShift
Invalid table tag: 0x604241
 `BA: misaligned table @ https://onvio.com.br/staff/#/:0
[   31332ms] [WARNING] Failed to decode downloaded font: https://onvio.com.br/staff/SourceSans3-Regular.ab920762075b81fb.ttf @ https://onvio.com.br/staff/#/:0
[   31332ms] [WARNING] OTS parsing error: BASE: invalid table offset @ https://onvio.com.br/staff/#/:0
[   31333ms] [WARNING] Failed to decode downloaded font: https://onvio.com.br/staff/SourceSans3VF-Upright.ttf.e7f20fc9b00b0e8a.woff2 @ https://onvio.com.br/staff/#/:0
[   31333ms] [WARNING] OTS parsing error: Failed to convert WOFF 2.0 font to SFNT @ https://onvio.com.br/staff/#/:0
[   31333ms] [WARNING] Failed to decode downloaded font: https://onvio.com.br/staff/SourceSans3-Regular.ttf.dab9805cb7eb3d8f.woff @ https://onvio.com.br/staff/#/:0
[   31333ms] [WARNING] OTS parsing error: incorrect file size in WOFF header @ https://onvio.com.br/staff/#/:0
[   31333ms] [WARNING] Failed to decode downloaded font: https://onvio.com.br/staff/SourceSans3-Regular.114f93b5f3b7d159.otf @ https://onvio.com.br/staff/#/:0
[   31333ms] [WARNING] OTS parsing error: bad table directory searchRange
bad table directory entrySelector
bad table directory rangeShift
Invalid table tag: 0x604241
 `BA: misaligned table @ https://onvio.com.br/staff/#/:0
[   31333ms] [WARNING] Failed to decode downloaded font: https://onvio.com.br/staff/SourceSans3-Regular.ab920762075b81fb.ttf @ https://onvio.com.br/staff/#/:0
[   31333ms] [WARNING] OTS parsing error: BASE: invalid table offset @ https://onvio.com.br/staff/#/:0
[   31333ms] [WARNING] Failed to decode downloaded font: https://onvio.com.br/staff/SourceSans3VF-Upright.ttf.e7f20fc9b00b0e8a.woff2 @ https://onvio.com.br/staff/#/:0
[   31334ms] [WARNING] OTS parsing error: Failed to convert WOFF 2.0 font to SFNT @ https://onvio.com.br/staff/#/:0
[   31334ms] [WARNING] Failed to decode downloaded font: https://onvio.com.br/staff/SourceSans3-Regular.ttf.dab9805cb7eb3d8f.woff @ https://onvio.com.br/staff/#/:0
[   31334ms] [WARNING] OTS parsing error: incorrect file size in WOFF header @ https://onvio.com.br/staff/#/:0
[   31334ms] [WARNING] Failed to decode downloaded font: https://onvio.com.br/staff/SourceSans3-Regular.114f93b5f3b7d159.otf @ https://onvio.com.br/staff/#/:0
[   31334ms] [WARNING] OTS parsing error: bad table directory searchRange
bad table directory entrySelector
bad table directory rangeShift
Invalid table tag: 0x604241
 `BA: misaligned table @ https://onvio.com.br/staff/#/:0
[   31334ms] [WARNING] Failed to decode downloaded font: https://onvio.com.br/staff/SourceSans3-Regular.ab920762075b81fb.ttf @ https://onvio.com.br/staff/#/:0
[   31335ms] [WARNING] OTS parsing error: BASE: invalid table offset @ https://onvio.com.br/staff/#/:0
[   31335ms] [WARNING] Failed to decode downloaded font: https://onvio.com.br/staff/SourceSans3VF-Upright.ttf.e7f20fc9b00b0e8a.woff2 @ https://onvio.com.br/staff/#/:0
[   31335ms] [WARNING] OTS parsing error: Failed to convert WOFF 2.0 font to SFNT @ https://onvio.com.br/staff/#/:0
[   31335ms] [WARNING] Failed to decode downloaded font: https://onvio.com.br/staff/SourceSans3VF-Upright.ttf.e7f20fc9b00b0e8a.woff2 @ https://onvio.com.br/staff/#/:0
[   31336ms] [WARNING] OTS parsing error: Failed to convert WOFF 2.0 font to SFNT @ https://onvio.com.br/staff/#/:0
[   31336ms] [WARNING] Failed to decode downloaded font: https://onvio.com.br/staff/SourceSans3VF-Upright.ttf.e7f20fc9b00b0e8a.woff2 @ https://onvio.com.br/staff/#/:0
[   31336ms] [WARNING] OTS parsing error: Failed to convert WOFF 2.0 font to SFNT @ https://onvio.com.br/staff/#/:0
[   31336ms] [WARNING] Failed to decode downloaded font: https://onvio.com.br/staff/SourceSans3VF-Upright.ttf.e7f20fc9b00b0e8a.woff2 @ https://onvio.com.br/staff/#/:0
[   31337ms] [WARNING] OTS parsing error: Failed to convert WOFF 2.0 font to SFNT @ https://onvio.com.br/staff/#/:0
[   31337ms] [WARNING] Failed to decode downloaded font: https://onvio.com.br/staff/SourceSans3VF-Upright.ttf.e7f20fc9b00b0e8a.woff2 @ https://onvio.com.br/staff/#/:0
[   31337ms] [WARNING] OTS parsing error: Failed to convert WOFF 2.0 font to SFNT @ https://onvio.com.br/staff/#/:0
[   31337ms] [WARNING] Failed to decode downloaded font: https://onvio.com.br/staff/SourceSans3VF-Upright.ttf.e7f20fc9b00b0e8a.woff2 @ https://onvio.com.br/staff/#/:0
[   31338ms] [WARNING] OTS parsing error: Failed to convert WOFF 2.0 font to SFNT @ https://onvio.com.br/staff/#/:0
[   31338ms] [WARNING] Failed to decode downloaded font: https://onvio.com.br/staff/SourceSans3VF-Upright.ttf.e7f20fc9b00b0e8a.woff2 @ https://onvio.com.br/staff/#/:0
[   31338ms] [WARNING] OTS parsing error: Failed to convert WOFF 2.0 font to SFNT @ https://onvio.com.br/staff/#/:0
[   31338ms] [WARNING] Failed to decode downloaded font: https://onvio.com.br/staff/SourceSans3VF-Upright.ttf.e7f20fc9b00b0e8a.woff2 @ https://onvio.com.br/staff/#/:0
[   31338ms] [WARNING] OTS parsing error: Failed to convert WOFF 2.0 font to SFNT @ https://onvio.com.br/staff/#/:0
[   31339ms] [WARNING] Failed to decode downloaded font: https://onvio.com.br/staff/SourceSans3VF-Upright.ttf.e7f20fc9b00b0e8a.woff2 @ https://onvio.com.br/staff/#/:0
[   31339ms] [WARNING] OTS parsing error: Failed to convert WOFF 2.0 font to SFNT @ https://onvio.com.br/staff/#/:0
[   31339ms] [WARNING] Failed to decode downloaded font: https://onvio.com.br/staff/SourceSans3-Regular.ttf.dab9805cb7eb3d8f.woff @ https://onvio.com.br/staff/#/:0
[   31339ms] [WARNING] OTS parsing error: incorrect file size in WOFF header @ https://onvio.com.br/staff/#/:0
[   31339ms] [WARNING] Failed to decode downloaded font: https://onvio.com.br/staff/SourceSans3-Regular.114f93b5f3b7d159.otf @ https://onvio.com.br/staff/#/:0
[   31340ms] [WARNING] OTS parsing error: bad table directory searchRange
bad table directory entrySelector
bad table directory rangeShift
Invalid table tag: 0x604241
 `BA: misaligned table @ https://onvio.com.br/staff/#/:0
[   31340ms] [WARNING] Failed to decode downloaded font: https://onvio.com.br/staff/SourceSans3-Regular.ab920762075b81fb.ttf @ https://onvio.com.br/staff/#/:0
[   31340ms] [WARNING] OTS parsing error: BASE: invalid table offset @ https://onvio.com.br/staff/#/:0
[   31340ms] [WARNING] Failed to decode downloaded font: https://onvio.com.br/staff/SourceSans3VF-Upright.ttf.e7f20fc9b00b0e8a.woff2 @ https://onvio.com.br/staff/#/:0
[   31340ms] [WARNING] OTS parsing error: Failed to convert WOFF 2.0 font to SFNT @ https://onvio.com.br/staff/#/:0
[   31341ms] [WARNING] Failed to decode downloaded font: https://onvio.com.br/staff/SourceSans3-Regular.ttf.dab9805cb7eb3d8f.woff @ https://onvio.com.br/staff/#/:0
[   31341ms] [WARNING] OTS parsing error: incorrect file size in WOFF header @ https://onvio.com.br/staff/#/:0
[   31341ms] [WARNING] Failed to decode downloaded font: https://onvio.com.br/staff/SourceSans3-Regular.114f93b5f3b7d159.otf @ https://onvio.com.br/staff/#/:0
[   31341ms] [WARNING] OTS parsing error: bad table directory searchRange
bad table directory entrySelector
bad table directory rangeShift
Invalid table tag: 0x604241
 `BA: misaligned table @ https://onvio.com.br/staff/#/:0
[   31341ms] [WARNING] Failed to decode downloaded font: https://onvio.com.br/staff/SourceSans3-Regular.ab920762075b81fb.ttf @ https://onvio.com.br/staff/#/:0
[   31342ms] [WARNING] OTS parsing error: BASE: invalid table offset @ https://onvio.com.br/staff/#/:0
[   31342ms] [WARNING] Failed to decode downloaded font: https://onvio.com.br/staff/SourceSans3VF-Upright.ttf.e7f20fc9b00b0e8a.woff2 @ https://onvio.com.br/staff/#/:0
[   31342ms] [WARNING] OTS parsing error: Failed to convert WOFF 2.0 font to SFNT @ https://onvio.com.br/staff/#/:0
[   31342ms] [WARNING] Failed to decode downloaded font: https://onvio.com.br/staff/SourceSans3-Regular.ttf.dab9805cb7eb3d8f.woff @ https://onvio.com.br/staff/#/:0
[   31342ms] [WARNING] OTS parsing error: incorrect file size in WOFF header @ https://onvio.com.br/staff/#/:0
[   31342ms] [WARNING] Failed to decode downloaded font: https://onvio.com.br/staff/SourceSans3-Regular.114f93b5f3b7d159.otf @ https://onvio.com.br/staff/#/:0
[   31342ms] [WARNING] OTS parsing error: bad table directory searchRange
bad table directory entrySelector
bad table directory rangeShift
Invalid table tag: 0x604241
 `BA: misaligned table @ https://onvio.com.br/staff/#/:0
[   31342ms] [WARNING] Failed to decode downloaded font: https://onvio.com.br/staff/SourceSans3-Regular.ab920762075b81fb.ttf @ https://onvio.com.br/staff/#/:0
[   31343ms] [WARNING] OTS parsing error: BASE: invalid table offset @ https://onvio.com.br/staff/#/:0
[   31343ms] [WARNING] Failed to decode downloaded font: https://onvio.com.br/staff/SourceSans3VF-Upright.ttf.e7f20fc9b00b0e8a.woff2 @ https://onvio.com.br/staff/#/:0
[   31343ms] [WARNING] OTS parsing error: Failed to convert WOFF 2.0 font to SFNT @ https://onvio.com.br/staff/#/:0
[   31343ms] [WARNING] Failed to decode downloaded font: https://onvio.com.br/staff/SourceSans3-Regular.ttf.dab9805cb7eb3d8f.woff @ https://onvio.com.br/staff/#/:0
[   31344ms] [WARNING] OTS parsing error: incorrect file size in WOFF header @ https://onvio.com.br/staff/#/:0
[   31344ms] [WARNING] Failed to decode downloaded font: https://onvio.com.br/staff/SourceSans3-Regular.114f93b5f3b7d159.otf @ https://onvio.com.br/staff/#/:0
[   31345ms] [WARNING] OTS parsing error: bad table directory searchRange
bad table directory entrySelector
bad table directory rangeShift
Invalid table tag: 0x604241
 `BA: misaligned table @ https://onvio.com.br/staff/#/:0
[   31345ms] [WARNING] Failed to decode downloaded font: https://onvio.com.br/staff/SourceSans3-Regular.ab920762075b81fb.ttf @ https://onvio.com.br/staff/#/:0
[   31345ms] [WARNING] OTS parsing error: BASE: invalid table offset @ https://onvio.com.br/staff/#/:0
[   31345ms] [WARNING] Failed to decode downloaded font: https://onvio.com.br/staff/SourceSans3VF-Upright.ttf.e7f20fc9b00b0e8a.woff2 @ https://onvio.com.br/staff/#/:0
[   31346ms] [WARNING] OTS parsing error: Failed to convert WOFF 2.0 font to SFNT @ https://onvio.com.br/staff/#/:0
[   31346ms] [WARNING] Failed to decode downloaded font: https://onvio.com.br/staff/SourceSans3-Regular.ttf.dab9805cb7eb3d8f.woff @ https://onvio.com.br/staff/#/:0
[   31346ms] [WARNING] OTS parsing error: incorrect file size in WOFF header @ https://onvio.com.br/staff/#/:0
[   31346ms] [WARNING] Failed to decode downloaded font: https://onvio.com.br/staff/SourceSans3-Regular.114f93b5f3b7d159.otf @ https://onvio.com.br/staff/#/:0
[   31346ms] [WARNING] OTS parsing error: bad table directory searchRange
bad table directory entrySelector
bad table directory rangeShift
Invalid table tag: 0x604241
 `BA: misaligned table @ https://onvio.com.br/staff/#/:0
[   31346ms] [WARNING] Failed to decode downloaded font: https://onvio.com.br/staff/SourceSans3-Regular.ab920762075b81fb.ttf @ https://onvio.com.br/staff/#/:0
[   31346ms] [WARNING] OTS parsing error: BASE: invalid table offset @ https://onvio.com.br/staff/#/:0
[   31347ms] [WARNING] Failed to decode downloaded font: https://onvio.com.br/staff/SourceSans3VF-Upright.ttf.e7f20fc9b00b0e8a.woff2 @ https://onvio.com.br/staff/#/:0
[   31347ms] [WARNING] OTS parsing error: Failed to convert WOFF 2.0 font to SFNT @ https://onvio.com.br/staff/#/:0
[   31347ms] [WARNING] Failed to decode downloaded font: https://onvio.com.br/staff/SourceSans3-Regular.ttf.dab9805cb7eb3d8f.woff @ https://onvio.com.br/staff/#/:0
[   31347ms] [WARNING] OTS parsing error: incorrect file size in WOFF header @ https://onvio.com.br/staff/#/:0
[   31347ms] [WARNING] Failed to decode downloaded font: https://onvio.com.br/staff/SourceSans3-Regular.114f93b5f3b7d159.otf @ https://onvio.com.br/staff/#/:0
[   31347ms] [WARNING] OTS parsing error: bad table directory searchRange
bad table directory entrySelector
bad table directory rangeShift
Invalid table tag: 0x604241
 `BA: misaligned table @ https://onvio.com.br/staff/#/:0
[   31347ms] [WARNING] Failed to decode downloaded font: https://onvio.com.br/staff/SourceSans3-Regular.ab920762075b81fb.ttf @ https://onvio.com.br/staff/#/:0
[   31347ms] [WARNING] OTS parsing error: BASE: invalid table offset @ https://onvio.com.br/staff/#/:0
[   31347ms] [WARNING] Failed to decode downloaded font: https://onvio.com.br/staff/SourceSans3VF-Upright.ttf.e7f20fc9b00b0e8a.woff2 @ https://onvio.com.br/staff/#/:0
[   31348ms] [WARNING] OTS parsing error: Failed to convert WOFF 2.0 font to SFNT @ https://onvio.com.br/staff/#/:0
[   31348ms] [WARNING] Failed to decode downloaded font: https://onvio.com.br/staff/SourceSans3-Regular.ttf.dab9805cb7eb3d8f.woff @ https://onvio.com.br/staff/#/:0
[   31348ms] [WARNING] OTS parsing error: incorrect file size in WOFF header @ https://onvio.com.br/staff/#/:0
[   31348ms] [WARNING] Failed to decode downloaded font: https://onvio.com.br/staff/SourceSans3-Regular.114f93b5f3b7d159.otf @ https://onvio.com.br/staff/#/:0
[   31348ms] [WARNING] OTS parsing error: bad table directory searchRange
bad table directory entrySelector
bad table directory rangeShift
Invalid table tag: 0x604241
 `BA: misaligned table @ https://onvio.com.br/staff/#/:0
[   31348ms] [WARNING] Failed to decode downloaded font: https://onvio.com.br/staff/SourceSans3-Regular.ab920762075b81fb.ttf @ https://onvio.com.br/staff/#/:0
[   31348ms] [WARNING] OTS parsing error: BASE: invalid table offset @ https://onvio.com.br/staff/#/:0
[   31348ms] [WARNING] Failed to decode downloaded font: https://onvio.com.br/staff/SourceSans3VF-Upright.ttf.e7f20fc9b00b0e8a.woff2 @ https://onvio.com.br/staff/#/:0
[   31348ms] [WARNING] OTS parsing error: Failed to convert WOFF 2.0 font to SFNT @ https://onvio.com.br/staff/#/:0
[   31348ms] [WARNING] Failed to decode downloaded font: https://onvio.com.br/staff/SourceSans3-Regular.ttf.dab9805cb7eb3d8f.woff @ https://onvio.com.br/staff/#/:0
[   31348ms] [WARNING] OTS parsing error: incorrect file size in WOFF header @ https://onvio.com.br/staff/#/:0
[   31349ms] [WARNING] Failed to decode downloaded font: https://onvio.com.br/staff/SourceSans3-Regular.114f93b5f3b7d159.otf @ https://onvio.com.br/staff/#/:0
[   31349ms] [WARNING] OTS parsing error: bad table directory searchRange
bad table directory entrySelector
bad table directory rangeShift
Invalid table tag: 0x604241
 `BA: misaligned table @ https://onvio.com.br/staff/#/:0
[   31349ms] [WARNING] Failed to decode downloaded font: https://onvio.com.br/staff/SourceSans3-Regular.ab920762075b81fb.ttf @ https://onvio.com.br/staff/#/:0
[   31349ms] [WARNING] OTS parsing error: BASE: invalid table offset @ https://onvio.com.br/staff/#/:0
[   31349ms] [WARNING] Failed to decode downloaded font: https://onvio.com.br/staff/SourceSans3VF-Upright.ttf.e7f20fc9b00b0e8a.woff2 @ https://onvio.com.br/staff/#/:0
[   31349ms] [WARNING] OTS parsing error: Failed to convert WOFF 2.0 font to SFNT @ https://onvio.com.br/staff/#/:0
[   31349ms] [WARNING] Failed to decode downloaded font: https://onvio.com.br/staff/SourceSans3-Regular.114f93b5f3b7d159.otf @ https://onvio.com.br/staff/#/:0
[   31349ms] [WARNING] OTS parsing error: bad table directory searchRange
bad table directory entrySelector
bad table directory rangeShift
Invalid table tag: 0x604241
 `BA: misaligned table @ https://onvio.com.br/staff/#/:0
[   31349ms] [WARNING] Failed to decode downloaded font: https://onvio.com.br/staff/SourceSans3-Regular.ttf.dab9805cb7eb3d8f.woff @ https://onvio.com.br/staff/#/:0
[   31350ms] [WARNING] OTS parsing error: incorrect file size in WOFF header @ https://onvio.com.br/staff/#/:0
[   31350ms] [WARNING] Failed to decode downloaded font: https://onvio.com.br/staff/SourceSans3-Regular.ab920762075b81fb.ttf @ https://onvio.com.br/staff/#/:0
[   31350ms] [WARNING] OTS parsing error: BASE: invalid table offset @ https://onvio.com.br/staff/#/:0
[   31350ms] [WARNING] Failed to decode downloaded font: https://onvio.com.br/staff/SourceSans3VF-Upright.ttf.e7f20fc9b00b0e8a.woff2 @ https://onvio.com.br/staff/#/:0
[   31350ms] [WARNING] OTS parsing error: Failed to convert WOFF 2.0 font to SFNT @ https://onvio.com.br/staff/#/:0
[   31350ms] [WARNING] Failed to decode downloaded font: https://onvio.com.br/staff/SourceSans3-Regular.ttf.dab9805cb7eb3d8f.woff @ https://onvio.com.br/staff/#/:0
[   31350ms] [WARNING] OTS parsing error: incorrect file size in WOFF header @ https://onvio.com.br/staff/#/:0
[   31350ms] [WARNING] Failed to decode downloaded font: https://onvio.com.br/staff/SourceSans3-Regular.114f93b5f3b7d159.otf @ https://onvio.com.br/staff/#/:0
[   31350ms] [WARNING] OTS parsing error: bad table directory searchRange
bad table directory entrySelector
bad table directory rangeShift
Invalid table tag: 0x604241
 `BA: misaligned table @ https://onvio.com.br/staff/#/:0
[   31350ms] [WARNING] Failed to decode downloaded font: https://onvio.com.br/staff/SourceSans3-Regular.ab920762075b81fb.ttf @ https://onvio.com.br/staff/#/:0
[   31351ms] [WARNING] OTS parsing error: BASE: invalid table offset @ https://onvio.com.br/staff/#/:0
[   31351ms] [WARNING] Failed to decode downloaded font: https://onvio.com.br/staff/SourceSans3VF-Upright.ttf.e7f20fc9b00b0e8a.woff2 @ https://onvio.com.br/staff/#/:0
[   31351ms] [WARNING] OTS parsing error: Failed to convert WOFF 2.0 font to SFNT @ https://onvio.com.br/staff/#/:0
[   31351ms] [WARNING] Failed to decode downloaded font: https://onvio.com.br/staff/SourceSans3-Regular.ttf.dab9805cb7eb3d8f.woff @ https://onvio.com.br/staff/#/:0
[   31351ms] [WARNING] OTS parsing error: incorrect file size in WOFF header @ https://onvio.com.br/staff/#/:0
[   31351ms] [WARNING] Failed to decode downloaded font: https://onvio.com.br/staff/SourceSans3-Regular.114f93b5f3b7d159.otf @ https://onvio.com.br/staff/#/:0
[   31351ms] [WARNING] OTS parsing error: bad table directory searchRange
bad table directory entrySelector
bad table directory rangeShift
Invalid table tag: 0x604241
 `BA: misaligned table @ https://onvio.com.br/staff/#/:0
[   31352ms] [WARNING] Failed to decode downloaded font: https://onvio.com.br/staff/SourceSans3-Regular.ab920762075b81fb.ttf @ https://onvio.com.br/staff/#/:0
[   31352ms] [WARNING] OTS parsing error: BASE: invalid table offset @ https://onvio.com.br/staff/#/:0
[   31352ms] [WARNING] Failed to decode downloaded font: https://onvio.com.br/staff/SourceSans3VF-Upright.ttf.e7f20fc9b00b0e8a.woff2 @ https://onvio.com.br/staff/#/:0
[   31352ms] [WARNING] OTS parsing error: Failed to convert WOFF 2.0 font to SFNT @ https://onvio.com.br/staff/#/:0
[   31352ms] [WARNING] Failed to decode downloaded font: https://onvio.com.br/staff/SourceSans3-Regular.ttf.dab9805cb7eb3d8f.woff @ https://onvio.com.br/staff/#/:0
[   31352ms] [WARNING] OTS parsing error: incorrect file size in WOFF header @ https://onvio.com.br/staff/#/:0
[   31352ms] [WARNING] Failed to decode downloaded font: https://onvio.com.br/staff/SourceSans3-Regular.114f93b5f3b7d159.otf @ https://onvio.com.br/staff/#/:0
[   31352ms] [WARNING] OTS parsing error: bad table directory searchRange
bad table directory entrySelector
bad table directory rangeShift
Invalid table tag: 0x604241
 `BA: misaligned table @ https://onvio.com.br/staff/#/:0
[   31352ms] [WARNING] Failed to decode downloaded font: https://onvio.com.br/staff/SourceSans3-Regular.ab920762075b81fb.ttf @ https://onvio.com.br/staff/#/:0
[   31352ms] [WARNING] OTS parsing error: BASE: invalid table offset @ https://onvio.com.br/staff/#/:0
[   31352ms] [WARNING] Failed to decode downloaded font: https://onvio.com.br/staff/SourceSans3VF-Upright.ttf.e7f20fc9b00b0e8a.woff2 @ https://onvio.com.br/staff/#/:0
[   31352ms] [WARNING] OTS parsing error: Failed to convert WOFF 2.0 font to SFNT @ https://onvio.com.br/staff/#/:0
[   31352ms] [WARNING] Failed to decode downloaded font: https://onvio.com.br/staff/SourceSans3-Regular.ttf.dab9805cb7eb3d8f.woff @ https://onvio.com.br/staff/#/:0
[   31352ms] [WARNING] OTS parsing error: incorrect file size in WOFF header @ https://onvio.com.br/staff/#/:0
[   31352ms] [WARNING] Failed to decode downloaded font: https://onvio.com.br/staff/SourceSans3-Regular.114f93b5f3b7d159.otf @ https://onvio.com.br/staff/#/:0
[   31353ms] [WARNING] OTS parsing error: bad table directory searchRange
bad table directory entrySelector
bad table directory rangeShift
Invalid table tag: 0x604241
 `BA: misaligned table @ https://onvio.com.br/staff/#/:0
[   31353ms] [WARNING] Failed to decode downloaded font: https://onvio.com.br/staff/SourceSans3-Regular.ab920762075b81fb.ttf @ https://onvio.com.br/staff/#/:0
[   31353ms] [WARNING] OTS parsing error: BASE: invalid table offset @ https://onvio.com.br/staff/#/:0
[   31429ms] Error: AppConfig not defined
    at ir (https://onvio.com.br/staff/4888.e62af6d7ff1a20c1.js:1:1623251)
    at https://onvio.com.br/staff/4888.e62af6d7ff1a20c1.js:1:1623286
    at ye.invokeTask (https://onvio.com.br/staff/polyfills.8d6b19594cef5236.js:1:949225)
    at T.runTask (https://onvio.com.br/staff/polyfills.8d6b19594cef5236.js:1:944564)
    at Ae.invokeTask [as invoke] (https://onvio.com.br/staff/polyfills.8d6b19594cef5236.js:1:950285)
    at Ge (https://onvio.com.br/staff/polyfills.8d6b19594cef5236.js:1:963449)
    at je (https://onvio.com.br/staff/polyfills.8d6b19594cef5236.js:1:963896)
    at Je (https://onvio.com.br/staff/polyfills.8d6b19594cef5236.js:1:964080)
[   31431ms] Error: AppConfig was not configured yet
    at f (https://onvio.com.br/staff/4888.e62af6d7ff1a20c1.js:1:5668728)
    at b (https://onvio.com.br/staff/4888.e62af6d7ff1a20c1.js:1:5668783)
    at https://onvio.com.br/staff/4888.e62af6d7ff1a20c1.js:1:5669861
    at ye.invokeTask (https://onvio.com.br/staff/polyfills.8d6b19594cef5236.js:1:949225)
    at T.runTask (https://onvio.com.br/staff/polyfills.8d6b19594cef5236.js:1:944564)
    at Ae.invokeTask [as invoke] (https://onvio.com.br/staff/polyfills.8d6b19594cef5236.js:1:950285)
    at Ge (https://onvio.com.br/staff/polyfills.8d6b19594cef5236.js:1:963449)
    at je (https://onvio.com.br/staff/polyfills.8d6b19594cef5236.js:1:963896)
    at Je (https://onvio.com.br/staff/polyfills.8d6b19594cef5236.js:1:964080)
[   31617ms] [ERROR] Could not find translation file: ./assets/external-integration/i18n/pt-BR.json @ https://onvio.com.br/staff/8672.f47112ec8d1c8694.js:0
[   31633ms] [WARNING] Custom element bm-alert is already registered and the constructors are not the same function g(){var T,R;(0,v.default)(this,g);for(var k=arguments.length,L=new Array(k),$=0;$<k;$++)L[$]=arguments[$];return(R=p.call.apply(p,(0,d.default)(T=[this]).call(T,L))).type="info",R.closeable=!1,R} function g(){var T,R;(0,v.default)(this,g);for(var k=arguments.length,L=new Array(k),$=0;$<k;$++)L[$]=arguments[$];return(R=p.call.apply(p,(0,d.default)(T=[this]).call(T,L))).type="info",R.closeable=!1,R} @ https://onvio.com.br/staff/4888.e62af6d7ff1a20c1.js:0
[   31633ms] [WARNING] Custom element bm-select is already registered and the constructors are not the same function L(){var $,B,K,ce;return(0,_.default)(this,L),(ce=k.call(this)).onSlotChange=(0,b.default)($=ce.onSlotChange).call($,(0,y.default)(ce)),ce.onSelectFocus=(0,b.default)(B=ce.onSelectFocus).call(B,(0,y.default)(ce)),ce.onSelectBlur=(0,b.default)(K=ce.onSelectBlur).call(K,(0,y.default)(ce)),ce} function L(){var $,B,K,ce;return(0,_.default)(this,L),(ce=k.call(this)).onSlotChange=(0,b.default)($=ce.onSlotChange).call($,(0,y.default)(ce)),ce.onSelectFocus=(0,b.default)(B=ce.onSelectFocus).call(B,(0,y.default)(ce)),ce.onSelectBlur=(0,b.default)(K=ce.onSelectBlur).call(K,(0,y.default)(ce)),ce} @ https://onvio.com.br/staff/4888.e62af6d7ff1a20c1.js:0
[   31634ms] [WARNING] Custom element bm-alert is already registered and the constructors are not the same function g(){var T,R;(0,v.default)(this,g);for(var k=arguments.length,L=new Array(k),$=0;$<k;$++)L[$]=arguments[$];return(R=p.call.apply(p,(0,d.default)(T=[this]).call(T,L))).type="info",R.closeable=!1,R} function g(){var T,R;(0,v.default)(this,g);for(var k=arguments.length,L=new Array(k),$=0;$<k;$++)L[$]=arguments[$];return(R=p.call.apply(p,(0,d.default)(T=[this]).call(T,L))).type="info",R.closeable=!1,R} @ https://onvio.com.br/staff/4888.e62af6d7ff1a20c1.js:0
[   31634ms] [WARNING] Custom element bm-modal is already registered and the constructors are not the same function $(){var B,K;(0,v.default)(this,$);for(var ce=arguments.length,Y=new Array(ce),se=0;se<ce;se++)Y[se]=arguments[se];return(K=L.call.apply(L,(0,d.default)(B=[this]).call(B,Y))).modalTitle=void 0,K.modalSize="medium",K.backdropClose=!0,K.focusModal=!0,K.focusCloseBtn=!1,K.closeButtonQeId=void 0,K} function $(){var B,K;(0,v.default)(this,$);for(var ce=arguments.length,Y=new Array(ce),se=0;se<ce;se++)Y[se]=arguments[se];return(K=L.call.apply(L,(0,d.default)(B=[this]).call(B,Y))).modalTitle=void 0,K.modalSize="medium",K.backdropClose=!0,K.focusModal=!0,K.focusCloseBtn=!1,K.closeButtonQeId=void 0,K} @ https://onvio.com.br/staff/4888.e62af6d7ff1a20c1.js:0
[   31634ms] [WARNING] Custom element bm-alert is already registered and the constructors are not the same function g(){var T,R;(0,v.default)(this,g);for(var k=arguments.length,L=new Array(k),$=0;$<k;$++)L[$]=arguments[$];return(R=p.call.apply(p,(0,d.default)(T=[this]).call(T,L))).type="info",R.closeable=!1,R} function g(){var T,R;(0,v.default)(this,g);for(var k=arguments.length,L=new Array(k),$=0;$<k;$++)L[$]=arguments[$];return(R=p.call.apply(p,(0,d.default)(T=[this]).call(T,L))).type="info",R.closeable=!1,R} @ https://onvio.com.br/staff/4888.e62af6d7ff1a20c1.js:0
[   31635ms] [WARNING] Custom element bm-modal is already registered and the constructors are not the same function $(){var B,K;(0,v.default)(this,$);for(var ce=arguments.length,Y=new Array(ce),se=0;se<ce;se++)Y[se]=arguments[se];return(K=L.call.apply(L,(0,d.default)(B=[this]).call(B,Y))).modalTitle=void 0,K.modalSize="medium",K.backdropClose=!0,K.focusModal=!0,K.focusCloseBtn=!1,K.closeButtonQeId=void 0,K} function $(){var B,K;(0,v.default)(this,$);for(var ce=arguments.length,Y=new Array(ce),se=0;se<ce;se++)Y[se]=arguments[se];return(K=L.call.apply(L,(0,d.default)(B=[this]).call(B,Y))).modalTitle=void 0,K.modalSize="medium",K.backdropClose=!0,K.focusModal=!0,K.focusCloseBtn=!1,K.closeButtonQeId=void 0,K} @ https://onvio.com.br/staff/4888.e62af6d7ff1a20c1.js:0
[   31635ms] [WARNING] Custom element bm-alert is already registered and the constructors are not the same function g(){var T,R;(0,v.default)(this,g);for(var k=arguments.length,L=new Array(k),$=0;$<k;$++)L[$]=arguments[$];return(R=p.call.apply(p,(0,d.default)(T=[this]).call(T,L))).type="info",R.closeable=!1,R} function g(){var T,R;(0,v.default)(this,g);for(var k=arguments.length,L=new Array(k),$=0;$<k;$++)L[$]=arguments[$];return(R=p.call.apply(p,(0,d.default)(T=[this]).call(T,L))).type="info",R.closeable=!1,R} @ https://onvio.com.br/staff/4888.e62af6d7ff1a20c1.js:0
[   31635ms] [WARNING] Custom element bm-modal is already registered and the constructors are not the same function $(){var B,K;(0,v.default)(this,$);for(var ce=arguments.length,Y=new Array(ce),se=0;se<ce;se++)Y[se]=arguments[se];return(K=L.call.apply(L,(0,d.default)(B=[this]).call(B,Y))).modalTitle=void 0,K.modalSize="medium",K.backdropClose=!0,K.focusModal=!0,K.focusCloseBtn=!1,K.closeButtonQeId=void 0,K} function $(){var B,K;(0,v.default)(this,$);for(var ce=arguments.length,Y=new Array(ce),se=0;se<ce;se++)Y[se]=arguments[se];return(K=L.call.apply(L,(0,d.default)(B=[this]).call(B,Y))).modalTitle=void 0,K.modalSize="medium",K.backdropClose=!0,K.focusModal=!0,K.focusCloseBtn=!1,K.closeButtonQeId=void 0,K} @ https://onvio.com.br/staff/4888.e62af6d7ff1a20c1.js:0
[   31635ms] [WARNING] Custom element bm-alert is already registered and the constructors are not the same function g(){var T,R;(0,v.default)(this,g);for(var k=arguments.length,L=new Array(k),$=0;$<k;$++)L[$]=arguments[$];return(R=p.call.apply(p,(0,d.default)(T=[this]).call(T,L))).type="info",R.closeable=!1,R} function g(){var T,R;(0,v.default)(this,g);for(var k=arguments.length,L=new Array(k),$=0;$<k;$++)L[$]=arguments[$];return(R=p.call.apply(p,(0,d.default)(T=[this]).call(T,L))).type="info",R.closeable=!1,R} @ https://onvio.com.br/staff/4888.e62af6d7ff1a20c1.js:0
[   31636ms] [WARNING] Custom element bm-modal is already registered and the constructors are not the same function $(){var B,K;(0,v.default)(this,$);for(var ce=arguments.length,Y=new Array(ce),se=0;se<ce;se++)Y[se]=arguments[se];return(K=L.call.apply(L,(0,d.default)(B=[this]).call(B,Y))).modalTitle=void 0,K.modalSize="medium",K.backdropClose=!0,K.focusModal=!0,K.focusCloseBtn=!1,K.closeButtonQeId=void 0,K} function $(){var B,K;(0,v.default)(this,$);for(var ce=arguments.length,Y=new Array(ce),se=0;se<ce;se++)Y[se]=arguments[se];return(K=L.call.apply(L,(0,d.default)(B=[this]).call(B,Y))).modalTitle=void 0,K.modalSize="medium",K.backdropClose=!0,K.focusModal=!0,K.focusCloseBtn=!1,K.closeButtonQeId=void 0,K} @ https://onvio.com.br/staff/4888.e62af6d7ff1a20c1.js:0
[   31636ms] [WARNING] Custom element bm-alert is already registered and the constructors are not the same function g(){var T,R;(0,v.default)(this,g);for(var k=arguments.length,L=new Array(k),$=0;$<k;$++)L[$]=arguments[$];return(R=p.call.apply(p,(0,d.default)(T=[this]).call(T,L))).type="info",R.closeable=!1,R} function g(){var T,R;(0,v.default)(this,g);for(var k=arguments.length,L=new Array(k),$=0;$<k;$++)L[$]=arguments[$];return(R=p.call.apply(p,(0,d.default)(T=[this]).call(T,L))).type="info",R.closeable=!1,R} @ https://onvio.com.br/staff/4888.e62af6d7ff1a20c1.js:0
[   31636ms] [WARNING] Custom element bm-alert is already registered and the constructors are not the same function g(){var T,R;(0,v.default)(this,g);for(var k=arguments.length,L=new Array(k),$=0;$<k;$++)L[$]=arguments[$];return(R=p.call.apply(p,(0,d.default)(T=[this]).call(T,L))).type="info",R.closeable=!1,R} function g(){var T,R;(0,v.default)(this,g);for(var k=arguments.length,L=new Array(k),$=0;$<k;$++)L[$]=arguments[$];return(R=p.call.apply(p,(0,d.default)(T=[this]).call(T,L))).type="info",R.closeable=!1,R} @ https://onvio.com.br/staff/4888.e62af6d7ff1a20c1.js:0
[   31636ms] [WARNING] Custom element bm-modal is already registered and the constructors are not the same function $(){var B,K;(0,v.default)(this,$);for(var ce=arguments.length,Y=new Array(ce),se=0;se<ce;se++)Y[se]=arguments[se];return(K=L.call.apply(L,(0,d.default)(B=[this]).call(B,Y))).modalTitle=void 0,K.modalSize="medium",K.backdropClose=!0,K.focusModal=!0,K.focusCloseBtn=!1,K.closeButtonQeId=void 0,K} function $(){var B,K;(0,v.default)(this,$);for(var ce=arguments.length,Y=new Array(ce),se=0;se<ce;se++)Y[se]=arguments[se];return(K=L.call.apply(L,(0,d.default)(B=[this]).call(B,Y))).modalTitle=void 0,K.modalSize="medium",K.backdropClose=!0,K.focusModal=!0,K.focusCloseBtn=!1,K.closeButtonQeId=void 0,K} @ https://onvio.com.br/staff/4888.e62af6d7ff1a20c1.js:0
[   31637ms] [WARNING] Custom element bm-alert is already registered and the constructors are not the same function g(){var T,R;(0,v.default)(this,g);for(var k=arguments.length,L=new Array(k),$=0;$<k;$++)L[$]=arguments[$];return(R=p.call.apply(p,(0,d.default)(T=[this]).call(T,L))).type="info",R.closeable=!1,R} function g(){var T,R;(0,v.default)(this,g);for(var k=arguments.length,L=new Array(k),$=0;$<k;$++)L[$]=arguments[$];return(R=p.call.apply(p,(0,d.default)(T=[this]).call(T,L))).type="info",R.closeable=!1,R} @ https://onvio.com.br/staff/4888.e62af6d7ff1a20c1.js:0
[   31642ms] [WARNING] Failed to decode downloaded font: https://onvio.com.br/staff/SourceSans3VF-Upright.ttf.e7f20fc9b00b0e8a.woff2 @ https://onvio.com.br/staff/#/dashboard-core-center:0
[   31642ms] [WARNING] OTS parsing error: Failed to convert WOFF 2.0 font to SFNT @ https://onvio.com.br/staff/#/dashboard-core-center:0
[   31642ms] [WARNING] Failed to decode downloaded font: https://onvio.com.br/staff/SourceSans3-Regular.ttf.dab9805cb7eb3d8f.woff @ https://onvio.com.br/staff/#/dashboard-core-center:0
[   31643ms] [WARNING] OTS parsing error: incorrect file size in WOFF header @ https://onvio.com.br/staff/#/dashboard-core-center:0
[   31643ms] [WARNING] Failed to decode downloaded font: https://onvio.com.br/staff/SourceSans3-Regular.114f93b5f3b7d159.otf @ https://onvio.com.br/staff/#/dashboard-core-center:0
[   31643ms] [WARNING] OTS parsing error: bad table directory searchRange
bad table directory entrySelector
bad table directory rangeShift
Invalid table tag: 0x604241
 `BA: misaligned table @ https://onvio.com.br/staff/#/dashboard-core-center:0
[   31643ms] [WARNING] Failed to decode downloaded font: https://onvio.com.br/staff/SourceSans3-Regular.ab920762075b81fb.ttf @ https://onvio.com.br/staff/#/dashboard-core-center:0
[   31643ms] [WARNING] OTS parsing error: BASE: invalid table offset @ https://onvio.com.br/staff/#/dashboard-core-center:0
[   31643ms] [WARNING] Failed to decode downloaded font: https://onvio.com.br/staff/SourceSans3VF-Upright.ttf.e7f20fc9b00b0e8a.woff2 @ https://onvio.com.br/staff/#/dashboard-core-center:0
[   31643ms] [WARNING] OTS parsing error: Failed to convert WOFF 2.0 font to SFNT @ https://onvio.com.br/staff/#/dashboard-core-center:0
[   31644ms] [WARNING] Failed to decode downloaded font: https://onvio.com.br/staff/SourceSans3-Regular.ttf.dab9805cb7eb3d8f.woff @ https://onvio.com.br/staff/#/dashboard-core-center:0
[   31644ms] [WARNING] OTS parsing error: incorrect file size in WOFF header @ https://onvio.com.br/staff/#/dashboard-core-center:0
[   31644ms] [WARNING] Failed to decode downloaded font: https://onvio.com.br/staff/SourceSans3-Regular.114f93b5f3b7d159.otf @ https://onvio.com.br/staff/#/dashboard-core-center:0
[   31644ms] [WARNING] OTS parsing error: bad table directory searchRange
bad table directory entrySelector
bad table directory rangeShift
Invalid table tag: 0x604241
 `BA: misaligned table @ https://onvio.com.br/staff/#/dashboard-core-center:0
[   31644ms] [WARNING] Failed to decode downloaded font: https://onvio.com.br/staff/SourceSans3-Regular.ab920762075b81fb.ttf @ https://onvio.com.br/staff/#/dashboard-core-center:0
[   31644ms] [WARNING] OTS parsing error: BASE: invalid table offset @ https://onvio.com.br/staff/#/dashboard-core-center:0
[   31644ms] [WARNING] Failed to decode downloaded font: https://onvio.com.br/staff/SourceSans3VF-Upright.ttf.e7f20fc9b00b0e8a.woff2 @ https://onvio.com.br/staff/#/dashboard-core-center:0
[   31644ms] [WARNING] OTS parsing error: Failed to convert WOFF 2.0 font to SFNT @ https://onvio.com.br/staff/#/dashboard-core-center:0
[   31645ms] [WARNING] Failed to decode downloaded font: https://onvio.com.br/staff/SourceSans3-Regular.ttf.dab9805cb7eb3d8f.woff @ https://onvio.com.br/staff/#/dashboard-core-center:0
[   31645ms] [WARNING] OTS parsing error: incorrect file size in WOFF header @ https://onvio.com.br/staff/#/dashboard-core-center:0
[   31645ms] [WARNING] Failed to decode downloaded font: https://onvio.com.br/staff/SourceSans3-Regular.114f93b5f3b7d159.otf @ https://onvio.com.br/staff/#/dashboard-core-center:0
[   31645ms] [WARNING] OTS parsing error: bad table directory searchRange
bad table directory entrySelector
bad table directory rangeShift
Invalid table tag: 0x604241
 `BA: misaligned table @ https://onvio.com.br/staff/#/dashboard-core-center:0
[   31645ms] [WARNING] Failed to decode downloaded font: https://onvio.com.br/staff/SourceSans3-Regular.ab920762075b81fb.ttf @ https://onvio.com.br/staff/#/dashboard-core-center:0
[   31645ms] [WARNING] OTS parsing error: BASE: invalid table offset @ https://onvio.com.br/staff/#/dashboard-core-center:0
[   31645ms] [WARNING] Failed to decode downloaded font: https://onvio.com.br/staff/SourceSans3VF-Upright.ttf.e7f20fc9b00b0e8a.woff2 @ https://onvio.com.br/staff/#/dashboard-core-center:0
[   31645ms] [WARNING] OTS parsing error: Failed to convert WOFF 2.0 font to SFNT @ https://onvio.com.br/staff/#/dashboard-core-center:0
[   31645ms] [WARNING] Failed to decode downloaded font: https://onvio.com.br/staff/SourceSans3-Regular.ttf.dab9805cb7eb3d8f.woff @ https://onvio.com.br/staff/#/dashboard-core-center:0
[   31645ms] [WARNING] OTS parsing error: incorrect file size in WOFF header @ https://onvio.com.br/staff/#/dashboard-core-center:0
[   31645ms] [WARNING] Failed to decode downloaded font: https://onvio.com.br/staff/SourceSans3-Regular.114f93b5f3b7d159.otf @ https://onvio.com.br/staff/#/dashboard-core-center:0
[   31645ms] [WARNING] OTS parsing error: bad table directory searchRange
bad table directory entrySelector
bad table directory rangeShift
Invalid table tag: 0x604241
 `BA: misaligned table @ https://onvio.com.br/staff/#/dashboard-core-center:0
[   31646ms] [WARNING] Failed to decode downloaded font: https://onvio.com.br/staff/SourceSans3-Regular.ab920762075b81fb.ttf @ https://onvio.com.br/staff/#/dashboard-core-center:0
[   31646ms] [WARNING] OTS parsing error: BASE: invalid table offset @ https://onvio.com.br/staff/#/dashboard-core-center:0
[   31646ms] [WARNING] Failed to decode downloaded font: https://onvio.com.br/staff/SourceSans3VF-Upright.ttf.e7f20fc9b00b0e8a.woff2 @ https://onvio.com.br/staff/#/dashboard-core-center:0
[   31646ms] [WARNING] OTS parsing error: Failed to convert WOFF 2.0 font to SFNT @ https://onvio.com.br/staff/#/dashboard-core-center:0
[   31646ms] [WARNING] Failed to decode downloaded font: https://onvio.com.br/staff/SourceSans3-Regular.ttf.dab9805cb7eb3d8f.woff @ https://onvio.com.br/staff/#/dashboard-core-center:0
[   31646ms] [WARNING] OTS parsing error: incorrect file size in WOFF header @ https://onvio.com.br/staff/#/dashboard-core-center:0
[   31646ms] [WARNING] Failed to decode downloaded font: https://onvio.com.br/staff/SourceSans3-Regular.114f93b5f3b7d159.otf @ https://onvio.com.br/staff/#/dashboard-core-center:0
[   31646ms] [WARNING] OTS parsing error: bad table directory searchRange
bad table directory entrySelector
bad table directory rangeShift
Invalid table tag: 0x604241
 `BA: misaligned table @ https://onvio.com.br/staff/#/dashboard-core-center:0
[   31646ms] [WARNING] Failed to decode downloaded font: https://onvio.com.br/staff/SourceSans3-Regular.ab920762075b81fb.ttf @ https://onvio.com.br/staff/#/dashboard-core-center:0
[   31646ms] [WARNING] OTS parsing error: BASE: invalid table offset @ https://onvio.com.br/staff/#/dashboard-core-center:0
[   31646ms] [WARNING] Failed to decode downloaded font: https://onvio.com.br/staff/SourceSans3VF-Upright.ttf.e7f20fc9b00b0e8a.woff2 @ https://onvio.com.br/staff/#/dashboard-core-center:0
[   31647ms] [WARNING] OTS parsing error: Failed to convert WOFF 2.0 font to SFNT @ https://onvio.com.br/staff/#/dashboard-core-center:0
[   31647ms] [WARNING] Failed to decode downloaded font: https://onvio.com.br/staff/SourceSans3VF-Upright.ttf.e7f20fc9b00b0e8a.woff2 @ https://onvio.com.br/staff/#/dashboard-core-center:0
[   31647ms] [WARNING] OTS parsing error: Failed to convert WOFF 2.0 font to SFNT @ https://onvio.com.br/staff/#/dashboard-core-center:0
[   31647ms] [WARNING] Failed to decode downloaded font: https://onvio.com.br/staff/SourceSans3VF-Upright.ttf.e7f20fc9b00b0e8a.woff2 @ https://onvio.com.br/staff/#/dashboard-core-center:0
[   31647ms] [WARNING] OTS parsing error: Failed to convert WOFF 2.0 font to SFNT @ https://onvio.com.br/staff/#/dashboard-core-center:0
[   31647ms] [WARNING] Failed to decode downloaded font: https://onvio.com.br/staff/SourceSans3VF-Upright.ttf.e7f20fc9b00b0e8a.woff2 @ https://onvio.com.br/staff/#/dashboard-core-center:0
[   31647ms] [WARNING] OTS parsing error: Failed to convert WOFF 2.0 font to SFNT @ https://onvio.com.br/staff/#/dashboard-core-center:0
[   31647ms] [WARNING] Failed to decode downloaded font: https://onvio.com.br/staff/SourceSans3VF-Upright.ttf.e7f20fc9b00b0e8a.woff2 @ https://onvio.com.br/staff/#/dashboard-core-center:0
[   31647ms] [WARNING] OTS parsing error: Failed to convert WOFF 2.0 font to SFNT @ https://onvio.com.br/staff/#/dashboard-core-center:0
[   31647ms] [WARNING] Failed to decode downloaded font: https://onvio.com.br/staff/SourceSans3VF-Upright.ttf.e7f20fc9b00b0e8a.woff2 @ https://onvio.com.br/staff/#/dashboard-core-center:0
[   31647ms] [WARNING] OTS parsing error: Failed to convert WOFF 2.0 font to SFNT @ https://onvio.com.br/staff/#/dashboard-core-center:0
[   31648ms] [WARNING] Failed to decode downloaded font: https://onvio.com.br/staff/SourceSans3VF-Upright.ttf.e7f20fc9b00b0e8a.woff2 @ https://onvio.com.br/staff/#/dashboard-core-center:0
[   31648ms] [WARNING] OTS parsing error: Failed to convert WOFF 2.0 font to SFNT @ https://onvio.com.br/staff/#/dashboard-core-center:0
[   31648ms] [WARNING] Failed to decode downloaded font: https://onvio.com.br/staff/SourceSans3VF-Upright.ttf.e7f20fc9b00b0e8a.woff2 @ https://onvio.com.br/staff/#/dashboard-core-center:0
[   31648ms] [WARNING] OTS parsing error: Failed to convert WOFF 2.0 font to SFNT @ https://onvio.com.br/staff/#/dashboard-core-center:0
[   31648ms] [WARNING] Failed to decode downloaded font: https://onvio.com.br/staff/SourceSans3VF-Upright.ttf.e7f20fc9b00b0e8a.woff2 @ https://onvio.com.br/staff/#/dashboard-core-center:0
[   31648ms] [WARNING] OTS parsing error: Failed to convert WOFF 2.0 font to SFNT @ https://onvio.com.br/staff/#/dashboard-core-center:0
[   31648ms] [WARNING] Failed to decode downloaded font: https://onvio.com.br/staff/SourceSans3-Regular.ttf.dab9805cb7eb3d8f.woff @ https://onvio.com.br/staff/#/dashboard-core-center:0
[   31648ms] [WARNING] OTS parsing error: incorrect file size in WOFF header @ https://onvio.com.br/staff/#/dashboard-core-center:0
[   31648ms] [WARNING] Failed to decode downloaded font: https://onvio.com.br/staff/SourceSans3-Regular.114f93b5f3b7d159.otf @ https://onvio.com.br/staff/#/dashboard-core-center:0
[   31648ms] [WARNING] OTS parsing error: bad table directory searchRange
bad table directory entrySelector
bad table directory rangeShift
Invalid table tag: 0x604241
 `BA: misaligned table @ https://onvio.com.br/staff/#/dashboard-core-center:0
[   31648ms] [WARNING] Failed to decode downloaded font: https://onvio.com.br/staff/SourceSans3-Regular.ab920762075b81fb.ttf @ https://onvio.com.br/staff/#/dashboard-core-center:0
[   31648ms] [WARNING] OTS parsing error: BASE: invalid table offset @ https://onvio.com.br/staff/#/dashboard-core-center:0
[   31648ms] [WARNING] Failed to decode downloaded font: https://onvio.com.br/staff/SourceSans3VF-Upright.ttf.e7f20fc9b00b0e8a.woff2 @ https://onvio.com.br/staff/#/dashboard-core-center:0
[   31648ms] [WARNING] OTS parsing error: Failed to convert WOFF 2.0 font to SFNT @ https://onvio.com.br/staff/#/dashboard-core-center:0
[   31648ms] [WARNING] Failed to decode downloaded font: https://onvio.com.br/staff/SourceSans3-Regular.ttf.dab9805cb7eb3d8f.woff @ https://onvio.com.br/staff/#/dashboard-core-center:0
[   31649ms] [WARNING] OTS parsing error: incorrect file size in WOFF header @ https://onvio.com.br/staff/#/dashboard-core-center:0
[   31649ms] [WARNING] Failed to decode downloaded font: https://onvio.com.br/staff/SourceSans3-Regular.114f93b5f3b7d159.otf @ https://onvio.com.br/staff/#/dashboard-core-center:0
[   31649ms] [WARNING] OTS parsing error: bad table directory searchRange
bad table directory entrySelector
bad table directory rangeShift
Invalid table tag: 0x604241
 `BA: misaligned table @ https://onvio.com.br/staff/#/dashboard-core-center:0
[   31649ms] [WARNING] Failed to decode downloaded font: https://onvio.com.br/staff/SourceSans3-Regular.ab920762075b81fb.ttf @ https://onvio.com.br/staff/#/dashboard-core-center:0
[   31649ms] [WARNING] OTS parsing error: BASE: invalid table offset @ https://onvio.com.br/staff/#/dashboard-core-center:0
[   31649ms] [WARNING] Failed to decode downloaded font: https://onvio.com.br/staff/SourceSans3VF-Upright.ttf.e7f20fc9b00b0e8a.woff2 @ https://onvio.com.br/staff/#/dashboard-core-center:0
[   31649ms] [WARNING] OTS parsing error: Failed to convert WOFF 2.0 font to SFNT @ https://onvio.com.br/staff/#/dashboard-core-center:0
[   31649ms] [WARNING] Failed to decode downloaded font: https://onvio.com.br/staff/SourceSans3-Regular.ttf.dab9805cb7eb3d8f.woff @ https://onvio.com.br/staff/#/dashboard-core-center:0
[   31649ms] [WARNING] OTS parsing error: incorrect file size in WOFF header @ https://onvio.com.br/staff/#/dashboard-core-center:0
[   31649ms] [WARNING] Failed to decode downloaded font: https://onvio.com.br/staff/SourceSans3-Regular.114f93b5f3b7d159.otf @ https://onvio.com.br/staff/#/dashboard-core-center:0
[   31649ms] [WARNING] OTS parsing error: bad table directory searchRange
bad table directory entrySelector
bad table directory rangeShift
Invalid table tag: 0x604241
 `BA: misaligned table @ https://onvio.com.br/staff/#/dashboard-core-center:0
[   31650ms] [WARNING] Failed to decode downloaded font: https://onvio.com.br/staff/SourceSans3-Regular.ab920762075b81fb.ttf @ https://onvio.com.br/staff/#/dashboard-core-center:0
[   31650ms] [WARNING] OTS parsing error: BASE: invalid table offset @ https://onvio.com.br/staff/#/dashboard-core-center:0
[   31650ms] [WARNING] Failed to decode downloaded font: https://onvio.com.br/staff/SourceSans3VF-Upright.ttf.e7f20fc9b00b0e8a.woff2 @ https://onvio.com.br/staff/#/dashboard-core-center:0
[   31650ms] [WARNING] OTS parsing error: Failed to convert WOFF 2.0 font to SFNT @ https://onvio.com.br/staff/#/dashboard-core-center:0
[   31650ms] [WARNING] Failed to decode downloaded font: https://onvio.com.br/staff/SourceSans3-Regular.ttf.dab9805cb7eb3d8f.woff @ https://onvio.com.br/staff/#/dashboard-core-center:0
[   31650ms] [WARNING] OTS parsing error: incorrect file size in WOFF header @ https://onvio.com.br/staff/#/dashboard-core-center:0
[   31650ms] [WARNING] Failed to decode downloaded font: https://onvio.com.br/staff/SourceSans3-Regular.114f93b5f3b7d159.otf @ https://onvio.com.br/staff/#/dashboard-core-center:0
[   31650ms] [WARNING] OTS parsing error: bad table directory searchRange
bad table directory entrySelector
bad table directory rangeShift
Invalid table tag: 0x604241
 `BA: misaligned table @ https://onvio.com.br/staff/#/dashboard-core-center:0
[   31650ms] [WARNING] Failed to decode downloaded font: https://onvio.com.br/staff/SourceSans3-Regular.ab920762075b81fb.ttf @ https://onvio.com.br/staff/#/dashboard-core-center:0
[   31650ms] [WARNING] OTS parsing error: BASE: invalid table offset @ https://onvio.com.br/staff/#/dashboard-core-center:0
[   31650ms] [WARNING] Failed to decode downloaded font: https://onvio.com.br/staff/SourceSans3VF-Upright.ttf.e7f20fc9b00b0e8a.woff2 @ https://onvio.com.br/staff/#/dashboard-core-center:0
[   31650ms] [WARNING] OTS parsing error: Failed to convert WOFF 2.0 font to SFNT @ https://onvio.com.br/staff/#/dashboard-core-center:0
[   31650ms] [WARNING] Failed to decode downloaded font: https://onvio.com.br/staff/SourceSans3-Regular.ttf.dab9805cb7eb3d8f.woff @ https://onvio.com.br/staff/#/dashboard-core-center:0
[   31650ms] [WARNING] OTS parsing error: incorrect file size in WOFF header @ https://onvio.com.br/staff/#/dashboard-core-center:0
[   31651ms] [WARNING] Failed to decode downloaded font: https://onvio.com.br/staff/SourceSans3-Regular.114f93b5f3b7d159.otf @ https://onvio.com.br/staff/#/dashboard-core-center:0
[   31651ms] [WARNING] OTS parsing error: bad table directory searchRange
bad table directory entrySelector
bad table directory rangeShift
Invalid table tag: 0x604241
 `BA: misaligned table @ https://onvio.com.br/staff/#/dashboard-core-center:0
[   31651ms] [WARNING] Failed to decode downloaded font: https://onvio.com.br/staff/SourceSans3-Regular.ab920762075b81fb.ttf @ https://onvio.com.br/staff/#/dashboard-core-center:0
[   31651ms] [WARNING] OTS parsing error: BASE: invalid table offset @ https://onvio.com.br/staff/#/dashboard-core-center:0
[   31651ms] [WARNING] Failed to decode downloaded font: https://onvio.com.br/staff/SourceSans3VF-Upright.ttf.e7f20fc9b00b0e8a.woff2 @ https://onvio.com.br/staff/#/dashboard-core-center:0
[   31651ms] [WARNING] OTS parsing error: Failed to convert WOFF 2.0 font to SFNT @ https://onvio.com.br/staff/#/dashboard-core-center:0
[   31651ms] [WARNING] Failed to decode downloaded font: https://onvio.com.br/staff/SourceSans3-Regular.ttf.dab9805cb7eb3d8f.woff @ https://onvio.com.br/staff/#/dashboard-core-center:0
[   31651ms] [WARNING] OTS parsing error: incorrect file size in WOFF header @ https://onvio.com.br/staff/#/dashboard-core-center:0
[   31651ms] [WARNING] Failed to decode downloaded font: https://onvio.com.br/staff/SourceSans3-Regular.114f93b5f3b7d159.otf @ https://onvio.com.br/staff/#/dashboard-core-center:0
[   31651ms] [WARNING] OTS parsing error: bad table directory searchRange
bad table directory entrySelector
bad table directory rangeShift
Invalid table tag: 0x604241
 `BA: misaligned table @ https://onvio.com.br/staff/#/dashboard-core-center:0
[   31651ms] [WARNING] Failed to decode downloaded font: https://onvio.com.br/staff/SourceSans3-Regular.ab920762075b81fb.ttf @ https://onvio.com.br/staff/#/dashboard-core-center:0
[   31651ms] [WARNING] OTS parsing error: BASE: invalid table offset @ https://onvio.com.br/staff/#/dashboard-core-center:0
[   31651ms] [WARNING] Failed to decode downloaded font: https://onvio.com.br/staff/SourceSans3VF-Upright.ttf.e7f20fc9b00b0e8a.woff2 @ https://onvio.com.br/staff/#/dashboard-core-center:0
[   31651ms] [WARNING] OTS parsing error: Failed to convert WOFF 2.0 font to SFNT @ https://onvio.com.br/staff/#/dashboard-core-center:0
[   31652ms] [WARNING] Failed to decode downloaded font: https://onvio.com.br/staff/SourceSans3-Regular.ttf.dab9805cb7eb3d8f.woff @ https://onvio.com.br/staff/#/dashboard-core-center:0
[   31652ms] [WARNING] OTS parsing error: incorrect file size in WOFF header @ https://onvio.com.br/staff/#/dashboard-core-center:0
[   31652ms] [WARNING] Failed to decode downloaded font: https://onvio.com.br/staff/SourceSans3-Regular.114f93b5f3b7d159.otf @ https://onvio.com.br/staff/#/dashboard-core-center:0
[   31652ms] [WARNING] OTS parsing error: bad table directory searchRange
bad table directory entrySelector
bad table directory rangeShift
Invalid table tag: 0x604241
 `BA: misaligned table @ https://onvio.com.br/staff/#/dashboard-core-center:0
[   31652ms] [WARNING] Failed to decode downloaded font: https://onvio.com.br/staff/SourceSans3-Regular.ab920762075b81fb.ttf @ https://onvio.com.br/staff/#/dashboard-core-center:0
[   31652ms] [WARNING] OTS parsing error: BASE: invalid table offset @ https://onvio.com.br/staff/#/dashboard-core-center:0
[   31652ms] [WARNING] Failed to decode downloaded font: https://onvio.com.br/staff/SourceSans3VF-Upright.ttf.e7f20fc9b00b0e8a.woff2 @ https://onvio.com.br/staff/#/dashboard-core-center:0
[   31652ms] [WARNING] OTS parsing error: Failed to convert WOFF 2.0 font to SFNT @ https://onvio.com.br/staff/#/dashboard-core-center:0
[   31652ms] [WARNING] Failed to decode downloaded font: https://onvio.com.br/staff/SourceSans3-Regular.ttf.dab9805cb7eb3d8f.woff @ https://onvio.com.br/staff/#/dashboard-core-center:0
[   31652ms] [WARNING] OTS parsing error: incorrect file size in WOFF header @ https://onvio.com.br/staff/#/dashboard-core-center:0
[   31652ms] [WARNING] Failed to decode downloaded font: https://onvio.com.br/staff/SourceSans3-Regular.114f93b5f3b7d159.otf @ https://onvio.com.br/staff/#/dashboard-core-center:0
[   31653ms] [WARNING] OTS parsing error: bad table directory searchRange
bad table directory entrySelector
bad table directory rangeShift
Invalid table tag: 0x604241
 `BA: misaligned table @ https://onvio.com.br/staff/#/dashboard-core-center:0
[   31653ms] [WARNING] Failed to decode downloaded font: https://onvio.com.br/staff/SourceSans3-Regular.ab920762075b81fb.ttf @ https://onvio.com.br/staff/#/dashboard-core-center:0
[   31653ms] [WARNING] OTS parsing error: BASE: invalid table offset @ https://onvio.com.br/staff/#/dashboard-core-center:0
[   31653ms] [WARNING] Failed to decode downloaded font: https://onvio.com.br/staff/SourceSans3VF-Upright.ttf.e7f20fc9b00b0e8a.woff2 @ https://onvio.com.br/staff/#/dashboard-core-center:0
[   31653ms] [WARNING] OTS parsing error: Failed to convert WOFF 2.0 font to SFNT @ https://onvio.com.br/staff/#/dashboard-core-center:0
[   31653ms] [WARNING] Failed to decode downloaded font: https://onvio.com.br/staff/SourceSans3-Regular.114f93b5f3b7d159.otf @ https://onvio.com.br/staff/#/dashboard-core-center:0
[   31653ms] [WARNING] OTS parsing error: bad table directory searchRange
bad table directory entrySelector
bad table directory rangeShift
Invalid table tag: 0x604241
 `BA: misaligned table @ https://onvio.com.br/staff/#/dashboard-core-center:0
[   31653ms] [WARNING] Failed to decode downloaded font: https://onvio.com.br/staff/SourceSans3-Regular.ttf.dab9805cb7eb3d8f.woff @ https://onvio.com.br/staff/#/dashboard-core-center:0
[   31653ms] [WARNING] OTS parsing error: incorrect file size in WOFF header @ https://onvio.com.br/staff/#/dashboard-core-center:0
[   31653ms] [WARNING] Failed to decode downloaded font: https://onvio.com.br/staff/SourceSans3-Regular.ab920762075b81fb.ttf @ https://onvio.com.br/staff/#/dashboard-core-center:0
[   31653ms] [WARNING] OTS parsing error: BASE: invalid table offset @ https://onvio.com.br/staff/#/dashboard-core-center:0
[   31653ms] [WARNING] Failed to decode downloaded font: https://onvio.com.br/staff/SourceSans3VF-Upright.ttf.e7f20fc9b00b0e8a.woff2 @ https://onvio.com.br/staff/#/dashboard-core-center:0
[   31654ms] [WARNING] OTS parsing error: Failed to convert WOFF 2.0 font to SFNT @ https://onvio.com.br/staff/#/dashboard-core-center:0
[   31654ms] [WARNING] Failed to decode downloaded font: https://onvio.com.br/staff/SourceSans3-Regular.ttf.dab9805cb7eb3d8f.woff @ https://onvio.com.br/staff/#/dashboard-core-center:0
[   31654ms] [WARNING] OTS parsing error: incorrect file size in WOFF header @ https://onvio.com.br/staff/#/dashboard-core-center:0
[   31654ms] [WARNING] Failed to decode downloaded font: https://onvio.com.br/staff/SourceSans3-Regular.114f93b5f3b7d159.otf @ https://onvio.com.br/staff/#/dashboard-core-center:0
[   31654ms] [WARNING] OTS parsing error: bad table directory searchRange
bad table directory entrySelector
bad table directory rangeShift
Invalid table tag: 0x604241
 `BA: misaligned table @ https://onvio.com.br/staff/#/dashboard-core-center:0
[   31654ms] [WARNING] Failed to decode downloaded font: https://onvio.com.br/staff/SourceSans3-Regular.ab920762075b81fb.ttf @ https://onvio.com.br/staff/#/dashboard-core-center:0
[   31654ms] [WARNING] OTS parsing error: BASE: invalid table offset @ https://onvio.com.br/staff/#/dashboard-core-center:0
[   31654ms] [WARNING] Failed to decode downloaded font: https://onvio.com.br/staff/SourceSans3VF-Upright.ttf.e7f20fc9b00b0e8a.woff2 @ https://onvio.com.br/staff/#/dashboard-core-center:0
[   31654ms] [WARNING] OTS parsing error: Failed to convert WOFF 2.0 font to SFNT @ https://onvio.com.br/staff/#/dashboard-core-center:0
[   31654ms] [WARNING] Failed to decode downloaded font: https://onvio.com.br/staff/SourceSans3-Regular.ttf.dab9805cb7eb3d8f.woff @ https://onvio.com.br/staff/#/dashboard-core-center:0
[   31654ms] [WARNING] OTS parsing error: incorrect file size in WOFF header @ https://onvio.com.br/staff/#/dashboard-core-center:0
[   31654ms] [WARNING] Failed to decode downloaded font: https://onvio.com.br/staff/SourceSans3-Regular.114f93b5f3b7d159.otf @ https://onvio.com.br/staff/#/dashboard-core-center:0
[   31654ms] [WARNING] OTS parsing error: bad table directory searchRange
bad table directory entrySelector
bad table directory rangeShift
Invalid table tag: 0x604241
 `BA: misaligned table @ https://onvio.com.br/staff/#/dashboard-core-center:0
[   31654ms] [WARNING] Failed to decode downloaded font: https://onvio.com.br/staff/SourceSans3-Regular.ab920762075b81fb.ttf @ https://onvio.com.br/staff/#/dashboard-core-center:0
[   31654ms] [WARNING] OTS parsing error: BASE: invalid table offset @ https://onvio.com.br/staff/#/dashboard-core-center:0
[   31654ms] [WARNING] Failed to decode downloaded font: https://onvio.com.br/staff/SourceSans3VF-Upright.ttf.e7f20fc9b00b0e8a.woff2 @ https://onvio.com.br/staff/#/dashboard-core-center:0
[   31655ms] [WARNING] OTS parsing error: Failed to convert WOFF 2.0 font to SFNT @ https://onvio.com.br/staff/#/dashboard-core-center:0
[   31655ms] [WARNING] Failed to decode downloaded font: https://onvio.com.br/staff/SourceSans3-Regular.ttf.dab9805cb7eb3d8f.woff @ https://onvio.com.br/staff/#/dashboard-core-center:0
[   31655ms] [WARNING] OTS parsing error: incorrect file size in WOFF header @ https://onvio.com.br/staff/#/dashboard-core-center:0
[   31655ms] [WARNING] Failed to decode downloaded font: https://onvio.com.br/staff/SourceSans3-Regular.114f93b5f3b7d159.otf @ https://onvio.com.br/staff/#/dashboard-core-center:0
[   31655ms] [WARNING] OTS parsing error: bad table directory searchRange
bad table directory entrySelector
bad table directory rangeShift
Invalid table tag: 0x604241
 `BA: misaligned table @ https://onvio.com.br/staff/#/dashboard-core-center:0
[   31655ms] [WARNING] Failed to decode downloaded font: https://onvio.com.br/staff/SourceSans3-Regular.ab920762075b81fb.ttf @ https://onvio.com.br/staff/#/dashboard-core-center:0
[   31655ms] [WARNING] OTS parsing error: BASE: invalid table offset @ https://onvio.com.br/staff/#/dashboard-core-center:0
[   31655ms] [WARNING] Failed to decode downloaded font: https://onvio.com.br/staff/SourceSans3VF-Upright.ttf.e7f20fc9b00b0e8a.woff2 @ https://onvio.com.br/staff/#/dashboard-core-center:0
[   31655ms] [WARNING] OTS parsing error: Failed to convert WOFF 2.0 font to SFNT @ https://onvio.com.br/staff/#/dashboard-core-center:0
[   31655ms] [WARNING] Failed to decode downloaded font: https://onvio.com.br/staff/SourceSans3-Regular.ttf.dab9805cb7eb3d8f.woff @ https://onvio.com.br/staff/#/dashboard-core-center:0
[   31655ms] [WARNING] OTS parsing error: incorrect file size in WOFF header @ https://onvio.com.br/staff/#/dashboard-core-center:0
[   31655ms] [WARNING] Failed to decode downloaded font: https://onvio.com.br/staff/SourceSans3-Regular.114f93b5f3b7d159.otf @ https://onvio.com.br/staff/#/dashboard-core-center:0
[   31655ms] [WARNING] OTS parsing error: bad table directory searchRange
bad table directory entrySelector
bad table directory rangeShift
Invalid table tag: 0x604241
 `BA: misaligned table @ https://onvio.com.br/staff/#/dashboard-core-center:0
[   31656ms] [WARNING] Failed to decode downloaded font: https://onvio.com.br/staff/SourceSans3-Regular.ab920762075b81fb.ttf @ https://onvio.com.br/staff/#/dashboard-core-center:0
[   31656ms] [WARNING] OTS parsing error: BASE: invalid table offset @ https://onvio.com.br/staff/#/dashboard-core-center:0
[   31788ms] [WARNING] Unsatisfied version 13.4.0 from @onvio/staff of shared singleton module @angular/core (required ^11.2.14) @ https://onvio.com.br/notification/remote-entry.js:0
[   31788ms] [WARNING] Unsatisfied version 13.4.0 from @onvio/staff of shared singleton module @angular/common (required ^11.2.14) @ https://onvio.com.br/notification/remote-entry.js:0
[   31791ms] [WARNING] Unsatisfied version 13.4.0 from @onvio/staff of shared singleton module @angular/router (required ^11.2.14) @ https://onvio.com.br/notification/remote-entry.js:0
[   31791ms] [WARNING] Unsatisfied version 12.1.2 from @onvio/staff of shared singleton module @ngx-translate/core (required ^13.0.0) @ https://onvio.com.br/notification/remote-entry.js:0
[   32024ms] [WARNING] Custom element bm-alert is already registered and the constructors are not the same function n(){var t,r;(0,i.default)(this,n);for(var a=arguments.length,s=new Array(a),l=0;l<a;l++)s[l]=arguments[l];return(r=e.call.apply(e,(0,o.default)(t=[this]).call(t,s))).type="info",r.closeable=!1,r} function g(){var T,R;(0,v.default)(this,g);for(var k=arguments.length,L=new Array(k),$=0;$<k;$++)L[$]=arguments[$];return(R=p.call.apply(p,(0,d.default)(T=[this]).call(T,L))).type="info",R.closeable=!1,R} @ https://onvio.com.br/notification/default-node_modules_onviobr_profile-screen_index_js.d2d5fd91d2f1fa84a995.js:0
[   32024ms] [WARNING] Custom element bm-alerts is already registered and the constructors are not the same function n(){var t,r;(0,v.default)(this,n);for(var a=arguments.length,o=new Array(a),i=0;i<a;i++)o[i]=arguments[i];return(r=e.call.apply(e,(0,f.default)(t=[this]).call(t,o))).alerts=[],r} function re(){var U,q;(0,E.default)(this,re);for(var ie=arguments.length,J=new Array(ie),G=0;G<ie;G++)J[G]=arguments[G];return(q=se.call.apply(se,(0,O.default)(U=[this]).call(U,J))).alerts=[],q} @ https://onvio.com.br/notification/default-node_modules_onviobr_profile-screen_index_js.d2d5fd91d2f1fa84a995.js:0
[   32024ms] [WARNING] Custom element bm-alert is already registered and the constructors are not the same function n(){var t,r;(0,i.default)(this,n);for(var a=arguments.length,s=new Array(a),l=0;l<a;l++)s[l]=arguments[l];return(r=e.call.apply(e,(0,o.default)(t=[this]).call(t,s))).type="info",r.closeable=!1,r} function g(){var T,R;(0,v.default)(this,g);for(var k=arguments.length,L=new Array(k),$=0;$<k;$++)L[$]=arguments[$];return(R=p.call.apply(p,(0,d.default)(T=[this]).call(T,L))).type="info",R.closeable=!1,R} @ https://onvio.com.br/notification/default-node_modules_onviobr_profile-screen_index_js.d2d5fd91d2f1fa84a995.js:0
[   32025ms] [WARNING] Custom element bm-alerts is already registered and the constructors are not the same function n(){var t,r;(0,v.default)(this,n);for(var a=arguments.length,o=new Array(a),i=0;i<a;i++)o[i]=arguments[i];return(r=e.call.apply(e,(0,f.default)(t=[this]).call(t,o))).alerts=[],r} function re(){var U,q;(0,E.default)(this,re);for(var ie=arguments.length,J=new Array(ie),G=0;G<ie;G++)J[G]=arguments[G];return(q=se.call.apply(se,(0,O.default)(U=[this]).call(U,J))).alerts=[],q} @ https://onvio.com.br/notification/default-node_modules_onviobr_profile-screen_index_js.d2d5fd91d2f1fa84a995.js:0
[   32025ms] [WARNING] Custom element bm-alert is already registered and the constructors are not the same function n(){var t,r;(0,i.default)(this,n);for(var a=arguments.length,s=new Array(a),l=0;l<a;l++)s[l]=arguments[l];return(r=e.call.apply(e,(0,o.default)(t=[this]).call(t,s))).type="info",r.closeable=!1,r} function g(){var T,R;(0,v.default)(this,g);for(var k=arguments.length,L=new Array(k),$=0;$<k;$++)L[$]=arguments[$];return(R=p.call.apply(p,(0,d.default)(T=[this]).call(T,L))).type="info",R.closeable=!1,R} @ https://onvio.com.br/notification/default-node_modules_onviobr_profile-screen_index_js.d2d5fd91d2f1fa84a995.js:0
[   32026ms] [WARNING] Custom element bm-alerts is already registered and the constructors are not the same function n(){var t,r;(0,v.default)(this,n);for(var a=arguments.length,o=new Array(a),i=0;i<a;i++)o[i]=arguments[i];return(r=e.call.apply(e,(0,f.default)(t=[this]).call(t,o))).alerts=[],r} function re(){var U,q;(0,E.default)(this,re);for(var ie=arguments.length,J=new Array(ie),G=0;G<ie;G++)J[G]=arguments[G];return(q=se.call.apply(se,(0,O.default)(U=[this]).call(U,J))).alerts=[],q} @ https://onvio.com.br/notification/default-node_modules_onviobr_profile-screen_index_js.d2d5fd91d2f1fa84a995.js:0
[   32026ms] [WARNING] Custom element bm-alert is already registered and the constructors are not the same function n(){var t,r;(0,i.default)(this,n);for(var a=arguments.length,s=new Array(a),l=0;l<a;l++)s[l]=arguments[l];return(r=e.call.apply(e,(0,o.default)(t=[this]).call(t,s))).type="info",r.closeable=!1,r} function g(){var T,R;(0,v.default)(this,g);for(var k=arguments.length,L=new Array(k),$=0;$<k;$++)L[$]=arguments[$];return(R=p.call.apply(p,(0,d.default)(T=[this]).call(T,L))).type="info",R.closeable=!1,R} @ https://onvio.com.br/notification/default-node_modules_onviobr_profile-screen_index_js.d2d5fd91d2f1fa84a995.js:0
[   32026ms] [WARNING] Custom element bm-alerts is already registered and the constructors are not the same function n(){var t,r;(0,v.default)(this,n);for(var a=arguments.length,o=new Array(a),i=0;i<a;i++)o[i]=arguments[i];return(r=e.call.apply(e,(0,f.default)(t=[this]).call(t,o))).alerts=[],r} function re(){var U,q;(0,E.default)(this,re);for(var ie=arguments.length,J=new Array(ie),G=0;G<ie;G++)J[G]=arguments[G];return(q=se.call.apply(se,(0,O.default)(U=[this]).call(U,J))).alerts=[],q} @ https://onvio.com.br/notification/default-node_modules_onviobr_profile-screen_index_js.d2d5fd91d2f1fa84a995.js:0
[   32027ms] [WARNING] Custom element bm-alert is already registered and the constructors are not the same function n(){var t,r;(0,i.default)(this,n);for(var a=arguments.length,s=new Array(a),l=0;l<a;l++)s[l]=arguments[l];return(r=e.call.apply(e,(0,o.default)(t=[this]).call(t,s))).type="info",r.closeable=!1,r} function g(){var T,R;(0,v.default)(this,g);for(var k=arguments.length,L=new Array(k),$=0;$<k;$++)L[$]=arguments[$];return(R=p.call.apply(p,(0,d.default)(T=[this]).call(T,L))).type="info",R.closeable=!1,R} @ https://onvio.com.br/notification/default-node_modules_onviobr_profile-screen_index_js.d2d5fd91d2f1fa84a995.js:0
[   32027ms] [WARNING] Custom element bm-alerts is already registered and the constructors are not the same function n(){var t,r;(0,v.default)(this,n);for(var a=arguments.length,o=new Array(a),i=0;i<a;i++)o[i]=arguments[i];return(r=e.call.apply(e,(0,f.default)(t=[this]).call(t,o))).alerts=[],r} function re(){var U,q;(0,E.default)(this,re);for(var ie=arguments.length,J=new Array(ie),G=0;G<ie;G++)J[G]=arguments[G];return(q=se.call.apply(se,(0,O.default)(U=[this]).call(U,J))).alerts=[],q} @ https://onvio.com.br/notification/default-node_modules_onviobr_profile-screen_index_js.d2d5fd91d2f1fa84a995.js:0
[   32027ms] [WARNING] Custom element bm-alert is already registered and the constructors are not the same function n(){var t,r;(0,i.default)(this,n);for(var a=arguments.length,s=new Array(a),l=0;l<a;l++)s[l]=arguments[l];return(r=e.call.apply(e,(0,o.default)(t=[this]).call(t,s))).type="info",r.closeable=!1,r} function g(){var T,R;(0,v.default)(this,g);for(var k=arguments.length,L=new Array(k),$=0;$<k;$++)L[$]=arguments[$];return(R=p.call.apply(p,(0,d.default)(T=[this]).call(T,L))).type="info",R.closeable=!1,R} @ https://onvio.com.br/notification/default-node_modules_onviobr_profile-screen_index_js.d2d5fd91d2f1fa84a995.js:0
[   32027ms] [WARNING] Custom element bm-alerts is already registered and the constructors are not the same function n(){var t,r;(0,v.default)(this,n);for(var a=arguments.length,o=new Array(a),i=0;i<a;i++)o[i]=arguments[i];return(r=e.call.apply(e,(0,f.default)(t=[this]).call(t,o))).alerts=[],r} function re(){var U,q;(0,E.default)(this,re);for(var ie=arguments.length,J=new Array(ie),G=0;G<ie;G++)J[G]=arguments[G];return(q=se.call.apply(se,(0,O.default)(U=[this]).call(U,J))).alerts=[],q} @ https://onvio.com.br/notification/default-node_modules_onviobr_profile-screen_index_js.d2d5fd91d2f1fa84a995.js:0
[   32028ms] [WARNING] Custom element bm-alert is already registered and the constructors are not the same function n(){var t,r;(0,i.default)(this,n);for(var a=arguments.length,s=new Array(a),l=0;l<a;l++)s[l]=arguments[l];return(r=e.call.apply(e,(0,o.default)(t=[this]).call(t,s))).type="info",r.closeable=!1,r} function g(){var T,R;(0,v.default)(this,g);for(var k=arguments.length,L=new Array(k),$=0;$<k;$++)L[$]=arguments[$];return(R=p.call.apply(p,(0,d.default)(T=[this]).call(T,L))).type="info",R.closeable=!1,R} @ https://onvio.com.br/notification/default-node_modules_onviobr_profile-screen_index_js.d2d5fd91d2f1fa84a995.js:0
[   32028ms] [WARNING] Custom element bm-alerts is already registered and the constructors are not the same function n(){var t,r;(0,v.default)(this,n);for(var a=arguments.length,o=new Array(a),i=0;i<a;i++)o[i]=arguments[i];return(r=e.call.apply(e,(0,f.default)(t=[this]).call(t,o))).alerts=[],r} function re(){var U,q;(0,E.default)(this,re);for(var ie=arguments.length,J=new Array(ie),G=0;G<ie;G++)J[G]=arguments[G];return(q=se.call.apply(se,(0,O.default)(U=[this]).call(U,J))).alerts=[],q} @ https://onvio.com.br/notification/default-node_modules_onviobr_profile-screen_index_js.d2d5fd91d2f1fa84a995.js:0
[   32028ms] [WARNING] Custom element bm-alert is already registered and the constructors are not the same function n(){var t,r;(0,i.default)(this,n);for(var a=arguments.length,s=new Array(a),l=0;l<a;l++)s[l]=arguments[l];return(r=e.call.apply(e,(0,o.default)(t=[this]).call(t,s))).type="info",r.closeable=!1,r} function g(){var T,R;(0,v.default)(this,g);for(var k=arguments.length,L=new Array(k),$=0;$<k;$++)L[$]=arguments[$];return(R=p.call.apply(p,(0,d.default)(T=[this]).call(T,L))).type="info",R.closeable=!1,R} @ https://onvio.com.br/notification/default-node_modules_onviobr_profile-screen_index_js.d2d5fd91d2f1fa84a995.js:0
[   32029ms] [WARNING] Custom element bm-alerts is already registered and the constructors are not the same function n(){var t,r;(0,v.default)(this,n);for(var a=arguments.length,o=new Array(a),i=0;i<a;i++)o[i]=arguments[i];return(r=e.call.apply(e,(0,f.default)(t=[this]).call(t,o))).alerts=[],r} function re(){var U,q;(0,E.default)(this,re);for(var ie=arguments.length,J=new Array(ie),G=0;G<ie;G++)J[G]=arguments[G];return(q=se.call.apply(se,(0,O.default)(U=[this]).call(U,J))).alerts=[],q} @ https://onvio.com.br/notification/default-node_modules_onviobr_profile-screen_index_js.d2d5fd91d2f1fa84a995.js:0
[   32183ms] [ERROR] SyntaxError: Unexpected token '<', "<!DOCTYPE "... is not valid JSON @ https://onvio.com.br/staff/8672.f47112ec8d1c8694.js:0
[   32193ms] [ERROR] Could not find translation file: https://onvio.com.br/notification/assets/onviobr/form/i18n/pt-BR.json @ https://onvio.com.br/staff/8672.f47112ec8d1c8694.js:0
[   32205ms] [WARNING] Custom element bm-alert is already registered and the constructors are not the same function n(){var t,r;(0,i.default)(this,n);for(var a=arguments.length,s=new Array(a),l=0;l<a;l++)s[l]=arguments[l];return(r=e.call.apply(e,(0,o.default)(t=[this]).call(t,s))).type="info",r.closeable=!1,r} function g(){var T,R;(0,v.default)(this,g);for(var k=arguments.length,L=new Array(k),$=0;$<k;$++)L[$]=arguments[$];return(R=p.call.apply(p,(0,d.default)(T=[this]).call(T,L))).type="info",R.closeable=!1,R} @ https://onvio.com.br/notification/default-node_modules_onviobr_profile-screen_index_js.d2d5fd91d2f1fa84a995.js:0
[   32206ms] [WARNING] Custom element bm-alerts is already registered and the constructors are not the same function n(){var t,r;(0,v.default)(this,n);for(var a=arguments.length,o=new Array(a),i=0;i<a;i++)o[i]=arguments[i];return(r=e.call.apply(e,(0,f.default)(t=[this]).call(t,o))).alerts=[],r} function re(){var U,q;(0,E.default)(this,re);for(var ie=arguments.length,J=new Array(ie),G=0;G<ie;G++)J[G]=arguments[G];return(q=se.call.apply(se,(0,O.default)(U=[this]).call(U,J))).alerts=[],q} @ https://onvio.com.br/notification/default-node_modules_onviobr_profile-screen_index_js.d2d5fd91d2f1fa84a995.js:0
[   32206ms] [WARNING] Custom element bm-select is already registered and the constructors are not the same function r(){var t,e,a,o;return(0,l.default)(this,r),(o=n.call(this)).onSlotChange=(0,s.default)(t=o.onSlotChange).call(t,(0,c.default)(o)),o.onSelectFocus=(0,s.default)(e=o.onSelectFocus).call(e,(0,c.default)(o)),o.onSelectBlur=(0,s.default)(a=o.onSelectBlur).call(a,(0,c.default)(o)),o} function L(){var $,B,K,ce;return(0,_.default)(this,L),(ce=k.call(this)).onSlotChange=(0,b.default)($=ce.onSlotChange).call($,(0,y.default)(ce)),ce.onSelectFocus=(0,b.default)(B=ce.onSelectFocus).call(B,(0,y.default)(ce)),ce.onSelectBlur=(0,b.default)(K=ce.onSelectBlur).call(K,(0,y.default)(ce)),ce} @ https://onvio.com.br/notification/default-node_modules_onviobr_profile-screen_index_js.d2d5fd91d2f1fa84a995.js:0
[   32207ms] [WARNING] Custom element bm-loading is already registered and the constructors are not the same function n(){var t;return(0,o.default)(this,n),(t=e.call(this)).delay=300,t.active=!1,t.createVisibilityChanger(),t} function R(){var k;return(0,f.default)(this,R),(k=T.call(this)).delay=300,k.active=!1,k.createVisibilityChanger(),k} @ https://onvio.com.br/notification/default-node_modules_onviobr_profile-screen_index_js.d2d5fd91d2f1fa84a995.js:0
[   32207ms] [WARNING] Custom element bm-settings-page-layout is already registered and the constructors are not the same function r(){var t;return(0,i.Z)(this,r),(t=n.call(this)).hideSave=!1,t.profileType=void 0,t.profile={},t._onSave=t._onSave.bind((0,G.Z)(t)),t._onKeyup=t._onKeyup.bind((0,G.Z)(t)),t} function j(){var ge;return(0,Xl.Z)(this,j),(ge=Ft.call(this)).hideSave=!1,ge.profileType=void 0,ge.profile={},ge._onSave=ge._onSave.bind((0,gc.Z)(ge)),ge._onKeyup=ge._onKeyup.bind((0,gc.Z)(ge)),ge} @ https://onvio.com.br/notification/default-node_modules_onviobr_profile-screen_index_js.d2d5fd91d2f1fa84a995.js:0
[   32207ms] [WARNING] Custom element bm-alert is already registered and the constructors are not the same function n(){var t,r;(0,i.default)(this,n);for(var a=arguments.length,s=new Array(a),l=0;l<a;l++)s[l]=arguments[l];return(r=e.call.apply(e,(0,o.default)(t=[this]).call(t,s))).type="info",r.closeable=!1,r} function g(){var T,R;(0,v.default)(this,g);for(var k=arguments.length,L=new Array(k),$=0;$<k;$++)L[$]=arguments[$];return(R=p.call.apply(p,(0,d.default)(T=[this]).call(T,L))).type="info",R.closeable=!1,R} @ https://onvio.com.br/notification/default-node_modules_onviobr_profile-screen_index_js.d2d5fd91d2f1fa84a995.js:0
[   32208ms] [WARNING] Custom element bm-alerts is already registered and the constructors are not the same function n(){var t,r;(0,v.default)(this,n);for(var a=arguments.length,o=new Array(a),i=0;i<a;i++)o[i]=arguments[i];return(r=e.call.apply(e,(0,f.default)(t=[this]).call(t,o))).alerts=[],r} function re(){var U,q;(0,E.default)(this,re);for(var ie=arguments.length,J=new Array(ie),G=0;G<ie;G++)J[G]=arguments[G];return(q=se.call.apply(se,(0,O.default)(U=[this]).call(U,J))).alerts=[],q} @ https://onvio.com.br/notification/default-node_modules_onviobr_profile-screen_index_js.d2d5fd91d2f1fa84a995.js:0
[   32208ms] [WARNING] Custom element bm-modal is already registered and the constructors are not the same function n(){var t,r;(0,s.default)(this,n);for(var a=arguments.length,o=new Array(a),l=0;l<a;l++)o[l]=arguments[l];return(r=e.call.apply(e,(0,i.default)(t=[this]).call(t,o))).modalTitle=void 0,r.modalSize="medium",r.backdropClose=!0,r.focusModal=!0,r.focusCloseBtn=!1,r.closeButtonQeId=void 0,r} function $(){var B,K;(0,v.default)(this,$);for(var ce=arguments.length,Y=new Array(ce),se=0;se<ce;se++)Y[se]=arguments[se];return(K=L.call.apply(L,(0,d.default)(B=[this]).call(B,Y))).modalTitle=void 0,K.modalSize="medium",K.backdropClose=!0,K.focusModal=!0,K.focusCloseBtn=!1,K.closeButtonQeId=void 0,K} @ https://onvio.com.br/notification/default-node_modules_onviobr_profile-screen_index_js.d2d5fd91d2f1fa84a995.js:0
[   32208ms] [WARNING] Custom element bm-loading is already registered and the constructors are not the same function n(){var t;return(0,o.default)(this,n),(t=e.call(this)).delay=300,t.active=!1,t.createVisibilityChanger(),t} function R(){var k;return(0,f.default)(this,R),(k=T.call(this)).delay=300,k.active=!1,k.createVisibilityChanger(),k} @ https://onvio.com.br/notification/default-node_modules_onviobr_profile-screen_index_js.d2d5fd91d2f1fa84a995.js:0
[   32209ms] [WARNING] Custom element bm-settings-terms is already registered and the constructors are not the same function r(){var t;return(0,i.Z)(this,r),(t=n.call(this)).useNewTheme=!1,t.readOnly=!1,t.terms=void 0,t.signatory=void 0,t.onAgree=t.onAgree.bind((0,G.Z)(t)),t.onDisagree=t.onDisagree.bind((0,G.Z)(t)),t.onClose=t.onClose.bind((0,G.Z)(t)),t} function j(){var ge;return(0,Xl.Z)(this,j),(ge=Ft.call(this)).useNewTheme=!1,ge.readOnly=!1,ge.terms=void 0,ge.signatory=void 0,ge.onAgree=ge.onAgree.bind((0,gc.Z)(ge)),ge.onDisagree=ge.onDisagree.bind((0,gc.Z)(ge)),ge.onClose=ge.onClose.bind((0,gc.Z)(ge)),ge} @ https://onvio.com.br/notification/default-node_modules_onviobr_profile-screen_index_js.d2d5fd91d2f1fa84a995.js:0
[   32210ms] [WARNING] Custom element bm-settings-account-information is already registered and the constructors are not the same function E(){var t,e;(0,i.Z)(this,E);for(var n=arguments.length,r=new Array(n),a=0;a<n;a++)r[a]=arguments[a];return(e=S.call.apply(S,y()(t=[this]).call(t,r))).mode=void 0,e.hideLanguage=!1,e.hideMiddleName=!1,e.profileType=void 0,e.working=!1,e.isClient=!1,e.hideProfileMiddleNameToBr=!1,e.languages=[],e.profile={},e.terms=void 0,e.signatory=void 0,e.initialEmail=void 0,e.initialLanguage=void 0,e} function j(){var ge,$e;(0,Xl.Z)(this,j);for(var Rt=arguments.length,bn=new Array(Rt),Vn=0;Vn<Rt;Vn++)bn[Vn]=arguments[Vn];return($e=Ft.call.apply(Ft,da()(ge=[this]).call(ge,bn))).mode=void 0,$e.hideLanguage=!1,$e.hideMiddleName=!1,$e.profileType=void 0,$e.working=!1,$e.isClient=!1,$e.hideProfileMiddleNameToBr=!1,$e.languages=[],$e.profile={},$e.terms=void 0,$e.signatory=void 0,$e.initialEmail=void 0,$e.initialLanguage=void 0,$e} @ https://onvio.com.br/notification/default-node_modules_onviobr_profile-screen_index_js.d2d5fd91d2f1fa84a995.js:0
[   32210ms] [WARNING] Custom element bm-alert is already registered and the constructors are not the same function n(){var t,r;(0,i.default)(this,n);for(var a=arguments.length,s=new Array(a),l=0;l<a;l++)s[l]=arguments[l];return(r=e.call.apply(e,(0,o.default)(t=[this]).call(t,s))).type="info",r.closeable=!1,r} function g(){var T,R;(0,v.default)(this,g);for(var k=arguments.length,L=new Array(k),$=0;$<k;$++)L[$]=arguments[$];return(R=p.call.apply(p,(0,d.default)(T=[this]).call(T,L))).type="info",R.closeable=!1,R} @ https://onvio.com.br/notification/default-node_modules_onviobr_profile-screen_index_js.d2d5fd91d2f1fa84a995.js:0
[   32210ms] [WARNING] Custom element bm-alerts is already registered and the constructors are not the same function n(){var t,r;(0,v.default)(this,n);for(var a=arguments.length,o=new Array(a),i=0;i<a;i++)o[i]=arguments[i];return(r=e.call.apply(e,(0,f.default)(t=[this]).call(t,o))).alerts=[],r} function re(){var U,q;(0,E.default)(this,re);for(var ie=arguments.length,J=new Array(ie),G=0;G<ie;G++)J[G]=arguments[G];return(q=se.call.apply(se,(0,O.default)(U=[this]).call(U,J))).alerts=[],q} @ https://onvio.com.br/notification/default-node_modules_onviobr_profile-screen_index_js.d2d5fd91d2f1fa84a995.js:0
[   32211ms] [WARNING] Custom element bm-modal is already registered and the constructors are not the same function n(){var t,r;(0,s.default)(this,n);for(var a=arguments.length,o=new Array(a),l=0;l<a;l++)o[l]=arguments[l];return(r=e.call.apply(e,(0,i.default)(t=[this]).call(t,o))).modalTitle=void 0,r.modalSize="medium",r.backdropClose=!0,r.focusModal=!0,r.focusCloseBtn=!1,r.closeButtonQeId=void 0,r} function $(){var B,K;(0,v.default)(this,$);for(var ce=arguments.length,Y=new Array(ce),se=0;se<ce;se++)Y[se]=arguments[se];return(K=L.call.apply(L,(0,d.default)(B=[this]).call(B,Y))).modalTitle=void 0,K.modalSize="medium",K.backdropClose=!0,K.focusModal=!0,K.focusCloseBtn=!1,K.closeButtonQeId=void 0,K} @ https://onvio.com.br/notification/default-node_modules_onviobr_profile-screen_index_js.d2d5fd91d2f1fa84a995.js:0
[   32211ms] [WARNING] Custom element bm-toggle is already registered and the constructors are not the same function n(){var t,r;(0,o.default)(this,n);for(var i=arguments.length,s=new Array(i),l=0;l<i;l++)s[l]=arguments[l];return(r=e.call.apply(e,(0,a.default)(t=[this]).call(t,s))).on=!1,r} function g(){var T,R;(0,d.default)(this,g);for(var k=arguments.length,L=new Array(k),$=0;$<k;$++)L[$]=arguments[$];return(R=p.call.apply(p,(0,f.default)(T=[this]).call(T,L))).on=!1,R} @ https://onvio.com.br/notification/default-node_modules_onviobr_profile-screen_index_js.d2d5fd91d2f1fa84a995.js:0
[   32211ms] [WARNING] Custom element bm-popover-element is already registered and the constructors are not the same function n(){return(0,l.default)(this,n),e.apply(this,arguments)} function $(){return(0,_.default)(this,$),L.apply(this,arguments)} @ https://onvio.com.br/notification/default-node_modules_onviobr_profile-screen_index_js.d2d5fd91d2f1fa84a995.js:0
[   32212ms] [WARNING] Custom element bm-popover is already registered and the constructors are not the same function n(){var t,r;return(0,l.default)(this,n),(r=e.call(this)).placement=b.Top,r.trigger="click",r.pop=document.createElement("bm-popover-element"),r.popper=void 0,r.onDocumentClick=(0,a.default)(t=r.onDocumentClick).call(t,(0,o.default)(r)),r} function $(){var B,K;return(0,_.default)(this,$),(K=L.call(this)).placement=g.Top,K.trigger="click",K.pop=document.createElement("bm-popover-element"),K.popper=void 0,K.onDocumentClick=(0,f.default)(B=K.onDocumentClick).call(B,(0,d.default)(K)),K} @ https://onvio.com.br/notification/default-node_modules_onviobr_profile-screen_index_js.d2d5fd91d2f1fa84a995.js:0
[   32212ms] [WARNING] Custom element bm-settings-page-layout is already registered and the constructors are not the same function r(){var t;return(0,i.Z)(this,r),(t=n.call(this)).hideSave=!1,t.profileType=void 0,t.profile={},t._onSave=t._onSave.bind((0,G.Z)(t)),t._onKeyup=t._onKeyup.bind((0,G.Z)(t)),t} function j(){var ge;return(0,Xl.Z)(this,j),(ge=Ft.call(this)).hideSave=!1,ge.profileType=void 0,ge.profile={},ge._onSave=ge._onSave.bind((0,gc.Z)(ge)),ge._onKeyup=ge._onKeyup.bind((0,gc.Z)(ge)),ge} @ https://onvio.com.br/notification/default-node_modules_onviobr_profile-screen_index_js.d2d5fd91d2f1fa84a995.js:0
[   32212ms] [WARNING] Custom element bm-linked-account-detail is already registered and the constructors are not the same function n(){var t,r;(0,i.Z)(this,n);for(var a=arguments.length,o=new Array(a),s=0;s<a;s++)o[s]=arguments[s];return(r=e.call.apply(e,y()(t=[this]).call(t,o))).account={},r} function j(){var ge,$e;(0,Xl.Z)(this,j);for(var Rt=arguments.length,bn=new Array(Rt),Vn=0;Vn<Rt;Vn++)bn[Vn]=arguments[Vn];return($e=Ft.call.apply(Ft,da()(ge=[this]).call(ge,bn))).account={},$e} @ https://onvio.com.br/notification/default-node_modules_onviobr_profile-screen_index_js.d2d5fd91d2f1fa84a995.js:0
[   32212ms] [WARNING] Custom element bm-alert is already registered and the constructors are not the same function n(){var t,r;(0,i.default)(this,n);for(var a=arguments.length,s=new Array(a),l=0;l<a;l++)s[l]=arguments[l];return(r=e.call.apply(e,(0,o.default)(t=[this]).call(t,s))).type="info",r.closeable=!1,r} function g(){var T,R;(0,v.default)(this,g);for(var k=arguments.length,L=new Array(k),$=0;$<k;$++)L[$]=arguments[$];return(R=p.call.apply(p,(0,d.default)(T=[this]).call(T,L))).type="info",R.closeable=!1,R} @ https://onvio.com.br/notification/default-node_modules_onviobr_profile-screen_index_js.d2d5fd91d2f1fa84a995.js:0
[   32213ms] [WARNING] Custom element bm-alerts is already registered and the constructors are not the same function n(){var t,r;(0,v.default)(this,n);for(var a=arguments.length,o=new Array(a),i=0;i<a;i++)o[i]=arguments[i];return(r=e.call.apply(e,(0,f.default)(t=[this]).call(t,o))).alerts=[],r} function re(){var U,q;(0,E.default)(this,re);for(var ie=arguments.length,J=new Array(ie),G=0;G<ie;G++)J[G]=arguments[G];return(q=se.call.apply(se,(0,O.default)(U=[this]).call(U,J))).alerts=[],q} @ https://onvio.com.br/notification/default-node_modules_onviobr_profile-screen_index_js.d2d5fd91d2f1fa84a995.js:0
[   32213ms] [WARNING] Custom element bm-modal is already registered and the constructors are not the same function n(){var t,r;(0,s.default)(this,n);for(var a=arguments.length,o=new Array(a),l=0;l<a;l++)o[l]=arguments[l];return(r=e.call.apply(e,(0,i.default)(t=[this]).call(t,o))).modalTitle=void 0,r.modalSize="medium",r.backdropClose=!0,r.focusModal=!0,r.focusCloseBtn=!1,r.closeButtonQeId=void 0,r} function $(){var B,K;(0,v.default)(this,$);for(var ce=arguments.length,Y=new Array(ce),se=0;se<ce;se++)Y[se]=arguments[se];return(K=L.call.apply(L,(0,d.default)(B=[this]).call(B,Y))).modalTitle=void 0,K.modalSize="medium",K.backdropClose=!0,K.focusModal=!0,K.focusCloseBtn=!1,K.closeButtonQeId=void 0,K} @ https://onvio.com.br/notification/default-node_modules_onviobr_profile-screen_index_js.d2d5fd91d2f1fa84a995.js:0
[   32213ms] [WARNING] Custom element bm-loading is already registered and the constructors are not the same function n(){var t;return(0,o.default)(this,n),(t=e.call(this)).delay=300,t.active=!1,t.createVisibilityChanger(),t} function R(){var k;return(0,f.default)(this,R),(k=T.call(this)).delay=300,k.active=!1,k.createVisibilityChanger(),k} @ https://onvio.com.br/notification/default-node_modules_onviobr_profile-screen_index_js.d2d5fd91d2f1fa84a995.js:0
[   32214ms] [WARNING] Custom element bm-linked-account-detail is already registered and the constructors are not the same function n(){var t,r;(0,i.Z)(this,n);for(var a=arguments.length,o=new Array(a),s=0;s<a;s++)o[s]=arguments[s];return(r=e.call.apply(e,y()(t=[this]).call(t,o))).account={},r} function j(){var ge,$e;(0,Xl.Z)(this,j);for(var Rt=arguments.length,bn=new Array(Rt),Vn=0;Vn<Rt;Vn++)bn[Vn]=arguments[Vn];return($e=Ft.call.apply(Ft,da()(ge=[this]).call(ge,bn))).account={},$e} @ https://onvio.com.br/notification/default-node_modules_onviobr_profile-screen_index_js.d2d5fd91d2f1fa84a995.js:0
[   32214ms] [WARNING] Custom element bm-linked-account-add is already registered and the constructors are not the same function r(){var t,e;(0,i.Z)(this,r);for(var a=arguments.length,o=new Array(a),s=0;s<a;s++)o[s]=arguments[s];return(e=n.call.apply(n,y()(t=[this]).call(t,o))).email="",e.password="",e.working=!1,e} function j(){var ge,$e;(0,Xl.Z)(this,j);for(var Rt=arguments.length,bn=new Array(Rt),Vn=0;Vn<Rt;Vn++)bn[Vn]=arguments[Vn];return($e=Ft.call.apply(Ft,da()(ge=[this]).call(ge,bn))).email="",$e.password="",$e.working=!1,$e} @ https://onvio.com.br/notification/default-node_modules_onviobr_profile-screen_index_js.d2d5fd91d2f1fa84a995.js:0
[   32214ms] [WARNING] Custom element bm-alert is already registered and the constructors are not the same function n(){var t,r;(0,i.default)(this,n);for(var a=arguments.length,s=new Array(a),l=0;l<a;l++)s[l]=arguments[l];return(r=e.call.apply(e,(0,o.default)(t=[this]).call(t,s))).type="info",r.closeable=!1,r} function g(){var T,R;(0,v.default)(this,g);for(var k=arguments.length,L=new Array(k),$=0;$<k;$++)L[$]=arguments[$];return(R=p.call.apply(p,(0,d.default)(T=[this]).call(T,L))).type="info",R.closeable=!1,R} @ https://onvio.com.br/notification/default-node_modules_onviobr_profile-screen_index_js.d2d5fd91d2f1fa84a995.js:0
[   32214ms] [WARNING] Custom element bm-alerts is already registered and the constructors are not the same function n(){var t,r;(0,v.default)(this,n);for(var a=arguments.length,o=new Array(a),i=0;i<a;i++)o[i]=arguments[i];return(r=e.call.apply(e,(0,f.default)(t=[this]).call(t,o))).alerts=[],r} function re(){var U,q;(0,E.default)(this,re);for(var ie=arguments.length,J=new Array(ie),G=0;G<ie;G++)J[G]=arguments[G];return(q=se.call.apply(se,(0,O.default)(U=[this]).call(U,J))).alerts=[],q} @ https://onvio.com.br/notification/default-node_modules_onviobr_profile-screen_index_js.d2d5fd91d2f1fa84a995.js:0
[   32215ms] [WARNING] Custom element bm-modal is already registered and the constructors are not the same function n(){var t,r;(0,s.default)(this,n);for(var a=arguments.length,o=new Array(a),l=0;l<a;l++)o[l]=arguments[l];return(r=e.call.apply(e,(0,i.default)(t=[this]).call(t,o))).modalTitle=void 0,r.modalSize="medium",r.backdropClose=!0,r.focusModal=!0,r.focusCloseBtn=!1,r.closeButtonQeId=void 0,r} function $(){var B,K;(0,v.default)(this,$);for(var ce=arguments.length,Y=new Array(ce),se=0;se<ce;se++)Y[se]=arguments[se];return(K=L.call.apply(L,(0,d.default)(B=[this]).call(B,Y))).modalTitle=void 0,K.modalSize="medium",K.backdropClose=!0,K.focusModal=!0,K.focusCloseBtn=!1,K.closeButtonQeId=void 0,K} @ https://onvio.com.br/notification/default-node_modules_onviobr_profile-screen_index_js.d2d5fd91d2f1fa84a995.js:0
[   32215ms] [WARNING] Custom element bm-loading is already registered and the constructors are not the same function n(){var t;return(0,o.default)(this,n),(t=e.call(this)).delay=300,t.active=!1,t.createVisibilityChanger(),t} function R(){var k;return(0,f.default)(this,R),(k=T.call(this)).delay=300,k.active=!1,k.createVisibilityChanger(),k} @ https://onvio.com.br/notification/default-node_modules_onviobr_profile-screen_index_js.d2d5fd91d2f1fa84a995.js:0
[   32215ms] [WARNING] Custom element bm-linked-account-detail is already registered and the constructors are not the same function n(){var t,r;(0,i.Z)(this,n);for(var a=arguments.length,o=new Array(a),s=0;s<a;s++)o[s]=arguments[s];return(r=e.call.apply(e,y()(t=[this]).call(t,o))).account={},r} function j(){var ge,$e;(0,Xl.Z)(this,j);for(var Rt=arguments.length,bn=new Array(Rt),Vn=0;Vn<Rt;Vn++)bn[Vn]=arguments[Vn];return($e=Ft.call.apply(Ft,da()(ge=[this]).call(ge,bn))).account={},$e} @ https://onvio.com.br/notification/default-node_modules_onviobr_profile-screen_index_js.d2d5fd91d2f1fa84a995.js:0
[   32215ms] [WARNING] Custom element bm-settings-linked-accounts-edit is already registered and the constructors are not the same function r(){var t,e;(0,i.Z)(this,r);for(var a=arguments.length,o=new Array(a),s=0;s<a;s++)o[s]=arguments[s];return(e=n.call.apply(n,y()(t=[this]).call(t,o))).account={},e.nickname="",e.working=!1,e} function j(){var ge,$e;(0,Xl.Z)(this,j);for(var Rt=arguments.length,bn=new Array(Rt),Vn=0;Vn<Rt;Vn++)bn[Vn]=arguments[Vn];return($e=Ft.call.apply(Ft,da()(ge=[this]).call(ge,bn))).account={},$e.nickname="",$e.working=!1,$e} @ https://onvio.com.br/notification/default-node_modules_onviobr_profile-screen_index_js.d2d5fd91d2f1fa84a995.js:0
[   32216ms] [WARNING] Custom element bm-settings-linked-accounts is already registered and the constructors are not the same function w(){var t;return(0,i.Z)(this,w),(t=b.call(this)).hideTitle=!1,t.product=rn.onvio,t.profileType=void 0,t.accounts=[],t.profile={},t.currentUser=null,t.isUnlinkButtonDisabled=!1,t.working=!1,t.commBus=void 0,t.commBus=(0,it.omnibus)("linked-account"),t} function j(){var ge;return(0,Xl.Z)(this,j),(ge=Ft.call(this)).hideTitle=!1,ge.product="onvio",ge.profileType=void 0,ge.accounts=[],ge.profile={},ge.currentUser=null,ge.isUnlinkButtonDisabled=!1,ge.working=!1,ge.commBus=void 0,ge.commBus=(0,tC.omnibus)("linked-account"),ge} @ https://onvio.com.br/notification/default-node_modules_onviobr_profile-screen_index_js.d2d5fd91d2f1fa84a995.js:0
[   32216ms] [WARNING] Custom element bm-settings-menu is already registered and the constructors are not the same function r(){var t;return(0,i.Z)(this,r),(t=n.call(this)).active="",t.isMenuOpen=!1,t.showMenu=!1,t.showMenu=tr.matches,t.onMediaQueryChange=t.onMediaQueryChange.bind((0,G.Z)(t)),t} function j(){var ge;return(0,Xl.Z)(this,j),(ge=Ft.call(this)).active="",ge.isMenuOpen=!1,ge.showMenu=!1,ge.showMenu=M0.matches,ge.onMediaQueryChange=ge.onMediaQueryChange.bind((0,gc.Z)(ge)),ge} @ https://onvio.com.br/notification/default-node_modules_onviobr_profile-screen_index_js.d2d5fd91d2f1fa84a995.js:0
[   32216ms] [WARNING] Custom element bm-alert is already registered and the constructors are not the same function n(){var t,r;(0,i.default)(this,n);for(var a=arguments.length,s=new Array(a),l=0;l<a;l++)s[l]=arguments[l];return(r=e.call.apply(e,(0,o.default)(t=[this]).call(t,s))).type="info",r.closeable=!1,r} function g(){var T,R;(0,v.default)(this,g);for(var k=arguments.length,L=new Array(k),$=0;$<k;$++)L[$]=arguments[$];return(R=p.call.apply(p,(0,d.default)(T=[this]).call(T,L))).type="info",R.closeable=!1,R} @ https://onvio.com.br/notification/default-node_modules_onviobr_profile-screen_index_js.d2d5fd91d2f1fa84a995.js:0
[   32217ms] [WARNING] Custom element bm-alerts is already registered and the constructors are not the same function n(){var t,r;(0,v.default)(this,n);for(var a=arguments.length,o=new Array(a),i=0;i<a;i++)o[i]=arguments[i];return(r=e.call.apply(e,(0,f.default)(t=[this]).call(t,o))).alerts=[],r} function re(){var U,q;(0,E.default)(this,re);for(var ie=arguments.length,J=new Array(ie),G=0;G<ie;G++)J[G]=arguments[G];return(q=se.call.apply(se,(0,O.default)(U=[this]).call(U,J))).alerts=[],q} @ https://onvio.com.br/notification/default-node_modules_onviobr_profile-screen_index_js.d2d5fd91d2f1fa84a995.js:0
[   32217ms] [WARNING] Custom element bm-loading is already registered and the constructors are not the same function n(){var t;return(0,o.default)(this,n),(t=e.call(this)).delay=300,t.active=!1,t.createVisibilityChanger(),t} function R(){var k;return(0,f.default)(this,R),(k=T.call(this)).delay=300,k.active=!1,k.createVisibilityChanger(),k} @ https://onvio.com.br/notification/default-node_modules_onviobr_profile-screen_index_js.d2d5fd91d2f1fa84a995.js:0
[   32217ms] [WARNING] Custom element bm-settings-page-layout is already registered and the constructors are not the same function r(){var t;return(0,i.Z)(this,r),(t=n.call(this)).hideSave=!1,t.profileType=void 0,t.profile={},t._onSave=t._onSave.bind((0,G.Z)(t)),t._onKeyup=t._onKeyup.bind((0,G.Z)(t)),t} function j(){var ge;return(0,Xl.Z)(this,j),(ge=Ft.call(this)).hideSave=!1,ge.profileType=void 0,ge.profile={},ge._onSave=ge._onSave.bind((0,gc.Z)(ge)),ge._onKeyup=ge._onKeyup.bind((0,gc.Z)(ge)),ge} @ https://onvio.com.br/notification/default-node_modules_onviobr_profile-screen_index_js.d2d5fd91d2f1fa84a995.js:0
[   32218ms] [WARNING] Custom element bm-alert is already registered and the constructors are not the same function n(){var t,r;(0,i.default)(this,n);for(var a=arguments.length,s=new Array(a),l=0;l<a;l++)s[l]=arguments[l];return(r=e.call.apply(e,(0,o.default)(t=[this]).call(t,s))).type="info",r.closeable=!1,r} function g(){var T,R;(0,v.default)(this,g);for(var k=arguments.length,L=new Array(k),$=0;$<k;$++)L[$]=arguments[$];return(R=p.call.apply(p,(0,d.default)(T=[this]).call(T,L))).type="info",R.closeable=!1,R} @ https://onvio.com.br/notification/default-node_modules_onviobr_profile-screen_index_js.d2d5fd91d2f1fa84a995.js:0
[   32218ms] [WARNING] Custom element bm-alerts is already registered and the constructors are not the same function n(){var t,r;(0,v.default)(this,n);for(var a=arguments.length,o=new Array(a),i=0;i<a;i++)o[i]=arguments[i];return(r=e.call.apply(e,(0,f.default)(t=[this]).call(t,o))).alerts=[],r} function re(){var U,q;(0,E.default)(this,re);for(var ie=arguments.length,J=new Array(ie),G=0;G<ie;G++)J[G]=arguments[G];return(q=se.call.apply(se,(0,O.default)(U=[this]).call(U,J))).alerts=[],q} @ https://onvio.com.br/notification/default-node_modules_onviobr_profile-screen_index_js.d2d5fd91d2f1fa84a995.js:0
[   32218ms] [WARNING] Custom element bm-modal is already registered and the constructors are not the same function n(){var t,r;(0,s.default)(this,n);for(var a=arguments.length,o=new Array(a),l=0;l<a;l++)o[l]=arguments[l];return(r=e.call.apply(e,(0,i.default)(t=[this]).call(t,o))).modalTitle=void 0,r.modalSize="medium",r.backdropClose=!0,r.focusModal=!0,r.focusCloseBtn=!1,r.closeButtonQeId=void 0,r} function $(){var B,K;(0,v.default)(this,$);for(var ce=arguments.length,Y=new Array(ce),se=0;se<ce;se++)Y[se]=arguments[se];return(K=L.call.apply(L,(0,d.default)(B=[this]).call(B,Y))).modalTitle=void 0,K.modalSize="medium",K.backdropClose=!0,K.focusModal=!0,K.focusCloseBtn=!1,K.closeButtonQeId=void 0,K} @ https://onvio.com.br/notification/default-node_modules_onviobr_profile-screen_index_js.d2d5fd91d2f1fa84a995.js:0
[   32218ms] [WARNING] Custom element bm-loading is already registered and the constructors are not the same function n(){var t;return(0,o.default)(this,n),(t=e.call(this)).delay=300,t.active=!1,t.createVisibilityChanger(),t} function R(){var k;return(0,f.default)(this,R),(k=T.call(this)).delay=300,k.active=!1,k.createVisibilityChanger(),k} @ https://onvio.com.br/notification/default-node_modules_onviobr_profile-screen_index_js.d2d5fd91d2f1fa84a995.js:0
[   32219ms] [WARNING] Custom element bm-settings-password-check is already registered and the constructors are not the same function r(){var t;return(0,i.Z)(this,r),(t=n.call(this)).password="",t.email="",t.description="password.check.description",t.confirmLabel="common.confirm",t.cancelLabel="common.cancel",t.working=!1,t.onSubmit=t.onSubmit.bind((0,G.Z)(t)),t} function j(){var ge;return(0,Xl.Z)(this,j),(ge=Ft.call(this)).password="",ge.email="",ge.description="password.check.description",ge.confirmLabel="common.confirm",ge.cancelLabel="common.cancel",ge.working=!1,ge.onSubmit=ge.onSubmit.bind((0,gc.Z)(ge)),ge} @ https://onvio.com.br/notification/default-node_modules_onviobr_profile-screen_index_js.d2d5fd91d2f1fa84a995.js:0
[   32219ms] [WARNING] Custom element bm-settings-mfa is already registered and the constructors are not the same function w(){var t,e;(0,i.Z)(this,w);for(var n=arguments.length,r=new Array(n),a=0;a<n;a++)r[a]=arguments[a];return(e=b.call.apply(b,y()(t=[this]).call(t,r))).mode=void 0,e.factors=[],e.required=!1,e.user={},e.working=!1,e.isClient=!1,e} function j(){var ge,$e;(0,Xl.Z)(this,j);for(var Rt=arguments.length,bn=new Array(Rt),Vn=0;Vn<Rt;Vn++)bn[Vn]=arguments[Vn];return($e=Ft.call.apply(Ft,da()(ge=[this]).call(ge,bn))).mode=void 0,$e.factors=[],$e.required=!1,$e.user={},$e.working=!1,$e.isClient=!1,$e} @ https://onvio.com.br/notification/default-node_modules_onviobr_profile-screen_index_js.d2d5fd91d2f1fa84a995.js:0
[   32220ms] [WARNING] Custom element bm-alert is already registered and the constructors are not the same function n(){var t,r;(0,i.default)(this,n);for(var a=arguments.length,s=new Array(a),l=0;l<a;l++)s[l]=arguments[l];return(r=e.call.apply(e,(0,o.default)(t=[this]).call(t,s))).type="info",r.closeable=!1,r} function g(){var T,R;(0,v.default)(this,g);for(var k=arguments.length,L=new Array(k),$=0;$<k;$++)L[$]=arguments[$];return(R=p.call.apply(p,(0,d.default)(T=[this]).call(T,L))).type="info",R.closeable=!1,R} @ https://onvio.com.br/notification/default-node_modules_onviobr_profile-screen_index_js.d2d5fd91d2f1fa84a995.js:0
[   32220ms] [WARNING] Custom element bm-alerts is already registered and the constructors are not the same function n(){var t,r;(0,v.default)(this,n);for(var a=arguments.length,o=new Array(a),i=0;i<a;i++)o[i]=arguments[i];return(r=e.call.apply(e,(0,f.default)(t=[this]).call(t,o))).alerts=[],r} function re(){var U,q;(0,E.default)(this,re);for(var ie=arguments.length,J=new Array(ie),G=0;G<ie;G++)J[G]=arguments[G];return(q=se.call.apply(se,(0,O.default)(U=[this]).call(U,J))).alerts=[],q} @ https://onvio.com.br/notification/default-node_modules_onviobr_profile-screen_index_js.d2d5fd91d2f1fa84a995.js:0
[   32220ms] [WARNING] Custom element bm-loading is already registered and the constructors are not the same function n(){var t;return(0,o.default)(this,n),(t=e.call(this)).delay=300,t.active=!1,t.createVisibilityChanger(),t} function R(){var k;return(0,f.default)(this,R),(k=T.call(this)).delay=300,k.active=!1,k.createVisibilityChanger(),k} @ https://onvio.com.br/notification/default-node_modules_onviobr_profile-screen_index_js.d2d5fd91d2f1fa84a995.js:0
[   32220ms] [WARNING] Custom element bm-settings-page-layout is already registered and the constructors are not the same function r(){var t;return(0,i.Z)(this,r),(t=n.call(this)).hideSave=!1,t.profileType=void 0,t.profile={},t._onSave=t._onSave.bind((0,G.Z)(t)),t._onKeyup=t._onKeyup.bind((0,G.Z)(t)),t} function j(){var ge;return(0,Xl.Z)(this,j),(ge=Ft.call(this)).hideSave=!1,ge.profileType=void 0,ge.profile={},ge._onSave=ge._onSave.bind((0,gc.Z)(ge)),ge._onKeyup=ge._onKeyup.bind((0,gc.Z)(ge)),ge} @ https://onvio.com.br/notification/default-node_modules_onviobr_profile-screen_index_js.d2d5fd91d2f1fa84a995.js:0
[   32221ms] [WARNING] Custom element bm-settings-password-validation is already registered and the constructors are not the same function a(){var t,e;(0,i.Z)(this,a);for(var n=arguments.length,o=new Array(n),s=0;s<n;s++)o[s]=arguments[s];return(e=r.call.apply(r,y()(t=[this]).call(t,o))).password="",e.rules=void 0,e} function j(){var ge,$e;(0,Xl.Z)(this,j);for(var Rt=arguments.length,bn=new Array(Rt),Vn=0;Vn<Rt;Vn++)bn[Vn]=arguments[Vn];return($e=Ft.call.apply(Ft,da()(ge=[this]).call(ge,bn))).password="",$e.rules=void 0,$e} @ https://onvio.com.br/notification/default-node_modules_onviobr_profile-screen_index_js.d2d5fd91d2f1fa84a995.js:0
[   32221ms] [WARNING] Custom element bm-settings-password is already registered and the constructors are not the same function f(){var t;return(0,i.Z)(this,f),(t=p.call(this)).email="",t.password={current:"",new:"",confirm:""},t.rules=void 0,t.working=!1,t.showTyping=!1,t.capsLockOn=!1,t.newPasswordCorrent=!1,t.onKeyDown=t.onKeyDown.bind((0,G.Z)(t)),t} function j(){var ge;return(0,Xl.Z)(this,j),(ge=Ft.call(this)).email="",ge.password={current:"",new:"",confirm:""},ge.rules=void 0,ge.working=!1,ge.showTyping=!1,ge.capsLockOn=!1,ge.newPasswordCorrent=!1,ge.onKeyDown=ge.onKeyDown.bind((0,gc.Z)(ge)),ge} @ https://onvio.com.br/notification/default-node_modules_onviobr_profile-screen_index_js.d2d5fd91d2f1fa84a995.js:0
[   32221ms] [WARNING] Custom element bm-settings-screen is already registered and the constructors are not the same function r(){var t;return(0,i.Z)(this,r),(t=n.call(this)).section=void 0,t.mode=void 0,t.product=void 0,t.language=(0,U.getCurrentLanguage)(),t.hideLanguage=!1,t.hideMiddleName=!1,t.profileType="auth0",t.section=pr.accountInfo.code,(0,U.changeLanguage)(t.language),t} function j(){var ge;return(0,Xl.Z)(this,j),(ge=Ft.call(this)).section=void 0,ge.mode=void 0,ge.product=void 0,ge.language=(0,aa.getCurrentLanguage)(),ge.hideLanguage=!1,ge.hideMiddleName=!1,ge.profileType="auth0",ge.section=hv.accountInfo.code,(0,aa.changeLanguage)(ge.language),ge} @ https://onvio.com.br/notification/default-node_modules_onviobr_profile-screen_index_js.d2d5fd91d2f1fa84a995.js:0
[   32221ms] [WARNING] Failed to decode downloaded font: https://onvio.com.br/staff/SourceSans3VF-Upright.ttf.e7f20fc9b00b0e8a.woff2 @ https://onvio.com.br/staff/#/dashboard-core-center:0
[   32222ms] [WARNING] OTS parsing error: Failed to convert WOFF 2.0 font to SFNT @ https://onvio.com.br/staff/#/dashboard-core-center:0
[   32222ms] [WARNING] Failed to decode downloaded font: https://onvio.com.br/staff/SourceSans3-Regular.ttf.dab9805cb7eb3d8f.woff @ https://onvio.com.br/staff/#/dashboard-core-center:0
[   32222ms] [WARNING] OTS parsing error: incorrect file size in WOFF header @ https://onvio.com.br/staff/#/dashboard-core-center:0
[   32222ms] [WARNING] Failed to decode downloaded font: https://onvio.com.br/staff/SourceSans3-Regular.114f93b5f3b7d159.otf @ https://onvio.com.br/staff/#/dashboard-core-center:0
[   32222ms] [WARNING] OTS parsing error: bad table directory searchRange
bad table directory entrySelector
bad table directory rangeShift
Invalid table tag: 0x604241
 `BA: misaligned table @ https://onvio.com.br/staff/#/dashboard-core-center:0
[   32222ms] [WARNING] Failed to decode downloaded font: https://onvio.com.br/staff/SourceSans3-Regular.ab920762075b81fb.ttf @ https://onvio.com.br/staff/#/dashboard-core-center:0
[   32222ms] [WARNING] OTS parsing error: BASE: invalid table offset @ https://onvio.com.br/staff/#/dashboard-core-center:0
[   32222ms] [WARNING] Failed to decode downloaded font: https://onvio.com.br/staff/SourceSans3VF-Upright.ttf.e7f20fc9b00b0e8a.woff2 @ https://onvio.com.br/staff/#/dashboard-core-center:0
[   32223ms] [WARNING] OTS parsing error: Failed to convert WOFF 2.0 font to SFNT @ https://onvio.com.br/staff/#/dashboard-core-center:0
[   32223ms] [WARNING] Failed to decode downloaded font: https://onvio.com.br/staff/SourceSans3-Regular.ttf.dab9805cb7eb3d8f.woff @ https://onvio.com.br/staff/#/dashboard-core-center:0
[   32223ms] [WARNING] OTS parsing error: incorrect file size in WOFF header @ https://onvio.com.br/staff/#/dashboard-core-center:0
[   32223ms] [WARNING] Failed to decode downloaded font: https://onvio.com.br/staff/SourceSans3-Regular.114f93b5f3b7d159.otf @ https://onvio.com.br/staff/#/dashboard-core-center:0
[   32223ms] [WARNING] OTS parsing error: bad table directory searchRange
bad table directory entrySelector
bad table directory rangeShift
Invalid table tag: 0x604241
 `BA: misaligned table @ https://onvio.com.br/staff/#/dashboard-core-center:0
[   32223ms] [WARNING] Failed to decode downloaded font: https://onvio.com.br/staff/SourceSans3-Regular.ab920762075b81fb.ttf @ https://onvio.com.br/staff/#/dashboard-core-center:0
[   32223ms] [WARNING] OTS parsing error: BASE: invalid table offset @ https://onvio.com.br/staff/#/dashboard-core-center:0
[   32224ms] [WARNING] Failed to decode downloaded font: https://onvio.com.br/staff/SourceSans3VF-Upright.ttf.e7f20fc9b00b0e8a.woff2 @ https://onvio.com.br/staff/#/dashboard-core-center:0
[   32224ms] [WARNING] OTS parsing error: Failed to convert WOFF 2.0 font to SFNT @ https://onvio.com.br/staff/#/dashboard-core-center:0
[   32224ms] [WARNING] Failed to decode downloaded font: https://onvio.com.br/staff/SourceSans3-Regular.ttf.dab9805cb7eb3d8f.woff @ https://onvio.com.br/staff/#/dashboard-core-center:0
[   32225ms] [WARNING] OTS parsing error: incorrect file size in WOFF header @ https://onvio.com.br/staff/#/dashboard-core-center:0
[   32225ms] [WARNING] Failed to decode downloaded font: https://onvio.com.br/staff/SourceSans3-Regular.114f93b5f3b7d159.otf @ https://onvio.com.br/staff/#/dashboard-core-center:0
[   32225ms] [WARNING] OTS parsing error: bad table directory searchRange
bad table directory entrySelector
bad table directory rangeShift
Invalid table tag: 0x604241
 `BA: misaligned table @ https://onvio.com.br/staff/#/dashboard-core-center:0
[   32225ms] [WARNING] Failed to decode downloaded font: https://onvio.com.br/staff/SourceSans3-Regular.ab920762075b81fb.ttf @ https://onvio.com.br/staff/#/dashboard-core-center:0
[   32225ms] [WARNING] OTS parsing error: BASE: invalid table offset @ https://onvio.com.br/staff/#/dashboard-core-center:0
[   32225ms] [WARNING] Failed to decode downloaded font: https://onvio.com.br/staff/SourceSans3VF-Upright.ttf.e7f20fc9b00b0e8a.woff2 @ https://onvio.com.br/staff/#/dashboard-core-center:0
[   32225ms] [WARNING] OTS parsing error: Failed to convert WOFF 2.0 font to SFNT @ https://onvio.com.br/staff/#/dashboard-core-center:0
[   32226ms] [WARNING] Failed to decode downloaded font: https://onvio.com.br/staff/SourceSans3-Regular.ttf.dab9805cb7eb3d8f.woff @ https://onvio.com.br/staff/#/dashboard-core-center:0
[   32226ms] [WARNING] OTS parsing error: incorrect file size in WOFF header @ https://onvio.com.br/staff/#/dashboard-core-center:0
[   32226ms] [WARNING] Failed to decode downloaded font: https://onvio.com.br/staff/SourceSans3-Regular.114f93b5f3b7d159.otf @ https://onvio.com.br/staff/#/dashboard-core-center:0
[   32226ms] [WARNING] OTS parsing error: bad table directory searchRange
bad table directory entrySelector
bad table directory rangeShift
Invalid table tag: 0x604241
 `BA: misaligned table @ https://onvio.com.br/staff/#/dashboard-core-center:0
[   32226ms] [WARNING] Failed to decode downloaded font: https://onvio.com.br/staff/SourceSans3-Regular.ab920762075b81fb.ttf @ https://onvio.com.br/staff/#/dashboard-core-center:0
[   32226ms] [WARNING] OTS parsing error: BASE: invalid table offset @ https://onvio.com.br/staff/#/dashboard-core-center:0
[   32226ms] [WARNING] Failed to decode downloaded font: https://onvio.com.br/staff/SourceSans3VF-Upright.ttf.e7f20fc9b00b0e8a.woff2 @ https://onvio.com.br/staff/#/dashboard-core-center:0
[   32226ms] [WARNING] OTS parsing error: Failed to convert WOFF 2.0 font to SFNT @ https://onvio.com.br/staff/#/dashboard-core-center:0
[   32227ms] [WARNING] Failed to decode downloaded font: https://onvio.com.br/staff/SourceSans3-Regular.ttf.dab9805cb7eb3d8f.woff @ https://onvio.com.br/staff/#/dashboard-core-center:0
[   32227ms] [WARNING] OTS parsing error: incorrect file size in WOFF header @ https://onvio.com.br/staff/#/dashboard-core-center:0
[   32227ms] [WARNING] Failed to decode downloaded font: https://onvio.com.br/staff/SourceSans3-Regular.114f93b5f3b7d159.otf @ https://onvio.com.br/staff/#/dashboard-core-center:0
[   32227ms] [WARNING] OTS parsing error: bad table directory searchRange
bad table directory entrySelector
bad table directory rangeShift
Invalid table tag: 0x604241
 `BA: misaligned table @ https://onvio.com.br/staff/#/dashboard-core-center:0
[   32227ms] [WARNING] Failed to decode downloaded font: https://onvio.com.br/staff/SourceSans3-Regular.ab920762075b81fb.ttf @ https://onvio.com.br/staff/#/dashboard-core-center:0
[   32227ms] [WARNING] OTS parsing error: BASE: invalid table offset @ https://onvio.com.br/staff/#/dashboard-core-center:0
[   32227ms] [WARNING] Failed to decode downloaded font: https://onvio.com.br/staff/SourceSans3VF-Upright.ttf.e7f20fc9b00b0e8a.woff2 @ https://onvio.com.br/staff/#/dashboard-core-center:0
[   32228ms] [WARNING] OTS parsing error: Failed to convert WOFF 2.0 font to SFNT @ https://onvio.com.br/staff/#/dashboard-core-center:0
[   32228ms] [WARNING] Failed to decode downloaded font: https://onvio.com.br/staff/SourceSans3VF-Upright.ttf.e7f20fc9b00b0e8a.woff2 @ https://onvio.com.br/staff/#/dashboard-core-center:0
[   32228ms] [WARNING] OTS parsing error: Failed to convert WOFF 2.0 font to SFNT @ https://onvio.com.br/staff/#/dashboard-core-center:0
[   32228ms] [WARNING] Failed to decode downloaded font: https://onvio.com.br/staff/SourceSans3VF-Upright.ttf.e7f20fc9b00b0e8a.woff2 @ https://onvio.com.br/staff/#/dashboard-core-center:0
[   32228ms] [WARNING] OTS parsing error: Failed to convert WOFF 2.0 font to SFNT @ https://onvio.com.br/staff/#/dashboard-core-center:0
[   32228ms] [WARNING] Failed to decode downloaded font: https://onvio.com.br/staff/SourceSans3VF-Upright.ttf.e7f20fc9b00b0e8a.woff2 @ https://onvio.com.br/staff/#/dashboard-core-center:0
[   32228ms] [WARNING] OTS parsing error: Failed to convert WOFF 2.0 font to SFNT @ https://onvio.com.br/staff/#/dashboard-core-center:0
[   32228ms] [WARNING] Failed to decode downloaded font: https://onvio.com.br/staff/SourceSans3VF-Upright.ttf.e7f20fc9b00b0e8a.woff2 @ https://onvio.com.br/staff/#/dashboard-core-center:0
[   32228ms] [WARNING] OTS parsing error: Failed to convert WOFF 2.0 font to SFNT @ https://onvio.com.br/staff/#/dashboard-core-center:0
[   32228ms] [WARNING] Failed to decode downloaded font: https://onvio.com.br/staff/SourceSans3VF-Upright.ttf.e7f20fc9b00b0e8a.woff2 @ https://onvio.com.br/staff/#/dashboard-core-center:0
[   32228ms] [WARNING] OTS parsing error: Failed to convert WOFF 2.0 font to SFNT @ https://onvio.com.br/staff/#/dashboard-core-center:0
[   32228ms] [WARNING] Failed to decode downloaded font: https://onvio.com.br/staff/SourceSans3VF-Upright.ttf.e7f20fc9b00b0e8a.woff2 @ https://onvio.com.br/staff/#/dashboard-core-center:0
[   32228ms] [WARNING] OTS parsing error: Failed to convert WOFF 2.0 font to SFNT @ https://onvio.com.br/staff/#/dashboard-core-center:0
[   32228ms] [WARNING] Failed to decode downloaded font: https://onvio.com.br/staff/SourceSans3VF-Upright.ttf.e7f20fc9b00b0e8a.woff2 @ https://onvio.com.br/staff/#/dashboard-core-center:0
[   32229ms] [WARNING] OTS parsing error: Failed to convert WOFF 2.0 font to SFNT @ https://onvio.com.br/staff/#/dashboard-core-center:0
[   32229ms] [WARNING] Failed to decode downloaded font: https://onvio.com.br/staff/SourceSans3VF-Upright.ttf.e7f20fc9b00b0e8a.woff2 @ https://onvio.com.br/staff/#/dashboard-core-center:0
[   32229ms] [WARNING] OTS parsing error: Failed to convert WOFF 2.0 font to SFNT @ https://onvio.com.br/staff/#/dashboard-core-center:0
[   32229ms] [WARNING] Failed to decode downloaded font: https://onvio.com.br/staff/SourceSans3-Regular.ttf.dab9805cb7eb3d8f.woff @ https://onvio.com.br/staff/#/dashboard-core-center:0
[   32229ms] [WARNING] OTS parsing error: incorrect file size in WOFF header @ https://onvio.com.br/staff/#/dashboard-core-center:0
[   32229ms] [WARNING] Failed to decode downloaded font: https://onvio.com.br/staff/SourceSans3-Regular.114f93b5f3b7d159.otf @ https://onvio.com.br/staff/#/dashboard-core-center:0
[   32229ms] [WARNING] OTS parsing error: bad table directory searchRange
bad table directory entrySelector
bad table directory rangeShift
Invalid table tag: 0x604241
 `BA: misaligned table @ https://onvio.com.br/staff/#/dashboard-core-center:0
[   32229ms] [WARNING] Failed to decode downloaded font: https://onvio.com.br/staff/SourceSans3-Regular.ab920762075b81fb.ttf @ https://onvio.com.br/staff/#/dashboard-core-center:0
[   32229ms] [WARNING] OTS parsing error: BASE: invalid table offset @ https://onvio.com.br/staff/#/dashboard-core-center:0
[   32229ms] [WARNING] Failed to decode downloaded font: https://onvio.com.br/staff/SourceSans3VF-Upright.ttf.e7f20fc9b00b0e8a.woff2 @ https://onvio.com.br/staff/#/dashboard-core-center:0
[   32229ms] [WARNING] OTS parsing error: Failed to convert WOFF 2.0 font to SFNT @ https://onvio.com.br/staff/#/dashboard-core-center:0
[   32229ms] [WARNING] Failed to decode downloaded font: https://onvio.com.br/staff/SourceSans3-Regular.ttf.dab9805cb7eb3d8f.woff @ https://onvio.com.br/staff/#/dashboard-core-center:0
[   32229ms] [WARNING] OTS parsing error: incorrect file size in WOFF header @ https://onvio.com.br/staff/#/dashboard-core-center:0
[   32229ms] [WARNING] Failed to decode downloaded font: https://onvio.com.br/staff/SourceSans3-Regular.114f93b5f3b7d159.otf @ https://onvio.com.br/staff/#/dashboard-core-center:0
[   32229ms] [WARNING] OTS parsing error: bad table directory searchRange
bad table directory entrySelector
bad table directory rangeShift
Invalid table tag: 0x604241
 `BA: misaligned table @ https://onvio.com.br/staff/#/dashboard-core-center:0
[   32230ms] [WARNING] Failed to decode downloaded font: https://onvio.com.br/staff/SourceSans3-Regular.ab920762075b81fb.ttf @ https://onvio.com.br/staff/#/dashboard-core-center:0
[   32230ms] [WARNING] OTS parsing error: BASE: invalid table offset @ https://onvio.com.br/staff/#/dashboard-core-center:0
[   32230ms] [WARNING] Failed to decode downloaded font: https://onvio.com.br/staff/SourceSans3VF-Upright.ttf.e7f20fc9b00b0e8a.woff2 @ https://onvio.com.br/staff/#/dashboard-core-center:0
[   32230ms] [WARNING] OTS parsing error: Failed to convert WOFF 2.0 font to SFNT @ https://onvio.com.br/staff/#/dashboard-core-center:0
[   32230ms] [WARNING] Failed to decode downloaded font: https://onvio.com.br/staff/SourceSans3-Regular.ttf.dab9805cb7eb3d8f.woff @ https://onvio.com.br/staff/#/dashboard-core-center:0
[   32230ms] [WARNING] OTS parsing error: incorrect file size in WOFF header @ https://onvio.com.br/staff/#/dashboard-core-center:0
[   32230ms] [WARNING] Failed to decode downloaded font: https://onvio.com.br/staff/SourceSans3-Regular.114f93b5f3b7d159.otf @ https://onvio.com.br/staff/#/dashboard-core-center:0
[   32230ms] [WARNING] OTS parsing error: bad table directory searchRange
bad table directory entrySelector
bad table directory rangeShift
Invalid table tag: 0x604241
 `BA: misaligned table @ https://onvio.com.br/staff/#/dashboard-core-center:0
[   32230ms] [WARNING] Failed to decode downloaded font: https://onvio.com.br/staff/SourceSans3-Regular.ab920762075b81fb.ttf @ https://onvio.com.br/staff/#/dashboard-core-center:0
[   32230ms] [WARNING] OTS parsing error: BASE: invalid table offset @ https://onvio.com.br/staff/#/dashboard-core-center:0
[   32230ms] [WARNING] Failed to decode downloaded font: https://onvio.com.br/staff/SourceSans3VF-Upright.ttf.e7f20fc9b00b0e8a.woff2 @ https://onvio.com.br/staff/#/dashboard-core-center:0
[   32230ms] [WARNING] OTS parsing error: Failed to convert WOFF 2.0 font to SFNT @ https://onvio.com.br/staff/#/dashboard-core-center:0
[   32230ms] [WARNING] Failed to decode downloaded font: https://onvio.com.br/staff/SourceSans3-Regular.ttf.dab9805cb7eb3d8f.woff @ https://onvio.com.br/staff/#/dashboard-core-center:0
[   32230ms] [WARNING] OTS parsing error: incorrect file size in WOFF header @ https://onvio.com.br/staff/#/dashboard-core-center:0
[   32230ms] [WARNING] Failed to decode downloaded font: https://onvio.com.br/staff/SourceSans3-Regular.114f93b5f3b7d159.otf @ https://onvio.com.br/staff/#/dashboard-core-center:0
[   32231ms] [WARNING] OTS parsing error: bad table directory searchRange
bad table directory entrySelector
bad table directory rangeShift
Invalid table tag: 0x604241
 `BA: misaligned table @ https://onvio.com.br/staff/#/dashboard-core-center:0
[   32231ms] [WARNING] Failed to decode downloaded font: https://onvio.com.br/staff/SourceSans3-Regular.ab920762075b81fb.ttf @ https://onvio.com.br/staff/#/dashboard-core-center:0
[   32231ms] [WARNING] OTS parsing error: BASE: invalid table offset @ https://onvio.com.br/staff/#/dashboard-core-center:0
[   32231ms] [WARNING] Failed to decode downloaded font: https://onvio.com.br/staff/SourceSans3VF-Upright.ttf.e7f20fc9b00b0e8a.woff2 @ https://onvio.com.br/staff/#/dashboard-core-center:0
[   32231ms] [WARNING] OTS parsing error: Failed to convert WOFF 2.0 font to SFNT @ https://onvio.com.br/staff/#/dashboard-core-center:0
[   32231ms] [WARNING] Failed to decode downloaded font: https://onvio.com.br/staff/SourceSans3-Regular.ttf.dab9805cb7eb3d8f.woff @ https://onvio.com.br/staff/#/dashboard-core-center:0
[   32231ms] [WARNING] OTS parsing error: incorrect file size in WOFF header @ https://onvio.com.br/staff/#/dashboard-core-center:0
[   32231ms] [WARNING] Failed to decode downloaded font: https://onvio.com.br/staff/SourceSans3-Regular.114f93b5f3b7d159.otf @ https://onvio.com.br/staff/#/dashboard-core-center:0
[   32231ms] [WARNING] OTS parsing error: bad table directory searchRange
bad table directory entrySelector
bad table directory rangeShift
Invalid table tag: 0x604241
 `BA: misaligned table @ https://onvio.com.br/staff/#/dashboard-core-center:0
[   32231ms] [WARNING] Failed to decode downloaded font: https://onvio.com.br/staff/SourceSans3-Regular.ab920762075b81fb.ttf @ https://onvio.com.br/staff/#/dashboard-core-center:0
[   32231ms] [WARNING] OTS parsing error: BASE: invalid table offset @ https://onvio.com.br/staff/#/dashboard-core-center:0
[   32231ms] [WARNING] Failed to decode downloaded font: https://onvio.com.br/staff/SourceSans3VF-Upright.ttf.e7f20fc9b00b0e8a.woff2 @ https://onvio.com.br/staff/#/dashboard-core-center:0
[   32231ms] [WARNING] OTS parsing error: Failed to convert WOFF 2.0 font to SFNT @ https://onvio.com.br/staff/#/dashboard-core-center:0
[   32231ms] [WARNING] Failed to decode downloaded font: https://onvio.com.br/staff/SourceSans3-Regular.ttf.dab9805cb7eb3d8f.woff @ https://onvio.com.br/staff/#/dashboard-core-center:0
[   32231ms] [WARNING] OTS parsing error: incorrect file size in WOFF header @ https://onvio.com.br/staff/#/dashboard-core-center:0
[   32232ms] [WARNING] Failed to decode downloaded font: https://onvio.com.br/staff/SourceSans3-Regular.114f93b5f3b7d159.otf @ https://onvio.com.br/staff/#/dashboard-core-center:0
[   32232ms] [WARNING] OTS parsing error: bad table directory searchRange
bad table directory entrySelector
bad table directory rangeShift
Invalid table tag: 0x604241
 `BA: misaligned table @ https://onvio.com.br/staff/#/dashboard-core-center:0
[   32232ms] [WARNING] Failed to decode downloaded font: https://onvio.com.br/staff/SourceSans3-Regular.ab920762075b81fb.ttf @ https://onvio.com.br/staff/#/dashboard-core-center:0
[   32232ms] [WARNING] OTS parsing error: BASE: invalid table offset @ https://onvio.com.br/staff/#/dashboard-core-center:0
[   32232ms] [WARNING] Failed to decode downloaded font: https://onvio.com.br/staff/SourceSans3VF-Upright.ttf.e7f20fc9b00b0e8a.woff2 @ https://onvio.com.br/staff/#/dashboard-core-center:0
[   32232ms] [WARNING] OTS parsing error: Failed to convert WOFF 2.0 font to SFNT @ https://onvio.com.br/staff/#/dashboard-core-center:0
[   32232ms] [WARNING] Failed to decode downloaded font: https://onvio.com.br/staff/SourceSans3-Regular.ttf.dab9805cb7eb3d8f.woff @ https://onvio.com.br/staff/#/dashboard-core-center:0
[   32232ms] [WARNING] OTS parsing error: incorrect file size in WOFF header @ https://onvio.com.br/staff/#/dashboard-core-center:0
[   32232ms] [WARNING] Failed to decode downloaded font: https://onvio.com.br/staff/SourceSans3-Regular.114f93b5f3b7d159.otf @ https://onvio.com.br/staff/#/dashboard-core-center:0
[   32232ms] [WARNING] OTS parsing error: bad table directory searchRange
bad table directory entrySelector
bad table directory rangeShift
Invalid table tag: 0x604241
 `BA: misaligned table @ https://onvio.com.br/staff/#/dashboard-core-center:0
[   32232ms] [WARNING] Failed to decode downloaded font: https://onvio.com.br/staff/SourceSans3-Regular.ab920762075b81fb.ttf @ https://onvio.com.br/staff/#/dashboard-core-center:0
[   32232ms] [WARNING] OTS parsing error: BASE: invalid table offset @ https://onvio.com.br/staff/#/dashboard-core-center:0
[   32232ms] [WARNING] Failed to decode downloaded font: https://onvio.com.br/staff/SourceSans3VF-Upright.ttf.e7f20fc9b00b0e8a.woff2 @ https://onvio.com.br/staff/#/dashboard-core-center:0
[   32232ms] [WARNING] OTS parsing error: Failed to convert WOFF 2.0 font to SFNT @ https://onvio.com.br/staff/#/dashboard-core-center:0
[   32232ms] [WARNING] Failed to decode downloaded font: https://onvio.com.br/staff/SourceSans3-Regular.ttf.dab9805cb7eb3d8f.woff @ https://onvio.com.br/staff/#/dashboard-core-center:0
[   32232ms] [WARNING] OTS parsing error: incorrect file size in WOFF header @ https://onvio.com.br/staff/#/dashboard-core-center:0
[   32233ms] [WARNING] Failed to decode downloaded font: https://onvio.com.br/staff/SourceSans3-Regular.114f93b5f3b7d159.otf @ https://onvio.com.br/staff/#/dashboard-core-center:0
[   32233ms] [WARNING] OTS parsing error: bad table directory searchRange
bad table directory entrySelector
bad table directory rangeShift
Invalid table tag: 0x604241
 `BA: misaligned table @ https://onvio.com.br/staff/#/dashboard-core-center:0
[   32233ms] [WARNING] Failed to decode downloaded font: https://onvio.com.br/staff/SourceSans3-Regular.ab920762075b81fb.ttf @ https://onvio.com.br/staff/#/dashboard-core-center:0
[   32233ms] [WARNING] OTS parsing error: BASE: invalid table offset @ https://onvio.com.br/staff/#/dashboard-core-center:0
[   32233ms] [WARNING] Failed to decode downloaded font: https://onvio.com.br/staff/SourceSans3VF-Upright.ttf.e7f20fc9b00b0e8a.woff2 @ https://onvio.com.br/staff/#/dashboard-core-center:0
[   32233ms] [WARNING] OTS parsing error: Failed to convert WOFF 2.0 font to SFNT @ https://onvio.com.br/staff/#/dashboard-core-center:0
[   32233ms] [WARNING] Failed to decode downloaded font: https://onvio.com.br/staff/SourceSans3-Regular.114f93b5f3b7d159.otf @ https://onvio.com.br/staff/#/dashboard-core-center:0
[   32233ms] [WARNING] OTS parsing error: bad table directory searchRange
bad table directory entrySelector
bad table directory rangeShift
Invalid table tag: 0x604241
 `BA: misaligned table @ https://onvio.com.br/staff/#/dashboard-core-center:0
[   32233ms] [WARNING] Failed to decode downloaded font: https://onvio.com.br/staff/SourceSans3-Regular.ttf.dab9805cb7eb3d8f.woff @ https://onvio.com.br/staff/#/dashboard-core-center:0
[   32233ms] [WARNING] OTS parsing error: incorrect file size in WOFF header @ https://onvio.com.br/staff/#/dashboard-core-center:0
[   32233ms] [WARNING] Failed to decode downloaded font: https://onvio.com.br/staff/SourceSans3-Regular.ab920762075b81fb.ttf @ https://onvio.com.br/staff/#/dashboard-core-center:0
[   32233ms] [WARNING] OTS parsing error: BASE: invalid table offset @ https://onvio.com.br/staff/#/dashboard-core-center:0
[   32233ms] [WARNING] Failed to decode downloaded font: https://onvio.com.br/staff/SourceSans3VF-Upright.ttf.e7f20fc9b00b0e8a.woff2 @ https://onvio.com.br/staff/#/dashboard-core-center:0
[   32233ms] [WARNING] OTS parsing error: Failed to convert WOFF 2.0 font to SFNT @ https://onvio.com.br/staff/#/dashboard-core-center:0
[   32233ms] [WARNING] Failed to decode downloaded font: https://onvio.com.br/staff/SourceSans3-Regular.ttf.dab9805cb7eb3d8f.woff @ https://onvio.com.br/staff/#/dashboard-core-center:0
[   32233ms] [WARNING] OTS parsing error: incorrect file size in WOFF header @ https://onvio.com.br/staff/#/dashboard-core-center:0
[   32234ms] [WARNING] Failed to decode downloaded font: https://onvio.com.br/staff/SourceSans3-Regular.114f93b5f3b7d159.otf @ https://onvio.com.br/staff/#/dashboard-core-center:0
[   32234ms] [WARNING] OTS parsing error: bad table directory searchRange
bad table directory entrySelector
bad table directory rangeShift
Invalid table tag: 0x604241
 `BA: misaligned table @ https://onvio.com.br/staff/#/dashboard-core-center:0
[   32234ms] [WARNING] Failed to decode downloaded font: https://onvio.com.br/staff/SourceSans3-Regular.ab920762075b81fb.ttf @ https://onvio.com.br/staff/#/dashboard-core-center:0
[   32234ms] [WARNING] OTS parsing error: BASE: invalid table offset @ https://onvio.com.br/staff/#/dashboard-core-center:0
[   32234ms] [WARNING] Failed to decode downloaded font: https://onvio.com.br/staff/SourceSans3VF-Upright.ttf.e7f20fc9b00b0e8a.woff2 @ https://onvio.com.br/staff/#/dashboard-core-center:0
[   32234ms] [WARNING] OTS parsing error: Failed to convert WOFF 2.0 font to SFNT @ https://onvio.com.br/staff/#/dashboard-core-center:0
[   32234ms] [WARNING] Failed to decode downloaded font: https://onvio.com.br/staff/SourceSans3-Regular.ttf.dab9805cb7eb3d8f.woff @ https://onvio.com.br/staff/#/dashboard-core-center:0
[   32234ms] [WARNING] OTS parsing error: incorrect file size in WOFF header @ https://onvio.com.br/staff/#/dashboard-core-center:0
[   32234ms] [WARNING] Failed to decode downloaded font: https://onvio.com.br/staff/SourceSans3-Regular.114f93b5f3b7d159.otf @ https://onvio.com.br/staff/#/dashboard-core-center:0
[   32234ms] [WARNING] OTS parsing error: bad table directory searchRange
bad table directory entrySelector
bad table directory rangeShift
Invalid table tag: 0x604241
 `BA: misaligned table @ https://onvio.com.br/staff/#/dashboard-core-center:0
[   32234ms] [WARNING] Failed to decode downloaded font: https://onvio.com.br/staff/SourceSans3-Regular.ab920762075b81fb.ttf @ https://onvio.com.br/staff/#/dashboard-core-center:0
[   32234ms] [WARNING] OTS parsing error: BASE: invalid table offset @ https://onvio.com.br/staff/#/dashboard-core-center:0
[   32234ms] [WARNING] Failed to decode downloaded font: https://onvio.com.br/staff/SourceSans3VF-Upright.ttf.e7f20fc9b00b0e8a.woff2 @ https://onvio.com.br/staff/#/dashboard-core-center:0
[   32235ms] [WARNING] OTS parsing error: Failed to convert WOFF 2.0 font to SFNT @ https://onvio.com.br/staff/#/dashboard-core-center:0
[   32235ms] [WARNING] Failed to decode downloaded font: https://onvio.com.br/staff/SourceSans3-Regular.ttf.dab9805cb7eb3d8f.woff @ https://onvio.com.br/staff/#/dashboard-core-center:0
[   32235ms] [WARNING] OTS parsing error: incorrect file size in WOFF header @ https://onvio.com.br/staff/#/dashboard-core-center:0
[   32235ms] [WARNING] Failed to decode downloaded font: https://onvio.com.br/staff/SourceSans3-Regular.114f93b5f3b7d159.otf @ https://onvio.com.br/staff/#/dashboard-core-center:0
[   32235ms] [WARNING] OTS parsing error: bad table directory searchRange
bad table directory entrySelector
bad table directory rangeShift
Invalid table tag: 0x604241
 `BA: misaligned table @ https://onvio.com.br/staff/#/dashboard-core-center:0
[   32235ms] [WARNING] Failed to decode downloaded font: https://onvio.com.br/staff/SourceSans3-Regular.ab920762075b81fb.ttf @ https://onvio.com.br/staff/#/dashboard-core-center:0
[   32235ms] [WARNING] OTS parsing error: BASE: invalid table offset @ https://onvio.com.br/staff/#/dashboard-core-center:0
[   32235ms] [WARNING] Failed to decode downloaded font: https://onvio.com.br/staff/SourceSans3VF-Upright.ttf.e7f20fc9b00b0e8a.woff2 @ https://onvio.com.br/staff/#/dashboard-core-center:0
[   32235ms] [WARNING] OTS parsing error: Failed to convert WOFF 2.0 font to SFNT @ https://onvio.com.br/staff/#/dashboard-core-center:0
[   32235ms] [WARNING] Failed to decode downloaded font: https://onvio.com.br/staff/SourceSans3-Regular.ttf.dab9805cb7eb3d8f.woff @ https://onvio.com.br/staff/#/dashboard-core-center:0
[   32235ms] [WARNING] OTS parsing error: incorrect file size in WOFF header @ https://onvio.com.br/staff/#/dashboard-core-center:0
[   32236ms] [WARNING] Failed to decode downloaded font: https://onvio.com.br/staff/SourceSans3-Regular.114f93b5f3b7d159.otf @ https://onvio.com.br/staff/#/dashboard-core-center:0
[   32236ms] [WARNING] OTS parsing error: bad table directory searchRange
bad table directory entrySelector
bad table directory rangeShift
Invalid table tag: 0x604241
 `BA: misaligned table @ https://onvio.com.br/staff/#/dashboard-core-center:0
[   32236ms] [WARNING] Failed to decode downloaded font: https://onvio.com.br/staff/SourceSans3-Regular.ab920762075b81fb.ttf @ https://onvio.com.br/staff/#/dashboard-core-center:0
[   32236ms] [WARNING] OTS parsing error: BASE: invalid table offset @ https://onvio.com.br/staff/#/dashboard-core-center:0
[   32333ms] [ERROR] Could not find translation file: https://onvio.com.br/notification/assets/onviobr/form/i18n/pt-BR.json @ https://onvio.com.br/staff/8672.f47112ec8d1c8694.js:0
[   32333ms] [WARNING] Custom element bm-alert is already registered and the constructors are not the same function n(){var t,r;(0,i.default)(this,n);for(var a=arguments.length,s=new Array(a),l=0;l<a;l++)s[l]=arguments[l];return(r=e.call.apply(e,(0,o.default)(t=[this]).call(t,s))).type="info",r.closeable=!1,r} function g(){var T,R;(0,v.default)(this,g);for(var k=arguments.length,L=new Array(k),$=0;$<k;$++)L[$]=arguments[$];return(R=p.call.apply(p,(0,d.default)(T=[this]).call(T,L))).type="info",R.closeable=!1,R} @ https://onvio.com.br/notification/default-node_modules_onviobr_profile-screen_index_js.d2d5fd91d2f1fa84a995.js:0
[   32333ms] [WARNING] Custom element bm-alerts is already registered and the constructors are not the same function n(){var t,r;(0,v.default)(this,n);for(var a=arguments.length,o=new Array(a),i=0;i<a;i++)o[i]=arguments[i];return(r=e.call.apply(e,(0,f.default)(t=[this]).call(t,o))).alerts=[],r} function re(){var U,q;(0,E.default)(this,re);for(var ie=arguments.length,J=new Array(ie),G=0;G<ie;G++)J[G]=arguments[G];return(q=se.call.apply(se,(0,O.default)(U=[this]).call(U,J))).alerts=[],q} @ https://onvio.com.br/notification/default-node_modules_onviobr_profile-screen_index_js.d2d5fd91d2f1fa84a995.js:0
[   32334ms] [WARNING] Custom element bm-select is already registered and the constructors are not the same function r(){var t,e,a,o;return(0,l.default)(this,r),(o=n.call(this)).onSlotChange=(0,s.default)(t=o.onSlotChange).call(t,(0,c.default)(o)),o.onSelectFocus=(0,s.default)(e=o.onSelectFocus).call(e,(0,c.default)(o)),o.onSelectBlur=(0,s.default)(a=o.onSelectBlur).call(a,(0,c.default)(o)),o} function L(){var $,B,K,ce;return(0,_.default)(this,L),(ce=k.call(this)).onSlotChange=(0,b.default)($=ce.onSlotChange).call($,(0,y.default)(ce)),ce.onSelectFocus=(0,b.default)(B=ce.onSelectFocus).call(B,(0,y.default)(ce)),ce.onSelectBlur=(0,b.default)(K=ce.onSelectBlur).call(K,(0,y.default)(ce)),ce} @ https://onvio.com.br/notification/default-node_modules_onviobr_profile-screen_index_js.d2d5fd91d2f1fa84a995.js:0
[   32334ms] [WARNING] Custom element bm-loading is already registered and the constructors are not the same function n(){var t;return(0,o.default)(this,n),(t=e.call(this)).delay=300,t.active=!1,t.createVisibilityChanger(),t} function R(){var k;return(0,f.default)(this,R),(k=T.call(this)).delay=300,k.active=!1,k.createVisibilityChanger(),k} @ https://onvio.com.br/notification/default-node_modules_onviobr_profile-screen_index_js.d2d5fd91d2f1fa84a995.js:0
[   32334ms] [WARNING] Custom element bm-settings-page-layout is already registered and the constructors are not the same function r(){var t;return(0,i.Z)(this,r),(t=n.call(this)).hideSave=!1,t.profileType=void 0,t.profile={},t._onSave=t._onSave.bind((0,G.Z)(t)),t._onKeyup=t._onKeyup.bind((0,G.Z)(t)),t} function j(){var ge;return(0,Xl.Z)(this,j),(ge=Ft.call(this)).hideSave=!1,ge.profileType=void 0,ge.profile={},ge._onSave=ge._onSave.bind((0,gc.Z)(ge)),ge._onKeyup=ge._onKeyup.bind((0,gc.Z)(ge)),ge} @ https://onvio.com.br/notification/default-node_modules_onviobr_profile-screen_index_js.d2d5fd91d2f1fa84a995.js:0
[   32335ms] [WARNING] Custom element bm-alert is already registered and the constructors are not the same function n(){var t,r;(0,i.default)(this,n);for(var a=arguments.length,s=new Array(a),l=0;l<a;l++)s[l]=arguments[l];return(r=e.call.apply(e,(0,o.default)(t=[this]).call(t,s))).type="info",r.closeable=!1,r} function g(){var T,R;(0,v.default)(this,g);for(var k=arguments.length,L=new Array(k),$=0;$<k;$++)L[$]=arguments[$];return(R=p.call.apply(p,(0,d.default)(T=[this]).call(T,L))).type="info",R.closeable=!1,R} @ https://onvio.com.br/notification/default-node_modules_onviobr_profile-screen_index_js.d2d5fd91d2f1fa84a995.js:0
[   32335ms] [WARNING] Custom element bm-alerts is already registered and the constructors are not the same function n(){var t,r;(0,v.default)(this,n);for(var a=arguments.length,o=new Array(a),i=0;i<a;i++)o[i]=arguments[i];return(r=e.call.apply(e,(0,f.default)(t=[this]).call(t,o))).alerts=[],r} function re(){var U,q;(0,E.default)(this,re);for(var ie=arguments.length,J=new Array(ie),G=0;G<ie;G++)J[G]=arguments[G];return(q=se.call.apply(se,(0,O.default)(U=[this]).call(U,J))).alerts=[],q} @ https://onvio.com.br/notification/default-node_modules_onviobr_profile-screen_index_js.d2d5fd91d2f1fa84a995.js:0
[   32335ms] [WARNING] Custom element bm-modal is already registered and the constructors are not the same function n(){var t,r;(0,s.default)(this,n);for(var a=arguments.length,o=new Array(a),l=0;l<a;l++)o[l]=arguments[l];return(r=e.call.apply(e,(0,i.default)(t=[this]).call(t,o))).modalTitle=void 0,r.modalSize="medium",r.backdropClose=!0,r.focusModal=!0,r.focusCloseBtn=!1,r.closeButtonQeId=void 0,r} function $(){var B,K;(0,v.default)(this,$);for(var ce=arguments.length,Y=new Array(ce),se=0;se<ce;se++)Y[se]=arguments[se];return(K=L.call.apply(L,(0,d.default)(B=[this]).call(B,Y))).modalTitle=void 0,K.modalSize="medium",K.backdropClose=!0,K.focusModal=!0,K.focusCloseBtn=!1,K.closeButtonQeId=void 0,K} @ https://onvio.com.br/notification/default-node_modules_onviobr_profile-screen_index_js.d2d5fd91d2f1fa84a995.js:0
[   32335ms] [WARNING] Custom element bm-loading is already registered and the constructors are not the same function n(){var t;return(0,o.default)(this,n),(t=e.call(this)).delay=300,t.active=!1,t.createVisibilityChanger(),t} function R(){var k;return(0,f.default)(this,R),(k=T.call(this)).delay=300,k.active=!1,k.createVisibilityChanger(),k} @ https://onvio.com.br/notification/default-node_modules_onviobr_profile-screen_index_js.d2d5fd91d2f1fa84a995.js:0
[   32335ms] [WARNING] Custom element bm-settings-terms is already registered and the constructors are not the same function r(){var t;return(0,i.Z)(this,r),(t=n.call(this)).useNewTheme=!1,t.readOnly=!1,t.terms=void 0,t.signatory=void 0,t.onAgree=t.onAgree.bind((0,G.Z)(t)),t.onDisagree=t.onDisagree.bind((0,G.Z)(t)),t.onClose=t.onClose.bind((0,G.Z)(t)),t} function j(){var ge;return(0,Xl.Z)(this,j),(ge=Ft.call(this)).useNewTheme=!1,ge.readOnly=!1,ge.terms=void 0,ge.signatory=void 0,ge.onAgree=ge.onAgree.bind((0,gc.Z)(ge)),ge.onDisagree=ge.onDisagree.bind((0,gc.Z)(ge)),ge.onClose=ge.onClose.bind((0,gc.Z)(ge)),ge} @ https://onvio.com.br/notification/default-node_modules_onviobr_profile-screen_index_js.d2d5fd91d2f1fa84a995.js:0
[   32336ms] [WARNING] Custom element bm-settings-account-information is already registered and the constructors are not the same function E(){var t,e;(0,i.Z)(this,E);for(var n=arguments.length,r=new Array(n),a=0;a<n;a++)r[a]=arguments[a];return(e=S.call.apply(S,y()(t=[this]).call(t,r))).mode=void 0,e.hideLanguage=!1,e.hideMiddleName=!1,e.profileType=void 0,e.working=!1,e.isClient=!1,e.hideProfileMiddleNameToBr=!1,e.languages=[],e.profile={},e.terms=void 0,e.signatory=void 0,e.initialEmail=void 0,e.initialLanguage=void 0,e} function j(){var ge,$e;(0,Xl.Z)(this,j);for(var Rt=arguments.length,bn=new Array(Rt),Vn=0;Vn<Rt;Vn++)bn[Vn]=arguments[Vn];return($e=Ft.call.apply(Ft,da()(ge=[this]).call(ge,bn))).mode=void 0,$e.hideLanguage=!1,$e.hideMiddleName=!1,$e.profileType=void 0,$e.working=!1,$e.isClient=!1,$e.hideProfileMiddleNameToBr=!1,$e.languages=[],$e.profile={},$e.terms=void 0,$e.signatory=void 0,$e.initialEmail=void 0,$e.initialLanguage=void 0,$e} @ https://onvio.com.br/notification/default-node_modules_onviobr_profile-screen_index_js.d2d5fd91d2f1fa84a995.js:0
[   32336ms] [WARNING] Custom element bm-alert is already registered and the constructors are not the same function n(){var t,r;(0,i.default)(this,n);for(var a=arguments.length,s=new Array(a),l=0;l<a;l++)s[l]=arguments[l];return(r=e.call.apply(e,(0,o.default)(t=[this]).call(t,s))).type="info",r.closeable=!1,r} function g(){var T,R;(0,v.default)(this,g);for(var k=arguments.length,L=new Array(k),$=0;$<k;$++)L[$]=arguments[$];return(R=p.call.apply(p,(0,d.default)(T=[this]).call(T,L))).type="info",R.closeable=!1,R} @ https://onvio.com.br/notification/default-node_modules_onviobr_profile-screen_index_js.d2d5fd91d2f1fa84a995.js:0
[   32336ms] [WARNING] Custom element bm-alerts is already registered and the constructors are not the same function n(){var t,r;(0,v.default)(this,n);for(var a=arguments.length,o=new Array(a),i=0;i<a;i++)o[i]=arguments[i];return(r=e.call.apply(e,(0,f.default)(t=[this]).call(t,o))).alerts=[],r} function re(){var U,q;(0,E.default)(this,re);for(var ie=arguments.length,J=new Array(ie),G=0;G<ie;G++)J[G]=arguments[G];return(q=se.call.apply(se,(0,O.default)(U=[this]).call(U,J))).alerts=[],q} @ https://onvio.com.br/notification/default-node_modules_onviobr_profile-screen_index_js.d2d5fd91d2f1fa84a995.js:0
[   32336ms] [WARNING] Custom element bm-modal is already registered and the constructors are not the same function n(){var t,r;(0,s.default)(this,n);for(var a=arguments.length,o=new Array(a),l=0;l<a;l++)o[l]=arguments[l];return(r=e.call.apply(e,(0,i.default)(t=[this]).call(t,o))).modalTitle=void 0,r.modalSize="medium",r.backdropClose=!0,r.focusModal=!0,r.focusCloseBtn=!1,r.closeButtonQeId=void 0,r} function $(){var B,K;(0,v.default)(this,$);for(var ce=arguments.length,Y=new Array(ce),se=0;se<ce;se++)Y[se]=arguments[se];return(K=L.call.apply(L,(0,d.default)(B=[this]).call(B,Y))).modalTitle=void 0,K.modalSize="medium",K.backdropClose=!0,K.focusModal=!0,K.focusCloseBtn=!1,K.closeButtonQeId=void 0,K} @ https://onvio.com.br/notification/default-node_modules_onviobr_profile-screen_index_js.d2d5fd91d2f1fa84a995.js:0
[   32337ms] [WARNING] Custom element bm-toggle is already registered and the constructors are not the same function n(){var t,r;(0,o.default)(this,n);for(var i=arguments.length,s=new Array(i),l=0;l<i;l++)s[l]=arguments[l];return(r=e.call.apply(e,(0,a.default)(t=[this]).call(t,s))).on=!1,r} function g(){var T,R;(0,d.default)(this,g);for(var k=arguments.length,L=new Array(k),$=0;$<k;$++)L[$]=arguments[$];return(R=p.call.apply(p,(0,f.default)(T=[this]).call(T,L))).on=!1,R} @ https://onvio.com.br/notification/default-node_modules_onviobr_profile-screen_index_js.d2d5fd91d2f1fa84a995.js:0
[   32337ms] [WARNING] Custom element bm-popover-element is already registered and the constructors are not the same function n(){return(0,l.default)(this,n),e.apply(this,arguments)} function $(){return(0,_.default)(this,$),L.apply(this,arguments)} @ https://onvio.com.br/notification/default-node_modules_onviobr_profile-screen_index_js.d2d5fd91d2f1fa84a995.js:0
[   32337ms] [WARNING] Custom element bm-popover is already registered and the constructors are not the same function n(){var t,r;return(0,l.default)(this,n),(r=e.call(this)).placement=b.Top,r.trigger="click",r.pop=document.createElement("bm-popover-element"),r.popper=void 0,r.onDocumentClick=(0,a.default)(t=r.onDocumentClick).call(t,(0,o.default)(r)),r} function $(){var B,K;return(0,_.default)(this,$),(K=L.call(this)).placement=g.Top,K.trigger="click",K.pop=document.createElement("bm-popover-element"),K.popper=void 0,K.onDocumentClick=(0,f.default)(B=K.onDocumentClick).call(B,(0,d.default)(K)),K} @ https://onvio.com.br/notification/default-node_modules_onviobr_profile-screen_index_js.d2d5fd91d2f1fa84a995.js:0
[   32337ms] [WARNING] Custom element bm-settings-page-layout is already registered and the constructors are not the same function r(){var t;return(0,i.Z)(this,r),(t=n.call(this)).hideSave=!1,t.profileType=void 0,t.profile={},t._onSave=t._onSave.bind((0,G.Z)(t)),t._onKeyup=t._onKeyup.bind((0,G.Z)(t)),t} function j(){var ge;return(0,Xl.Z)(this,j),(ge=Ft.call(this)).hideSave=!1,ge.profileType=void 0,ge.profile={},ge._onSave=ge._onSave.bind((0,gc.Z)(ge)),ge._onKeyup=ge._onKeyup.bind((0,gc.Z)(ge)),ge} @ https://onvio.com.br/notification/default-node_modules_onviobr_profile-screen_index_js.d2d5fd91d2f1fa84a995.js:0
[   32337ms] [WARNING] Custom element bm-linked-account-detail is already registered and the constructors are not the same function n(){var t,r;(0,i.Z)(this,n);for(var a=arguments.length,o=new Array(a),s=0;s<a;s++)o[s]=arguments[s];return(r=e.call.apply(e,y()(t=[this]).call(t,o))).account={},r} function j(){var ge,$e;(0,Xl.Z)(this,j);for(var Rt=arguments.length,bn=new Array(Rt),Vn=0;Vn<Rt;Vn++)bn[Vn]=arguments[Vn];return($e=Ft.call.apply(Ft,da()(ge=[this]).call(ge,bn))).account={},$e} @ https://onvio.com.br/notification/default-node_modules_onviobr_profile-screen_index_js.d2d5fd91d2f1fa84a995.js:0
[   32337ms] [WARNING] Custom element bm-alert is already registered and the constructors are not the same function n(){var t,r;(0,i.default)(this,n);for(var a=arguments.length,s=new Array(a),l=0;l<a;l++)s[l]=arguments[l];return(r=e.call.apply(e,(0,o.default)(t=[this]).call(t,s))).type="info",r.closeable=!1,r} function g(){var T,R;(0,v.default)(this,g);for(var k=arguments.length,L=new Array(k),$=0;$<k;$++)L[$]=arguments[$];return(R=p.call.apply(p,(0,d.default)(T=[this]).call(T,L))).type="info",R.closeable=!1,R} @ https://onvio.com.br/notification/default-node_modules_onviobr_profile-screen_index_js.d2d5fd91d2f1fa84a995.js:0
[   32338ms] [WARNING] Custom element bm-alerts is already registered and the constructors are not the same function n(){var t,r;(0,v.default)(this,n);for(var a=arguments.length,o=new Array(a),i=0;i<a;i++)o[i]=arguments[i];return(r=e.call.apply(e,(0,f.default)(t=[this]).call(t,o))).alerts=[],r} function re(){var U,q;(0,E.default)(this,re);for(var ie=arguments.length,J=new Array(ie),G=0;G<ie;G++)J[G]=arguments[G];return(q=se.call.apply(se,(0,O.default)(U=[this]).call(U,J))).alerts=[],q} @ https://onvio.com.br/notification/default-node_modules_onviobr_profile-screen_index_js.d2d5fd91d2f1fa84a995.js:0
[   32338ms] [WARNING] Custom element bm-modal is already registered and the constructors are not the same function n(){var t,r;(0,s.default)(this,n);for(var a=arguments.length,o=new Array(a),l=0;l<a;l++)o[l]=arguments[l];return(r=e.call.apply(e,(0,i.default)(t=[this]).call(t,o))).modalTitle=void 0,r.modalSize="medium",r.backdropClose=!0,r.focusModal=!0,r.focusCloseBtn=!1,r.closeButtonQeId=void 0,r} function $(){var B,K;(0,v.default)(this,$);for(var ce=arguments.length,Y=new Array(ce),se=0;se<ce;se++)Y[se]=arguments[se];return(K=L.call.apply(L,(0,d.default)(B=[this]).call(B,Y))).modalTitle=void 0,K.modalSize="medium",K.backdropClose=!0,K.focusModal=!0,K.focusCloseBtn=!1,K.closeButtonQeId=void 0,K} @ https://onvio.com.br/notification/default-node_modules_onviobr_profile-screen_index_js.d2d5fd91d2f1fa84a995.js:0
[   32338ms] [WARNING] Custom element bm-loading is already registered and the constructors are not the same function n(){var t;return(0,o.default)(this,n),(t=e.call(this)).delay=300,t.active=!1,t.createVisibilityChanger(),t} function R(){var k;return(0,f.default)(this,R),(k=T.call(this)).delay=300,k.active=!1,k.createVisibilityChanger(),k} @ https://onvio.com.br/notification/default-node_modules_onviobr_profile-screen_index_js.d2d5fd91d2f1fa84a995.js:0
[   32338ms] [WARNING] Custom element bm-linked-account-detail is already registered and the constructors are not the same function n(){var t,r;(0,i.Z)(this,n);for(var a=arguments.length,o=new Array(a),s=0;s<a;s++)o[s]=arguments[s];return(r=e.call.apply(e,y()(t=[this]).call(t,o))).account={},r} function j(){var ge,$e;(0,Xl.Z)(this,j);for(var Rt=arguments.length,bn=new Array(Rt),Vn=0;Vn<Rt;Vn++)bn[Vn]=arguments[Vn];return($e=Ft.call.apply(Ft,da()(ge=[this]).call(ge,bn))).account={},$e} @ https://onvio.com.br/notification/default-node_modules_onviobr_profile-screen_index_js.d2d5fd91d2f1fa84a995.js:0
[   32338ms] [WARNING] Custom element bm-linked-account-add is already registered and the constructors are not the same function r(){var t,e;(0,i.Z)(this,r);for(var a=arguments.length,o=new Array(a),s=0;s<a;s++)o[s]=arguments[s];return(e=n.call.apply(n,y()(t=[this]).call(t,o))).email="",e.password="",e.working=!1,e} function j(){var ge,$e;(0,Xl.Z)(this,j);for(var Rt=arguments.length,bn=new Array(Rt),Vn=0;Vn<Rt;Vn++)bn[Vn]=arguments[Vn];return($e=Ft.call.apply(Ft,da()(ge=[this]).call(ge,bn))).email="",$e.password="",$e.working=!1,$e} @ https://onvio.com.br/notification/default-node_modules_onviobr_profile-screen_index_js.d2d5fd91d2f1fa84a995.js:0
[   32338ms] [WARNING] Custom element bm-alert is already registered and the constructors are not the same function n(){var t,r;(0,i.default)(this,n);for(var a=arguments.length,s=new Array(a),l=0;l<a;l++)s[l]=arguments[l];return(r=e.call.apply(e,(0,o.default)(t=[this]).call(t,s))).type="info",r.closeable=!1,r} function g(){var T,R;(0,v.default)(this,g);for(var k=arguments.length,L=new Array(k),$=0;$<k;$++)L[$]=arguments[$];return(R=p.call.apply(p,(0,d.default)(T=[this]).call(T,L))).type="info",R.closeable=!1,R} @ https://onvio.com.br/notification/default-node_modules_onviobr_profile-screen_index_js.d2d5fd91d2f1fa84a995.js:0
[   32338ms] [WARNING] Custom element bm-alerts is already registered and the constructors are not the same function n(){var t,r;(0,v.default)(this,n);for(var a=arguments.length,o=new Array(a),i=0;i<a;i++)o[i]=arguments[i];return(r=e.call.apply(e,(0,f.default)(t=[this]).call(t,o))).alerts=[],r} function re(){var U,q;(0,E.default)(this,re);for(var ie=arguments.length,J=new Array(ie),G=0;G<ie;G++)J[G]=arguments[G];return(q=se.call.apply(se,(0,O.default)(U=[this]).call(U,J))).alerts=[],q} @ https://onvio.com.br/notification/default-node_modules_onviobr_profile-screen_index_js.d2d5fd91d2f1fa84a995.js:0
[   32339ms] [WARNING] Custom element bm-modal is already registered and the constructors are not the same function n(){var t,r;(0,s.default)(this,n);for(var a=arguments.length,o=new Array(a),l=0;l<a;l++)o[l]=arguments[l];return(r=e.call.apply(e,(0,i.default)(t=[this]).call(t,o))).modalTitle=void 0,r.modalSize="medium",r.backdropClose=!0,r.focusModal=!0,r.focusCloseBtn=!1,r.closeButtonQeId=void 0,r} function $(){var B,K;(0,v.default)(this,$);for(var ce=arguments.length,Y=new Array(ce),se=0;se<ce;se++)Y[se]=arguments[se];return(K=L.call.apply(L,(0,d.default)(B=[this]).call(B,Y))).modalTitle=void 0,K.modalSize="medium",K.backdropClose=!0,K.focusModal=!0,K.focusCloseBtn=!1,K.closeButtonQeId=void 0,K} @ https://onvio.com.br/notification/default-node_modules_onviobr_profile-screen_index_js.d2d5fd91d2f1fa84a995.js:0
[   32339ms] [WARNING] Custom element bm-loading is already registered and the constructors are not the same function n(){var t;return(0,o.default)(this,n),(t=e.call(this)).delay=300,t.active=!1,t.createVisibilityChanger(),t} function R(){var k;return(0,f.default)(this,R),(k=T.call(this)).delay=300,k.active=!1,k.createVisibilityChanger(),k} @ https://onvio.com.br/notification/default-node_modules_onviobr_profile-screen_index_js.d2d5fd91d2f1fa84a995.js:0
[   32339ms] [WARNING] Custom element bm-linked-account-detail is already registered and the constructors are not the same function n(){var t,r;(0,i.Z)(this,n);for(var a=arguments.length,o=new Array(a),s=0;s<a;s++)o[s]=arguments[s];return(r=e.call.apply(e,y()(t=[this]).call(t,o))).account={},r} function j(){var ge,$e;(0,Xl.Z)(this,j);for(var Rt=arguments.length,bn=new Array(Rt),Vn=0;Vn<Rt;Vn++)bn[Vn]=arguments[Vn];return($e=Ft.call.apply(Ft,da()(ge=[this]).call(ge,bn))).account={},$e} @ https://onvio.com.br/notification/default-node_modules_onviobr_profile-screen_index_js.d2d5fd91d2f1fa84a995.js:0
[   32339ms] [WARNING] Custom element bm-settings-linked-accounts-edit is already registered and the constructors are not the same function r(){var t,e;(0,i.Z)(this,r);for(var a=arguments.length,o=new Array(a),s=0;s<a;s++)o[s]=arguments[s];return(e=n.call.apply(n,y()(t=[this]).call(t,o))).account={},e.nickname="",e.working=!1,e} function j(){var ge,$e;(0,Xl.Z)(this,j);for(var Rt=arguments.length,bn=new Array(Rt),Vn=0;Vn<Rt;Vn++)bn[Vn]=arguments[Vn];return($e=Ft.call.apply(Ft,da()(ge=[this]).call(ge,bn))).account={},$e.nickname="",$e.working=!1,$e} @ https://onvio.com.br/notification/default-node_modules_onviobr_profile-screen_index_js.d2d5fd91d2f1fa84a995.js:0
[   32339ms] [WARNING] Custom element bm-settings-linked-accounts is already registered and the constructors are not the same function w(){var t;return(0,i.Z)(this,w),(t=b.call(this)).hideTitle=!1,t.product=rn.onvio,t.profileType=void 0,t.accounts=[],t.profile={},t.currentUser=null,t.isUnlinkButtonDisabled=!1,t.working=!1,t.commBus=void 0,t.commBus=(0,it.omnibus)("linked-account"),t} function j(){var ge;return(0,Xl.Z)(this,j),(ge=Ft.call(this)).hideTitle=!1,ge.product="onvio",ge.profileType=void 0,ge.accounts=[],ge.profile={},ge.currentUser=null,ge.isUnlinkButtonDisabled=!1,ge.working=!1,ge.commBus=void 0,ge.commBus=(0,tC.omnibus)("linked-account"),ge} @ https://onvio.com.br/notification/default-node_modules_onviobr_profile-screen_index_js.d2d5fd91d2f1fa84a995.js:0
[   32340ms] [WARNING] Custom element bm-settings-menu is already registered and the constructors are not the same function r(){var t;return(0,i.Z)(this,r),(t=n.call(this)).active="",t.isMenuOpen=!1,t.showMenu=!1,t.showMenu=tr.matches,t.onMediaQueryChange=t.onMediaQueryChange.bind((0,G.Z)(t)),t} function j(){var ge;return(0,Xl.Z)(this,j),(ge=Ft.call(this)).active="",ge.isMenuOpen=!1,ge.showMenu=!1,ge.showMenu=M0.matches,ge.onMediaQueryChange=ge.onMediaQueryChange.bind((0,gc.Z)(ge)),ge} @ https://onvio.com.br/notification/default-node_modules_onviobr_profile-screen_index_js.d2d5fd91d2f1fa84a995.js:0
[   32340ms] [WARNING] Custom element bm-alert is already registered and the constructors are not the same function n(){var t,r;(0,i.default)(this,n);for(var a=arguments.length,s=new Array(a),l=0;l<a;l++)s[l]=arguments[l];return(r=e.call.apply(e,(0,o.default)(t=[this]).call(t,s))).type="info",r.closeable=!1,r} function g(){var T,R;(0,v.default)(this,g);for(var k=arguments.length,L=new Array(k),$=0;$<k;$++)L[$]=arguments[$];return(R=p.call.apply(p,(0,d.default)(T=[this]).call(T,L))).type="info",R.closeable=!1,R} @ https://onvio.com.br/notification/default-node_modules_onviobr_profile-screen_index_js.d2d5fd91d2f1fa84a995.js:0
[   32340ms] [WARNING] Custom element bm-alerts is already registered and the constructors are not the same function n(){var t,r;(0,v.default)(this,n);for(var a=arguments.length,o=new Array(a),i=0;i<a;i++)o[i]=arguments[i];return(r=e.call.apply(e,(0,f.default)(t=[this]).call(t,o))).alerts=[],r} function re(){var U,q;(0,E.default)(this,re);for(var ie=arguments.length,J=new Array(ie),G=0;G<ie;G++)J[G]=arguments[G];return(q=se.call.apply(se,(0,O.default)(U=[this]).call(U,J))).alerts=[],q} @ https://onvio.com.br/notification/default-node_modules_onviobr_profile-screen_index_js.d2d5fd91d2f1fa84a995.js:0
[   32340ms] [WARNING] Custom element bm-loading is already registered and the constructors are not the same function n(){var t;return(0,o.default)(this,n),(t=e.call(this)).delay=300,t.active=!1,t.createVisibilityChanger(),t} function R(){var k;return(0,f.default)(this,R),(k=T.call(this)).delay=300,k.active=!1,k.createVisibilityChanger(),k} @ https://onvio.com.br/notification/default-node_modules_onviobr_profile-screen_index_js.d2d5fd91d2f1fa84a995.js:0
[   32340ms] [WARNING] Custom element bm-settings-page-layout is already registered and the constructors are not the same function r(){var t;return(0,i.Z)(this,r),(t=n.call(this)).hideSave=!1,t.profileType=void 0,t.profile={},t._onSave=t._onSave.bind((0,G.Z)(t)),t._onKeyup=t._onKeyup.bind((0,G.Z)(t)),t} function j(){var ge;return(0,Xl.Z)(this,j),(ge=Ft.call(this)).hideSave=!1,ge.profileType=void 0,ge.profile={},ge._onSave=ge._onSave.bind((0,gc.Z)(ge)),ge._onKeyup=ge._onKeyup.bind((0,gc.Z)(ge)),ge} @ https://onvio.com.br/notification/default-node_modules_onviobr_profile-screen_index_js.d2d5fd91d2f1fa84a995.js:0
[   32340ms] [WARNING] Custom element bm-alert is already registered and the constructors are not the same function n(){var t,r;(0,i.default)(this,n);for(var a=arguments.length,s=new Array(a),l=0;l<a;l++)s[l]=arguments[l];return(r=e.call.apply(e,(0,o.default)(t=[this]).call(t,s))).type="info",r.closeable=!1,r} function g(){var T,R;(0,v.default)(this,g);for(var k=arguments.length,L=new Array(k),$=0;$<k;$++)L[$]=arguments[$];return(R=p.call.apply(p,(0,d.default)(T=[this]).call(T,L))).type="info",R.closeable=!1,R} @ https://onvio.com.br/notification/default-node_modules_onviobr_profile-screen_index_js.d2d5fd91d2f1fa84a995.js:0
[   32341ms] [WARNING] Custom element bm-alerts is already registered and the constructors are not the same function n(){var t,r;(0,v.default)(this,n);for(var a=arguments.length,o=new Array(a),i=0;i<a;i++)o[i]=arguments[i];return(r=e.call.apply(e,(0,f.default)(t=[this]).call(t,o))).alerts=[],r} function re(){var U,q;(0,E.default)(this,re);for(var ie=arguments.length,J=new Array(ie),G=0;G<ie;G++)J[G]=arguments[G];return(q=se.call.apply(se,(0,O.default)(U=[this]).call(U,J))).alerts=[],q} @ https://onvio.com.br/notification/default-node_modules_onviobr_profile-screen_index_js.d2d5fd91d2f1fa84a995.js:0
[   32341ms] [WARNING] Custom element bm-modal is already registered and the constructors are not the same function n(){var t,r;(0,s.default)(this,n);for(var a=arguments.length,o=new Array(a),l=0;l<a;l++)o[l]=arguments[l];return(r=e.call.apply(e,(0,i.default)(t=[this]).call(t,o))).modalTitle=void 0,r.modalSize="medium",r.backdropClose=!0,r.focusModal=!0,r.focusCloseBtn=!1,r.closeButtonQeId=void 0,r} function $(){var B,K;(0,v.default)(this,$);for(var ce=arguments.length,Y=new Array(ce),se=0;se<ce;se++)Y[se]=arguments[se];return(K=L.call.apply(L,(0,d.default)(B=[this]).call(B,Y))).modalTitle=void 0,K.modalSize="medium",K.backdropClose=!0,K.focusModal=!0,K.focusCloseBtn=!1,K.closeButtonQeId=void 0,K} @ https://onvio.com.br/notification/default-node_modules_onviobr_profile-screen_index_js.d2d5fd91d2f1fa84a995.js:0
[   32341ms] [WARNING] Custom element bm-loading is already registered and the constructors are not the same function n(){var t;return(0,o.default)(this,n),(t=e.call(this)).delay=300,t.active=!1,t.createVisibilityChanger(),t} function R(){var k;return(0,f.default)(this,R),(k=T.call(this)).delay=300,k.active=!1,k.createVisibilityChanger(),k} @ https://onvio.com.br/notification/default-node_modules_onviobr_profile-screen_index_js.d2d5fd91d2f1fa84a995.js:0
[   32341ms] [WARNING] Custom element bm-settings-password-check is already registered and the constructors are not the same function r(){var t;return(0,i.Z)(this,r),(t=n.call(this)).password="",t.email="",t.description="password.check.description",t.confirmLabel="common.confirm",t.cancelLabel="common.cancel",t.working=!1,t.onSubmit=t.onSubmit.bind((0,G.Z)(t)),t} function j(){var ge;return(0,Xl.Z)(this,j),(ge=Ft.call(this)).password="",ge.email="",ge.description="password.check.description",ge.confirmLabel="common.confirm",ge.cancelLabel="common.cancel",ge.working=!1,ge.onSubmit=ge.onSubmit.bind((0,gc.Z)(ge)),ge} @ https://onvio.com.br/notification/default-node_modules_onviobr_profile-screen_index_js.d2d5fd91d2f1fa84a995.js:0
[   32341ms] [WARNING] Custom element bm-settings-mfa is already registered and the constructors are not the same function w(){var t,e;(0,i.Z)(this,w);for(var n=arguments.length,r=new Array(n),a=0;a<n;a++)r[a]=arguments[a];return(e=b.call.apply(b,y()(t=[this]).call(t,r))).mode=void 0,e.factors=[],e.required=!1,e.user={},e.working=!1,e.isClient=!1,e} function j(){var ge,$e;(0,Xl.Z)(this,j);for(var Rt=arguments.length,bn=new Array(Rt),Vn=0;Vn<Rt;Vn++)bn[Vn]=arguments[Vn];return($e=Ft.call.apply(Ft,da()(ge=[this]).call(ge,bn))).mode=void 0,$e.factors=[],$e.required=!1,$e.user={},$e.working=!1,$e.isClient=!1,$e} @ https://onvio.com.br/notification/default-node_modules_onviobr_profile-screen_index_js.d2d5fd91d2f1fa84a995.js:0
[   32341ms] [WARNING] Custom element bm-alert is already registered and the constructors are not the same function n(){var t,r;(0,i.default)(this,n);for(var a=arguments.length,s=new Array(a),l=0;l<a;l++)s[l]=arguments[l];return(r=e.call.apply(e,(0,o.default)(t=[this]).call(t,s))).type="info",r.closeable=!1,r} function g(){var T,R;(0,v.default)(this,g);for(var k=arguments.length,L=new Array(k),$=0;$<k;$++)L[$]=arguments[$];return(R=p.call.apply(p,(0,d.default)(T=[this]).call(T,L))).type="info",R.closeable=!1,R} @ https://onvio.com.br/notification/default-node_modules_onviobr_profile-screen_index_js.d2d5fd91d2f1fa84a995.js:0
[   32341ms] [WARNING] Custom element bm-alerts is already registered and the constructors are not the same function n(){var t,r;(0,v.default)(this,n);for(var a=arguments.length,o=new Array(a),i=0;i<a;i++)o[i]=arguments[i];return(r=e.call.apply(e,(0,f.default)(t=[this]).call(t,o))).alerts=[],r} function re(){var U,q;(0,E.default)(this,re);for(var ie=arguments.length,J=new Array(ie),G=0;G<ie;G++)J[G]=arguments[G];return(q=se.call.apply(se,(0,O.default)(U=[this]).call(U,J))).alerts=[],q} @ https://onvio.com.br/notification/default-node_modules_onviobr_profile-screen_index_js.d2d5fd91d2f1fa84a995.js:0
[   32342ms] [WARNING] Custom element bm-loading is already registered and the constructors are not the same function n(){var t;return(0,o.default)(this,n),(t=e.call(this)).delay=300,t.active=!1,t.createVisibilityChanger(),t} function R(){var k;return(0,f.default)(this,R),(k=T.call(this)).delay=300,k.active=!1,k.createVisibilityChanger(),k} @ https://onvio.com.br/notification/default-node_modules_onviobr_profile-screen_index_js.d2d5fd91d2f1fa84a995.js:0
[   32342ms] [WARNING] Custom element bm-settings-page-layout is already registered and the constructors are not the same function r(){var t;return(0,i.Z)(this,r),(t=n.call(this)).hideSave=!1,t.profileType=void 0,t.profile={},t._onSave=t._onSave.bind((0,G.Z)(t)),t._onKeyup=t._onKeyup.bind((0,G.Z)(t)),t} function j(){var ge;return(0,Xl.Z)(this,j),(ge=Ft.call(this)).hideSave=!1,ge.profileType=void 0,ge.profile={},ge._onSave=ge._onSave.bind((0,gc.Z)(ge)),ge._onKeyup=ge._onKeyup.bind((0,gc.Z)(ge)),ge} @ https://onvio.com.br/notification/default-node_modules_onviobr_profile-screen_index_js.d2d5fd91d2f1fa84a995.js:0
[   32342ms] [WARNING] Custom element bm-settings-password-validation is already registered and the constructors are not the same function a(){var t,e;(0,i.Z)(this,a);for(var n=arguments.length,o=new Array(n),s=0;s<n;s++)o[s]=arguments[s];return(e=r.call.apply(r,y()(t=[this]).call(t,o))).password="",e.rules=void 0,e} function j(){var ge,$e;(0,Xl.Z)(this,j);for(var Rt=arguments.length,bn=new Array(Rt),Vn=0;Vn<Rt;Vn++)bn[Vn]=arguments[Vn];return($e=Ft.call.apply(Ft,da()(ge=[this]).call(ge,bn))).password="",$e.rules=void 0,$e} @ https://onvio.com.br/notification/default-node_modules_onviobr_profile-screen_index_js.d2d5fd91d2f1fa84a995.js:0
[   32342ms] [WARNING] Custom element bm-settings-password is already registered and the constructors are not the same function f(){var t;return(0,i.Z)(this,f),(t=p.call(this)).email="",t.password={current:"",new:"",confirm:""},t.rules=void 0,t.working=!1,t.showTyping=!1,t.capsLockOn=!1,t.newPasswordCorrent=!1,t.onKeyDown=t.onKeyDown.bind((0,G.Z)(t)),t} function j(){var ge;return(0,Xl.Z)(this,j),(ge=Ft.call(this)).email="",ge.password={current:"",new:"",confirm:""},ge.rules=void 0,ge.working=!1,ge.showTyping=!1,ge.capsLockOn=!1,ge.newPasswordCorrent=!1,ge.onKeyDown=ge.onKeyDown.bind((0,gc.Z)(ge)),ge} @ https://onvio.com.br/notification/default-node_modules_onviobr_profile-screen_index_js.d2d5fd91d2f1fa84a995.js:0
[   32342ms] [WARNING] Custom element bm-settings-screen is already registered and the constructors are not the same function r(){var t;return(0,i.Z)(this,r),(t=n.call(this)).section=void 0,t.mode=void 0,t.product=void 0,t.language=(0,U.getCurrentLanguage)(),t.hideLanguage=!1,t.hideMiddleName=!1,t.profileType="auth0",t.section=pr.accountInfo.code,(0,U.changeLanguage)(t.language),t} function j(){var ge;return(0,Xl.Z)(this,j),(ge=Ft.call(this)).section=void 0,ge.mode=void 0,ge.product=void 0,ge.language=(0,aa.getCurrentLanguage)(),ge.hideLanguage=!1,ge.hideMiddleName=!1,ge.profileType="auth0",ge.section=hv.accountInfo.code,(0,aa.changeLanguage)(ge.language),ge} @ https://onvio.com.br/notification/default-node_modules_onviobr_profile-screen_index_js.d2d5fd91d2f1fa84a995.js:0
[   32343ms] [WARNING] Failed to decode downloaded font: https://onvio.com.br/staff/SourceSans3VF-Upright.ttf.e7f20fc9b00b0e8a.woff2 @ https://onvio.com.br/staff/#/dashboard-core-center:0
[   32343ms] [WARNING] OTS parsing error: Failed to convert WOFF 2.0 font to SFNT @ https://onvio.com.br/staff/#/dashboard-core-center:0
[   32344ms] [WARNING] Failed to decode downloaded font: https://onvio.com.br/staff/SourceSans3-Regular.ttf.dab9805cb7eb3d8f.woff @ https://onvio.com.br/staff/#/dashboard-core-center:0
[   32344ms] [WARNING] OTS parsing error: incorrect file size in WOFF header @ https://onvio.com.br/staff/#/dashboard-core-center:0
[   32344ms] [WARNING] Failed to decode downloaded font: https://onvio.com.br/staff/SourceSans3-Regular.114f93b5f3b7d159.otf @ https://onvio.com.br/staff/#/dashboard-core-center:0
[   32344ms] [WARNING] OTS parsing error: bad table directory searchRange
bad table directory entrySelector
bad table directory rangeShift
Invalid table tag: 0x604241
 `BA: misaligned table @ https://onvio.com.br/staff/#/dashboard-core-center:0
[   32345ms] [WARNING] Failed to decode downloaded font: https://onvio.com.br/staff/SourceSans3-Regular.ab920762075b81fb.ttf @ https://onvio.com.br/staff/#/dashboard-core-center:0
[   32345ms] [WARNING] OTS parsing error: BASE: invalid table offset @ https://onvio.com.br/staff/#/dashboard-core-center:0
[   32345ms] [WARNING] Failed to decode downloaded font: https://onvio.com.br/staff/SourceSans3VF-Upright.ttf.e7f20fc9b00b0e8a.woff2 @ https://onvio.com.br/staff/#/dashboard-core-center:0
[   32345ms] [WARNING] OTS parsing error: Failed to convert WOFF 2.0 font to SFNT @ https://onvio.com.br/staff/#/dashboard-core-center:0
[   32345ms] [WARNING] Failed to decode downloaded font: https://onvio.com.br/staff/SourceSans3-Regular.ttf.dab9805cb7eb3d8f.woff @ https://onvio.com.br/staff/#/dashboard-core-center:0
[   32345ms] [WARNING] OTS parsing error: incorrect file size in WOFF header @ https://onvio.com.br/staff/#/dashboard-core-center:0
[   32345ms] [WARNING] Failed to decode downloaded font: https://onvio.com.br/staff/SourceSans3-Regular.114f93b5f3b7d159.otf @ https://onvio.com.br/staff/#/dashboard-core-center:0
[   32346ms] [WARNING] OTS parsing error: bad table directory searchRange
bad table directory entrySelector
bad table directory rangeShift
Invalid table tag: 0x604241
 `BA: misaligned table @ https://onvio.com.br/staff/#/dashboard-core-center:0
[   32346ms] [WARNING] Failed to decode downloaded font: https://onvio.com.br/staff/SourceSans3-Regular.ab920762075b81fb.ttf @ https://onvio.com.br/staff/#/dashboard-core-center:0
[   32346ms] [WARNING] OTS parsing error: BASE: invalid table offset @ https://onvio.com.br/staff/#/dashboard-core-center:0
[   32346ms] [WARNING] Failed to decode downloaded font: https://onvio.com.br/staff/SourceSans3VF-Upright.ttf.e7f20fc9b00b0e8a.woff2 @ https://onvio.com.br/staff/#/dashboard-core-center:0
[   32346ms] [WARNING] OTS parsing error: Failed to convert WOFF 2.0 font to SFNT @ https://onvio.com.br/staff/#/dashboard-core-center:0
[   32346ms] [WARNING] Failed to decode downloaded font: https://onvio.com.br/staff/SourceSans3-Regular.ttf.dab9805cb7eb3d8f.woff @ https://onvio.com.br/staff/#/dashboard-core-center:0
[   32346ms] [WARNING] OTS parsing error: incorrect file size in WOFF header @ https://onvio.com.br/staff/#/dashboard-core-center:0
[   32346ms] [WARNING] Failed to decode downloaded font: https://onvio.com.br/staff/SourceSans3-Regular.114f93b5f3b7d159.otf @ https://onvio.com.br/staff/#/dashboard-core-center:0
[   32346ms] [WARNING] OTS parsing error: bad table directory searchRange
bad table directory entrySelector
bad table directory rangeShift
Invalid table tag: 0x604241
 `BA: misaligned table @ https://onvio.com.br/staff/#/dashboard-core-center:0
[   32346ms] [WARNING] Failed to decode downloaded font: https://onvio.com.br/staff/SourceSans3-Regular.ab920762075b81fb.ttf @ https://onvio.com.br/staff/#/dashboard-core-center:0
[   32347ms] [WARNING] OTS parsing error: BASE: invalid table offset @ https://onvio.com.br/staff/#/dashboard-core-center:0
[   32347ms] [WARNING] Failed to decode downloaded font: https://onvio.com.br/staff/SourceSans3VF-Upright.ttf.e7f20fc9b00b0e8a.woff2 @ https://onvio.com.br/staff/#/dashboard-core-center:0
[   32347ms] [WARNING] OTS parsing error: Failed to convert WOFF 2.0 font to SFNT @ https://onvio.com.br/staff/#/dashboard-core-center:0
[   32347ms] [WARNING] Failed to decode downloaded font: https://onvio.com.br/staff/SourceSans3-Regular.ttf.dab9805cb7eb3d8f.woff @ https://onvio.com.br/staff/#/dashboard-core-center:0
[   32347ms] [WARNING] OTS parsing error: incorrect file size in WOFF header @ https://onvio.com.br/staff/#/dashboard-core-center:0
[   32347ms] [WARNING] Failed to decode downloaded font: https://onvio.com.br/staff/SourceSans3-Regular.114f93b5f3b7d159.otf @ https://onvio.com.br/staff/#/dashboard-core-center:0
[   32347ms] [WARNING] OTS parsing error: bad table directory searchRange
bad table directory entrySelector
bad table directory rangeShift
Invalid table tag: 0x604241
 `BA: misaligned table @ https://onvio.com.br/staff/#/dashboard-core-center:0
[   32347ms] [WARNING] Failed to decode downloaded font: https://onvio.com.br/staff/SourceSans3-Regular.ab920762075b81fb.ttf @ https://onvio.com.br/staff/#/dashboard-core-center:0
[   32347ms] [WARNING] OTS parsing error: BASE: invalid table offset @ https://onvio.com.br/staff/#/dashboard-core-center:0
[   32348ms] [WARNING] Failed to decode downloaded font: https://onvio.com.br/staff/SourceSans3VF-Upright.ttf.e7f20fc9b00b0e8a.woff2 @ https://onvio.com.br/staff/#/dashboard-core-center:0
[   32348ms] [WARNING] OTS parsing error: Failed to convert WOFF 2.0 font to SFNT @ https://onvio.com.br/staff/#/dashboard-core-center:0
[   32348ms] [WARNING] Failed to decode downloaded font: https://onvio.com.br/staff/SourceSans3-Regular.ttf.dab9805cb7eb3d8f.woff @ https://onvio.com.br/staff/#/dashboard-core-center:0
[   32348ms] [WARNING] OTS parsing error: incorrect file size in WOFF header @ https://onvio.com.br/staff/#/dashboard-core-center:0
[   32348ms] [WARNING] Failed to decode downloaded font: https://onvio.com.br/staff/SourceSans3-Regular.114f93b5f3b7d159.otf @ https://onvio.com.br/staff/#/dashboard-core-center:0
[   32348ms] [WARNING] OTS parsing error: bad table directory searchRange
bad table directory entrySelector
bad table directory rangeShift
Invalid table tag: 0x604241
 `BA: misaligned table @ https://onvio.com.br/staff/#/dashboard-core-center:0
[   32348ms] [WARNING] Failed to decode downloaded font: https://onvio.com.br/staff/SourceSans3-Regular.ab920762075b81fb.ttf @ https://onvio.com.br/staff/#/dashboard-core-center:0
[   32348ms] [WARNING] OTS parsing error: BASE: invalid table offset @ https://onvio.com.br/staff/#/dashboard-core-center:0
[   32349ms] [WARNING] Failed to decode downloaded font: https://onvio.com.br/staff/SourceSans3VF-Upright.ttf.e7f20fc9b00b0e8a.woff2 @ https://onvio.com.br/staff/#/dashboard-core-center:0
[   32349ms] [WARNING] OTS parsing error: Failed to convert WOFF 2.0 font to SFNT @ https://onvio.com.br/staff/#/dashboard-core-center:0
[   32349ms] [WARNING] Failed to decode downloaded font: https://onvio.com.br/staff/SourceSans3VF-Upright.ttf.e7f20fc9b00b0e8a.woff2 @ https://onvio.com.br/staff/#/dashboard-core-center:0
[   32349ms] [WARNING] OTS parsing error: Failed to convert WOFF 2.0 font to SFNT @ https://onvio.com.br/staff/#/dashboard-core-center:0
[   32349ms] [WARNING] Failed to decode downloaded font: https://onvio.com.br/staff/SourceSans3VF-Upright.ttf.e7f20fc9b00b0e8a.woff2 @ https://onvio.com.br/staff/#/dashboard-core-center:0
[   32349ms] [WARNING] OTS parsing error: Failed to convert WOFF 2.0 font to SFNT @ https://onvio.com.br/staff/#/dashboard-core-center:0
[   32349ms] [WARNING] Failed to decode downloaded font: https://onvio.com.br/staff/SourceSans3VF-Upright.ttf.e7f20fc9b00b0e8a.woff2 @ https://onvio.com.br/staff/#/dashboard-core-center:0
[   32350ms] [WARNING] OTS parsing error: Failed to convert WOFF 2.0 font to SFNT @ https://onvio.com.br/staff/#/dashboard-core-center:0
[   32350ms] [WARNING] Failed to decode downloaded font: https://onvio.com.br/staff/SourceSans3VF-Upright.ttf.e7f20fc9b00b0e8a.woff2 @ https://onvio.com.br/staff/#/dashboard-core-center:0
[   32350ms] [WARNING] OTS parsing error: Failed to convert WOFF 2.0 font to SFNT @ https://onvio.com.br/staff/#/dashboard-core-center:0
[   32350ms] [WARNING] Failed to decode downloaded font: https://onvio.com.br/staff/SourceSans3VF-Upright.ttf.e7f20fc9b00b0e8a.woff2 @ https://onvio.com.br/staff/#/dashboard-core-center:0
[   32350ms] [WARNING] OTS parsing error: Failed to convert WOFF 2.0 font to SFNT @ https://onvio.com.br/staff/#/dashboard-core-center:0
[   32350ms] [WARNING] Failed to decode downloaded font: https://onvio.com.br/staff/SourceSans3VF-Upright.ttf.e7f20fc9b00b0e8a.woff2 @ https://onvio.com.br/staff/#/dashboard-core-center:0
[   32350ms] [WARNING] OTS parsing error: Failed to convert WOFF 2.0 font to SFNT @ https://onvio.com.br/staff/#/dashboard-core-center:0
[   32350ms] [WARNING] Failed to decode downloaded font: https://onvio.com.br/staff/SourceSans3VF-Upright.ttf.e7f20fc9b00b0e8a.woff2 @ https://onvio.com.br/staff/#/dashboard-core-center:0
[   32351ms] [WARNING] OTS parsing error: Failed to convert WOFF 2.0 font to SFNT @ https://onvio.com.br/staff/#/dashboard-core-center:0
[   32351ms] [WARNING] Failed to decode downloaded font: https://onvio.com.br/staff/SourceSans3VF-Upright.ttf.e7f20fc9b00b0e8a.woff2 @ https://onvio.com.br/staff/#/dashboard-core-center:0
[   32351ms] [WARNING] OTS parsing error: Failed to convert WOFF 2.0 font to SFNT @ https://onvio.com.br/staff/#/dashboard-core-center:0
[   32351ms] [WARNING] Failed to decode downloaded font: https://onvio.com.br/staff/SourceSans3-Regular.ttf.dab9805cb7eb3d8f.woff @ https://onvio.com.br/staff/#/dashboard-core-center:0
[   32351ms] [WARNING] OTS parsing error: incorrect file size in WOFF header @ https://onvio.com.br/staff/#/dashboard-core-center:0
[   32352ms] [WARNING] Failed to decode downloaded font: https://onvio.com.br/staff/SourceSans3-Regular.114f93b5f3b7d159.otf @ https://onvio.com.br/staff/#/dashboard-core-center:0
[   32352ms] [WARNING] OTS parsing error: bad table directory searchRange
bad table directory entrySelector
bad table directory rangeShift
Invalid table tag: 0x604241
 `BA: misaligned table @ https://onvio.com.br/staff/#/dashboard-core-center:0
[   32352ms] [WARNING] Failed to decode downloaded font: https://onvio.com.br/staff/SourceSans3-Regular.ab920762075b81fb.ttf @ https://onvio.com.br/staff/#/dashboard-core-center:0
[   32352ms] [WARNING] OTS parsing error: BASE: invalid table offset @ https://onvio.com.br/staff/#/dashboard-core-center:0
[   32352ms] [WARNING] Failed to decode downloaded font: https://onvio.com.br/staff/SourceSans3VF-Upright.ttf.e7f20fc9b00b0e8a.woff2 @ https://onvio.com.br/staff/#/dashboard-core-center:0
[   32352ms] [WARNING] OTS parsing error: Failed to convert WOFF 2.0 font to SFNT @ https://onvio.com.br/staff/#/dashboard-core-center:0
[   32352ms] [WARNING] Failed to decode downloaded font: https://onvio.com.br/staff/SourceSans3-Regular.ttf.dab9805cb7eb3d8f.woff @ https://onvio.com.br/staff/#/dashboard-core-center:0
[   32352ms] [WARNING] OTS parsing error: incorrect file size in WOFF header @ https://onvio.com.br/staff/#/dashboard-core-center:0
[   32352ms] [WARNING] Failed to decode downloaded font: https://onvio.com.br/staff/SourceSans3-Regular.114f93b5f3b7d159.otf @ https://onvio.com.br/staff/#/dashboard-core-center:0
[   32353ms] [WARNING] OTS parsing error: bad table directory searchRange
bad table directory entrySelector
bad table directory rangeShift
Invalid table tag: 0x604241
 `BA: misaligned table @ https://onvio.com.br/staff/#/dashboard-core-center:0
[   32353ms] [WARNING] Failed to decode downloaded font: https://onvio.com.br/staff/SourceSans3-Regular.ab920762075b81fb.ttf @ https://onvio.com.br/staff/#/dashboard-core-center:0
[   32353ms] [WARNING] OTS parsing error: BASE: invalid table offset @ https://onvio.com.br/staff/#/dashboard-core-center:0
[   32353ms] [WARNING] Failed to decode downloaded font: https://onvio.com.br/staff/SourceSans3VF-Upright.ttf.e7f20fc9b00b0e8a.woff2 @ https://onvio.com.br/staff/#/dashboard-core-center:0
[   32353ms] [WARNING] OTS parsing error: Failed to convert WOFF 2.0 font to SFNT @ https://onvio.com.br/staff/#/dashboard-core-center:0
[   32353ms] [WARNING] Failed to decode downloaded font: https://onvio.com.br/staff/SourceSans3-Regular.ttf.dab9805cb7eb3d8f.woff @ https://onvio.com.br/staff/#/dashboard-core-center:0
[   32354ms] [WARNING] OTS parsing error: incorrect file size in WOFF header @ https://onvio.com.br/staff/#/dashboard-core-center:0
[   32354ms] [WARNING] Failed to decode downloaded font: https://onvio.com.br/staff/SourceSans3-Regular.114f93b5f3b7d159.otf @ https://onvio.com.br/staff/#/dashboard-core-center:0
[   32354ms] [WARNING] OTS parsing error: bad table directory searchRange
bad table directory entrySelector
bad table directory rangeShift
Invalid table tag: 0x604241
 `BA: misaligned table @ https://onvio.com.br/staff/#/dashboard-core-center:0
[   32354ms] [WARNING] Failed to decode downloaded font: https://onvio.com.br/staff/SourceSans3-Regular.ab920762075b81fb.ttf @ https://onvio.com.br/staff/#/dashboard-core-center:0
[   32354ms] [WARNING] OTS parsing error: BASE: invalid table offset @ https://onvio.com.br/staff/#/dashboard-core-center:0
[   32355ms] [WARNING] Failed to decode downloaded font: https://onvio.com.br/staff/SourceSans3VF-Upright.ttf.e7f20fc9b00b0e8a.woff2 @ https://onvio.com.br/staff/#/dashboard-core-center:0
[   32355ms] [WARNING] OTS parsing error: Failed to convert WOFF 2.0 font to SFNT @ https://onvio.com.br/staff/#/dashboard-core-center:0
[   32355ms] [WARNING] Failed to decode downloaded font: https://onvio.com.br/staff/SourceSans3-Regular.ttf.dab9805cb7eb3d8f.woff @ https://onvio.com.br/staff/#/dashboard-core-center:0
[   32355ms] [WARNING] OTS parsing error: incorrect file size in WOFF header @ https://onvio.com.br/staff/#/dashboard-core-center:0
[   32355ms] [WARNING] Failed to decode downloaded font: https://onvio.com.br/staff/SourceSans3-Regular.114f93b5f3b7d159.otf @ https://onvio.com.br/staff/#/dashboard-core-center:0
[   32355ms] [WARNING] OTS parsing error: bad table directory searchRange
bad table directory entrySelector
bad table directory rangeShift
Invalid table tag: 0x604241
 `BA: misaligned table @ https://onvio.com.br/staff/#/dashboard-core-center:0
[   32355ms] [WARNING] Failed to decode downloaded font: https://onvio.com.br/staff/SourceSans3-Regular.ab920762075b81fb.ttf @ https://onvio.com.br/staff/#/dashboard-core-center:0
[   32355ms] [WARNING] OTS parsing error: BASE: invalid table offset @ https://onvio.com.br/staff/#/dashboard-core-center:0
[   32355ms] [WARNING] Failed to decode downloaded font: https://onvio.com.br/staff/SourceSans3VF-Upright.ttf.e7f20fc9b00b0e8a.woff2 @ https://onvio.com.br/staff/#/dashboard-core-center:0
[   32355ms] [WARNING] OTS parsing error: Failed to convert WOFF 2.0 font to SFNT @ https://onvio.com.br/staff/#/dashboard-core-center:0
[   32355ms] [WARNING] Failed to decode downloaded font: https://onvio.com.br/staff/SourceSans3-Regular.ttf.dab9805cb7eb3d8f.woff @ https://onvio.com.br/staff/#/dashboard-core-center:0
[   32355ms] [WARNING] OTS parsing error: incorrect file size in WOFF header @ https://onvio.com.br/staff/#/dashboard-core-center:0
[   32355ms] [WARNING] Failed to decode downloaded font: https://onvio.com.br/staff/SourceSans3-Regular.114f93b5f3b7d159.otf @ https://onvio.com.br/staff/#/dashboard-core-center:0
[   32356ms] [WARNING] OTS parsing error: bad table directory searchRange
bad table directory entrySelector
bad table directory rangeShift
Invalid table tag: 0x604241
 `BA: misaligned table @ https://onvio.com.br/staff/#/dashboard-core-center:0
[   32356ms] [WARNING] Failed to decode downloaded font: https://onvio.com.br/staff/SourceSans3-Regular.ab920762075b81fb.ttf @ https://onvio.com.br/staff/#/dashboard-core-center:0
[   32356ms] [WARNING] OTS parsing error: BASE: invalid table offset @ https://onvio.com.br/staff/#/dashboard-core-center:0
[   32356ms] [WARNING] Failed to decode downloaded font: https://onvio.com.br/staff/SourceSans3VF-Upright.ttf.e7f20fc9b00b0e8a.woff2 @ https://onvio.com.br/staff/#/dashboard-core-center:0
[   32356ms] [WARNING] OTS parsing error: Failed to convert WOFF 2.0 font to SFNT @ https://onvio.com.br/staff/#/dashboard-core-center:0
[   32356ms] [WARNING] Failed to decode downloaded font: https://onvio.com.br/staff/SourceSans3-Regular.ttf.dab9805cb7eb3d8f.woff @ https://onvio.com.br/staff/#/dashboard-core-center:0
[   32356ms] [WARNING] OTS parsing error: incorrect file size in WOFF header @ https://onvio.com.br/staff/#/dashboard-core-center:0
[   32356ms] [WARNING] Failed to decode downloaded font: https://onvio.com.br/staff/SourceSans3-Regular.114f93b5f3b7d159.otf @ https://onvio.com.br/staff/#/dashboard-core-center:0
[   32356ms] [WARNING] OTS parsing error: bad table directory searchRange
bad table directory entrySelector
bad table directory rangeShift
Invalid table tag: 0x604241
 `BA: misaligned table @ https://onvio.com.br/staff/#/dashboard-core-center:0
[   32356ms] [WARNING] Failed to decode downloaded font: https://onvio.com.br/staff/SourceSans3-Regular.ab920762075b81fb.ttf @ https://onvio.com.br/staff/#/dashboard-core-center:0
[   32356ms] [WARNING] OTS parsing error: BASE: invalid table offset @ https://onvio.com.br/staff/#/dashboard-core-center:0
[   32357ms] [WARNING] Failed to decode downloaded font: https://onvio.com.br/staff/SourceSans3VF-Upright.ttf.e7f20fc9b00b0e8a.woff2 @ https://onvio.com.br/staff/#/dashboard-core-center:0
[   32357ms] [WARNING] OTS parsing error: Failed to convert WOFF 2.0 font to SFNT @ https://onvio.com.br/staff/#/dashboard-core-center:0
[   32357ms] [WARNING] Failed to decode downloaded font: https://onvio.com.br/staff/SourceSans3-Regular.ttf.dab9805cb7eb3d8f.woff @ https://onvio.com.br/staff/#/dashboard-core-center:0
[   32357ms] [WARNING] OTS parsing error: incorrect file size in WOFF header @ https://onvio.com.br/staff/#/dashboard-core-center:0
[   32357ms] [WARNING] Failed to decode downloaded font: https://onvio.com.br/staff/SourceSans3-Regular.114f93b5f3b7d159.otf @ https://onvio.com.br/staff/#/dashboard-core-center:0
[   32357ms] [WARNING] OTS parsing error: bad table directory searchRange
bad table directory entrySelector
bad table directory rangeShift
Invalid table tag: 0x604241
 `BA: misaligned table @ https://onvio.com.br/staff/#/dashboard-core-center:0
[   32357ms] [WARNING] Failed to decode downloaded font: https://onvio.com.br/staff/SourceSans3-Regular.ab920762075b81fb.ttf @ https://onvio.com.br/staff/#/dashboard-core-center:0
[   32358ms] [WARNING] OTS parsing error: BASE: invalid table offset @ https://onvio.com.br/staff/#/dashboard-core-center:0
[   32358ms] [WARNING] Failed to decode downloaded font: https://onvio.com.br/staff/SourceSans3VF-Upright.ttf.e7f20fc9b00b0e8a.woff2 @ https://onvio.com.br/staff/#/dashboard-core-center:0
[   32358ms] [WARNING] OTS parsing error: Failed to convert WOFF 2.0 font to SFNT @ https://onvio.com.br/staff/#/dashboard-core-center:0
[   32358ms] [WARNING] Failed to decode downloaded font: https://onvio.com.br/staff/SourceSans3-Regular.ttf.dab9805cb7eb3d8f.woff @ https://onvio.com.br/staff/#/dashboard-core-center:0
[   32358ms] [WARNING] OTS parsing error: incorrect file size in WOFF header @ https://onvio.com.br/staff/#/dashboard-core-center:0
[   32358ms] [WARNING] Failed to decode downloaded font: https://onvio.com.br/staff/SourceSans3-Regular.114f93b5f3b7d159.otf @ https://onvio.com.br/staff/#/dashboard-core-center:0
[   32358ms] [WARNING] OTS parsing error: bad table directory searchRange
bad table directory entrySelector
bad table directory rangeShift
Invalid table tag: 0x604241
 `BA: misaligned table @ https://onvio.com.br/staff/#/dashboard-core-center:0
[   32359ms] [WARNING] Failed to decode downloaded font: https://onvio.com.br/staff/SourceSans3-Regular.ab920762075b81fb.ttf @ https://onvio.com.br/staff/#/dashboard-core-center:0
[   32359ms] [WARNING] OTS parsing error: BASE: invalid table offset @ https://onvio.com.br/staff/#/dashboard-core-center:0
[   32359ms] [WARNING] Failed to decode downloaded font: https://onvio.com.br/staff/SourceSans3VF-Upright.ttf.e7f20fc9b00b0e8a.woff2 @ https://onvio.com.br/staff/#/dashboard-core-center:0
[   32359ms] [WARNING] OTS parsing error: Failed to convert WOFF 2.0 font to SFNT @ https://onvio.com.br/staff/#/dashboard-core-center:0
[   32359ms] [WARNING] Failed to decode downloaded font: https://onvio.com.br/staff/SourceSans3-Regular.114f93b5f3b7d159.otf @ https://onvio.com.br/staff/#/dashboard-core-center:0
[   32359ms] [WARNING] OTS parsing error: bad table directory searchRange
bad table directory entrySelector
bad table directory rangeShift
Invalid table tag: 0x604241
 `BA: misaligned table @ https://onvio.com.br/staff/#/dashboard-core-center:0
[   32360ms] [WARNING] Failed to decode downloaded font: https://onvio.com.br/staff/SourceSans3-Regular.ttf.dab9805cb7eb3d8f.woff @ https://onvio.com.br/staff/#/dashboard-core-center:0
[   32360ms] [WARNING] OTS parsing error: incorrect file size in WOFF header @ https://onvio.com.br/staff/#/dashboard-core-center:0
[   32360ms] [WARNING] Failed to decode downloaded font: https://onvio.com.br/staff/SourceSans3-Regular.ab920762075b81fb.ttf @ https://onvio.com.br/staff/#/dashboard-core-center:0
[   32360ms] [WARNING] OTS parsing error: BASE: invalid table offset @ https://onvio.com.br/staff/#/dashboard-core-center:0
[   32360ms] [WARNING] Failed to decode downloaded font: https://onvio.com.br/staff/SourceSans3VF-Upright.ttf.e7f20fc9b00b0e8a.woff2 @ https://onvio.com.br/staff/#/dashboard-core-center:0
[   32360ms] [WARNING] OTS parsing error: Failed to convert WOFF 2.0 font to SFNT @ https://onvio.com.br/staff/#/dashboard-core-center:0
[   32360ms] [WARNING] Failed to decode downloaded font: https://onvio.com.br/staff/SourceSans3-Regular.ttf.dab9805cb7eb3d8f.woff @ https://onvio.com.br/staff/#/dashboard-core-center:0
[   32360ms] [WARNING] OTS parsing error: incorrect file size in WOFF header @ https://onvio.com.br/staff/#/dashboard-core-center:0
[   32361ms] [WARNING] Failed to decode downloaded font: https://onvio.com.br/staff/SourceSans3-Regular.114f93b5f3b7d159.otf @ https://onvio.com.br/staff/#/dashboard-core-center:0
[   32361ms] [WARNING] OTS parsing error: bad table directory searchRange
bad table directory entrySelector
bad table directory rangeShift
Invalid table tag: 0x604241
 `BA: misaligned table @ https://onvio.com.br/staff/#/dashboard-core-center:0
[   32361ms] [WARNING] Failed to decode downloaded font: https://onvio.com.br/staff/SourceSans3-Regular.ab920762075b81fb.ttf @ https://onvio.com.br/staff/#/dashboard-core-center:0
[   32361ms] [WARNING] OTS parsing error: BASE: invalid table offset @ https://onvio.com.br/staff/#/dashboard-core-center:0
[   32361ms] [WARNING] Failed to decode downloaded font: https://onvio.com.br/staff/SourceSans3VF-Upright.ttf.e7f20fc9b00b0e8a.woff2 @ https://onvio.com.br/staff/#/dashboard-core-center:0
[   32361ms] [WARNING] OTS parsing error: Failed to convert WOFF 2.0 font to SFNT @ https://onvio.com.br/staff/#/dashboard-core-center:0
[   32361ms] [WARNING] Failed to decode downloaded font: https://onvio.com.br/staff/SourceSans3-Regular.ttf.dab9805cb7eb3d8f.woff @ https://onvio.com.br/staff/#/dashboard-core-center:0
[   32362ms] [WARNING] OTS parsing error: incorrect file size in WOFF header @ https://onvio.com.br/staff/#/dashboard-core-center:0
[   32362ms] [WARNING] Failed to decode downloaded font: https://onvio.com.br/staff/SourceSans3-Regular.114f93b5f3b7d159.otf @ https://onvio.com.br/staff/#/dashboard-core-center:0
[   32362ms] [WARNING] OTS parsing error: bad table directory searchRange
bad table directory entrySelector
bad table directory rangeShift
Invalid table tag: 0x604241
 `BA: misaligned table @ https://onvio.com.br/staff/#/dashboard-core-center:0
[   32362ms] [WARNING] Failed to decode downloaded font: https://onvio.com.br/staff/SourceSans3-Regular.ab920762075b81fb.ttf @ https://onvio.com.br/staff/#/dashboard-core-center:0
[   32362ms] [WARNING] OTS parsing error: BASE: invalid table offset @ https://onvio.com.br/staff/#/dashboard-core-center:0
[   32362ms] [WARNING] Failed to decode downloaded font: https://onvio.com.br/staff/SourceSans3VF-Upright.ttf.e7f20fc9b00b0e8a.woff2 @ https://onvio.com.br/staff/#/dashboard-core-center:0
[   32362ms] [WARNING] OTS parsing error: Failed to convert WOFF 2.0 font to SFNT @ https://onvio.com.br/staff/#/dashboard-core-center:0
[   32362ms] [WARNING] Failed to decode downloaded font: https://onvio.com.br/staff/SourceSans3-Regular.ttf.dab9805cb7eb3d8f.woff @ https://onvio.com.br/staff/#/dashboard-core-center:0
[   32362ms] [WARNING] OTS parsing error: incorrect file size in WOFF header @ https://onvio.com.br/staff/#/dashboard-core-center:0
[   32362ms] [WARNING] Failed to decode downloaded font: https://onvio.com.br/staff/SourceSans3-Regular.114f93b5f3b7d159.otf @ https://onvio.com.br/staff/#/dashboard-core-center:0
[   32363ms] [WARNING] OTS parsing error: bad table directory searchRange
bad table directory entrySelector
bad table directory rangeShift
Invalid table tag: 0x604241
 `BA: misaligned table @ https://onvio.com.br/staff/#/dashboard-core-center:0
[   32363ms] [WARNING] Failed to decode downloaded font: https://onvio.com.br/staff/SourceSans3-Regular.ab920762075b81fb.ttf @ https://onvio.com.br/staff/#/dashboard-core-center:0
[   32363ms] [WARNING] OTS parsing error: BASE: invalid table offset @ https://onvio.com.br/staff/#/dashboard-core-center:0
[   32363ms] [WARNING] Failed to decode downloaded font: https://onvio.com.br/staff/SourceSans3VF-Upright.ttf.e7f20fc9b00b0e8a.woff2 @ https://onvio.com.br/staff/#/dashboard-core-center:0
[   32363ms] [WARNING] OTS parsing error: Failed to convert WOFF 2.0 font to SFNT @ https://onvio.com.br/staff/#/dashboard-core-center:0
[   32363ms] [WARNING] Failed to decode downloaded font: https://onvio.com.br/staff/SourceSans3-Regular.ttf.dab9805cb7eb3d8f.woff @ https://onvio.com.br/staff/#/dashboard-core-center:0
[   32363ms] [WARNING] OTS parsing error: incorrect file size in WOFF header @ https://onvio.com.br/staff/#/dashboard-core-center:0
[   32363ms] [WARNING] Failed to decode downloaded font: https://onvio.com.br/staff/SourceSans3-Regular.114f93b5f3b7d159.otf @ https://onvio.com.br/staff/#/dashboard-core-center:0
[   32363ms] [WARNING] OTS parsing error: bad table directory searchRange
bad table directory entrySelector
bad table directory rangeShift
Invalid table tag: 0x604241
 `BA: misaligned table @ https://onvio.com.br/staff/#/dashboard-core-center:0
[   32363ms] [WARNING] Failed to decode downloaded font: https://onvio.com.br/staff/SourceSans3-Regular.ab920762075b81fb.ttf @ https://onvio.com.br/staff/#/dashboard-core-center:0
[   32364ms] [WARNING] OTS parsing error: BASE: invalid table offset @ https://onvio.com.br/staff/#/dashboard-core-center:0
[   32597ms] [WARNING] Custom element bm-modal is already registered and the constructors are not the same function $(){var B,K;(0,v.default)(this,$);for(var ce=arguments.length,Y=new Array(ce),se=0;se<ce;se++)Y[se]=arguments[se];return(K=L.call.apply(L,(0,d.default)(B=[this]).call(B,Y))).modalTitle=void 0,K.modalSize="medium",K.backdropClose=!0,K.focusModal=!0,K.focusCloseBtn=!1,K.closeButtonQeId=void 0,K} function $(){var B,K;(0,v.default)(this,$);for(var ce=arguments.length,Y=new Array(ce),se=0;se<ce;se++)Y[se]=arguments[se];return(K=L.call.apply(L,(0,d.default)(B=[this]).call(B,Y))).modalTitle=void 0,K.modalSize="medium",K.backdropClose=!0,K.focusModal=!0,K.focusCloseBtn=!1,K.closeButtonQeId=void 0,K} @ https://onvio.com.br/staff/4888.e62af6d7ff1a20c1.js:0
[   32598ms] [WARNING] Custom element bm-alert is already registered and the constructors are not the same function g(){var T,R;(0,v.default)(this,g);for(var k=arguments.length,L=new Array(k),$=0;$<k;$++)L[$]=arguments[$];return(R=p.call.apply(p,(0,d.default)(T=[this]).call(T,L))).type="info",R.closeable=!1,R} function g(){var T,R;(0,v.default)(this,g);for(var k=arguments.length,L=new Array(k),$=0;$<k;$++)L[$]=arguments[$];return(R=p.call.apply(p,(0,d.default)(T=[this]).call(T,L))).type="info",R.closeable=!1,R} @ https://onvio.com.br/staff/4888.e62af6d7ff1a20c1.js:0
[   32611ms] [WARNING] Failed to decode downloaded font: https://onvio.com.br/staff/SourceSans3VF-Upright.ttf.e7f20fc9b00b0e8a.woff2 @ https://onvio.com.br/staff/assets/legacy-files.js:1
[   32612ms] [WARNING] OTS parsing error: Failed to convert WOFF 2.0 font to SFNT @ https://onvio.com.br/staff/assets/legacy-files.js:1
[   32612ms] [WARNING] Failed to decode downloaded font: https://onvio.com.br/staff/SourceSans3-Regular.ttf.dab9805cb7eb3d8f.woff @ https://onvio.com.br/staff/assets/legacy-files.js:1
[   32612ms] [WARNING] OTS parsing error: incorrect file size in WOFF header @ https://onvio.com.br/staff/assets/legacy-files.js:1
[   32612ms] [WARNING] Failed to decode downloaded font: https://onvio.com.br/staff/SourceSans3-Regular.114f93b5f3b7d159.otf @ https://onvio.com.br/staff/assets/legacy-files.js:1
[   32613ms] [WARNING] OTS parsing error: bad table directory searchRange
bad table directory entrySelector
bad table directory rangeShift
Invalid table tag: 0x604241
 `BA: misaligned table @ https://onvio.com.br/staff/assets/legacy-files.js:1
[   32613ms] [WARNING] Failed to decode downloaded font: https://onvio.com.br/staff/SourceSans3-Regular.ab920762075b81fb.ttf @ https://onvio.com.br/staff/assets/legacy-files.js:1
[   32613ms] [WARNING] OTS parsing error: BASE: invalid table offset @ https://onvio.com.br/staff/assets/legacy-files.js:1
[   32613ms] [WARNING] Failed to decode downloaded font: https://onvio.com.br/staff/SourceSans3VF-Upright.ttf.e7f20fc9b00b0e8a.woff2 @ https://onvio.com.br/staff/assets/legacy-files.js:1
[   32614ms] [WARNING] OTS parsing error: Failed to convert WOFF 2.0 font to SFNT @ https://onvio.com.br/staff/assets/legacy-files.js:1
[   32614ms] [WARNING] Failed to decode downloaded font: https://onvio.com.br/staff/SourceSans3-Regular.ttf.dab9805cb7eb3d8f.woff @ https://onvio.com.br/staff/assets/legacy-files.js:1
[   32614ms] [WARNING] OTS parsing error: incorrect file size in WOFF header @ https://onvio.com.br/staff/assets/legacy-files.js:1
[   32615ms] [WARNING] Failed to decode downloaded font: https://onvio.com.br/staff/SourceSans3-Regular.114f93b5f3b7d159.otf @ https://onvio.com.br/staff/assets/legacy-files.js:1
[   32615ms] [WARNING] OTS parsing error: bad table directory searchRange
bad table directory entrySelector
bad table directory rangeShift
Invalid table tag: 0x604241
 `BA: misaligned table @ https://onvio.com.br/staff/assets/legacy-files.js:1
[   32615ms] [WARNING] Failed to decode downloaded font: https://onvio.com.br/staff/SourceSans3-Regular.ab920762075b81fb.ttf @ https://onvio.com.br/staff/assets/legacy-files.js:1
[   32616ms] [WARNING] OTS parsing error: BASE: invalid table offset @ https://onvio.com.br/staff/assets/legacy-files.js:1
[   32616ms] [WARNING] Failed to decode downloaded font: https://onvio.com.br/staff/SourceSans3VF-Upright.ttf.e7f20fc9b00b0e8a.woff2 @ https://onvio.com.br/staff/assets/legacy-files.js:1
[   32616ms] [WARNING] OTS parsing error: Failed to convert WOFF 2.0 font to SFNT @ https://onvio.com.br/staff/assets/legacy-files.js:1
[   32617ms] [WARNING] Failed to decode downloaded font: https://onvio.com.br/staff/SourceSans3-Regular.ttf.dab9805cb7eb3d8f.woff @ https://onvio.com.br/staff/assets/legacy-files.js:1
[   32617ms] [WARNING] OTS parsing error: incorrect file size in WOFF header @ https://onvio.com.br/staff/assets/legacy-files.js:1
[   32617ms] [WARNING] Failed to decode downloaded font: https://onvio.com.br/staff/SourceSans3-Regular.114f93b5f3b7d159.otf @ https://onvio.com.br/staff/assets/legacy-files.js:1
[   32618ms] [WARNING] OTS parsing error: bad table directory searchRange
bad table directory entrySelector
bad table directory rangeShift
Invalid table tag: 0x604241
 `BA: misaligned table @ https://onvio.com.br/staff/assets/legacy-files.js:1
[   32618ms] [WARNING] Failed to decode downloaded font: https://onvio.com.br/staff/SourceSans3-Regular.ab920762075b81fb.ttf @ https://onvio.com.br/staff/assets/legacy-files.js:1
[   32618ms] [WARNING] OTS parsing error: BASE: invalid table offset @ https://onvio.com.br/staff/assets/legacy-files.js:1
[   32621ms] [WARNING] Failed to decode downloaded font: https://onvio.com.br/staff/SourceSans3VF-Upright.ttf.e7f20fc9b00b0e8a.woff2 @ https://onvio.com.br/staff/assets/legacy-files.js:1
[   32621ms] [WARNING] OTS parsing error: Failed to convert WOFF 2.0 font to SFNT @ https://onvio.com.br/staff/assets/legacy-files.js:1
[   32622ms] [WARNING] Failed to decode downloaded font: https://onvio.com.br/staff/SourceSans3-Regular.ttf.dab9805cb7eb3d8f.woff @ https://onvio.com.br/staff/assets/legacy-files.js:1
[   32624ms] [WARNING] OTS parsing error: incorrect file size in WOFF header @ https://onvio.com.br/staff/assets/legacy-files.js:1
[   32627ms] [WARNING] Failed to decode downloaded font: https://onvio.com.br/staff/SourceSans3-Regular.114f93b5f3b7d159.otf @ https://onvio.com.br/staff/assets/legacy-files.js:1
[   32628ms] [WARNING] OTS parsing error: bad table directory searchRange
bad table directory entrySelector
bad table directory rangeShift
Invalid table tag: 0x604241
 `BA: misaligned table @ https://onvio.com.br/staff/assets/legacy-files.js:1
[   32628ms] [WARNING] Failed to decode downloaded font: https://onvio.com.br/staff/SourceSans3-Regular.ab920762075b81fb.ttf @ https://onvio.com.br/staff/assets/legacy-files.js:1
[   32630ms] [WARNING] OTS parsing error: BASE: invalid table offset @ https://onvio.com.br/staff/assets/legacy-files.js:1
[   32631ms] [WARNING] Failed to decode downloaded font: https://onvio.com.br/staff/SourceSans3VF-Upright.ttf.e7f20fc9b00b0e8a.woff2 @ https://onvio.com.br/staff/assets/legacy-files.js:1
[   32632ms] [WARNING] OTS parsing error: Failed to convert WOFF 2.0 font to SFNT @ https://onvio.com.br/staff/assets/legacy-files.js:1
[   32632ms] [WARNING] Failed to decode downloaded font: https://onvio.com.br/staff/SourceSans3-Regular.ttf.dab9805cb7eb3d8f.woff @ https://onvio.com.br/staff/assets/legacy-files.js:1
[   32632ms] [WARNING] OTS parsing error: incorrect file size in WOFF header @ https://onvio.com.br/staff/assets/legacy-files.js:1
[   32632ms] [WARNING] Failed to decode downloaded font: https://onvio.com.br/staff/SourceSans3-Regular.114f93b5f3b7d159.otf @ https://onvio.com.br/staff/assets/legacy-files.js:1
[   32633ms] [WARNING] OTS parsing error: bad table directory searchRange
bad table directory entrySelector
bad table directory rangeShift
Invalid table tag: 0x604241
 `BA: misaligned table @ https://onvio.com.br/staff/assets/legacy-files.js:1
[   32633ms] [WARNING] Failed to decode downloaded font: https://onvio.com.br/staff/SourceSans3-Regular.ab920762075b81fb.ttf @ https://onvio.com.br/staff/assets/legacy-files.js:1
[   32639ms] [WARNING] OTS parsing error: BASE: invalid table offset @ https://onvio.com.br/staff/assets/legacy-files.js:1
[   32639ms] [WARNING] Failed to decode downloaded font: https://onvio.com.br/staff/SourceSans3VF-Upright.ttf.e7f20fc9b00b0e8a.woff2 @ https://onvio.com.br/staff/assets/legacy-files.js:1
[   32639ms] [WARNING] OTS parsing error: Failed to convert WOFF 2.0 font to SFNT @ https://onvio.com.br/staff/assets/legacy-files.js:1
[   32640ms] [WARNING] Failed to decode downloaded font: https://onvio.com.br/staff/SourceSans3VF-Upright.ttf.e7f20fc9b00b0e8a.woff2 @ https://onvio.com.br/staff/assets/legacy-files.js:1
[   32640ms] [WARNING] OTS parsing error: Failed to convert WOFF 2.0 font to SFNT @ https://onvio.com.br/staff/assets/legacy-files.js:1
[   32641ms] [WARNING] Failed to decode downloaded font: https://onvio.com.br/staff/SourceSans3VF-Upright.ttf.e7f20fc9b00b0e8a.woff2 @ https://onvio.com.br/staff/assets/legacy-files.js:1
[   32641ms] [WARNING] OTS parsing error: Failed to convert WOFF 2.0 font to SFNT @ https://onvio.com.br/staff/assets/legacy-files.js:1
[   32641ms] [WARNING] Failed to decode downloaded font: https://onvio.com.br/staff/SourceSans3VF-Upright.ttf.e7f20fc9b00b0e8a.woff2 @ https://onvio.com.br/staff/assets/legacy-files.js:1
[   32641ms] [WARNING] OTS parsing error: Failed to convert WOFF 2.0 font to SFNT @ https://onvio.com.br/staff/assets/legacy-files.js:1
[   32641ms] [WARNING] Failed to decode downloaded font: https://onvio.com.br/staff/SourceSans3VF-Upright.ttf.e7f20fc9b00b0e8a.woff2 @ https://onvio.com.br/staff/assets/legacy-files.js:1
[   32642ms] [WARNING] OTS parsing error: Failed to convert WOFF 2.0 font to SFNT @ https://onvio.com.br/staff/assets/legacy-files.js:1
[   32642ms] [WARNING] Failed to decode downloaded font: https://onvio.com.br/staff/SourceSans3VF-Upright.ttf.e7f20fc9b00b0e8a.woff2 @ https://onvio.com.br/staff/assets/legacy-files.js:1
[   32642ms] [WARNING] OTS parsing error: Failed to convert WOFF 2.0 font to SFNT @ https://onvio.com.br/staff/assets/legacy-files.js:1
[   32642ms] [WARNING] Failed to decode downloaded font: https://onvio.com.br/staff/SourceSans3VF-Upright.ttf.e7f20fc9b00b0e8a.woff2 @ https://onvio.com.br/staff/assets/legacy-files.js:1
[   32642ms] [WARNING] OTS parsing error: Failed to convert WOFF 2.0 font to SFNT @ https://onvio.com.br/staff/assets/legacy-files.js:1
[   32642ms] [WARNING] Failed to decode downloaded font: https://onvio.com.br/staff/SourceSans3VF-Upright.ttf.e7f20fc9b00b0e8a.woff2 @ https://onvio.com.br/staff/assets/legacy-files.js:1
[   32642ms] [WARNING] OTS parsing error: Failed to convert WOFF 2.0 font to SFNT @ https://onvio.com.br/staff/assets/legacy-files.js:1
[   32643ms] [WARNING] Failed to decode downloaded font: https://onvio.com.br/staff/SourceSans3VF-Upright.ttf.e7f20fc9b00b0e8a.woff2 @ https://onvio.com.br/staff/assets/legacy-files.js:1
[   32643ms] [WARNING] OTS parsing error: Failed to convert WOFF 2.0 font to SFNT @ https://onvio.com.br/staff/assets/legacy-files.js:1
[   32644ms] [WARNING] Failed to decode downloaded font: https://onvio.com.br/staff/SourceSans3-Regular.ttf.dab9805cb7eb3d8f.woff @ https://onvio.com.br/staff/assets/legacy-files.js:1
[   32644ms] [WARNING] OTS parsing error: incorrect file size in WOFF header @ https://onvio.com.br/staff/assets/legacy-files.js:1
[   32644ms] [WARNING] Failed to decode downloaded font: https://onvio.com.br/staff/SourceSans3-Regular.114f93b5f3b7d159.otf @ https://onvio.com.br/staff/assets/legacy-files.js:1
[   32645ms] [WARNING] OTS parsing error: bad table directory searchRange
bad table directory entrySelector
bad table directory rangeShift
Invalid table tag: 0x604241
 `BA: misaligned table @ https://onvio.com.br/staff/assets/legacy-files.js:1
[   32645ms] [WARNING] Failed to decode downloaded font: https://onvio.com.br/staff/SourceSans3-Regular.ab920762075b81fb.ttf @ https://onvio.com.br/staff/assets/legacy-files.js:1
[   32645ms] [WARNING] OTS parsing error: BASE: invalid table offset @ https://onvio.com.br/staff/assets/legacy-files.js:1
[   32646ms] [WARNING] Failed to decode downloaded font: https://onvio.com.br/staff/SourceSans3VF-Upright.ttf.e7f20fc9b00b0e8a.woff2 @ https://onvio.com.br/staff/assets/legacy-files.js:1
[   32646ms] [WARNING] OTS parsing error: Failed to convert WOFF 2.0 font to SFNT @ https://onvio.com.br/staff/assets/legacy-files.js:1
[   32646ms] [WARNING] Failed to decode downloaded font: https://onvio.com.br/staff/SourceSans3-Regular.ttf.dab9805cb7eb3d8f.woff @ https://onvio.com.br/staff/assets/legacy-files.js:1
[   32647ms] [WARNING] OTS parsing error: incorrect file size in WOFF header @ https://onvio.com.br/staff/assets/legacy-files.js:1
[   32647ms] [WARNING] Failed to decode downloaded font: https://onvio.com.br/staff/SourceSans3-Regular.114f93b5f3b7d159.otf @ https://onvio.com.br/staff/assets/legacy-files.js:1
[   32647ms] [WARNING] OTS parsing error: bad table directory searchRange
bad table directory entrySelector
bad table directory rangeShift
Invalid table tag: 0x604241
 `BA: misaligned table @ https://onvio.com.br/staff/assets/legacy-files.js:1
[   32648ms] [WARNING] Failed to decode downloaded font: https://onvio.com.br/staff/SourceSans3-Regular.ab920762075b81fb.ttf @ https://onvio.com.br/staff/assets/legacy-files.js:1
[   32648ms] [WARNING] OTS parsing error: BASE: invalid table offset @ https://onvio.com.br/staff/assets/legacy-files.js:1
[   32648ms] [WARNING] Failed to decode downloaded font: https://onvio.com.br/staff/SourceSans3VF-Upright.ttf.e7f20fc9b00b0e8a.woff2 @ https://onvio.com.br/staff/assets/legacy-files.js:1
[   32648ms] [WARNING] OTS parsing error: Failed to convert WOFF 2.0 font to SFNT @ https://onvio.com.br/staff/assets/legacy-files.js:1
[   32648ms] [WARNING] Failed to decode downloaded font: https://onvio.com.br/staff/SourceSans3-Regular.ttf.dab9805cb7eb3d8f.woff @ https://onvio.com.br/staff/assets/legacy-files.js:1
[   32649ms] [WARNING] OTS parsing error: incorrect file size in WOFF header @ https://onvio.com.br/staff/assets/legacy-files.js:1
[   32649ms] [WARNING] Failed to decode downloaded font: https://onvio.com.br/staff/SourceSans3-Regular.114f93b5f3b7d159.otf @ https://onvio.com.br/staff/assets/legacy-files.js:1
[   32649ms] [WARNING] OTS parsing error: bad table directory searchRange
bad table directory entrySelector
bad table directory rangeShift
Invalid table tag: 0x604241
 `BA: misaligned table @ https://onvio.com.br/staff/assets/legacy-files.js:1
[   32649ms] [WARNING] Failed to decode downloaded font: https://onvio.com.br/staff/SourceSans3-Regular.ab920762075b81fb.ttf @ https://onvio.com.br/staff/assets/legacy-files.js:1
[   32650ms] [WARNING] OTS parsing error: BASE: invalid table offset @ https://onvio.com.br/staff/assets/legacy-files.js:1
[   32650ms] [WARNING] Failed to decode downloaded font: https://onvio.com.br/staff/SourceSans3VF-Upright.ttf.e7f20fc9b00b0e8a.woff2 @ https://onvio.com.br/staff/assets/legacy-files.js:1
[   32650ms] [WARNING] OTS parsing error: Failed to convert WOFF 2.0 font to SFNT @ https://onvio.com.br/staff/assets/legacy-files.js:1
[   32650ms] [WARNING] Failed to decode downloaded font: https://onvio.com.br/staff/SourceSans3-Regular.ttf.dab9805cb7eb3d8f.woff @ https://onvio.com.br/staff/assets/legacy-files.js:1
[   32651ms] [WARNING] OTS parsing error: incorrect file size in WOFF header @ https://onvio.com.br/staff/assets/legacy-files.js:1
[   32651ms] [WARNING] Failed to decode downloaded font: https://onvio.com.br/staff/SourceSans3-Regular.114f93b5f3b7d159.otf @ https://onvio.com.br/staff/assets/legacy-files.js:1
[   32652ms] [WARNING] OTS parsing error: bad table directory searchRange
bad table directory entrySelector
bad table directory rangeShift
Invalid table tag: 0x604241
 `BA: misaligned table @ https://onvio.com.br/staff/assets/legacy-files.js:1
[   32652ms] [WARNING] Failed to decode downloaded font: https://onvio.com.br/staff/SourceSans3-Regular.ab920762075b81fb.ttf @ https://onvio.com.br/staff/assets/legacy-files.js:1
[   32652ms] [WARNING] OTS parsing error: BASE: invalid table offset @ https://onvio.com.br/staff/assets/legacy-files.js:1
[   32653ms] [WARNING] Failed to decode downloaded font: https://onvio.com.br/staff/SourceSans3VF-Upright.ttf.e7f20fc9b00b0e8a.woff2 @ https://onvio.com.br/staff/assets/legacy-files.js:1
[   32653ms] [WARNING] OTS parsing error: Failed to convert WOFF 2.0 font to SFNT @ https://onvio.com.br/staff/assets/legacy-files.js:1
[   32654ms] [WARNING] Failed to decode downloaded font: https://onvio.com.br/staff/SourceSans3-Regular.ttf.dab9805cb7eb3d8f.woff @ https://onvio.com.br/staff/assets/legacy-files.js:1
[   32654ms] [WARNING] OTS parsing error: incorrect file size in WOFF header @ https://onvio.com.br/staff/assets/legacy-files.js:1
[   32655ms] [WARNING] Failed to decode downloaded font: https://onvio.com.br/staff/SourceSans3-Regular.114f93b5f3b7d159.otf @ https://onvio.com.br/staff/assets/legacy-files.js:1
[   32655ms] [WARNING] OTS parsing error: bad table directory searchRange
bad table directory entrySelector
bad table directory rangeShift
Invalid table tag: 0x604241
 `BA: misaligned table @ https://onvio.com.br/staff/assets/legacy-files.js:1
[   32655ms] [WARNING] Failed to decode downloaded font: https://onvio.com.br/staff/SourceSans3-Regular.ab920762075b81fb.ttf @ https://onvio.com.br/staff/assets/legacy-files.js:1
[   32656ms] [WARNING] OTS parsing error: BASE: invalid table offset @ https://onvio.com.br/staff/assets/legacy-files.js:1
[   32656ms] [WARNING] Failed to decode downloaded font: https://onvio.com.br/staff/SourceSans3VF-Upright.ttf.e7f20fc9b00b0e8a.woff2 @ https://onvio.com.br/staff/assets/legacy-files.js:1
[   32656ms] [WARNING] OTS parsing error: Failed to convert WOFF 2.0 font to SFNT @ https://onvio.com.br/staff/assets/legacy-files.js:1
[   32657ms] [WARNING] Failed to decode downloaded font: https://onvio.com.br/staff/SourceSans3-Regular.ttf.dab9805cb7eb3d8f.woff @ https://onvio.com.br/staff/assets/legacy-files.js:1
[   32657ms] [WARNING] OTS parsing error: incorrect file size in WOFF header @ https://onvio.com.br/staff/assets/legacy-files.js:1
[   32657ms] [WARNING] Failed to decode downloaded font: https://onvio.com.br/staff/SourceSans3-Regular.114f93b5f3b7d159.otf @ https://onvio.com.br/staff/assets/legacy-files.js:1
[   32657ms] [WARNING] OTS parsing error: bad table directory searchRange
bad table directory entrySelector
bad table directory rangeShift
Invalid table tag: 0x604241
 `BA: misaligned table @ https://onvio.com.br/staff/assets/legacy-files.js:1
[   32657ms] [WARNING] Failed to decode downloaded font: https://onvio.com.br/staff/SourceSans3-Regular.ab920762075b81fb.ttf @ https://onvio.com.br/staff/assets/legacy-files.js:1
[   32657ms] [WARNING] OTS parsing error: BASE: invalid table offset @ https://onvio.com.br/staff/assets/legacy-files.js:1
[   32658ms] [WARNING] Failed to decode downloaded font: https://onvio.com.br/staff/SourceSans3VF-Upright.ttf.e7f20fc9b00b0e8a.woff2 @ https://onvio.com.br/staff/assets/legacy-files.js:1
[   32658ms] [WARNING] OTS parsing error: Failed to convert WOFF 2.0 font to SFNT @ https://onvio.com.br/staff/assets/legacy-files.js:1
[   32658ms] [WARNING] Failed to decode downloaded font: https://onvio.com.br/staff/SourceSans3-Regular.ttf.dab9805cb7eb3d8f.woff @ https://onvio.com.br/staff/assets/legacy-files.js:1
[   32658ms] [WARNING] OTS parsing error: incorrect file size in WOFF header @ https://onvio.com.br/staff/assets/legacy-files.js:1
[   32658ms] [WARNING] Failed to decode downloaded font: https://onvio.com.br/staff/SourceSans3-Regular.114f93b5f3b7d159.otf @ https://onvio.com.br/staff/assets/legacy-files.js:1
[   32659ms] [WARNING] OTS parsing error: bad table directory searchRange
bad table directory entrySelector
bad table directory rangeShift
Invalid table tag: 0x604241
 `BA: misaligned table @ https://onvio.com.br/staff/assets/legacy-files.js:1
[   32659ms] [WARNING] Failed to decode downloaded font: https://onvio.com.br/staff/SourceSans3-Regular.ab920762075b81fb.ttf @ https://onvio.com.br/staff/assets/legacy-files.js:1
[   32659ms] [WARNING] OTS parsing error: BASE: invalid table offset @ https://onvio.com.br/staff/assets/legacy-files.js:1
[   32659ms] [WARNING] Failed to decode downloaded font: https://onvio.com.br/staff/SourceSans3VF-Upright.ttf.e7f20fc9b00b0e8a.woff2 @ https://onvio.com.br/staff/assets/legacy-files.js:1
[   32659ms] [WARNING] OTS parsing error: Failed to convert WOFF 2.0 font to SFNT @ https://onvio.com.br/staff/assets/legacy-files.js:1
[   32659ms] [WARNING] Failed to decode downloaded font: https://onvio.com.br/staff/SourceSans3-Regular.ttf.dab9805cb7eb3d8f.woff @ https://onvio.com.br/staff/assets/legacy-files.js:1
[   32660ms] [WARNING] OTS parsing error: incorrect file size in WOFF header @ https://onvio.com.br/staff/assets/legacy-files.js:1
[   32660ms] [WARNING] Failed to decode downloaded font: https://onvio.com.br/staff/SourceSans3-Regular.114f93b5f3b7d159.otf @ https://onvio.com.br/staff/assets/legacy-files.js:1
[   32661ms] [WARNING] OTS parsing error: bad table directory searchRange
bad table directory entrySelector
bad table directory rangeShift
Invalid table tag: 0x604241
 `BA: misaligned table @ https://onvio.com.br/staff/assets/legacy-files.js:1
[   32661ms] [WARNING] Failed to decode downloaded font: https://onvio.com.br/staff/SourceSans3-Regular.ab920762075b81fb.ttf @ https://onvio.com.br/staff/assets/legacy-files.js:1
[   32661ms] [WARNING] OTS parsing error: BASE: invalid table offset @ https://onvio.com.br/staff/assets/legacy-files.js:1
[   32661ms] [WARNING] Failed to decode downloaded font: https://onvio.com.br/staff/SourceSans3VF-Upright.ttf.e7f20fc9b00b0e8a.woff2 @ https://onvio.com.br/staff/assets/legacy-files.js:1
[   32662ms] [WARNING] OTS parsing error: Failed to convert WOFF 2.0 font to SFNT @ https://onvio.com.br/staff/assets/legacy-files.js:1
[   32662ms] [WARNING] Failed to decode downloaded font: https://onvio.com.br/staff/SourceSans3-Regular.114f93b5f3b7d159.otf @ https://onvio.com.br/staff/assets/legacy-files.js:1
[   32663ms] [WARNING] OTS parsing error: bad table directory searchRange
bad table directory entrySelector
bad table directory rangeShift
Invalid table tag: 0x604241
 `BA: misaligned table @ https://onvio.com.br/staff/assets/legacy-files.js:1
[   32663ms] [WARNING] Failed to decode downloaded font: https://onvio.com.br/staff/SourceSans3-Regular.ttf.dab9805cb7eb3d8f.woff @ https://onvio.com.br/staff/assets/legacy-files.js:1
[   32664ms] [WARNING] OTS parsing error: incorrect file size in WOFF header @ https://onvio.com.br/staff/assets/legacy-files.js:1
[   32664ms] [WARNING] Failed to decode downloaded font: https://onvio.com.br/staff/SourceSans3-Regular.ab920762075b81fb.ttf @ https://onvio.com.br/staff/assets/legacy-files.js:1
[   32664ms] [WARNING] OTS parsing error: BASE: invalid table offset @ https://onvio.com.br/staff/assets/legacy-files.js:1
[   32664ms] [WARNING] Failed to decode downloaded font: https://onvio.com.br/staff/SourceSans3VF-Upright.ttf.e7f20fc9b00b0e8a.woff2 @ https://onvio.com.br/staff/assets/legacy-files.js:1
[   32664ms] [WARNING] OTS parsing error: Failed to convert WOFF 2.0 font to SFNT @ https://onvio.com.br/staff/assets/legacy-files.js:1
[   32665ms] [WARNING] Failed to decode downloaded font: https://onvio.com.br/staff/SourceSans3-Regular.ttf.dab9805cb7eb3d8f.woff @ https://onvio.com.br/staff/assets/legacy-files.js:1
[   32665ms] [WARNING] OTS parsing error: incorrect file size in WOFF header @ https://onvio.com.br/staff/assets/legacy-files.js:1
[   32665ms] [WARNING] Failed to decode downloaded font: https://onvio.com.br/staff/SourceSans3-Regular.114f93b5f3b7d159.otf @ https://onvio.com.br/staff/assets/legacy-files.js:1
[   32665ms] [WARNING] OTS parsing error: bad table directory searchRange
bad table directory entrySelector
bad table directory rangeShift
Invalid table tag: 0x604241
 `BA: misaligned table @ https://onvio.com.br/staff/assets/legacy-files.js:1
[   32665ms] [WARNING] Failed to decode downloaded font: https://onvio.com.br/staff/SourceSans3-Regular.ab920762075b81fb.ttf @ https://onvio.com.br/staff/assets/legacy-files.js:1
[   32665ms] [WARNING] OTS parsing error: BASE: invalid table offset @ https://onvio.com.br/staff/assets/legacy-files.js:1
[   32666ms] [WARNING] Failed to decode downloaded font: https://onvio.com.br/staff/SourceSans3VF-Upright.ttf.e7f20fc9b00b0e8a.woff2 @ https://onvio.com.br/staff/assets/legacy-files.js:1
[   32666ms] [WARNING] OTS parsing error: Failed to convert WOFF 2.0 font to SFNT @ https://onvio.com.br/staff/assets/legacy-files.js:1
[   32667ms] [WARNING] Failed to decode downloaded font: https://onvio.com.br/staff/SourceSans3-Regular.ttf.dab9805cb7eb3d8f.woff @ https://onvio.com.br/staff/assets/legacy-files.js:1
[   32667ms] [WARNING] OTS parsing error: incorrect file size in WOFF header @ https://onvio.com.br/staff/assets/legacy-files.js:1
[   32667ms] [WARNING] Failed to decode downloaded font: https://onvio.com.br/staff/SourceSans3-Regular.114f93b5f3b7d159.otf @ https://onvio.com.br/staff/assets/legacy-files.js:1
[   32667ms] [WARNING] OTS parsing error: bad table directory searchRange
bad table directory entrySelector
bad table directory rangeShift
Invalid table tag: 0x604241
 `BA: misaligned table @ https://onvio.com.br/staff/assets/legacy-files.js:1
[   32667ms] [WARNING] Failed to decode downloaded font: https://onvio.com.br/staff/SourceSans3-Regular.ab920762075b81fb.ttf @ https://onvio.com.br/staff/assets/legacy-files.js:1
[   32667ms] [WARNING] OTS parsing error: BASE: invalid table offset @ https://onvio.com.br/staff/assets/legacy-files.js:1
[   32668ms] [WARNING] Failed to decode downloaded font: https://onvio.com.br/staff/SourceSans3VF-Upright.ttf.e7f20fc9b00b0e8a.woff2 @ https://onvio.com.br/staff/assets/legacy-files.js:1
[   32668ms] [WARNING] OTS parsing error: Failed to convert WOFF 2.0 font to SFNT @ https://onvio.com.br/staff/assets/legacy-files.js:1
[   32669ms] [WARNING] Failed to decode downloaded font: https://onvio.com.br/staff/SourceSans3-Regular.ttf.dab9805cb7eb3d8f.woff @ https://onvio.com.br/staff/assets/legacy-files.js:1
[   32669ms] [WARNING] OTS parsing error: incorrect file size in WOFF header @ https://onvio.com.br/staff/assets/legacy-files.js:1
[   32669ms] [WARNING] Failed to decode downloaded font: https://onvio.com.br/staff/SourceSans3-Regular.114f93b5f3b7d159.otf @ https://onvio.com.br/staff/assets/legacy-files.js:1
[   32670ms] [WARNING] OTS parsing error: bad table directory searchRange
bad table directory entrySelector
bad table directory rangeShift
Invalid table tag: 0x604241
 `BA: misaligned table @ https://onvio.com.br/staff/assets/legacy-files.js:1
[   32670ms] [WARNING] Failed to decode downloaded font: https://onvio.com.br/staff/SourceSans3-Regular.ab920762075b81fb.ttf @ https://onvio.com.br/staff/assets/legacy-files.js:1
[   32670ms] [WARNING] OTS parsing error: BASE: invalid table offset @ https://onvio.com.br/staff/assets/legacy-files.js:1
[   32670ms] [WARNING] Failed to decode downloaded font: https://onvio.com.br/staff/SourceSans3VF-Upright.ttf.e7f20fc9b00b0e8a.woff2 @ https://onvio.com.br/staff/assets/legacy-files.js:1
[   32670ms] [WARNING] OTS parsing error: Failed to convert WOFF 2.0 font to SFNT @ https://onvio.com.br/staff/assets/legacy-files.js:1
[   32671ms] [WARNING] Failed to decode downloaded font: https://onvio.com.br/staff/SourceSans3-Regular.ttf.dab9805cb7eb3d8f.woff @ https://onvio.com.br/staff/assets/legacy-files.js:1
[   32671ms] [WARNING] OTS parsing error: incorrect file size in WOFF header @ https://onvio.com.br/staff/assets/legacy-files.js:1
[   32671ms] [WARNING] Failed to decode downloaded font: https://onvio.com.br/staff/SourceSans3-Regular.114f93b5f3b7d159.otf @ https://onvio.com.br/staff/assets/legacy-files.js:1
[   32672ms] [WARNING] OTS parsing error: bad table directory searchRange
bad table directory entrySelector
bad table directory rangeShift
Invalid table tag: 0x604241
 `BA: misaligned table @ https://onvio.com.br/staff/assets/legacy-files.js:1
[   32672ms] [WARNING] Failed to decode downloaded font: https://onvio.com.br/staff/SourceSans3-Regular.ab920762075b81fb.ttf @ https://onvio.com.br/staff/assets/legacy-files.js:1
[   32672ms] [WARNING] OTS parsing error: BASE: invalid table offset @ https://onvio.com.br/staff/assets/legacy-files.js:1
[   32775ms] [WARNING] Unsatisfied version 13.4.0 from @onvio/staff of shared singleton module @angular/core (required ^11.2.14) @ https://onvio.com.br/br-staff-dashboard/remote-entry.js:0
[   32778ms] [WARNING] Unsatisfied version 13.4.0 from @onvio/staff of shared singleton module @angular/common (required ^11.2.14) @ https://onvio.com.br/br-staff-dashboard/remote-entry.js:0
[   32779ms] [WARNING] Unsatisfied version 5.20242.30 from @onvio/staff of shared singleton module @grapecity/wijmo (required =5.20241.19) @ https://onvio.com.br/br-staff-dashboard/remote-entry.js:0
[   32779ms] [WARNING] Unsatisfied version 5.20242.30 from @onvio/staff of shared singleton module @grapecity/wijmo.grid (required =5.20241.19) @ https://onvio.com.br/br-staff-dashboard/remote-entry.js:0
[   32780ms] [WARNING] Unsatisfied version 13.4.0 from @onvio/staff of shared singleton module @angular/router (required ^11.2.14) @ https://onvio.com.br/br-staff-dashboard/remote-entry.js:0
[   32780ms] [WARNING] Unsatisfied version 12.1.2 from @onvio/staff of shared singleton module @ngx-translate/core (required ^13.0.0) @ https://onvio.com.br/br-staff-dashboard/remote-entry.js:0
[   32781ms] [WARNING] Unsatisfied version 5.20242.30 from @onvio/staff of shared singleton module @grapecity/wijmo.angular2.grid (required =5.20241.19) @ https://onvio.com.br/br-staff-dashboard/remote-entry.js:0
[   32781ms] [WARNING] Unsatisfied version 5.20242.30 from @onvio/staff of shared singleton module @grapecity/wijmo.angular2.input (required =5.20241.19) @ https://onvio.com.br/br-staff-dashboard/remote-entry.js:0
[   32781ms] [WARNING] Unsatisfied version 5.20242.30 from @onvio/staff of shared singleton module @grapecity/wijmo.angular2.grid.grouppanel (required =5.20241.19) @ https://onvio.com.br/br-staff-dashboard/remote-entry.js:0
[   33175ms] [ERROR] Failed to load resource: net::ERR_NAME_NOT_RESOLVED @ https://sync.search.spotxchange.com/partner?adv_id=6409&uid=aYUOWAABhws86AAG&img=1:0
[   33293ms] [WARNING] Failed to decode downloaded font: https://onvio.com.br/staff/SourceSans3VF-Upright.ttf.e7f20fc9b00b0e8a.woff2 @ https://onvio.com.br/br-staff-dashboard/default-node_modules_bento_bento-ng___ivy_ngcc___fesm2015_bento-bento-ng_js-node_modules_bent-2fe2f1.b12fafe2aca5803a519f.js:0
[   33294ms] [WARNING] OTS parsing error: Failed to convert WOFF 2.0 font to SFNT @ https://onvio.com.br/br-staff-dashboard/default-node_modules_bento_bento-ng___ivy_ngcc___fesm2015_bento-bento-ng_js-node_modules_bent-2fe2f1.b12fafe2aca5803a519f.js:0
[   33294ms] [WARNING] Failed to decode downloaded font: https://onvio.com.br/staff/SourceSans3-Regular.ttf.dab9805cb7eb3d8f.woff @ https://onvio.com.br/br-staff-dashboard/default-node_modules_bento_bento-ng___ivy_ngcc___fesm2015_bento-bento-ng_js-node_modules_bent-2fe2f1.b12fafe2aca5803a519f.js:0
[   33294ms] [WARNING] OTS parsing error: incorrect file size in WOFF header @ https://onvio.com.br/br-staff-dashboard/default-node_modules_bento_bento-ng___ivy_ngcc___fesm2015_bento-bento-ng_js-node_modules_bent-2fe2f1.b12fafe2aca5803a519f.js:0
[   33294ms] [WARNING] Failed to decode downloaded font: https://onvio.com.br/staff/SourceSans3-Regular.114f93b5f3b7d159.otf @ https://onvio.com.br/br-staff-dashboard/default-node_modules_bento_bento-ng___ivy_ngcc___fesm2015_bento-bento-ng_js-node_modules_bent-2fe2f1.b12fafe2aca5803a519f.js:0
[   33295ms] [WARNING] OTS parsing error: bad table directory searchRange
bad table directory entrySelector
bad table directory rangeShift
Invalid table tag: 0x604241
 `BA: misaligned table @ https://onvio.com.br/br-staff-dashboard/default-node_modules_bento_bento-ng___ivy_ngcc___fesm2015_bento-bento-ng_js-node_modules_bent-2fe2f1.b12fafe2aca5803a519f.js:0
[   33295ms] [WARNING] Failed to decode downloaded font: https://onvio.com.br/staff/SourceSans3-Regular.ab920762075b81fb.ttf @ https://onvio.com.br/br-staff-dashboard/default-node_modules_bento_bento-ng___ivy_ngcc___fesm2015_bento-bento-ng_js-node_modules_bent-2fe2f1.b12fafe2aca5803a519f.js:0
[   33295ms] [WARNING] OTS parsing error: BASE: invalid table offset @ https://onvio.com.br/br-staff-dashboard/default-node_modules_bento_bento-ng___ivy_ngcc___fesm2015_bento-bento-ng_js-node_modules_bent-2fe2f1.b12fafe2aca5803a519f.js:0
[   33295ms] [WARNING] Failed to decode downloaded font: https://onvio.com.br/staff/SourceSans3VF-Upright.ttf.e7f20fc9b00b0e8a.woff2 @ https://onvio.com.br/br-staff-dashboard/default-node_modules_bento_bento-ng___ivy_ngcc___fesm2015_bento-bento-ng_js-node_modules_bent-2fe2f1.b12fafe2aca5803a519f.js:0
[   33295ms] [WARNING] OTS parsing error: Failed to convert WOFF 2.0 font to SFNT @ https://onvio.com.br/br-staff-dashboard/default-node_modules_bento_bento-ng___ivy_ngcc___fesm2015_bento-bento-ng_js-node_modules_bent-2fe2f1.b12fafe2aca5803a519f.js:0
[   33296ms] [WARNING] Failed to decode downloaded font: https://onvio.com.br/staff/SourceSans3-Regular.ttf.dab9805cb7eb3d8f.woff @ https://onvio.com.br/br-staff-dashboard/default-node_modules_bento_bento-ng___ivy_ngcc___fesm2015_bento-bento-ng_js-node_modules_bent-2fe2f1.b12fafe2aca5803a519f.js:0
[   33296ms] [WARNING] OTS parsing error: incorrect file size in WOFF header @ https://onvio.com.br/br-staff-dashboard/default-node_modules_bento_bento-ng___ivy_ngcc___fesm2015_bento-bento-ng_js-node_modules_bent-2fe2f1.b12fafe2aca5803a519f.js:0
[   33296ms] [WARNING] Failed to decode downloaded font: https://onvio.com.br/staff/SourceSans3-Regular.114f93b5f3b7d159.otf @ https://onvio.com.br/br-staff-dashboard/default-node_modules_bento_bento-ng___ivy_ngcc___fesm2015_bento-bento-ng_js-node_modules_bent-2fe2f1.b12fafe2aca5803a519f.js:0
[   33297ms] [WARNING] OTS parsing error: bad table directory searchRange
bad table directory entrySelector
bad table directory rangeShift
Invalid table tag: 0x604241
 `BA: misaligned table @ https://onvio.com.br/br-staff-dashboard/default-node_modules_bento_bento-ng___ivy_ngcc___fesm2015_bento-bento-ng_js-node_modules_bent-2fe2f1.b12fafe2aca5803a519f.js:0
[   33297ms] [WARNING] Failed to decode downloaded font: https://onvio.com.br/staff/SourceSans3-Regular.ab920762075b81fb.ttf @ https://onvio.com.br/br-staff-dashboard/default-node_modules_bento_bento-ng___ivy_ngcc___fesm2015_bento-bento-ng_js-node_modules_bent-2fe2f1.b12fafe2aca5803a519f.js:0
[   33297ms] [WARNING] OTS parsing error: BASE: invalid table offset @ https://onvio.com.br/br-staff-dashboard/default-node_modules_bento_bento-ng___ivy_ngcc___fesm2015_bento-bento-ng_js-node_modules_bent-2fe2f1.b12fafe2aca5803a519f.js:0
[   33297ms] [WARNING] Failed to decode downloaded font: https://onvio.com.br/staff/SourceSans3VF-Upright.ttf.e7f20fc9b00b0e8a.woff2 @ https://onvio.com.br/br-staff-dashboard/default-node_modules_bento_bento-ng___ivy_ngcc___fesm2015_bento-bento-ng_js-node_modules_bent-2fe2f1.b12fafe2aca5803a519f.js:0
[   33297ms] [WARNING] OTS parsing error: Failed to convert WOFF 2.0 font to SFNT @ https://onvio.com.br/br-staff-dashboard/default-node_modules_bento_bento-ng___ivy_ngcc___fesm2015_bento-bento-ng_js-node_modules_bent-2fe2f1.b12fafe2aca5803a519f.js:0
[   33297ms] [WARNING] Failed to decode downloaded font: https://onvio.com.br/staff/SourceSans3-Regular.ttf.dab9805cb7eb3d8f.woff @ https://onvio.com.br/br-staff-dashboard/default-node_modules_bento_bento-ng___ivy_ngcc___fesm2015_bento-bento-ng_js-node_modules_bent-2fe2f1.b12fafe2aca5803a519f.js:0
[   33297ms] [WARNING] OTS parsing error: incorrect file size in WOFF header @ https://onvio.com.br/br-staff-dashboard/default-node_modules_bento_bento-ng___ivy_ngcc___fesm2015_bento-bento-ng_js-node_modules_bent-2fe2f1.b12fafe2aca5803a519f.js:0
[   33298ms] [WARNING] Failed to decode downloaded font: https://onvio.com.br/staff/SourceSans3-Regular.114f93b5f3b7d159.otf @ https://onvio.com.br/br-staff-dashboard/default-node_modules_bento_bento-ng___ivy_ngcc___fesm2015_bento-bento-ng_js-node_modules_bent-2fe2f1.b12fafe2aca5803a519f.js:0
[   33298ms] [WARNING] OTS parsing error: bad table directory searchRange
bad table directory entrySelector
bad table directory rangeShift
Invalid table tag: 0x604241
 `BA: misaligned table @ https://onvio.com.br/br-staff-dashboard/default-node_modules_bento_bento-ng___ivy_ngcc___fesm2015_bento-bento-ng_js-node_modules_bent-2fe2f1.b12fafe2aca5803a519f.js:0
[   33298ms] [WARNING] Failed to decode downloaded font: https://onvio.com.br/staff/SourceSans3-Regular.ab920762075b81fb.ttf @ https://onvio.com.br/br-staff-dashboard/default-node_modules_bento_bento-ng___ivy_ngcc___fesm2015_bento-bento-ng_js-node_modules_bent-2fe2f1.b12fafe2aca5803a519f.js:0
[   33298ms] [WARNING] OTS parsing error: BASE: invalid table offset @ https://onvio.com.br/br-staff-dashboard/default-node_modules_bento_bento-ng___ivy_ngcc___fesm2015_bento-bento-ng_js-node_modules_bent-2fe2f1.b12fafe2aca5803a519f.js:0
[   33298ms] [WARNING] Failed to decode downloaded font: https://onvio.com.br/staff/SourceSans3VF-Upright.ttf.e7f20fc9b00b0e8a.woff2 @ https://onvio.com.br/br-staff-dashboard/default-node_modules_bento_bento-ng___ivy_ngcc___fesm2015_bento-bento-ng_js-node_modules_bent-2fe2f1.b12fafe2aca5803a519f.js:0
[   33298ms] [WARNING] OTS parsing error: Failed to convert WOFF 2.0 font to SFNT @ https://onvio.com.br/br-staff-dashboard/default-node_modules_bento_bento-ng___ivy_ngcc___fesm2015_bento-bento-ng_js-node_modules_bent-2fe2f1.b12fafe2aca5803a519f.js:0
[   33298ms] [WARNING] Failed to decode downloaded font: https://onvio.com.br/staff/SourceSans3-Regular.ttf.dab9805cb7eb3d8f.woff @ https://onvio.com.br/br-staff-dashboard/default-node_modules_bento_bento-ng___ivy_ngcc___fesm2015_bento-bento-ng_js-node_modules_bent-2fe2f1.b12fafe2aca5803a519f.js:0
[   33299ms] [WARNING] OTS parsing error: incorrect file size in WOFF header @ https://onvio.com.br/br-staff-dashboard/default-node_modules_bento_bento-ng___ivy_ngcc___fesm2015_bento-bento-ng_js-node_modules_bent-2fe2f1.b12fafe2aca5803a519f.js:0
[   33299ms] [WARNING] Failed to decode downloaded font: https://onvio.com.br/staff/SourceSans3-Regular.114f93b5f3b7d159.otf @ https://onvio.com.br/br-staff-dashboard/default-node_modules_bento_bento-ng___ivy_ngcc___fesm2015_bento-bento-ng_js-node_modules_bent-2fe2f1.b12fafe2aca5803a519f.js:0
[   33299ms] [WARNING] OTS parsing error: bad table directory searchRange
bad table directory entrySelector
bad table directory rangeShift
Invalid table tag: 0x604241
 `BA: misaligned table @ https://onvio.com.br/br-staff-dashboard/default-node_modules_bento_bento-ng___ivy_ngcc___fesm2015_bento-bento-ng_js-node_modules_bent-2fe2f1.b12fafe2aca5803a519f.js:0
[   33299ms] [WARNING] Failed to decode downloaded font: https://onvio.com.br/staff/SourceSans3-Regular.ab920762075b81fb.ttf @ https://onvio.com.br/br-staff-dashboard/default-node_modules_bento_bento-ng___ivy_ngcc___fesm2015_bento-bento-ng_js-node_modules_bent-2fe2f1.b12fafe2aca5803a519f.js:0
[   33299ms] [WARNING] OTS parsing error: BASE: invalid table offset @ https://onvio.com.br/br-staff-dashboard/default-node_modules_bento_bento-ng___ivy_ngcc___fesm2015_bento-bento-ng_js-node_modules_bent-2fe2f1.b12fafe2aca5803a519f.js:0
[   33299ms] [WARNING] Failed to decode downloaded font: https://onvio.com.br/staff/SourceSans3VF-Upright.ttf.e7f20fc9b00b0e8a.woff2 @ https://onvio.com.br/br-staff-dashboard/default-node_modules_bento_bento-ng___ivy_ngcc___fesm2015_bento-bento-ng_js-node_modules_bent-2fe2f1.b12fafe2aca5803a519f.js:0
[   33299ms] [WARNING] OTS parsing error: Failed to convert WOFF 2.0 font to SFNT @ https://onvio.com.br/br-staff-dashboard/default-node_modules_bento_bento-ng___ivy_ngcc___fesm2015_bento-bento-ng_js-node_modules_bent-2fe2f1.b12fafe2aca5803a519f.js:0
[   33300ms] [WARNING] Failed to decode downloaded font: https://onvio.com.br/staff/SourceSans3-Regular.ttf.dab9805cb7eb3d8f.woff @ https://onvio.com.br/br-staff-dashboard/default-node_modules_bento_bento-ng___ivy_ngcc___fesm2015_bento-bento-ng_js-node_modules_bent-2fe2f1.b12fafe2aca5803a519f.js:0
[   33300ms] [WARNING] OTS parsing error: incorrect file size in WOFF header @ https://onvio.com.br/br-staff-dashboard/default-node_modules_bento_bento-ng___ivy_ngcc___fesm2015_bento-bento-ng_js-node_modules_bent-2fe2f1.b12fafe2aca5803a519f.js:0
[   33300ms] [WARNING] Failed to decode downloaded font: https://onvio.com.br/staff/SourceSans3-Regular.114f93b5f3b7d159.otf @ https://onvio.com.br/br-staff-dashboard/default-node_modules_bento_bento-ng___ivy_ngcc___fesm2015_bento-bento-ng_js-node_modules_bent-2fe2f1.b12fafe2aca5803a519f.js:0
[   33300ms] [WARNING] OTS parsing error: bad table directory searchRange
bad table directory entrySelector
bad table directory rangeShift
Invalid table tag: 0x604241
 `BA: misaligned table @ https://onvio.com.br/br-staff-dashboard/default-node_modules_bento_bento-ng___ivy_ngcc___fesm2015_bento-bento-ng_js-node_modules_bent-2fe2f1.b12fafe2aca5803a519f.js:0
[   33300ms] [WARNING] Failed to decode downloaded font: https://onvio.com.br/staff/SourceSans3-Regular.ab920762075b81fb.ttf @ https://onvio.com.br/br-staff-dashboard/default-node_modules_bento_bento-ng___ivy_ngcc___fesm2015_bento-bento-ng_js-node_modules_bent-2fe2f1.b12fafe2aca5803a519f.js:0
[   33300ms] [WARNING] OTS parsing error: BASE: invalid table offset @ https://onvio.com.br/br-staff-dashboard/default-node_modules_bento_bento-ng___ivy_ngcc___fesm2015_bento-bento-ng_js-node_modules_bent-2fe2f1.b12fafe2aca5803a519f.js:0
[   33300ms] [WARNING] Failed to decode downloaded font: https://onvio.com.br/staff/SourceSans3VF-Upright.ttf.e7f20fc9b00b0e8a.woff2 @ https://onvio.com.br/br-staff-dashboard/default-node_modules_bento_bento-ng___ivy_ngcc___fesm2015_bento-bento-ng_js-node_modules_bent-2fe2f1.b12fafe2aca5803a519f.js:0
[   33300ms] [WARNING] OTS parsing error: Failed to convert WOFF 2.0 font to SFNT @ https://onvio.com.br/br-staff-dashboard/default-node_modules_bento_bento-ng___ivy_ngcc___fesm2015_bento-bento-ng_js-node_modules_bent-2fe2f1.b12fafe2aca5803a519f.js:0
[   33300ms] [WARNING] Failed to decode downloaded font: https://onvio.com.br/staff/SourceSans3VF-Upright.ttf.e7f20fc9b00b0e8a.woff2 @ https://onvio.com.br/br-staff-dashboard/default-node_modules_bento_bento-ng___ivy_ngcc___fesm2015_bento-bento-ng_js-node_modules_bent-2fe2f1.b12fafe2aca5803a519f.js:0
[   33301ms] [WARNING] OTS parsing error: Failed to convert WOFF 2.0 font to SFNT @ https://onvio.com.br/br-staff-dashboard/default-node_modules_bento_bento-ng___ivy_ngcc___fesm2015_bento-bento-ng_js-node_modules_bent-2fe2f1.b12fafe2aca5803a519f.js:0
[   33301ms] [WARNING] Failed to decode downloaded font: https://onvio.com.br/staff/SourceSans3VF-Upright.ttf.e7f20fc9b00b0e8a.woff2 @ https://onvio.com.br/br-staff-dashboard/default-node_modules_bento_bento-ng___ivy_ngcc___fesm2015_bento-bento-ng_js-node_modules_bent-2fe2f1.b12fafe2aca5803a519f.js:0
[   33301ms] [WARNING] OTS parsing error: Failed to convert WOFF 2.0 font to SFNT @ https://onvio.com.br/br-staff-dashboard/default-node_modules_bento_bento-ng___ivy_ngcc___fesm2015_bento-bento-ng_js-node_modules_bent-2fe2f1.b12fafe2aca5803a519f.js:0
[   33301ms] [WARNING] Failed to decode downloaded font: https://onvio.com.br/staff/SourceSans3VF-Upright.ttf.e7f20fc9b00b0e8a.woff2 @ https://onvio.com.br/br-staff-dashboard/default-node_modules_bento_bento-ng___ivy_ngcc___fesm2015_bento-bento-ng_js-node_modules_bent-2fe2f1.b12fafe2aca5803a519f.js:0
[   33302ms] [WARNING] OTS parsing error: Failed to convert WOFF 2.0 font to SFNT @ https://onvio.com.br/br-staff-dashboard/default-node_modules_bento_bento-ng___ivy_ngcc___fesm2015_bento-bento-ng_js-node_modules_bent-2fe2f1.b12fafe2aca5803a519f.js:0
[   33302ms] [WARNING] Failed to decode downloaded font: https://onvio.com.br/staff/SourceSans3VF-Upright.ttf.e7f20fc9b00b0e8a.woff2 @ https://onvio.com.br/br-staff-dashboard/default-node_modules_bento_bento-ng___ivy_ngcc___fesm2015_bento-bento-ng_js-node_modules_bent-2fe2f1.b12fafe2aca5803a519f.js:0
[   33302ms] [WARNING] OTS parsing error: Failed to convert WOFF 2.0 font to SFNT @ https://onvio.com.br/br-staff-dashboard/default-node_modules_bento_bento-ng___ivy_ngcc___fesm2015_bento-bento-ng_js-node_modules_bent-2fe2f1.b12fafe2aca5803a519f.js:0
[   33302ms] [WARNING] Failed to decode downloaded font: https://onvio.com.br/staff/SourceSans3VF-Upright.ttf.e7f20fc9b00b0e8a.woff2 @ https://onvio.com.br/br-staff-dashboard/default-node_modules_bento_bento-ng___ivy_ngcc___fesm2015_bento-bento-ng_js-node_modules_bent-2fe2f1.b12fafe2aca5803a519f.js:0
[   33302ms] [WARNING] OTS parsing error: Failed to convert WOFF 2.0 font to SFNT @ https://onvio.com.br/br-staff-dashboard/default-node_modules_bento_bento-ng___ivy_ngcc___fesm2015_bento-bento-ng_js-node_modules_bent-2fe2f1.b12fafe2aca5803a519f.js:0
[   33303ms] [WARNING] Failed to decode downloaded font: https://onvio.com.br/staff/SourceSans3VF-Upright.ttf.e7f20fc9b00b0e8a.woff2 @ https://onvio.com.br/br-staff-dashboard/default-node_modules_bento_bento-ng___ivy_ngcc___fesm2015_bento-bento-ng_js-node_modules_bent-2fe2f1.b12fafe2aca5803a519f.js:0
[   33303ms] [WARNING] OTS parsing error: Failed to convert WOFF 2.0 font to SFNT @ https://onvio.com.br/br-staff-dashboard/default-node_modules_bento_bento-ng___ivy_ngcc___fesm2015_bento-bento-ng_js-node_modules_bent-2fe2f1.b12fafe2aca5803a519f.js:0
[   33303ms] [WARNING] Failed to decode downloaded font: https://onvio.com.br/staff/SourceSans3VF-Upright.ttf.e7f20fc9b00b0e8a.woff2 @ https://onvio.com.br/br-staff-dashboard/default-node_modules_bento_bento-ng___ivy_ngcc___fesm2015_bento-bento-ng_js-node_modules_bent-2fe2f1.b12fafe2aca5803a519f.js:0
[   33303ms] [WARNING] OTS parsing error: Failed to convert WOFF 2.0 font to SFNT @ https://onvio.com.br/br-staff-dashboard/default-node_modules_bento_bento-ng___ivy_ngcc___fesm2015_bento-bento-ng_js-node_modules_bent-2fe2f1.b12fafe2aca5803a519f.js:0
[   33303ms] [WARNING] Failed to decode downloaded font: https://onvio.com.br/staff/SourceSans3VF-Upright.ttf.e7f20fc9b00b0e8a.woff2 @ https://onvio.com.br/br-staff-dashboard/default-node_modules_bento_bento-ng___ivy_ngcc___fesm2015_bento-bento-ng_js-node_modules_bent-2fe2f1.b12fafe2aca5803a519f.js:0
[   33303ms] [WARNING] OTS parsing error: Failed to convert WOFF 2.0 font to SFNT @ https://onvio.com.br/br-staff-dashboard/default-node_modules_bento_bento-ng___ivy_ngcc___fesm2015_bento-bento-ng_js-node_modules_bent-2fe2f1.b12fafe2aca5803a519f.js:0
[   33303ms] [WARNING] Failed to decode downloaded font: https://onvio.com.br/staff/SourceSans3-Regular.ttf.dab9805cb7eb3d8f.woff @ https://onvio.com.br/br-staff-dashboard/default-node_modules_bento_bento-ng___ivy_ngcc___fesm2015_bento-bento-ng_js-node_modules_bent-2fe2f1.b12fafe2aca5803a519f.js:0
[   33303ms] [WARNING] OTS parsing error: incorrect file size in WOFF header @ https://onvio.com.br/br-staff-dashboard/default-node_modules_bento_bento-ng___ivy_ngcc___fesm2015_bento-bento-ng_js-node_modules_bent-2fe2f1.b12fafe2aca5803a519f.js:0
[   33303ms] [WARNING] Failed to decode downloaded font: https://onvio.com.br/staff/SourceSans3-Regular.114f93b5f3b7d159.otf @ https://onvio.com.br/br-staff-dashboard/default-node_modules_bento_bento-ng___ivy_ngcc___fesm2015_bento-bento-ng_js-node_modules_bent-2fe2f1.b12fafe2aca5803a519f.js:0
[   33303ms] [WARNING] OTS parsing error: bad table directory searchRange
bad table directory entrySelector
bad table directory rangeShift
Invalid table tag: 0x604241
 `BA: misaligned table @ https://onvio.com.br/br-staff-dashboard/default-node_modules_bento_bento-ng___ivy_ngcc___fesm2015_bento-bento-ng_js-node_modules_bent-2fe2f1.b12fafe2aca5803a519f.js:0
[   33303ms] [WARNING] Failed to decode downloaded font: https://onvio.com.br/staff/SourceSans3-Regular.ab920762075b81fb.ttf @ https://onvio.com.br/br-staff-dashboard/default-node_modules_bento_bento-ng___ivy_ngcc___fesm2015_bento-bento-ng_js-node_modules_bent-2fe2f1.b12fafe2aca5803a519f.js:0
[   33303ms] [WARNING] OTS parsing error: BASE: invalid table offset @ https://onvio.com.br/br-staff-dashboard/default-node_modules_bento_bento-ng___ivy_ngcc___fesm2015_bento-bento-ng_js-node_modules_bent-2fe2f1.b12fafe2aca5803a519f.js:0
[   33303ms] [WARNING] Failed to decode downloaded font: https://onvio.com.br/staff/SourceSans3VF-Upright.ttf.e7f20fc9b00b0e8a.woff2 @ https://onvio.com.br/br-staff-dashboard/default-node_modules_bento_bento-ng___ivy_ngcc___fesm2015_bento-bento-ng_js-node_modules_bent-2fe2f1.b12fafe2aca5803a519f.js:0
[   33304ms] [WARNING] OTS parsing error: Failed to convert WOFF 2.0 font to SFNT @ https://onvio.com.br/br-staff-dashboard/default-node_modules_bento_bento-ng___ivy_ngcc___fesm2015_bento-bento-ng_js-node_modules_bent-2fe2f1.b12fafe2aca5803a519f.js:0
[   33304ms] [WARNING] Failed to decode downloaded font: https://onvio.com.br/staff/SourceSans3-Regular.ttf.dab9805cb7eb3d8f.woff @ https://onvio.com.br/br-staff-dashboard/default-node_modules_bento_bento-ng___ivy_ngcc___fesm2015_bento-bento-ng_js-node_modules_bent-2fe2f1.b12fafe2aca5803a519f.js:0
[   33304ms] [WARNING] OTS parsing error: incorrect file size in WOFF header @ https://onvio.com.br/br-staff-dashboard/default-node_modules_bento_bento-ng___ivy_ngcc___fesm2015_bento-bento-ng_js-node_modules_bent-2fe2f1.b12fafe2aca5803a519f.js:0
[   33304ms] [WARNING] Failed to decode downloaded font: https://onvio.com.br/staff/SourceSans3-Regular.114f93b5f3b7d159.otf @ https://onvio.com.br/br-staff-dashboard/default-node_modules_bento_bento-ng___ivy_ngcc___fesm2015_bento-bento-ng_js-node_modules_bent-2fe2f1.b12fafe2aca5803a519f.js:0
[   33304ms] [WARNING] OTS parsing error: bad table directory searchRange
bad table directory entrySelector
bad table directory rangeShift
Invalid table tag: 0x604241
 `BA: misaligned table @ https://onvio.com.br/br-staff-dashboard/default-node_modules_bento_bento-ng___ivy_ngcc___fesm2015_bento-bento-ng_js-node_modules_bent-2fe2f1.b12fafe2aca5803a519f.js:0
[   33304ms] [WARNING] Failed to decode downloaded font: https://onvio.com.br/staff/SourceSans3-Regular.ab920762075b81fb.ttf @ https://onvio.com.br/br-staff-dashboard/default-node_modules_bento_bento-ng___ivy_ngcc___fesm2015_bento-bento-ng_js-node_modules_bent-2fe2f1.b12fafe2aca5803a519f.js:0
[   33304ms] [WARNING] OTS parsing error: BASE: invalid table offset @ https://onvio.com.br/br-staff-dashboard/default-node_modules_bento_bento-ng___ivy_ngcc___fesm2015_bento-bento-ng_js-node_modules_bent-2fe2f1.b12fafe2aca5803a519f.js:0
[   33304ms] [WARNING] Failed to decode downloaded font: https://onvio.com.br/staff/SourceSans3VF-Upright.ttf.e7f20fc9b00b0e8a.woff2 @ https://onvio.com.br/br-staff-dashboard/default-node_modules_bento_bento-ng___ivy_ngcc___fesm2015_bento-bento-ng_js-node_modules_bent-2fe2f1.b12fafe2aca5803a519f.js:0
[   33304ms] [WARNING] OTS parsing error: Failed to convert WOFF 2.0 font to SFNT @ https://onvio.com.br/br-staff-dashboard/default-node_modules_bento_bento-ng___ivy_ngcc___fesm2015_bento-bento-ng_js-node_modules_bent-2fe2f1.b12fafe2aca5803a519f.js:0
[   33304ms] [WARNING] Failed to decode downloaded font: https://onvio.com.br/staff/SourceSans3-Regular.ttf.dab9805cb7eb3d8f.woff @ https://onvio.com.br/br-staff-dashboard/default-node_modules_bento_bento-ng___ivy_ngcc___fesm2015_bento-bento-ng_js-node_modules_bent-2fe2f1.b12fafe2aca5803a519f.js:0
[   33304ms] [WARNING] OTS parsing error: incorrect file size in WOFF header @ https://onvio.com.br/br-staff-dashboard/default-node_modules_bento_bento-ng___ivy_ngcc___fesm2015_bento-bento-ng_js-node_modules_bent-2fe2f1.b12fafe2aca5803a519f.js:0
[   33304ms] [WARNING] Failed to decode downloaded font: https://onvio.com.br/staff/SourceSans3-Regular.114f93b5f3b7d159.otf @ https://onvio.com.br/br-staff-dashboard/default-node_modules_bento_bento-ng___ivy_ngcc___fesm2015_bento-bento-ng_js-node_modules_bent-2fe2f1.b12fafe2aca5803a519f.js:0
[   33304ms] [WARNING] OTS parsing error: bad table directory searchRange
bad table directory entrySelector
bad table directory rangeShift
Invalid table tag: 0x604241
 `BA: misaligned table @ https://onvio.com.br/br-staff-dashboard/default-node_modules_bento_bento-ng___ivy_ngcc___fesm2015_bento-bento-ng_js-node_modules_bent-2fe2f1.b12fafe2aca5803a519f.js:0
[   33305ms] [WARNING] Failed to decode downloaded font: https://onvio.com.br/staff/SourceSans3-Regular.ab920762075b81fb.ttf @ https://onvio.com.br/br-staff-dashboard/default-node_modules_bento_bento-ng___ivy_ngcc___fesm2015_bento-bento-ng_js-node_modules_bent-2fe2f1.b12fafe2aca5803a519f.js:0
[   33305ms] [WARNING] OTS parsing error: BASE: invalid table offset @ https://onvio.com.br/br-staff-dashboard/default-node_modules_bento_bento-ng___ivy_ngcc___fesm2015_bento-bento-ng_js-node_modules_bent-2fe2f1.b12fafe2aca5803a519f.js:0
[   33305ms] [WARNING] Failed to decode downloaded font: https://onvio.com.br/staff/SourceSans3VF-Upright.ttf.e7f20fc9b00b0e8a.woff2 @ https://onvio.com.br/br-staff-dashboard/default-node_modules_bento_bento-ng___ivy_ngcc___fesm2015_bento-bento-ng_js-node_modules_bent-2fe2f1.b12fafe2aca5803a519f.js:0
[   33305ms] [WARNING] OTS parsing error: Failed to convert WOFF 2.0 font to SFNT @ https://onvio.com.br/br-staff-dashboard/default-node_modules_bento_bento-ng___ivy_ngcc___fesm2015_bento-bento-ng_js-node_modules_bent-2fe2f1.b12fafe2aca5803a519f.js:0
[   33305ms] [WARNING] Failed to decode downloaded font: https://onvio.com.br/staff/SourceSans3-Regular.ttf.dab9805cb7eb3d8f.woff @ https://onvio.com.br/br-staff-dashboard/default-node_modules_bento_bento-ng___ivy_ngcc___fesm2015_bento-bento-ng_js-node_modules_bent-2fe2f1.b12fafe2aca5803a519f.js:0
[   33305ms] [WARNING] OTS parsing error: incorrect file size in WOFF header @ https://onvio.com.br/br-staff-dashboard/default-node_modules_bento_bento-ng___ivy_ngcc___fesm2015_bento-bento-ng_js-node_modules_bent-2fe2f1.b12fafe2aca5803a519f.js:0
[   33305ms] [WARNING] Failed to decode downloaded font: https://onvio.com.br/staff/SourceSans3-Regular.114f93b5f3b7d159.otf @ https://onvio.com.br/br-staff-dashboard/default-node_modules_bento_bento-ng___ivy_ngcc___fesm2015_bento-bento-ng_js-node_modules_bent-2fe2f1.b12fafe2aca5803a519f.js:0
[   33305ms] [WARNING] OTS parsing error: bad table directory searchRange
bad table directory entrySelector
bad table directory rangeShift
Invalid table tag: 0x604241
 `BA: misaligned table @ https://onvio.com.br/br-staff-dashboard/default-node_modules_bento_bento-ng___ivy_ngcc___fesm2015_bento-bento-ng_js-node_modules_bent-2fe2f1.b12fafe2aca5803a519f.js:0
[   33305ms] [WARNING] Failed to decode downloaded font: https://onvio.com.br/staff/SourceSans3-Regular.ab920762075b81fb.ttf @ https://onvio.com.br/br-staff-dashboard/default-node_modules_bento_bento-ng___ivy_ngcc___fesm2015_bento-bento-ng_js-node_modules_bent-2fe2f1.b12fafe2aca5803a519f.js:0
[   33305ms] [WARNING] OTS parsing error: BASE: invalid table offset @ https://onvio.com.br/br-staff-dashboard/default-node_modules_bento_bento-ng___ivy_ngcc___fesm2015_bento-bento-ng_js-node_modules_bent-2fe2f1.b12fafe2aca5803a519f.js:0
[   33305ms] [WARNING] Failed to decode downloaded font: https://onvio.com.br/staff/SourceSans3VF-Upright.ttf.e7f20fc9b00b0e8a.woff2 @ https://onvio.com.br/br-staff-dashboard/default-node_modules_bento_bento-ng___ivy_ngcc___fesm2015_bento-bento-ng_js-node_modules_bent-2fe2f1.b12fafe2aca5803a519f.js:0
[   33306ms] [WARNING] OTS parsing error: Failed to convert WOFF 2.0 font to SFNT @ https://onvio.com.br/br-staff-dashboard/default-node_modules_bento_bento-ng___ivy_ngcc___fesm2015_bento-bento-ng_js-node_modules_bent-2fe2f1.b12fafe2aca5803a519f.js:0
[   33306ms] [WARNING] Failed to decode downloaded font: https://onvio.com.br/staff/SourceSans3-Regular.ttf.dab9805cb7eb3d8f.woff @ https://onvio.com.br/br-staff-dashboard/default-node_modules_bento_bento-ng___ivy_ngcc___fesm2015_bento-bento-ng_js-node_modules_bent-2fe2f1.b12fafe2aca5803a519f.js:0
[   33306ms] [WARNING] OTS parsing error: incorrect file size in WOFF header @ https://onvio.com.br/br-staff-dashboard/default-node_modules_bento_bento-ng___ivy_ngcc___fesm2015_bento-bento-ng_js-node_modules_bent-2fe2f1.b12fafe2aca5803a519f.js:0
[   33306ms] [WARNING] Failed to decode downloaded font: https://onvio.com.br/staff/SourceSans3-Regular.114f93b5f3b7d159.otf @ https://onvio.com.br/br-staff-dashboard/default-node_modules_bento_bento-ng___ivy_ngcc___fesm2015_bento-bento-ng_js-node_modules_bent-2fe2f1.b12fafe2aca5803a519f.js:0
[   33306ms] [WARNING] OTS parsing error: bad table directory searchRange
bad table directory entrySelector
bad table directory rangeShift
Invalid table tag: 0x604241
 `BA: misaligned table @ https://onvio.com.br/br-staff-dashboard/default-node_modules_bento_bento-ng___ivy_ngcc___fesm2015_bento-bento-ng_js-node_modules_bent-2fe2f1.b12fafe2aca5803a519f.js:0
[   33306ms] [WARNING] Failed to decode downloaded font: https://onvio.com.br/staff/SourceSans3-Regular.ab920762075b81fb.ttf @ https://onvio.com.br/br-staff-dashboard/default-node_modules_bento_bento-ng___ivy_ngcc___fesm2015_bento-bento-ng_js-node_modules_bent-2fe2f1.b12fafe2aca5803a519f.js:0
[   33306ms] [WARNING] OTS parsing error: BASE: invalid table offset @ https://onvio.com.br/br-staff-dashboard/default-node_modules_bento_bento-ng___ivy_ngcc___fesm2015_bento-bento-ng_js-node_modules_bent-2fe2f1.b12fafe2aca5803a519f.js:0
[   33306ms] [WARNING] Failed to decode downloaded font: https://onvio.com.br/staff/SourceSans3VF-Upright.ttf.e7f20fc9b00b0e8a.woff2 @ https://onvio.com.br/br-staff-dashboard/default-node_modules_bento_bento-ng___ivy_ngcc___fesm2015_bento-bento-ng_js-node_modules_bent-2fe2f1.b12fafe2aca5803a519f.js:0
[   33306ms] [WARNING] OTS parsing error: Failed to convert WOFF 2.0 font to SFNT @ https://onvio.com.br/br-staff-dashboard/default-node_modules_bento_bento-ng___ivy_ngcc___fesm2015_bento-bento-ng_js-node_modules_bent-2fe2f1.b12fafe2aca5803a519f.js:0
[   33306ms] [WARNING] Failed to decode downloaded font: https://onvio.com.br/staff/SourceSans3-Regular.ttf.dab9805cb7eb3d8f.woff @ https://onvio.com.br/br-staff-dashboard/default-node_modules_bento_bento-ng___ivy_ngcc___fesm2015_bento-bento-ng_js-node_modules_bent-2fe2f1.b12fafe2aca5803a519f.js:0
[   33307ms] [WARNING] OTS parsing error: incorrect file size in WOFF header @ https://onvio.com.br/br-staff-dashboard/default-node_modules_bento_bento-ng___ivy_ngcc___fesm2015_bento-bento-ng_js-node_modules_bent-2fe2f1.b12fafe2aca5803a519f.js:0
[   33307ms] [WARNING] Failed to decode downloaded font: https://onvio.com.br/staff/SourceSans3-Regular.114f93b5f3b7d159.otf @ https://onvio.com.br/br-staff-dashboard/default-node_modules_bento_bento-ng___ivy_ngcc___fesm2015_bento-bento-ng_js-node_modules_bent-2fe2f1.b12fafe2aca5803a519f.js:0
[   33307ms] [WARNING] OTS parsing error: bad table directory searchRange
bad table directory entrySelector
bad table directory rangeShift
Invalid table tag: 0x604241
 `BA: misaligned table @ https://onvio.com.br/br-staff-dashboard/default-node_modules_bento_bento-ng___ivy_ngcc___fesm2015_bento-bento-ng_js-node_modules_bent-2fe2f1.b12fafe2aca5803a519f.js:0
[   33307ms] [WARNING] Failed to decode downloaded font: https://onvio.com.br/staff/SourceSans3-Regular.ab920762075b81fb.ttf @ https://onvio.com.br/br-staff-dashboard/default-node_modules_bento_bento-ng___ivy_ngcc___fesm2015_bento-bento-ng_js-node_modules_bent-2fe2f1.b12fafe2aca5803a519f.js:0
[   33307ms] [WARNING] OTS parsing error: BASE: invalid table offset @ https://onvio.com.br/br-staff-dashboard/default-node_modules_bento_bento-ng___ivy_ngcc___fesm2015_bento-bento-ng_js-node_modules_bent-2fe2f1.b12fafe2aca5803a519f.js:0
[   33308ms] [WARNING] Failed to decode downloaded font: https://onvio.com.br/staff/SourceSans3VF-Upright.ttf.e7f20fc9b00b0e8a.woff2 @ https://onvio.com.br/br-staff-dashboard/default-node_modules_bento_bento-ng___ivy_ngcc___fesm2015_bento-bento-ng_js-node_modules_bent-2fe2f1.b12fafe2aca5803a519f.js:0
[   33308ms] [WARNING] OTS parsing error: Failed to convert WOFF 2.0 font to SFNT @ https://onvio.com.br/br-staff-dashboard/default-node_modules_bento_bento-ng___ivy_ngcc___fesm2015_bento-bento-ng_js-node_modules_bent-2fe2f1.b12fafe2aca5803a519f.js:0
[   33309ms] [WARNING] Failed to decode downloaded font: https://onvio.com.br/staff/SourceSans3-Regular.ttf.dab9805cb7eb3d8f.woff @ https://onvio.com.br/br-staff-dashboard/default-node_modules_bento_bento-ng___ivy_ngcc___fesm2015_bento-bento-ng_js-node_modules_bent-2fe2f1.b12fafe2aca5803a519f.js:0
[   33309ms] [WARNING] OTS parsing error: incorrect file size in WOFF header @ https://onvio.com.br/br-staff-dashboard/default-node_modules_bento_bento-ng___ivy_ngcc___fesm2015_bento-bento-ng_js-node_modules_bent-2fe2f1.b12fafe2aca5803a519f.js:0
[   33309ms] [WARNING] Failed to decode downloaded font: https://onvio.com.br/staff/SourceSans3-Regular.114f93b5f3b7d159.otf @ https://onvio.com.br/br-staff-dashboard/default-node_modules_bento_bento-ng___ivy_ngcc___fesm2015_bento-bento-ng_js-node_modules_bent-2fe2f1.b12fafe2aca5803a519f.js:0
[   33309ms] [WARNING] OTS parsing error: bad table directory searchRange
bad table directory entrySelector
bad table directory rangeShift
Invalid table tag: 0x604241
 `BA: misaligned table @ https://onvio.com.br/br-staff-dashboard/default-node_modules_bento_bento-ng___ivy_ngcc___fesm2015_bento-bento-ng_js-node_modules_bent-2fe2f1.b12fafe2aca5803a519f.js:0
[   33309ms] [WARNING] Failed to decode downloaded font: https://onvio.com.br/staff/SourceSans3-Regular.ab920762075b81fb.ttf @ https://onvio.com.br/br-staff-dashboard/default-node_modules_bento_bento-ng___ivy_ngcc___fesm2015_bento-bento-ng_js-node_modules_bent-2fe2f1.b12fafe2aca5803a519f.js:0
[   33310ms] [WARNING] OTS parsing error: BASE: invalid table offset @ https://onvio.com.br/br-staff-dashboard/default-node_modules_bento_bento-ng___ivy_ngcc___fesm2015_bento-bento-ng_js-node_modules_bent-2fe2f1.b12fafe2aca5803a519f.js:0
[   33310ms] [WARNING] Failed to decode downloaded font: https://onvio.com.br/staff/SourceSans3VF-Upright.ttf.e7f20fc9b00b0e8a.woff2 @ https://onvio.com.br/br-staff-dashboard/default-node_modules_bento_bento-ng___ivy_ngcc___fesm2015_bento-bento-ng_js-node_modules_bent-2fe2f1.b12fafe2aca5803a519f.js:0
[   33310ms] [WARNING] OTS parsing error: Failed to convert WOFF 2.0 font to SFNT @ https://onvio.com.br/br-staff-dashboard/default-node_modules_bento_bento-ng___ivy_ngcc___fesm2015_bento-bento-ng_js-node_modules_bent-2fe2f1.b12fafe2aca5803a519f.js:0
[   33310ms] [WARNING] Failed to decode downloaded font: https://onvio.com.br/staff/SourceSans3-Regular.ttf.dab9805cb7eb3d8f.woff @ https://onvio.com.br/br-staff-dashboard/default-node_modules_bento_bento-ng___ivy_ngcc___fesm2015_bento-bento-ng_js-node_modules_bent-2fe2f1.b12fafe2aca5803a519f.js:0
[   33310ms] [WARNING] OTS parsing error: incorrect file size in WOFF header @ https://onvio.com.br/br-staff-dashboard/default-node_modules_bento_bento-ng___ivy_ngcc___fesm2015_bento-bento-ng_js-node_modules_bent-2fe2f1.b12fafe2aca5803a519f.js:0
[   33311ms] [WARNING] Failed to decode downloaded font: https://onvio.com.br/staff/SourceSans3-Regular.114f93b5f3b7d159.otf @ https://onvio.com.br/br-staff-dashboard/default-node_modules_bento_bento-ng___ivy_ngcc___fesm2015_bento-bento-ng_js-node_modules_bent-2fe2f1.b12fafe2aca5803a519f.js:0
[   33311ms] [WARNING] OTS parsing error: bad table directory searchRange
bad table directory entrySelector
bad table directory rangeShift
Invalid table tag: 0x604241
 `BA: misaligned table @ https://onvio.com.br/br-staff-dashboard/default-node_modules_bento_bento-ng___ivy_ngcc___fesm2015_bento-bento-ng_js-node_modules_bent-2fe2f1.b12fafe2aca5803a519f.js:0
[   33311ms] [WARNING] Failed to decode downloaded font: https://onvio.com.br/staff/SourceSans3-Regular.ab920762075b81fb.ttf @ https://onvio.com.br/br-staff-dashboard/default-node_modules_bento_bento-ng___ivy_ngcc___fesm2015_bento-bento-ng_js-node_modules_bent-2fe2f1.b12fafe2aca5803a519f.js:0
[   33311ms] [WARNING] OTS parsing error: BASE: invalid table offset @ https://onvio.com.br/br-staff-dashboard/default-node_modules_bento_bento-ng___ivy_ngcc___fesm2015_bento-bento-ng_js-node_modules_bent-2fe2f1.b12fafe2aca5803a519f.js:0
[   33311ms] [WARNING] Failed to decode downloaded font: https://onvio.com.br/staff/SourceSans3VF-Upright.ttf.e7f20fc9b00b0e8a.woff2 @ https://onvio.com.br/br-staff-dashboard/default-node_modules_bento_bento-ng___ivy_ngcc___fesm2015_bento-bento-ng_js-node_modules_bent-2fe2f1.b12fafe2aca5803a519f.js:0
[   33312ms] [WARNING] OTS parsing error: Failed to convert WOFF 2.0 font to SFNT @ https://onvio.com.br/br-staff-dashboard/default-node_modules_bento_bento-ng___ivy_ngcc___fesm2015_bento-bento-ng_js-node_modules_bent-2fe2f1.b12fafe2aca5803a519f.js:0
[   33312ms] [WARNING] Failed to decode downloaded font: https://onvio.com.br/staff/SourceSans3-Regular.114f93b5f3b7d159.otf @ https://onvio.com.br/br-staff-dashboard/default-node_modules_bento_bento-ng___ivy_ngcc___fesm2015_bento-bento-ng_js-node_modules_bent-2fe2f1.b12fafe2aca5803a519f.js:0
[   33312ms] [WARNING] OTS parsing error: bad table directory searchRange
bad table directory entrySelector
bad table directory rangeShift
Invalid table tag: 0x604241
 `BA: misaligned table @ https://onvio.com.br/br-staff-dashboard/default-node_modules_bento_bento-ng___ivy_ngcc___fesm2015_bento-bento-ng_js-node_modules_bent-2fe2f1.b12fafe2aca5803a519f.js:0
[   33312ms] [WARNING] Failed to decode downloaded font: https://onvio.com.br/staff/SourceSans3-Regular.ttf.dab9805cb7eb3d8f.woff @ https://onvio.com.br/br-staff-dashboard/default-node_modules_bento_bento-ng___ivy_ngcc___fesm2015_bento-bento-ng_js-node_modules_bent-2fe2f1.b12fafe2aca5803a519f.js:0
[   33312ms] [WARNING] OTS parsing error: incorrect file size in WOFF header @ https://onvio.com.br/br-staff-dashboard/default-node_modules_bento_bento-ng___ivy_ngcc___fesm2015_bento-bento-ng_js-node_modules_bent-2fe2f1.b12fafe2aca5803a519f.js:0
[   33312ms] [WARNING] Failed to decode downloaded font: https://onvio.com.br/staff/SourceSans3-Regular.ab920762075b81fb.ttf @ https://onvio.com.br/br-staff-dashboard/default-node_modules_bento_bento-ng___ivy_ngcc___fesm2015_bento-bento-ng_js-node_modules_bent-2fe2f1.b12fafe2aca5803a519f.js:0
[   33313ms] [WARNING] OTS parsing error: BASE: invalid table offset @ https://onvio.com.br/br-staff-dashboard/default-node_modules_bento_bento-ng___ivy_ngcc___fesm2015_bento-bento-ng_js-node_modules_bent-2fe2f1.b12fafe2aca5803a519f.js:0
[   33313ms] [WARNING] Failed to decode downloaded font: https://onvio.com.br/staff/SourceSans3VF-Upright.ttf.e7f20fc9b00b0e8a.woff2 @ https://onvio.com.br/br-staff-dashboard/default-node_modules_bento_bento-ng___ivy_ngcc___fesm2015_bento-bento-ng_js-node_modules_bent-2fe2f1.b12fafe2aca5803a519f.js:0
[   33313ms] [WARNING] OTS parsing error: Failed to convert WOFF 2.0 font to SFNT @ https://onvio.com.br/br-staff-dashboard/default-node_modules_bento_bento-ng___ivy_ngcc___fesm2015_bento-bento-ng_js-node_modules_bent-2fe2f1.b12fafe2aca5803a519f.js:0
[   33313ms] [WARNING] Failed to decode downloaded font: https://onvio.com.br/staff/SourceSans3-Regular.ttf.dab9805cb7eb3d8f.woff @ https://onvio.com.br/br-staff-dashboard/default-node_modules_bento_bento-ng___ivy_ngcc___fesm2015_bento-bento-ng_js-node_modules_bent-2fe2f1.b12fafe2aca5803a519f.js:0
[   33313ms] [WARNING] OTS parsing error: incorrect file size in WOFF header @ https://onvio.com.br/br-staff-dashboard/default-node_modules_bento_bento-ng___ivy_ngcc___fesm2015_bento-bento-ng_js-node_modules_bent-2fe2f1.b12fafe2aca5803a519f.js:0
[   33313ms] [WARNING] Failed to decode downloaded font: https://onvio.com.br/staff/SourceSans3-Regular.114f93b5f3b7d159.otf @ https://onvio.com.br/br-staff-dashboard/default-node_modules_bento_bento-ng___ivy_ngcc___fesm2015_bento-bento-ng_js-node_modules_bent-2fe2f1.b12fafe2aca5803a519f.js:0
[   33313ms] [WARNING] OTS parsing error: bad table directory searchRange
bad table directory entrySelector
bad table directory rangeShift
Invalid table tag: 0x604241
 `BA: misaligned table @ https://onvio.com.br/br-staff-dashboard/default-node_modules_bento_bento-ng___ivy_ngcc___fesm2015_bento-bento-ng_js-node_modules_bent-2fe2f1.b12fafe2aca5803a519f.js:0
[   33313ms] [WARNING] Failed to decode downloaded font: https://onvio.com.br/staff/SourceSans3-Regular.ab920762075b81fb.ttf @ https://onvio.com.br/br-staff-dashboard/default-node_modules_bento_bento-ng___ivy_ngcc___fesm2015_bento-bento-ng_js-node_modules_bent-2fe2f1.b12fafe2aca5803a519f.js:0
[   33313ms] [WARNING] OTS parsing error: BASE: invalid table offset @ https://onvio.com.br/br-staff-dashboard/default-node_modules_bento_bento-ng___ivy_ngcc___fesm2015_bento-bento-ng_js-node_modules_bent-2fe2f1.b12fafe2aca5803a519f.js:0
[   33313ms] [WARNING] Failed to decode downloaded font: https://onvio.com.br/staff/SourceSans3VF-Upright.ttf.e7f20fc9b00b0e8a.woff2 @ https://onvio.com.br/br-staff-dashboard/default-node_modules_bento_bento-ng___ivy_ngcc___fesm2015_bento-bento-ng_js-node_modules_bent-2fe2f1.b12fafe2aca5803a519f.js:0
[   33314ms] [WARNING] OTS parsing error: Failed to convert WOFF 2.0 font to SFNT @ https://onvio.com.br/br-staff-dashboard/default-node_modules_bento_bento-ng___ivy_ngcc___fesm2015_bento-bento-ng_js-node_modules_bent-2fe2f1.b12fafe2aca5803a519f.js:0
[   33314ms] [WARNING] Failed to decode downloaded font: https://onvio.com.br/staff/SourceSans3-Regular.ttf.dab9805cb7eb3d8f.woff @ https://onvio.com.br/br-staff-dashboard/default-node_modules_bento_bento-ng___ivy_ngcc___fesm2015_bento-bento-ng_js-node_modules_bent-2fe2f1.b12fafe2aca5803a519f.js:0
[   33314ms] [WARNING] OTS parsing error: incorrect file size in WOFF header @ https://onvio.com.br/br-staff-dashboard/default-node_modules_bento_bento-ng___ivy_ngcc___fesm2015_bento-bento-ng_js-node_modules_bent-2fe2f1.b12fafe2aca5803a519f.js:0
[   33314ms] [WARNING] Failed to decode downloaded font: https://onvio.com.br/staff/SourceSans3-Regular.114f93b5f3b7d159.otf @ https://onvio.com.br/br-staff-dashboard/default-node_modules_bento_bento-ng___ivy_ngcc___fesm2015_bento-bento-ng_js-node_modules_bent-2fe2f1.b12fafe2aca5803a519f.js:0
[   33314ms] [WARNING] OTS parsing error: bad table directory searchRange
bad table directory entrySelector
bad table directory rangeShift
Invalid table tag: 0x604241
 `BA: misaligned table @ https://onvio.com.br/br-staff-dashboard/default-node_modules_bento_bento-ng___ivy_ngcc___fesm2015_bento-bento-ng_js-node_modules_bent-2fe2f1.b12fafe2aca5803a519f.js:0
[   33315ms] [WARNING] Failed to decode downloaded font: https://onvio.com.br/staff/SourceSans3-Regular.ab920762075b81fb.ttf @ https://onvio.com.br/br-staff-dashboard/default-node_modules_bento_bento-ng___ivy_ngcc___fesm2015_bento-bento-ng_js-node_modules_bent-2fe2f1.b12fafe2aca5803a519f.js:0
[   33315ms] [WARNING] OTS parsing error: BASE: invalid table offset @ https://onvio.com.br/br-staff-dashboard/default-node_modules_bento_bento-ng___ivy_ngcc___fesm2015_bento-bento-ng_js-node_modules_bent-2fe2f1.b12fafe2aca5803a519f.js:0
[   33316ms] [WARNING] Failed to decode downloaded font: https://onvio.com.br/staff/SourceSans3VF-Upright.ttf.e7f20fc9b00b0e8a.woff2 @ https://onvio.com.br/br-staff-dashboard/default-node_modules_bento_bento-ng___ivy_ngcc___fesm2015_bento-bento-ng_js-node_modules_bent-2fe2f1.b12fafe2aca5803a519f.js:0
[   33316ms] [WARNING] OTS parsing error: Failed to convert WOFF 2.0 font to SFNT @ https://onvio.com.br/br-staff-dashboard/default-node_modules_bento_bento-ng___ivy_ngcc___fesm2015_bento-bento-ng_js-node_modules_bent-2fe2f1.b12fafe2aca5803a519f.js:0
[   33317ms] [WARNING] Failed to decode downloaded font: https://onvio.com.br/staff/SourceSans3-Regular.ttf.dab9805cb7eb3d8f.woff @ https://onvio.com.br/br-staff-dashboard/default-node_modules_bento_bento-ng___ivy_ngcc___fesm2015_bento-bento-ng_js-node_modules_bent-2fe2f1.b12fafe2aca5803a519f.js:0
[   33317ms] [WARNING] OTS parsing error: incorrect file size in WOFF header @ https://onvio.com.br/br-staff-dashboard/default-node_modules_bento_bento-ng___ivy_ngcc___fesm2015_bento-bento-ng_js-node_modules_bent-2fe2f1.b12fafe2aca5803a519f.js:0
[   33318ms] [WARNING] Failed to decode downloaded font: https://onvio.com.br/staff/SourceSans3-Regular.114f93b5f3b7d159.otf @ https://onvio.com.br/br-staff-dashboard/default-node_modules_bento_bento-ng___ivy_ngcc___fesm2015_bento-bento-ng_js-node_modules_bent-2fe2f1.b12fafe2aca5803a519f.js:0
[   33318ms] [WARNING] OTS parsing error: bad table directory searchRange
bad table directory entrySelector
bad table directory rangeShift
Invalid table tag: 0x604241
 `BA: misaligned table @ https://onvio.com.br/br-staff-dashboard/default-node_modules_bento_bento-ng___ivy_ngcc___fesm2015_bento-bento-ng_js-node_modules_bent-2fe2f1.b12fafe2aca5803a519f.js:0
[   33318ms] [WARNING] Failed to decode downloaded font: https://onvio.com.br/staff/SourceSans3-Regular.ab920762075b81fb.ttf @ https://onvio.com.br/br-staff-dashboard/default-node_modules_bento_bento-ng___ivy_ngcc___fesm2015_bento-bento-ng_js-node_modules_bent-2fe2f1.b12fafe2aca5803a519f.js:0
[   33319ms] [WARNING] OTS parsing error: BASE: invalid table offset @ https://onvio.com.br/br-staff-dashboard/default-node_modules_bento_bento-ng___ivy_ngcc___fesm2015_bento-bento-ng_js-node_modules_bent-2fe2f1.b12fafe2aca5803a519f.js:0
[   33319ms] [WARNING] Failed to decode downloaded font: https://onvio.com.br/staff/SourceSans3VF-Upright.ttf.e7f20fc9b00b0e8a.woff2 @ https://onvio.com.br/br-staff-dashboard/default-node_modules_bento_bento-ng___ivy_ngcc___fesm2015_bento-bento-ng_js-node_modules_bent-2fe2f1.b12fafe2aca5803a519f.js:0
[   33319ms] [WARNING] OTS parsing error: Failed to convert WOFF 2.0 font to SFNT @ https://onvio.com.br/br-staff-dashboard/default-node_modules_bento_bento-ng___ivy_ngcc___fesm2015_bento-bento-ng_js-node_modules_bent-2fe2f1.b12fafe2aca5803a519f.js:0
[   33319ms] [WARNING] Failed to decode downloaded font: https://onvio.com.br/staff/SourceSans3-Regular.ttf.dab9805cb7eb3d8f.woff @ https://onvio.com.br/br-staff-dashboard/default-node_modules_bento_bento-ng___ivy_ngcc___fesm2015_bento-bento-ng_js-node_modules_bent-2fe2f1.b12fafe2aca5803a519f.js:0
[   33320ms] [WARNING] OTS parsing error: incorrect file size in WOFF header @ https://onvio.com.br/br-staff-dashboard/default-node_modules_bento_bento-ng___ivy_ngcc___fesm2015_bento-bento-ng_js-node_modules_bent-2fe2f1.b12fafe2aca5803a519f.js:0
[   33320ms] [WARNING] Failed to decode downloaded font: https://onvio.com.br/staff/SourceSans3-Regular.114f93b5f3b7d159.otf @ https://onvio.com.br/br-staff-dashboard/default-node_modules_bento_bento-ng___ivy_ngcc___fesm2015_bento-bento-ng_js-node_modules_bent-2fe2f1.b12fafe2aca5803a519f.js:0
[   33320ms] [WARNING] OTS parsing error: bad table directory searchRange
bad table directory entrySelector
bad table directory rangeShift
Invalid table tag: 0x604241
 `BA: misaligned table @ https://onvio.com.br/br-staff-dashboard/default-node_modules_bento_bento-ng___ivy_ngcc___fesm2015_bento-bento-ng_js-node_modules_bent-2fe2f1.b12fafe2aca5803a519f.js:0
[   33321ms] [WARNING] Failed to decode downloaded font: https://onvio.com.br/staff/SourceSans3-Regular.ab920762075b81fb.ttf @ https://onvio.com.br/br-staff-dashboard/default-node_modules_bento_bento-ng___ivy_ngcc___fesm2015_bento-bento-ng_js-node_modules_bent-2fe2f1.b12fafe2aca5803a519f.js:0
[   33321ms] [WARNING] OTS parsing error: BASE: invalid table offset @ https://onvio.com.br/br-staff-dashboard/default-node_modules_bento_bento-ng___ivy_ngcc___fesm2015_bento-bento-ng_js-node_modules_bent-2fe2f1.b12fafe2aca5803a519f.js:0
[   33614ms] [WARNING] Failed to decode downloaded font: https://onvio.com.br/staff/SourceSans3VF-Upright.ttf.e7f20fc9b00b0e8a.woff2 @ https://onvio.com.br/br-staff-dashboard/default-node_modules_onviobr_dashboard___ivy_ngcc___fesm2015_onviobr-dashboard_js.461d50e799a85e32939d.js:0
[   33615ms] [WARNING] OTS parsing error: Failed to convert WOFF 2.0 font to SFNT @ https://onvio.com.br/br-staff-dashboard/default-node_modules_onviobr_dashboard___ivy_ngcc___fesm2015_onviobr-dashboard_js.461d50e799a85e32939d.js:0
[   33616ms] [WARNING] Failed to decode downloaded font: https://onvio.com.br/staff/SourceSans3-Regular.ttf.dab9805cb7eb3d8f.woff @ https://onvio.com.br/br-staff-dashboard/default-node_modules_onviobr_dashboard___ivy_ngcc___fesm2015_onviobr-dashboard_js.461d50e799a85e32939d.js:0
[   33617ms] [WARNING] OTS parsing error: incorrect file size in WOFF header @ https://onvio.com.br/br-staff-dashboard/default-node_modules_onviobr_dashboard___ivy_ngcc___fesm2015_onviobr-dashboard_js.461d50e799a85e32939d.js:0
[   33617ms] [WARNING] Failed to decode downloaded font: https://onvio.com.br/staff/SourceSans3-Regular.114f93b5f3b7d159.otf @ https://onvio.com.br/br-staff-dashboard/default-node_modules_onviobr_dashboard___ivy_ngcc___fesm2015_onviobr-dashboard_js.461d50e799a85e32939d.js:0
[   33618ms] [WARNING] OTS parsing error: bad table directory searchRange
bad table directory entrySelector
bad table directory rangeShift
Invalid table tag: 0x604241
 `BA: misaligned table @ https://onvio.com.br/br-staff-dashboard/default-node_modules_onviobr_dashboard___ivy_ngcc___fesm2015_onviobr-dashboard_js.461d50e799a85e32939d.js:0
[   33618ms] [WARNING] Failed to decode downloaded font: https://onvio.com.br/staff/SourceSans3-Regular.ab920762075b81fb.ttf @ https://onvio.com.br/br-staff-dashboard/default-node_modules_onviobr_dashboard___ivy_ngcc___fesm2015_onviobr-dashboard_js.461d50e799a85e32939d.js:0
[   33618ms] [WARNING] OTS parsing error: BASE: invalid table offset @ https://onvio.com.br/br-staff-dashboard/default-node_modules_onviobr_dashboard___ivy_ngcc___fesm2015_onviobr-dashboard_js.461d50e799a85e32939d.js:0
[   33619ms] [WARNING] Failed to decode downloaded font: https://onvio.com.br/staff/SourceSans3VF-Upright.ttf.e7f20fc9b00b0e8a.woff2 @ https://onvio.com.br/br-staff-dashboard/default-node_modules_onviobr_dashboard___ivy_ngcc___fesm2015_onviobr-dashboard_js.461d50e799a85e32939d.js:0
[   33619ms] [WARNING] OTS parsing error: Failed to convert WOFF 2.0 font to SFNT @ https://onvio.com.br/br-staff-dashboard/default-node_modules_onviobr_dashboard___ivy_ngcc___fesm2015_onviobr-dashboard_js.461d50e799a85e32939d.js:0
[   33620ms] [WARNING] Failed to decode downloaded font: https://onvio.com.br/staff/SourceSans3-Regular.ttf.dab9805cb7eb3d8f.woff @ https://onvio.com.br/br-staff-dashboard/default-node_modules_onviobr_dashboard___ivy_ngcc___fesm2015_onviobr-dashboard_js.461d50e799a85e32939d.js:0
[   33620ms] [WARNING] OTS parsing error: incorrect file size in WOFF header @ https://onvio.com.br/br-staff-dashboard/default-node_modules_onviobr_dashboard___ivy_ngcc___fesm2015_onviobr-dashboard_js.461d50e799a85e32939d.js:0
[   33621ms] [WARNING] Failed to decode downloaded font: https://onvio.com.br/staff/SourceSans3-Regular.114f93b5f3b7d159.otf @ https://onvio.com.br/br-staff-dashboard/default-node_modules_onviobr_dashboard___ivy_ngcc___fesm2015_onviobr-dashboard_js.461d50e799a85e32939d.js:0
[   33622ms] [WARNING] OTS parsing error: bad table directory searchRange
bad table directory entrySelector
bad table directory rangeShift
Invalid table tag: 0x604241
 `BA: misaligned table @ https://onvio.com.br/br-staff-dashboard/default-node_modules_onviobr_dashboard___ivy_ngcc___fesm2015_onviobr-dashboard_js.461d50e799a85e32939d.js:0
[   33622ms] [WARNING] Failed to decode downloaded font: https://onvio.com.br/staff/SourceSans3-Regular.ab920762075b81fb.ttf @ https://onvio.com.br/br-staff-dashboard/default-node_modules_onviobr_dashboard___ivy_ngcc___fesm2015_onviobr-dashboard_js.461d50e799a85e32939d.js:0
[   33622ms] [WARNING] OTS parsing error: BASE: invalid table offset @ https://onvio.com.br/br-staff-dashboard/default-node_modules_onviobr_dashboard___ivy_ngcc___fesm2015_onviobr-dashboard_js.461d50e799a85e32939d.js:0
[   33622ms] [WARNING] Failed to decode downloaded font: https://onvio.com.br/staff/SourceSans3VF-Upright.ttf.e7f20fc9b00b0e8a.woff2 @ https://onvio.com.br/br-staff-dashboard/default-node_modules_onviobr_dashboard___ivy_ngcc___fesm2015_onviobr-dashboard_js.461d50e799a85e32939d.js:0
[   33623ms] [WARNING] OTS parsing error: Failed to convert WOFF 2.0 font to SFNT @ https://onvio.com.br/br-staff-dashboard/default-node_modules_onviobr_dashboard___ivy_ngcc___fesm2015_onviobr-dashboard_js.461d50e799a85e32939d.js:0
[   33623ms] [WARNING] Failed to decode downloaded font: https://onvio.com.br/staff/SourceSans3-Regular.ttf.dab9805cb7eb3d8f.woff @ https://onvio.com.br/br-staff-dashboard/default-node_modules_onviobr_dashboard___ivy_ngcc___fesm2015_onviobr-dashboard_js.461d50e799a85e32939d.js:0
[   33623ms] [WARNING] OTS parsing error: incorrect file size in WOFF header @ https://onvio.com.br/br-staff-dashboard/default-node_modules_onviobr_dashboard___ivy_ngcc___fesm2015_onviobr-dashboard_js.461d50e799a85e32939d.js:0
[   33624ms] [WARNING] Failed to decode downloaded font: https://onvio.com.br/staff/SourceSans3-Regular.114f93b5f3b7d159.otf @ https://onvio.com.br/br-staff-dashboard/default-node_modules_onviobr_dashboard___ivy_ngcc___fesm2015_onviobr-dashboard_js.461d50e799a85e32939d.js:0
[   33624ms] [WARNING] OTS parsing error: bad table directory searchRange
bad table directory entrySelector
bad table directory rangeShift
Invalid table tag: 0x604241
 `BA: misaligned table @ https://onvio.com.br/br-staff-dashboard/default-node_modules_onviobr_dashboard___ivy_ngcc___fesm2015_onviobr-dashboard_js.461d50e799a85e32939d.js:0
[   33625ms] [WARNING] Failed to decode downloaded font: https://onvio.com.br/staff/SourceSans3-Regular.ab920762075b81fb.ttf @ https://onvio.com.br/br-staff-dashboard/default-node_modules_onviobr_dashboard___ivy_ngcc___fesm2015_onviobr-dashboard_js.461d50e799a85e32939d.js:0
[   33625ms] [WARNING] OTS parsing error: BASE: invalid table offset @ https://onvio.com.br/br-staff-dashboard/default-node_modules_onviobr_dashboard___ivy_ngcc___fesm2015_onviobr-dashboard_js.461d50e799a85e32939d.js:0
[   33625ms] [WARNING] Failed to decode downloaded font: https://onvio.com.br/staff/SourceSans3VF-Upright.ttf.e7f20fc9b00b0e8a.woff2 @ https://onvio.com.br/br-staff-dashboard/default-node_modules_onviobr_dashboard___ivy_ngcc___fesm2015_onviobr-dashboard_js.461d50e799a85e32939d.js:0
[   33625ms] [WARNING] OTS parsing error: Failed to convert WOFF 2.0 font to SFNT @ https://onvio.com.br/br-staff-dashboard/default-node_modules_onviobr_dashboard___ivy_ngcc___fesm2015_onviobr-dashboard_js.461d50e799a85e32939d.js:0
[   33626ms] [WARNING] Failed to decode downloaded font: https://onvio.com.br/staff/SourceSans3-Regular.ttf.dab9805cb7eb3d8f.woff @ https://onvio.com.br/br-staff-dashboard/default-node_modules_onviobr_dashboard___ivy_ngcc___fesm2015_onviobr-dashboard_js.461d50e799a85e32939d.js:0
[   33626ms] [WARNING] OTS parsing error: incorrect file size in WOFF header @ https://onvio.com.br/br-staff-dashboard/default-node_modules_onviobr_dashboard___ivy_ngcc___fesm2015_onviobr-dashboard_js.461d50e799a85e32939d.js:0
[   33627ms] [WARNING] Failed to decode downloaded font: https://onvio.com.br/staff/SourceSans3-Regular.114f93b5f3b7d159.otf @ https://onvio.com.br/br-staff-dashboard/default-node_modules_onviobr_dashboard___ivy_ngcc___fesm2015_onviobr-dashboard_js.461d50e799a85e32939d.js:0
[   33627ms] [WARNING] OTS parsing error: bad table directory searchRange
bad table directory entrySelector
bad table directory rangeShift
Invalid table tag: 0x604241
 `BA: misaligned table @ https://onvio.com.br/br-staff-dashboard/default-node_modules_onviobr_dashboard___ivy_ngcc___fesm2015_onviobr-dashboard_js.461d50e799a85e32939d.js:0
[   33627ms] [WARNING] Failed to decode downloaded font: https://onvio.com.br/staff/SourceSans3-Regular.ab920762075b81fb.ttf @ https://onvio.com.br/br-staff-dashboard/default-node_modules_onviobr_dashboard___ivy_ngcc___fesm2015_onviobr-dashboard_js.461d50e799a85e32939d.js:0
[   33628ms] [WARNING] OTS parsing error: BASE: invalid table offset @ https://onvio.com.br/br-staff-dashboard/default-node_modules_onviobr_dashboard___ivy_ngcc___fesm2015_onviobr-dashboard_js.461d50e799a85e32939d.js:0
[   33628ms] [WARNING] Failed to decode downloaded font: https://onvio.com.br/staff/SourceSans3VF-Upright.ttf.e7f20fc9b00b0e8a.woff2 @ https://onvio.com.br/br-staff-dashboard/default-node_modules_onviobr_dashboard___ivy_ngcc___fesm2015_onviobr-dashboard_js.461d50e799a85e32939d.js:0
[   33628ms] [WARNING] OTS parsing error: Failed to convert WOFF 2.0 font to SFNT @ https://onvio.com.br/br-staff-dashboard/default-node_modules_onviobr_dashboard___ivy_ngcc___fesm2015_onviobr-dashboard_js.461d50e799a85e32939d.js:0
[   33628ms] [WARNING] Failed to decode downloaded font: https://onvio.com.br/staff/SourceSans3-Regular.ttf.dab9805cb7eb3d8f.woff @ https://onvio.com.br/br-staff-dashboard/default-node_modules_onviobr_dashboard___ivy_ngcc___fesm2015_onviobr-dashboard_js.461d50e799a85e32939d.js:0
[   33629ms] [WARNING] OTS parsing error: incorrect file size in WOFF header @ https://onvio.com.br/br-staff-dashboard/default-node_modules_onviobr_dashboard___ivy_ngcc___fesm2015_onviobr-dashboard_js.461d50e799a85e32939d.js:0
[   33629ms] [WARNING] Failed to decode downloaded font: https://onvio.com.br/staff/SourceSans3-Regular.114f93b5f3b7d159.otf @ https://onvio.com.br/br-staff-dashboard/default-node_modules_onviobr_dashboard___ivy_ngcc___fesm2015_onviobr-dashboard_js.461d50e799a85e32939d.js:0
[   33629ms] [WARNING] OTS parsing error: bad table directory searchRange
bad table directory entrySelector
bad table directory rangeShift
Invalid table tag: 0x604241
 `BA: misaligned table @ https://onvio.com.br/br-staff-dashboard/default-node_modules_onviobr_dashboard___ivy_ngcc___fesm2015_onviobr-dashboard_js.461d50e799a85e32939d.js:0
[   33629ms] [WARNING] Failed to decode downloaded font: https://onvio.com.br/staff/SourceSans3-Regular.ab920762075b81fb.ttf @ https://onvio.com.br/br-staff-dashboard/default-node_modules_onviobr_dashboard___ivy_ngcc___fesm2015_onviobr-dashboard_js.461d50e799a85e32939d.js:0
[   33629ms] [WARNING] OTS parsing error: BASE: invalid table offset @ https://onvio.com.br/br-staff-dashboard/default-node_modules_onviobr_dashboard___ivy_ngcc___fesm2015_onviobr-dashboard_js.461d50e799a85e32939d.js:0
[   33630ms] [WARNING] Failed to decode downloaded font: https://onvio.com.br/staff/SourceSans3VF-Upright.ttf.e7f20fc9b00b0e8a.woff2 @ https://onvio.com.br/br-staff-dashboard/default-node_modules_onviobr_dashboard___ivy_ngcc___fesm2015_onviobr-dashboard_js.461d50e799a85e32939d.js:0
[   33630ms] [WARNING] OTS parsing error: Failed to convert WOFF 2.0 font to SFNT @ https://onvio.com.br/br-staff-dashboard/default-node_modules_onviobr_dashboard___ivy_ngcc___fesm2015_onviobr-dashboard_js.461d50e799a85e32939d.js:0
[   33630ms] [WARNING] Failed to decode downloaded font: https://onvio.com.br/staff/SourceSans3VF-Upright.ttf.e7f20fc9b00b0e8a.woff2 @ https://onvio.com.br/br-staff-dashboard/default-node_modules_onviobr_dashboard___ivy_ngcc___fesm2015_onviobr-dashboard_js.461d50e799a85e32939d.js:0
[   33630ms] [WARNING] OTS parsing error: Failed to convert WOFF 2.0 font to SFNT @ https://onvio.com.br/br-staff-dashboard/default-node_modules_onviobr_dashboard___ivy_ngcc___fesm2015_onviobr-dashboard_js.461d50e799a85e32939d.js:0
[   33631ms] [WARNING] Failed to decode downloaded font: https://onvio.com.br/staff/SourceSans3VF-Upright.ttf.e7f20fc9b00b0e8a.woff2 @ https://onvio.com.br/br-staff-dashboard/default-node_modules_onviobr_dashboard___ivy_ngcc___fesm2015_onviobr-dashboard_js.461d50e799a85e32939d.js:0
[   33631ms] [WARNING] OTS parsing error: Failed to convert WOFF 2.0 font to SFNT @ https://onvio.com.br/br-staff-dashboard/default-node_modules_onviobr_dashboard___ivy_ngcc___fesm2015_onviobr-dashboard_js.461d50e799a85e32939d.js:0
[   33631ms] [WARNING] Failed to decode downloaded font: https://onvio.com.br/staff/SourceSans3VF-Upright.ttf.e7f20fc9b00b0e8a.woff2 @ https://onvio.com.br/br-staff-dashboard/default-node_modules_onviobr_dashboard___ivy_ngcc___fesm2015_onviobr-dashboard_js.461d50e799a85e32939d.js:0
[   33631ms] [WARNING] OTS parsing error: Failed to convert WOFF 2.0 font to SFNT @ https://onvio.com.br/br-staff-dashboard/default-node_modules_onviobr_dashboard___ivy_ngcc___fesm2015_onviobr-dashboard_js.461d50e799a85e32939d.js:0
[   33631ms] [WARNING] Failed to decode downloaded font: https://onvio.com.br/staff/SourceSans3VF-Upright.ttf.e7f20fc9b00b0e8a.woff2 @ https://onvio.com.br/br-staff-dashboard/default-node_modules_onviobr_dashboard___ivy_ngcc___fesm2015_onviobr-dashboard_js.461d50e799a85e32939d.js:0
[   33631ms] [WARNING] OTS parsing error: Failed to convert WOFF 2.0 font to SFNT @ https://onvio.com.br/br-staff-dashboard/default-node_modules_onviobr_dashboard___ivy_ngcc___fesm2015_onviobr-dashboard_js.461d50e799a85e32939d.js:0
[   33632ms] [WARNING] Failed to decode downloaded font: https://onvio.com.br/staff/SourceSans3VF-Upright.ttf.e7f20fc9b00b0e8a.woff2 @ https://onvio.com.br/br-staff-dashboard/default-node_modules_onviobr_dashboard___ivy_ngcc___fesm2015_onviobr-dashboard_js.461d50e799a85e32939d.js:0
[   33632ms] [WARNING] OTS parsing error: Failed to convert WOFF 2.0 font to SFNT @ https://onvio.com.br/br-staff-dashboard/default-node_modules_onviobr_dashboard___ivy_ngcc___fesm2015_onviobr-dashboard_js.461d50e799a85e32939d.js:0
[   33632ms] [WARNING] Failed to decode downloaded font: https://onvio.com.br/staff/SourceSans3VF-Upright.ttf.e7f20fc9b00b0e8a.woff2 @ https://onvio.com.br/br-staff-dashboard/default-node_modules_onviobr_dashboard___ivy_ngcc___fesm2015_onviobr-dashboard_js.461d50e799a85e32939d.js:0
[   33632ms] [WARNING] OTS parsing error: Failed to convert WOFF 2.0 font to SFNT @ https://onvio.com.br/br-staff-dashboard/default-node_modules_onviobr_dashboard___ivy_ngcc___fesm2015_onviobr-dashboard_js.461d50e799a85e32939d.js:0
[   33632ms] [WARNING] Failed to decode downloaded font: https://onvio.com.br/staff/SourceSans3VF-Upright.ttf.e7f20fc9b00b0e8a.woff2 @ https://onvio.com.br/br-staff-dashboard/default-node_modules_onviobr_dashboard___ivy_ngcc___fesm2015_onviobr-dashboard_js.461d50e799a85e32939d.js:0
[   33632ms] [WARNING] OTS parsing error: Failed to convert WOFF 2.0 font to SFNT @ https://onvio.com.br/br-staff-dashboard/default-node_modules_onviobr_dashboard___ivy_ngcc___fesm2015_onviobr-dashboard_js.461d50e799a85e32939d.js:0
[   33633ms] [WARNING] Failed to decode downloaded font: https://onvio.com.br/staff/SourceSans3VF-Upright.ttf.e7f20fc9b00b0e8a.woff2 @ https://onvio.com.br/br-staff-dashboard/default-node_modules_onviobr_dashboard___ivy_ngcc___fesm2015_onviobr-dashboard_js.461d50e799a85e32939d.js:0
[   33633ms] [WARNING] OTS parsing error: Failed to convert WOFF 2.0 font to SFNT @ https://onvio.com.br/br-staff-dashboard/default-node_modules_onviobr_dashboard___ivy_ngcc___fesm2015_onviobr-dashboard_js.461d50e799a85e32939d.js:0
[   33633ms] [WARNING] Failed to decode downloaded font: https://onvio.com.br/staff/SourceSans3-Regular.ttf.dab9805cb7eb3d8f.woff @ https://onvio.com.br/br-staff-dashboard/default-node_modules_onviobr_dashboard___ivy_ngcc___fesm2015_onviobr-dashboard_js.461d50e799a85e32939d.js:0
[   33633ms] [WARNING] OTS parsing error: incorrect file size in WOFF header @ https://onvio.com.br/br-staff-dashboard/default-node_modules_onviobr_dashboard___ivy_ngcc___fesm2015_onviobr-dashboard_js.461d50e799a85e32939d.js:0
[   33633ms] [WARNING] Failed to decode downloaded font: https://onvio.com.br/staff/SourceSans3-Regular.114f93b5f3b7d159.otf @ https://onvio.com.br/br-staff-dashboard/default-node_modules_onviobr_dashboard___ivy_ngcc___fesm2015_onviobr-dashboard_js.461d50e799a85e32939d.js:0
[   33633ms] [WARNING] OTS parsing error: bad table directory searchRange
bad table directory entrySelector
bad table directory rangeShift
Invalid table tag: 0x604241
 `BA: misaligned table @ https://onvio.com.br/br-staff-dashboard/default-node_modules_onviobr_dashboard___ivy_ngcc___fesm2015_onviobr-dashboard_js.461d50e799a85e32939d.js:0
[   33633ms] [WARNING] Failed to decode downloaded font: https://onvio.com.br/staff/SourceSans3-Regular.ab920762075b81fb.ttf @ https://onvio.com.br/br-staff-dashboard/default-node_modules_onviobr_dashboard___ivy_ngcc___fesm2015_onviobr-dashboard_js.461d50e799a85e32939d.js:0
[   33634ms] [WARNING] OTS parsing error: BASE: invalid table offset @ https://onvio.com.br/br-staff-dashboard/default-node_modules_onviobr_dashboard___ivy_ngcc___fesm2015_onviobr-dashboard_js.461d50e799a85e32939d.js:0
[   33634ms] [WARNING] Failed to decode downloaded font: https://onvio.com.br/staff/SourceSans3VF-Upright.ttf.e7f20fc9b00b0e8a.woff2 @ https://onvio.com.br/br-staff-dashboard/default-node_modules_onviobr_dashboard___ivy_ngcc___fesm2015_onviobr-dashboard_js.461d50e799a85e32939d.js:0
[   33634ms] [WARNING] OTS parsing error: Failed to convert WOFF 2.0 font to SFNT @ https://onvio.com.br/br-staff-dashboard/default-node_modules_onviobr_dashboard___ivy_ngcc___fesm2015_onviobr-dashboard_js.461d50e799a85e32939d.js:0
[   33634ms] [WARNING] Failed to decode downloaded font: https://onvio.com.br/staff/SourceSans3-Regular.ttf.dab9805cb7eb3d8f.woff @ https://onvio.com.br/br-staff-dashboard/default-node_modules_onviobr_dashboard___ivy_ngcc___fesm2015_onviobr-dashboard_js.461d50e799a85e32939d.js:0
[   33634ms] [WARNING] OTS parsing error: incorrect file size in WOFF header @ https://onvio.com.br/br-staff-dashboard/default-node_modules_onviobr_dashboard___ivy_ngcc___fesm2015_onviobr-dashboard_js.461d50e799a85e32939d.js:0
[   33634ms] [WARNING] Failed to decode downloaded font: https://onvio.com.br/staff/SourceSans3-Regular.114f93b5f3b7d159.otf @ https://onvio.com.br/br-staff-dashboard/default-node_modules_onviobr_dashboard___ivy_ngcc___fesm2015_onviobr-dashboard_js.461d50e799a85e32939d.js:0
[   33635ms] [WARNING] OTS parsing error: bad table directory searchRange
bad table directory entrySelector
bad table directory rangeShift
Invalid table tag: 0x604241
 `BA: misaligned table @ https://onvio.com.br/br-staff-dashboard/default-node_modules_onviobr_dashboard___ivy_ngcc___fesm2015_onviobr-dashboard_js.461d50e799a85e32939d.js:0
[   33635ms] [WARNING] Failed to decode downloaded font: https://onvio.com.br/staff/SourceSans3-Regular.ab920762075b81fb.ttf @ https://onvio.com.br/br-staff-dashboard/default-node_modules_onviobr_dashboard___ivy_ngcc___fesm2015_onviobr-dashboard_js.461d50e799a85e32939d.js:0
[   33635ms] [WARNING] OTS parsing error: BASE: invalid table offset @ https://onvio.com.br/br-staff-dashboard/default-node_modules_onviobr_dashboard___ivy_ngcc___fesm2015_onviobr-dashboard_js.461d50e799a85e32939d.js:0
[   33635ms] [WARNING] Failed to decode downloaded font: https://onvio.com.br/staff/SourceSans3VF-Upright.ttf.e7f20fc9b00b0e8a.woff2 @ https://onvio.com.br/br-staff-dashboard/default-node_modules_onviobr_dashboard___ivy_ngcc___fesm2015_onviobr-dashboard_js.461d50e799a85e32939d.js:0
[   33635ms] [WARNING] OTS parsing error: Failed to convert WOFF 2.0 font to SFNT @ https://onvio.com.br/br-staff-dashboard/default-node_modules_onviobr_dashboard___ivy_ngcc___fesm2015_onviobr-dashboard_js.461d50e799a85e32939d.js:0
[   33635ms] [WARNING] Failed to decode downloaded font: https://onvio.com.br/staff/SourceSans3-Regular.ttf.dab9805cb7eb3d8f.woff @ https://onvio.com.br/br-staff-dashboard/default-node_modules_onviobr_dashboard___ivy_ngcc___fesm2015_onviobr-dashboard_js.461d50e799a85e32939d.js:0
[   33636ms] [WARNING] OTS parsing error: incorrect file size in WOFF header @ https://onvio.com.br/br-staff-dashboard/default-node_modules_onviobr_dashboard___ivy_ngcc___fesm2015_onviobr-dashboard_js.461d50e799a85e32939d.js:0
[   33636ms] [WARNING] Failed to decode downloaded font: https://onvio.com.br/staff/SourceSans3-Regular.114f93b5f3b7d159.otf @ https://onvio.com.br/br-staff-dashboard/default-node_modules_onviobr_dashboard___ivy_ngcc___fesm2015_onviobr-dashboard_js.461d50e799a85e32939d.js:0
[   33636ms] [WARNING] OTS parsing error: bad table directory searchRange
bad table directory entrySelector
bad table directory rangeShift
Invalid table tag: 0x604241
 `BA: misaligned table @ https://onvio.com.br/br-staff-dashboard/default-node_modules_onviobr_dashboard___ivy_ngcc___fesm2015_onviobr-dashboard_js.461d50e799a85e32939d.js:0
[   33636ms] [WARNING] Failed to decode downloaded font: https://onvio.com.br/staff/SourceSans3-Regular.ab920762075b81fb.ttf @ https://onvio.com.br/br-staff-dashboard/default-node_modules_onviobr_dashboard___ivy_ngcc___fesm2015_onviobr-dashboard_js.461d50e799a85e32939d.js:0
[   33636ms] [WARNING] OTS parsing error: BASE: invalid table offset @ https://onvio.com.br/br-staff-dashboard/default-node_modules_onviobr_dashboard___ivy_ngcc___fesm2015_onviobr-dashboard_js.461d50e799a85e32939d.js:0
[   33636ms] [WARNING] Failed to decode downloaded font: https://onvio.com.br/staff/SourceSans3VF-Upright.ttf.e7f20fc9b00b0e8a.woff2 @ https://onvio.com.br/br-staff-dashboard/default-node_modules_onviobr_dashboard___ivy_ngcc___fesm2015_onviobr-dashboard_js.461d50e799a85e32939d.js:0
[   33637ms] [WARNING] OTS parsing error: Failed to convert WOFF 2.0 font to SFNT @ https://onvio.com.br/br-staff-dashboard/default-node_modules_onviobr_dashboard___ivy_ngcc___fesm2015_onviobr-dashboard_js.461d50e799a85e32939d.js:0
[   33637ms] [WARNING] Failed to decode downloaded font: https://onvio.com.br/staff/SourceSans3-Regular.ttf.dab9805cb7eb3d8f.woff @ https://onvio.com.br/br-staff-dashboard/default-node_modules_onviobr_dashboard___ivy_ngcc___fesm2015_onviobr-dashboard_js.461d50e799a85e32939d.js:0
[   33637ms] [WARNING] OTS parsing error: incorrect file size in WOFF header @ https://onvio.com.br/br-staff-dashboard/default-node_modules_onviobr_dashboard___ivy_ngcc___fesm2015_onviobr-dashboard_js.461d50e799a85e32939d.js:0
[   33638ms] [WARNING] Failed to decode downloaded font: https://onvio.com.br/staff/SourceSans3-Regular.114f93b5f3b7d159.otf @ https://onvio.com.br/br-staff-dashboard/default-node_modules_onviobr_dashboard___ivy_ngcc___fesm2015_onviobr-dashboard_js.461d50e799a85e32939d.js:0
[   33638ms] [WARNING] OTS parsing error: bad table directory searchRange
bad table directory entrySelector
bad table directory rangeShift
Invalid table tag: 0x604241
 `BA: misaligned table @ https://onvio.com.br/br-staff-dashboard/default-node_modules_onviobr_dashboard___ivy_ngcc___fesm2015_onviobr-dashboard_js.461d50e799a85e32939d.js:0
[   33638ms] [WARNING] Failed to decode downloaded font: https://onvio.com.br/staff/SourceSans3-Regular.ab920762075b81fb.ttf @ https://onvio.com.br/br-staff-dashboard/default-node_modules_onviobr_dashboard___ivy_ngcc___fesm2015_onviobr-dashboard_js.461d50e799a85e32939d.js:0
[   33638ms] [WARNING] OTS parsing error: BASE: invalid table offset @ https://onvio.com.br/br-staff-dashboard/default-node_modules_onviobr_dashboard___ivy_ngcc___fesm2015_onviobr-dashboard_js.461d50e799a85e32939d.js:0
[   33638ms] [WARNING] Failed to decode downloaded font: https://onvio.com.br/staff/SourceSans3VF-Upright.ttf.e7f20fc9b00b0e8a.woff2 @ https://onvio.com.br/br-staff-dashboard/default-node_modules_onviobr_dashboard___ivy_ngcc___fesm2015_onviobr-dashboard_js.461d50e799a85e32939d.js:0
[   33639ms] [WARNING] OTS parsing error: Failed to convert WOFF 2.0 font to SFNT @ https://onvio.com.br/br-staff-dashboard/default-node_modules_onviobr_dashboard___ivy_ngcc___fesm2015_onviobr-dashboard_js.461d50e799a85e32939d.js:0
[   33639ms] [WARNING] Failed to decode downloaded font: https://onvio.com.br/staff/SourceSans3-Regular.ttf.dab9805cb7eb3d8f.woff @ https://onvio.com.br/br-staff-dashboard/default-node_modules_onviobr_dashboard___ivy_ngcc___fesm2015_onviobr-dashboard_js.461d50e799a85e32939d.js:0
[   33639ms] [WARNING] OTS parsing error: incorrect file size in WOFF header @ https://onvio.com.br/br-staff-dashboard/default-node_modules_onviobr_dashboard___ivy_ngcc___fesm2015_onviobr-dashboard_js.461d50e799a85e32939d.js:0
[   33640ms] [WARNING] Failed to decode downloaded font: https://onvio.com.br/staff/SourceSans3-Regular.114f93b5f3b7d159.otf @ https://onvio.com.br/br-staff-dashboard/default-node_modules_onviobr_dashboard___ivy_ngcc___fesm2015_onviobr-dashboard_js.461d50e799a85e32939d.js:0
[   33640ms] [WARNING] OTS parsing error: bad table directory searchRange
bad table directory entrySelector
bad table directory rangeShift
Invalid table tag: 0x604241
 `BA: misaligned table @ https://onvio.com.br/br-staff-dashboard/default-node_modules_onviobr_dashboard___ivy_ngcc___fesm2015_onviobr-dashboard_js.461d50e799a85e32939d.js:0
[   33640ms] [WARNING] Failed to decode downloaded font: https://onvio.com.br/staff/SourceSans3-Regular.ab920762075b81fb.ttf @ https://onvio.com.br/br-staff-dashboard/default-node_modules_onviobr_dashboard___ivy_ngcc___fesm2015_onviobr-dashboard_js.461d50e799a85e32939d.js:0
[   33640ms] [WARNING] OTS parsing error: BASE: invalid table offset @ https://onvio.com.br/br-staff-dashboard/default-node_modules_onviobr_dashboard___ivy_ngcc___fesm2015_onviobr-dashboard_js.461d50e799a85e32939d.js:0
[   33640ms] [WARNING] Failed to decode downloaded font: https://onvio.com.br/staff/SourceSans3VF-Upright.ttf.e7f20fc9b00b0e8a.woff2 @ https://onvio.com.br/br-staff-dashboard/default-node_modules_onviobr_dashboard___ivy_ngcc___fesm2015_onviobr-dashboard_js.461d50e799a85e32939d.js:0
[   33641ms] [WARNING] OTS parsing error: Failed to convert WOFF 2.0 font to SFNT @ https://onvio.com.br/br-staff-dashboard/default-node_modules_onviobr_dashboard___ivy_ngcc___fesm2015_onviobr-dashboard_js.461d50e799a85e32939d.js:0
[   33641ms] [WARNING] Failed to decode downloaded font: https://onvio.com.br/staff/SourceSans3-Regular.ttf.dab9805cb7eb3d8f.woff @ https://onvio.com.br/br-staff-dashboard/default-node_modules_onviobr_dashboard___ivy_ngcc___fesm2015_onviobr-dashboard_js.461d50e799a85e32939d.js:0
[   33641ms] [WARNING] OTS parsing error: incorrect file size in WOFF header @ https://onvio.com.br/br-staff-dashboard/default-node_modules_onviobr_dashboard___ivy_ngcc___fesm2015_onviobr-dashboard_js.461d50e799a85e32939d.js:0
[   33641ms] [WARNING] Failed to decode downloaded font: https://onvio.com.br/staff/SourceSans3-Regular.114f93b5f3b7d159.otf @ https://onvio.com.br/br-staff-dashboard/default-node_modules_onviobr_dashboard___ivy_ngcc___fesm2015_onviobr-dashboard_js.461d50e799a85e32939d.js:0
[   33642ms] [WARNING] OTS parsing error: bad table directory searchRange
bad table directory entrySelector
bad table directory rangeShift
Invalid table tag: 0x604241
 `BA: misaligned table @ https://onvio.com.br/br-staff-dashboard/default-node_modules_onviobr_dashboard___ivy_ngcc___fesm2015_onviobr-dashboard_js.461d50e799a85e32939d.js:0
[   33642ms] [WARNING] Failed to decode downloaded font: https://onvio.com.br/staff/SourceSans3-Regular.ab920762075b81fb.ttf @ https://onvio.com.br/br-staff-dashboard/default-node_modules_onviobr_dashboard___ivy_ngcc___fesm2015_onviobr-dashboard_js.461d50e799a85e32939d.js:0
[   33642ms] [WARNING] OTS parsing error: BASE: invalid table offset @ https://onvio.com.br/br-staff-dashboard/default-node_modules_onviobr_dashboard___ivy_ngcc___fesm2015_onviobr-dashboard_js.461d50e799a85e32939d.js:0
[   33642ms] [WARNING] Failed to decode downloaded font: https://onvio.com.br/staff/SourceSans3VF-Upright.ttf.e7f20fc9b00b0e8a.woff2 @ https://onvio.com.br/br-staff-dashboard/default-node_modules_onviobr_dashboard___ivy_ngcc___fesm2015_onviobr-dashboard_js.461d50e799a85e32939d.js:0
[   33643ms] [WARNING] OTS parsing error: Failed to convert WOFF 2.0 font to SFNT @ https://onvio.com.br/br-staff-dashboard/default-node_modules_onviobr_dashboard___ivy_ngcc___fesm2015_onviobr-dashboard_js.461d50e799a85e32939d.js:0
[   33643ms] [WARNING] Failed to decode downloaded font: https://onvio.com.br/staff/SourceSans3-Regular.ttf.dab9805cb7eb3d8f.woff @ https://onvio.com.br/br-staff-dashboard/default-node_modules_onviobr_dashboard___ivy_ngcc___fesm2015_onviobr-dashboard_js.461d50e799a85e32939d.js:0
[   33643ms] [WARNING] OTS parsing error: incorrect file size in WOFF header @ https://onvio.com.br/br-staff-dashboard/default-node_modules_onviobr_dashboard___ivy_ngcc___fesm2015_onviobr-dashboard_js.461d50e799a85e32939d.js:0
[   33644ms] [WARNING] Failed to decode downloaded font: https://onvio.com.br/staff/SourceSans3-Regular.114f93b5f3b7d159.otf @ https://onvio.com.br/br-staff-dashboard/default-node_modules_onviobr_dashboard___ivy_ngcc___fesm2015_onviobr-dashboard_js.461d50e799a85e32939d.js:0
[   33644ms] [WARNING] OTS parsing error: bad table directory searchRange
bad table directory entrySelector
bad table directory rangeShift
Invalid table tag: 0x604241
 `BA: misaligned table @ https://onvio.com.br/br-staff-dashboard/default-node_modules_onviobr_dashboard___ivy_ngcc___fesm2015_onviobr-dashboard_js.461d50e799a85e32939d.js:0
[   33644ms] [WARNING] Failed to decode downloaded font: https://onvio.com.br/staff/SourceSans3-Regular.ab920762075b81fb.ttf @ https://onvio.com.br/br-staff-dashboard/default-node_modules_onviobr_dashboard___ivy_ngcc___fesm2015_onviobr-dashboard_js.461d50e799a85e32939d.js:0
[   33645ms] [WARNING] OTS parsing error: BASE: invalid table offset @ https://onvio.com.br/br-staff-dashboard/default-node_modules_onviobr_dashboard___ivy_ngcc___fesm2015_onviobr-dashboard_js.461d50e799a85e32939d.js:0
[   33645ms] [WARNING] Failed to decode downloaded font: https://onvio.com.br/staff/SourceSans3VF-Upright.ttf.e7f20fc9b00b0e8a.woff2 @ https://onvio.com.br/br-staff-dashboard/default-node_modules_onviobr_dashboard___ivy_ngcc___fesm2015_onviobr-dashboard_js.461d50e799a85e32939d.js:0
[   33646ms] [WARNING] OTS parsing error: Failed to convert WOFF 2.0 font to SFNT @ https://onvio.com.br/br-staff-dashboard/default-node_modules_onviobr_dashboard___ivy_ngcc___fesm2015_onviobr-dashboard_js.461d50e799a85e32939d.js:0
[   33647ms] [WARNING] Failed to decode downloaded font: https://onvio.com.br/staff/SourceSans3-Regular.ttf.dab9805cb7eb3d8f.woff @ https://onvio.com.br/br-staff-dashboard/default-node_modules_onviobr_dashboard___ivy_ngcc___fesm2015_onviobr-dashboard_js.461d50e799a85e32939d.js:0
[   33647ms] [WARNING] OTS parsing error: incorrect file size in WOFF header @ https://onvio.com.br/br-staff-dashboard/default-node_modules_onviobr_dashboard___ivy_ngcc___fesm2015_onviobr-dashboard_js.461d50e799a85e32939d.js:0
[   33647ms] [WARNING] Failed to decode downloaded font: https://onvio.com.br/staff/SourceSans3-Regular.114f93b5f3b7d159.otf @ https://onvio.com.br/br-staff-dashboard/default-node_modules_onviobr_dashboard___ivy_ngcc___fesm2015_onviobr-dashboard_js.461d50e799a85e32939d.js:0
[   33647ms] [WARNING] OTS parsing error: bad table directory searchRange
bad table directory entrySelector
bad table directory rangeShift
Invalid table tag: 0x604241
 `BA: misaligned table @ https://onvio.com.br/br-staff-dashboard/default-node_modules_onviobr_dashboard___ivy_ngcc___fesm2015_onviobr-dashboard_js.461d50e799a85e32939d.js:0
[   33648ms] [WARNING] Failed to decode downloaded font: https://onvio.com.br/staff/SourceSans3-Regular.ab920762075b81fb.ttf @ https://onvio.com.br/br-staff-dashboard/default-node_modules_onviobr_dashboard___ivy_ngcc___fesm2015_onviobr-dashboard_js.461d50e799a85e32939d.js:0
[   33648ms] [WARNING] OTS parsing error: BASE: invalid table offset @ https://onvio.com.br/br-staff-dashboard/default-node_modules_onviobr_dashboard___ivy_ngcc___fesm2015_onviobr-dashboard_js.461d50e799a85e32939d.js:0
[   33648ms] [WARNING] Failed to decode downloaded font: https://onvio.com.br/staff/SourceSans3VF-Upright.ttf.e7f20fc9b00b0e8a.woff2 @ https://onvio.com.br/br-staff-dashboard/default-node_modules_onviobr_dashboard___ivy_ngcc___fesm2015_onviobr-dashboard_js.461d50e799a85e32939d.js:0
[   33648ms] [WARNING] OTS parsing error: Failed to convert WOFF 2.0 font to SFNT @ https://onvio.com.br/br-staff-dashboard/default-node_modules_onviobr_dashboard___ivy_ngcc___fesm2015_onviobr-dashboard_js.461d50e799a85e32939d.js:0
[   33649ms] [WARNING] Failed to decode downloaded font: https://onvio.com.br/staff/SourceSans3-Regular.114f93b5f3b7d159.otf @ https://onvio.com.br/br-staff-dashboard/default-node_modules_onviobr_dashboard___ivy_ngcc___fesm2015_onviobr-dashboard_js.461d50e799a85e32939d.js:0
[   33649ms] [WARNING] OTS parsing error: bad table directory searchRange
bad table directory entrySelector
bad table directory rangeShift
Invalid table tag: 0x604241
 `BA: misaligned table @ https://onvio.com.br/br-staff-dashboard/default-node_modules_onviobr_dashboard___ivy_ngcc___fesm2015_onviobr-dashboard_js.461d50e799a85e32939d.js:0
[   33649ms] [WARNING] Failed to decode downloaded font: https://onvio.com.br/staff/SourceSans3-Regular.ttf.dab9805cb7eb3d8f.woff @ https://onvio.com.br/br-staff-dashboard/default-node_modules_onviobr_dashboard___ivy_ngcc___fesm2015_onviobr-dashboard_js.461d50e799a85e32939d.js:0
[   33649ms] [WARNING] OTS parsing error: incorrect file size in WOFF header @ https://onvio.com.br/br-staff-dashboard/default-node_modules_onviobr_dashboard___ivy_ngcc___fesm2015_onviobr-dashboard_js.461d50e799a85e32939d.js:0
[   33649ms] [WARNING] Failed to decode downloaded font: https://onvio.com.br/staff/SourceSans3-Regular.ab920762075b81fb.ttf @ https://onvio.com.br/br-staff-dashboard/default-node_modules_onviobr_dashboard___ivy_ngcc___fesm2015_onviobr-dashboard_js.461d50e799a85e32939d.js:0
[   33649ms] [WARNING] OTS parsing error: BASE: invalid table offset @ https://onvio.com.br/br-staff-dashboard/default-node_modules_onviobr_dashboard___ivy_ngcc___fesm2015_onviobr-dashboard_js.461d50e799a85e32939d.js:0
[   33650ms] [WARNING] Failed to decode downloaded font: https://onvio.com.br/staff/SourceSans3VF-Upright.ttf.e7f20fc9b00b0e8a.woff2 @ https://onvio.com.br/br-staff-dashboard/default-node_modules_onviobr_dashboard___ivy_ngcc___fesm2015_onviobr-dashboard_js.461d50e799a85e32939d.js:0
[   33650ms] [WARNING] OTS parsing error: Failed to convert WOFF 2.0 font to SFNT @ https://onvio.com.br/br-staff-dashboard/default-node_modules_onviobr_dashboard___ivy_ngcc___fesm2015_onviobr-dashboard_js.461d50e799a85e32939d.js:0
[   33650ms] [WARNING] Failed to decode downloaded font: https://onvio.com.br/staff/SourceSans3-Regular.ttf.dab9805cb7eb3d8f.woff @ https://onvio.com.br/br-staff-dashboard/default-node_modules_onviobr_dashboard___ivy_ngcc___fesm2015_onviobr-dashboard_js.461d50e799a85e32939d.js:0
[   33650ms] [WARNING] OTS parsing error: incorrect file size in WOFF header @ https://onvio.com.br/br-staff-dashboard/default-node_modules_onviobr_dashboard___ivy_ngcc___fesm2015_onviobr-dashboard_js.461d50e799a85e32939d.js:0
[   33651ms] [WARNING] Failed to decode downloaded font: https://onvio.com.br/staff/SourceSans3-Regular.114f93b5f3b7d159.otf @ https://onvio.com.br/br-staff-dashboard/default-node_modules_onviobr_dashboard___ivy_ngcc___fesm2015_onviobr-dashboard_js.461d50e799a85e32939d.js:0
[   33651ms] [WARNING] OTS parsing error: bad table directory searchRange
bad table directory entrySelector
bad table directory rangeShift
Invalid table tag: 0x604241
 `BA: misaligned table @ https://onvio.com.br/br-staff-dashboard/default-node_modules_onviobr_dashboard___ivy_ngcc___fesm2015_onviobr-dashboard_js.461d50e799a85e32939d.js:0
[   33651ms] [WARNING] Failed to decode downloaded font: https://onvio.com.br/staff/SourceSans3-Regular.ab920762075b81fb.ttf @ https://onvio.com.br/br-staff-dashboard/default-node_modules_onviobr_dashboard___ivy_ngcc___fesm2015_onviobr-dashboard_js.461d50e799a85e32939d.js:0
[   33651ms] [WARNING] OTS parsing error: BASE: invalid table offset @ https://onvio.com.br/br-staff-dashboard/default-node_modules_onviobr_dashboard___ivy_ngcc___fesm2015_onviobr-dashboard_js.461d50e799a85e32939d.js:0
[   33651ms] [WARNING] Failed to decode downloaded font: https://onvio.com.br/staff/SourceSans3VF-Upright.ttf.e7f20fc9b00b0e8a.woff2 @ https://onvio.com.br/br-staff-dashboard/default-node_modules_onviobr_dashboard___ivy_ngcc___fesm2015_onviobr-dashboard_js.461d50e799a85e32939d.js:0
[   33652ms] [WARNING] OTS parsing error: Failed to convert WOFF 2.0 font to SFNT @ https://onvio.com.br/br-staff-dashboard/default-node_modules_onviobr_dashboard___ivy_ngcc___fesm2015_onviobr-dashboard_js.461d50e799a85e32939d.js:0
[   33652ms] [WARNING] Failed to decode downloaded font: https://onvio.com.br/staff/SourceSans3-Regular.ttf.dab9805cb7eb3d8f.woff @ https://onvio.com.br/br-staff-dashboard/default-node_modules_onviobr_dashboard___ivy_ngcc___fesm2015_onviobr-dashboard_js.461d50e799a85e32939d.js:0
[   33652ms] [WARNING] OTS parsing error: incorrect file size in WOFF header @ https://onvio.com.br/br-staff-dashboard/default-node_modules_onviobr_dashboard___ivy_ngcc___fesm2015_onviobr-dashboard_js.461d50e799a85e32939d.js:0
[   33653ms] [WARNING] Failed to decode downloaded font: https://onvio.com.br/staff/SourceSans3-Regular.114f93b5f3b7d159.otf @ https://onvio.com.br/br-staff-dashboard/default-node_modules_onviobr_dashboard___ivy_ngcc___fesm2015_onviobr-dashboard_js.461d50e799a85e32939d.js:0
[   33653ms] [WARNING] OTS parsing error: bad table directory searchRange
bad table directory entrySelector
bad table directory rangeShift
Invalid table tag: 0x604241
 `BA: misaligned table @ https://onvio.com.br/br-staff-dashboard/default-node_modules_onviobr_dashboard___ivy_ngcc___fesm2015_onviobr-dashboard_js.461d50e799a85e32939d.js:0
[   33653ms] [WARNING] Failed to decode downloaded font: https://onvio.com.br/staff/SourceSans3-Regular.ab920762075b81fb.ttf @ https://onvio.com.br/br-staff-dashboard/default-node_modules_onviobr_dashboard___ivy_ngcc___fesm2015_onviobr-dashboard_js.461d50e799a85e32939d.js:0
[   33654ms] [WARNING] OTS parsing error: BASE: invalid table offset @ https://onvio.com.br/br-staff-dashboard/default-node_modules_onviobr_dashboard___ivy_ngcc___fesm2015_onviobr-dashboard_js.461d50e799a85e32939d.js:0
[   33654ms] [WARNING] Failed to decode downloaded font: https://onvio.com.br/staff/SourceSans3VF-Upright.ttf.e7f20fc9b00b0e8a.woff2 @ https://onvio.com.br/br-staff-dashboard/default-node_modules_onviobr_dashboard___ivy_ngcc___fesm2015_onviobr-dashboard_js.461d50e799a85e32939d.js:0
[   33654ms] [WARNING] OTS parsing error: Failed to convert WOFF 2.0 font to SFNT @ https://onvio.com.br/br-staff-dashboard/default-node_modules_onviobr_dashboard___ivy_ngcc___fesm2015_onviobr-dashboard_js.461d50e799a85e32939d.js:0
[   33655ms] [WARNING] Failed to decode downloaded font: https://onvio.com.br/staff/SourceSans3-Regular.ttf.dab9805cb7eb3d8f.woff @ https://onvio.com.br/br-staff-dashboard/default-node_modules_onviobr_dashboard___ivy_ngcc___fesm2015_onviobr-dashboard_js.461d50e799a85e32939d.js:0
[   33655ms] [WARNING] OTS parsing error: incorrect file size in WOFF header @ https://onvio.com.br/br-staff-dashboard/default-node_modules_onviobr_dashboard___ivy_ngcc___fesm2015_onviobr-dashboard_js.461d50e799a85e32939d.js:0
[   33656ms] [WARNING] Failed to decode downloaded font: https://onvio.com.br/staff/SourceSans3-Regular.114f93b5f3b7d159.otf @ https://onvio.com.br/br-staff-dashboard/default-node_modules_onviobr_dashboard___ivy_ngcc___fesm2015_onviobr-dashboard_js.461d50e799a85e32939d.js:0
[   33656ms] [WARNING] OTS parsing error: bad table directory searchRange
bad table directory entrySelector
bad table directory rangeShift
Invalid table tag: 0x604241
 `BA: misaligned table @ https://onvio.com.br/br-staff-dashboard/default-node_modules_onviobr_dashboard___ivy_ngcc___fesm2015_onviobr-dashboard_js.461d50e799a85e32939d.js:0
[   33657ms] [WARNING] Failed to decode downloaded font: https://onvio.com.br/staff/SourceSans3-Regular.ab920762075b81fb.ttf @ https://onvio.com.br/br-staff-dashboard/default-node_modules_onviobr_dashboard___ivy_ngcc___fesm2015_onviobr-dashboard_js.461d50e799a85e32939d.js:0
[   33657ms] [WARNING] OTS parsing error: BASE: invalid table offset @ https://onvio.com.br/br-staff-dashboard/default-node_modules_onviobr_dashboard___ivy_ngcc___fesm2015_onviobr-dashboard_js.461d50e799a85e32939d.js:0
[   33658ms] [WARNING] Failed to decode downloaded font: https://onvio.com.br/staff/SourceSans3VF-Upright.ttf.e7f20fc9b00b0e8a.woff2 @ https://onvio.com.br/br-staff-dashboard/default-node_modules_onviobr_dashboard___ivy_ngcc___fesm2015_onviobr-dashboard_js.461d50e799a85e32939d.js:0
[   33658ms] [WARNING] OTS parsing error: Failed to convert WOFF 2.0 font to SFNT @ https://onvio.com.br/br-staff-dashboard/default-node_modules_onviobr_dashboard___ivy_ngcc___fesm2015_onviobr-dashboard_js.461d50e799a85e32939d.js:0
[   33659ms] [WARNING] Failed to decode downloaded font: https://onvio.com.br/staff/SourceSans3-Regular.ttf.dab9805cb7eb3d8f.woff @ https://onvio.com.br/br-staff-dashboard/default-node_modules_onviobr_dashboard___ivy_ngcc___fesm2015_onviobr-dashboard_js.461d50e799a85e32939d.js:0
[   33659ms] [WARNING] OTS parsing error: incorrect file size in WOFF header @ https://onvio.com.br/br-staff-dashboard/default-node_modules_onviobr_dashboard___ivy_ngcc___fesm2015_onviobr-dashboard_js.461d50e799a85e32939d.js:0
[   33659ms] [WARNING] Failed to decode downloaded font: https://onvio.com.br/staff/SourceSans3-Regular.114f93b5f3b7d159.otf @ https://onvio.com.br/br-staff-dashboard/default-node_modules_onviobr_dashboard___ivy_ngcc___fesm2015_onviobr-dashboard_js.461d50e799a85e32939d.js:0
[   33659ms] [WARNING] OTS parsing error: bad table directory searchRange
bad table directory entrySelector
bad table directory rangeShift
Invalid table tag: 0x604241
 `BA: misaligned table @ https://onvio.com.br/br-staff-dashboard/default-node_modules_onviobr_dashboard___ivy_ngcc___fesm2015_onviobr-dashboard_js.461d50e799a85e32939d.js:0
[   33660ms] [WARNING] Failed to decode downloaded font: https://onvio.com.br/staff/SourceSans3-Regular.ab920762075b81fb.ttf @ https://onvio.com.br/br-staff-dashboard/default-node_modules_onviobr_dashboard___ivy_ngcc___fesm2015_onviobr-dashboard_js.461d50e799a85e32939d.js:0
[   33660ms] [WARNING] OTS parsing error: BASE: invalid table offset @ https://onvio.com.br/br-staff-dashboard/default-node_modules_onviobr_dashboard___ivy_ngcc___fesm2015_onviobr-dashboard_js.461d50e799a85e32939d.js:0
[   33663ms] [WARNING] Failed to decode downloaded font: https://onvio.com.br/staff/SourceSans3VF-Upright.ttf.e7f20fc9b00b0e8a.woff2 @ https://onvio.com.br/staff/#/dashboard-core-center:0
[   33663ms] [WARNING] OTS parsing error: Failed to convert WOFF 2.0 font to SFNT @ https://onvio.com.br/staff/#/dashboard-core-center:0
[   33663ms] [WARNING] Failed to decode downloaded font: https://onvio.com.br/staff/SourceSans3-Regular.ttf.dab9805cb7eb3d8f.woff @ https://onvio.com.br/staff/#/dashboard-core-center:0
[   33664ms] [WARNING] OTS parsing error: incorrect file size in WOFF header @ https://onvio.com.br/staff/#/dashboard-core-center:0
[   33664ms] [WARNING] Failed to decode downloaded font: https://onvio.com.br/staff/SourceSans3-Regular.114f93b5f3b7d159.otf @ https://onvio.com.br/staff/#/dashboard-core-center:0
[   33664ms] [WARNING] OTS parsing error: bad table directory searchRange
bad table directory entrySelector
bad table directory rangeShift
Invalid table tag: 0x604241
 `BA: misaligned table @ https://onvio.com.br/staff/#/dashboard-core-center:0
[   33664ms] [WARNING] Failed to decode downloaded font: https://onvio.com.br/staff/SourceSans3-Regular.ab920762075b81fb.ttf @ https://onvio.com.br/staff/#/dashboard-core-center:0
[   33664ms] [WARNING] OTS parsing error: BASE: invalid table offset @ https://onvio.com.br/staff/#/dashboard-core-center:0
[   33664ms] [WARNING] Failed to decode downloaded font: https://onvio.com.br/staff/SourceSans3VF-Upright.ttf.e7f20fc9b00b0e8a.woff2 @ https://onvio.com.br/staff/#/dashboard-core-center:0
[   33664ms] [WARNING] OTS parsing error: Failed to convert WOFF 2.0 font to SFNT @ https://onvio.com.br/staff/#/dashboard-core-center:0
[   33664ms] [WARNING] Failed to decode downloaded font: https://onvio.com.br/staff/SourceSans3-Regular.ttf.dab9805cb7eb3d8f.woff @ https://onvio.com.br/staff/#/dashboard-core-center:0
[   33665ms] [WARNING] OTS parsing error: incorrect file size in WOFF header @ https://onvio.com.br/staff/#/dashboard-core-center:0
[   33665ms] [WARNING] Failed to decode downloaded font: https://onvio.com.br/staff/SourceSans3-Regular.114f93b5f3b7d159.otf @ https://onvio.com.br/staff/#/dashboard-core-center:0
[   33666ms] [WARNING] OTS parsing error: bad table directory searchRange
bad table directory entrySelector
bad table directory rangeShift
Invalid table tag: 0x604241
 `BA: misaligned table @ https://onvio.com.br/staff/#/dashboard-core-center:0
[   33666ms] [WARNING] Failed to decode downloaded font: https://onvio.com.br/staff/SourceSans3-Regular.ab920762075b81fb.ttf @ https://onvio.com.br/staff/#/dashboard-core-center:0
[   33666ms] [WARNING] OTS parsing error: BASE: invalid table offset @ https://onvio.com.br/staff/#/dashboard-core-center:0
[   33666ms] [WARNING] Failed to decode downloaded font: https://onvio.com.br/staff/SourceSans3VF-Upright.ttf.e7f20fc9b00b0e8a.woff2 @ https://onvio.com.br/staff/#/dashboard-core-center:0
[   33666ms] [WARNING] OTS parsing error: Failed to convert WOFF 2.0 font to SFNT @ https://onvio.com.br/staff/#/dashboard-core-center:0
[   33666ms] [WARNING] Failed to decode downloaded font: https://onvio.com.br/staff/SourceSans3-Regular.ttf.dab9805cb7eb3d8f.woff @ https://onvio.com.br/staff/#/dashboard-core-center:0
[   33666ms] [WARNING] OTS parsing error: incorrect file size in WOFF header @ https://onvio.com.br/staff/#/dashboard-core-center:0
[   33666ms] [WARNING] Failed to decode downloaded font: https://onvio.com.br/staff/SourceSans3-Regular.114f93b5f3b7d159.otf @ https://onvio.com.br/staff/#/dashboard-core-center:0
[   33666ms] [WARNING] OTS parsing error: bad table directory searchRange
bad table directory entrySelector
bad table directory rangeShift
Invalid table tag: 0x604241
 `BA: misaligned table @ https://onvio.com.br/staff/#/dashboard-core-center:0
[   33667ms] [WARNING] Failed to decode downloaded font: https://onvio.com.br/staff/SourceSans3-Regular.ab920762075b81fb.ttf @ https://onvio.com.br/staff/#/dashboard-core-center:0
[   33667ms] [WARNING] OTS parsing error: BASE: invalid table offset @ https://onvio.com.br/staff/#/dashboard-core-center:0
[   33667ms] [WARNING] Failed to decode downloaded font: https://onvio.com.br/staff/SourceSans3VF-Upright.ttf.e7f20fc9b00b0e8a.woff2 @ https://onvio.com.br/staff/#/dashboard-core-center:0
[   33667ms] [WARNING] OTS parsing error: Failed to convert WOFF 2.0 font to SFNT @ https://onvio.com.br/staff/#/dashboard-core-center:0
[   33667ms] [WARNING] Failed to decode downloaded font: https://onvio.com.br/staff/SourceSans3-Regular.ttf.dab9805cb7eb3d8f.woff @ https://onvio.com.br/staff/#/dashboard-core-center:0
[   33667ms] [WARNING] OTS parsing error: incorrect file size in WOFF header @ https://onvio.com.br/staff/#/dashboard-core-center:0
[   33667ms] [WARNING] Failed to decode downloaded font: https://onvio.com.br/staff/SourceSans3-Regular.114f93b5f3b7d159.otf @ https://onvio.com.br/staff/#/dashboard-core-center:0
[   33667ms] [WARNING] OTS parsing error: bad table directory searchRange
bad table directory entrySelector
bad table directory rangeShift
Invalid table tag: 0x604241
 `BA: misaligned table @ https://onvio.com.br/staff/#/dashboard-core-center:0
[   33667ms] [WARNING] Failed to decode downloaded font: https://onvio.com.br/staff/SourceSans3-Regular.ab920762075b81fb.ttf @ https://onvio.com.br/staff/#/dashboard-core-center:0
[   33667ms] [WARNING] OTS parsing error: BASE: invalid table offset @ https://onvio.com.br/staff/#/dashboard-core-center:0
[   33667ms] [WARNING] Failed to decode downloaded font: https://onvio.com.br/staff/SourceSans3VF-Upright.ttf.e7f20fc9b00b0e8a.woff2 @ https://onvio.com.br/staff/#/dashboard-core-center:0
[   33668ms] [WARNING] OTS parsing error: Failed to convert WOFF 2.0 font to SFNT @ https://onvio.com.br/staff/#/dashboard-core-center:0
[   33668ms] [WARNING] Failed to decode downloaded font: https://onvio.com.br/staff/SourceSans3-Regular.ttf.dab9805cb7eb3d8f.woff @ https://onvio.com.br/staff/#/dashboard-core-center:0
[   33668ms] [WARNING] OTS parsing error: incorrect file size in WOFF header @ https://onvio.com.br/staff/#/dashboard-core-center:0
[   33669ms] [WARNING] Failed to decode downloaded font: https://onvio.com.br/staff/SourceSans3-Regular.114f93b5f3b7d159.otf @ https://onvio.com.br/staff/#/dashboard-core-center:0
[   33669ms] [WARNING] OTS parsing error: bad table directory searchRange
bad table directory entrySelector
bad table directory rangeShift
Invalid table tag: 0x604241
 `BA: misaligned table @ https://onvio.com.br/staff/#/dashboard-core-center:0
[   33669ms] [WARNING] Failed to decode downloaded font: https://onvio.com.br/staff/SourceSans3-Regular.ab920762075b81fb.ttf @ https://onvio.com.br/staff/#/dashboard-core-center:0
[   33669ms] [WARNING] OTS parsing error: BASE: invalid table offset @ https://onvio.com.br/staff/#/dashboard-core-center:0
[   33669ms] [WARNING] Failed to decode downloaded font: https://onvio.com.br/staff/SourceSans3VF-Upright.ttf.e7f20fc9b00b0e8a.woff2 @ https://onvio.com.br/staff/#/dashboard-core-center:0
[   33670ms] [WARNING] OTS parsing error: Failed to convert WOFF 2.0 font to SFNT @ https://onvio.com.br/staff/#/dashboard-core-center:0
[   33670ms] [WARNING] Failed to decode downloaded font: https://onvio.com.br/staff/SourceSans3VF-Upright.ttf.e7f20fc9b00b0e8a.woff2 @ https://onvio.com.br/staff/#/dashboard-core-center:0
[   33670ms] [WARNING] OTS parsing error: Failed to convert WOFF 2.0 font to SFNT @ https://onvio.com.br/staff/#/dashboard-core-center:0
[   33670ms] [WARNING] Failed to decode downloaded font: https://onvio.com.br/staff/SourceSans3VF-Upright.ttf.e7f20fc9b00b0e8a.woff2 @ https://onvio.com.br/staff/#/dashboard-core-center:0
[   33670ms] [WARNING] OTS parsing error: Failed to convert WOFF 2.0 font to SFNT @ https://onvio.com.br/staff/#/dashboard-core-center:0
[   33670ms] [WARNING] Failed to decode downloaded font: https://onvio.com.br/staff/SourceSans3VF-Upright.ttf.e7f20fc9b00b0e8a.woff2 @ https://onvio.com.br/staff/#/dashboard-core-center:0
[   33670ms] [WARNING] OTS parsing error: Failed to convert WOFF 2.0 font to SFNT @ https://onvio.com.br/staff/#/dashboard-core-center:0
[   33670ms] [WARNING] Failed to decode downloaded font: https://onvio.com.br/staff/SourceSans3VF-Upright.ttf.e7f20fc9b00b0e8a.woff2 @ https://onvio.com.br/staff/#/dashboard-core-center:0
[   33670ms] [WARNING] OTS parsing error: Failed to convert WOFF 2.0 font to SFNT @ https://onvio.com.br/staff/#/dashboard-core-center:0
[   33671ms] [WARNING] Failed to decode downloaded font: https://onvio.com.br/staff/SourceSans3VF-Upright.ttf.e7f20fc9b00b0e8a.woff2 @ https://onvio.com.br/staff/#/dashboard-core-center:0
[   33671ms] [WARNING] OTS parsing error: Failed to convert WOFF 2.0 font to SFNT @ https://onvio.com.br/staff/#/dashboard-core-center:0
[   33671ms] [WARNING] Failed to decode downloaded font: https://onvio.com.br/staff/SourceSans3VF-Upright.ttf.e7f20fc9b00b0e8a.woff2 @ https://onvio.com.br/staff/#/dashboard-core-center:0
[   33671ms] [WARNING] OTS parsing error: Failed to convert WOFF 2.0 font to SFNT @ https://onvio.com.br/staff/#/dashboard-core-center:0
[   33671ms] [WARNING] Failed to decode downloaded font: https://onvio.com.br/staff/SourceSans3VF-Upright.ttf.e7f20fc9b00b0e8a.woff2 @ https://onvio.com.br/staff/#/dashboard-core-center:0
[   33671ms] [WARNING] OTS parsing error: Failed to convert WOFF 2.0 font to SFNT @ https://onvio.com.br/staff/#/dashboard-core-center:0
[   33671ms] [WARNING] Failed to decode downloaded font: https://onvio.com.br/staff/SourceSans3VF-Upright.ttf.e7f20fc9b00b0e8a.woff2 @ https://onvio.com.br/staff/#/dashboard-core-center:0
[   33671ms] [WARNING] OTS parsing error: Failed to convert WOFF 2.0 font to SFNT @ https://onvio.com.br/staff/#/dashboard-core-center:0
[   33671ms] [WARNING] Failed to decode downloaded font: https://onvio.com.br/staff/SourceSans3-Regular.ttf.dab9805cb7eb3d8f.woff @ https://onvio.com.br/staff/#/dashboard-core-center:0
[   33671ms] [WARNING] OTS parsing error: incorrect file size in WOFF header @ https://onvio.com.br/staff/#/dashboard-core-center:0
[   33671ms] [WARNING] Failed to decode downloaded font: https://onvio.com.br/staff/SourceSans3-Regular.114f93b5f3b7d159.otf @ https://onvio.com.br/staff/#/dashboard-core-center:0
[   33671ms] [WARNING] OTS parsing error: bad table directory searchRange
bad table directory entrySelector
bad table directory rangeShift
Invalid table tag: 0x604241
 `BA: misaligned table @ https://onvio.com.br/staff/#/dashboard-core-center:0
[   33672ms] [WARNING] Failed to decode downloaded font: https://onvio.com.br/staff/SourceSans3-Regular.ab920762075b81fb.ttf @ https://onvio.com.br/staff/#/dashboard-core-center:0
[   33672ms] [WARNING] OTS parsing error: BASE: invalid table offset @ https://onvio.com.br/staff/#/dashboard-core-center:0
[   33672ms] [WARNING] Failed to decode downloaded font: https://onvio.com.br/staff/SourceSans3VF-Upright.ttf.e7f20fc9b00b0e8a.woff2 @ https://onvio.com.br/staff/#/dashboard-core-center:0
[   33672ms] [WARNING] OTS parsing error: Failed to convert WOFF 2.0 font to SFNT @ https://onvio.com.br/staff/#/dashboard-core-center:0
[   33672ms] [WARNING] Failed to decode downloaded font: https://onvio.com.br/staff/SourceSans3-Regular.ttf.dab9805cb7eb3d8f.woff @ https://onvio.com.br/staff/#/dashboard-core-center:0
[   33672ms] [WARNING] OTS parsing error: incorrect file size in WOFF header @ https://onvio.com.br/staff/#/dashboard-core-center:0
[   33672ms] [WARNING] Failed to decode downloaded font: https://onvio.com.br/staff/SourceSans3-Regular.114f93b5f3b7d159.otf @ https://onvio.com.br/staff/#/dashboard-core-center:0
[   33672ms] [WARNING] OTS parsing error: bad table directory searchRange
bad table directory entrySelector
bad table directory rangeShift
Invalid table tag: 0x604241
 `BA: misaligned table @ https://onvio.com.br/staff/#/dashboard-core-center:0
[   33672ms] [WARNING] Failed to decode downloaded font: https://onvio.com.br/staff/SourceSans3-Regular.ab920762075b81fb.ttf @ https://onvio.com.br/staff/#/dashboard-core-center:0
[   33672ms] [WARNING] OTS parsing error: BASE: invalid table offset @ https://onvio.com.br/staff/#/dashboard-core-center:0
[   33672ms] [WARNING] Failed to decode downloaded font: https://onvio.com.br/staff/SourceSans3VF-Upright.ttf.e7f20fc9b00b0e8a.woff2 @ https://onvio.com.br/staff/#/dashboard-core-center:0
[   33672ms] [WARNING] OTS parsing error: Failed to convert WOFF 2.0 font to SFNT @ https://onvio.com.br/staff/#/dashboard-core-center:0
[   33672ms] [WARNING] Failed to decode downloaded font: https://onvio.com.br/staff/SourceSans3-Regular.ttf.dab9805cb7eb3d8f.woff @ https://onvio.com.br/staff/#/dashboard-core-center:0
[   33672ms] [WARNING] OTS parsing error: incorrect file size in WOFF header @ https://onvio.com.br/staff/#/dashboard-core-center:0
[   33672ms] [WARNING] Failed to decode downloaded font: https://onvio.com.br/staff/SourceSans3-Regular.114f93b5f3b7d159.otf @ https://onvio.com.br/staff/#/dashboard-core-center:0
[   33672ms] [WARNING] OTS parsing error: bad table directory searchRange
bad table directory entrySelector
bad table directory rangeShift
Invalid table tag: 0x604241
 `BA: misaligned table @ https://onvio.com.br/staff/#/dashboard-core-center:0
[   33673ms] [WARNING] Failed to decode downloaded font: https://onvio.com.br/staff/SourceSans3-Regular.ab920762075b81fb.ttf @ https://onvio.com.br/staff/#/dashboard-core-center:0
[   33673ms] [WARNING] OTS parsing error: BASE: invalid table offset @ https://onvio.com.br/staff/#/dashboard-core-center:0
[   33673ms] [WARNING] Failed to decode downloaded font: https://onvio.com.br/staff/SourceSans3VF-Upright.ttf.e7f20fc9b00b0e8a.woff2 @ https://onvio.com.br/staff/#/dashboard-core-center:0
[   33673ms] [WARNING] OTS parsing error: Failed to convert WOFF 2.0 font to SFNT @ https://onvio.com.br/staff/#/dashboard-core-center:0
[   33673ms] [WARNING] Failed to decode downloaded font: https://onvio.com.br/staff/SourceSans3-Regular.ttf.dab9805cb7eb3d8f.woff @ https://onvio.com.br/staff/#/dashboard-core-center:0
[   33673ms] [WARNING] OTS parsing error: incorrect file size in WOFF header @ https://onvio.com.br/staff/#/dashboard-core-center:0
[   33673ms] [WARNING] Failed to decode downloaded font: https://onvio.com.br/staff/SourceSans3-Regular.114f93b5f3b7d159.otf @ https://onvio.com.br/staff/#/dashboard-core-center:0
[   33673ms] [WARNING] OTS parsing error: bad table directory searchRange
bad table directory entrySelector
bad table directory rangeShift
Invalid table tag: 0x604241
 `BA: misaligned table @ https://onvio.com.br/staff/#/dashboard-core-center:0
[   33673ms] [WARNING] Failed to decode downloaded font: https://onvio.com.br/staff/SourceSans3-Regular.ab920762075b81fb.ttf @ https://onvio.com.br/staff/#/dashboard-core-center:0
[   33673ms] [WARNING] OTS parsing error: BASE: invalid table offset @ https://onvio.com.br/staff/#/dashboard-core-center:0
[   33673ms] [WARNING] Failed to decode downloaded font: https://onvio.com.br/staff/SourceSans3VF-Upright.ttf.e7f20fc9b00b0e8a.woff2 @ https://onvio.com.br/staff/#/dashboard-core-center:0
[   33673ms] [WARNING] OTS parsing error: Failed to convert WOFF 2.0 font to SFNT @ https://onvio.com.br/staff/#/dashboard-core-center:0
[   33673ms] [WARNING] Failed to decode downloaded font: https://onvio.com.br/staff/SourceSans3-Regular.ttf.dab9805cb7eb3d8f.woff @ https://onvio.com.br/staff/#/dashboard-core-center:0
[   33673ms] [WARNING] OTS parsing error: incorrect file size in WOFF header @ https://onvio.com.br/staff/#/dashboard-core-center:0
[   33673ms] [WARNING] Failed to decode downloaded font: https://onvio.com.br/staff/SourceSans3-Regular.114f93b5f3b7d159.otf @ https://onvio.com.br/staff/#/dashboard-core-center:0
[   33674ms] [WARNING] OTS parsing error: bad table directory searchRange
bad table directory entrySelector
bad table directory rangeShift
Invalid table tag: 0x604241
 `BA: misaligned table @ https://onvio.com.br/staff/#/dashboard-core-center:0
[   33674ms] [WARNING] Failed to decode downloaded font: https://onvio.com.br/staff/SourceSans3-Regular.ab920762075b81fb.ttf @ https://onvio.com.br/staff/#/dashboard-core-center:0
[   33674ms] [WARNING] OTS parsing error: BASE: invalid table offset @ https://onvio.com.br/staff/#/dashboard-core-center:0
[   33674ms] [WARNING] Failed to decode downloaded font: https://onvio.com.br/staff/SourceSans3VF-Upright.ttf.e7f20fc9b00b0e8a.woff2 @ https://onvio.com.br/staff/#/dashboard-core-center:0
[   33674ms] [WARNING] OTS parsing error: Failed to convert WOFF 2.0 font to SFNT @ https://onvio.com.br/staff/#/dashboard-core-center:0
[   33674ms] [WARNING] Failed to decode downloaded font: https://onvio.com.br/staff/SourceSans3-Regular.ttf.dab9805cb7eb3d8f.woff @ https://onvio.com.br/staff/#/dashboard-core-center:0
[   33674ms] [WARNING] OTS parsing error: incorrect file size in WOFF header @ https://onvio.com.br/staff/#/dashboard-core-center:0
[   33674ms] [WARNING] Failed to decode downloaded font: https://onvio.com.br/staff/SourceSans3-Regular.114f93b5f3b7d159.otf @ https://onvio.com.br/staff/#/dashboard-core-center:0
[   33674ms] [WARNING] OTS parsing error: bad table directory searchRange
bad table directory entrySelector
bad table directory rangeShift
Invalid table tag: 0x604241
 `BA: misaligned table @ https://onvio.com.br/staff/#/dashboard-core-center:0
[   33674ms] [WARNING] Failed to decode downloaded font: https://onvio.com.br/staff/SourceSans3-Regular.ab920762075b81fb.ttf @ https://onvio.com.br/staff/#/dashboard-core-center:0
[   33675ms] [WARNING] OTS parsing error: BASE: invalid table offset @ https://onvio.com.br/staff/#/dashboard-core-center:0
[   33675ms] [WARNING] Failed to decode downloaded font: https://onvio.com.br/staff/SourceSans3VF-Upright.ttf.e7f20fc9b00b0e8a.woff2 @ https://onvio.com.br/staff/#/dashboard-core-center:0
[   33675ms] [WARNING] OTS parsing error: Failed to convert WOFF 2.0 font to SFNT @ https://onvio.com.br/staff/#/dashboard-core-center:0
[   33675ms] [WARNING] Failed to decode downloaded font: https://onvio.com.br/staff/SourceSans3-Regular.ttf.dab9805cb7eb3d8f.woff @ https://onvio.com.br/staff/#/dashboard-core-center:0
[   33676ms] [WARNING] OTS parsing error: incorrect file size in WOFF header @ https://onvio.com.br/staff/#/dashboard-core-center:0
[   33676ms] [WARNING] Failed to decode downloaded font: https://onvio.com.br/staff/SourceSans3-Regular.114f93b5f3b7d159.otf @ https://onvio.com.br/staff/#/dashboard-core-center:0
[   33677ms] [WARNING] OTS parsing error: bad table directory searchRange
bad table directory entrySelector
bad table directory rangeShift
Invalid table tag: 0x604241
 `BA: misaligned table @ https://onvio.com.br/staff/#/dashboard-core-center:0
[   33677ms] [WARNING] Failed to decode downloaded font: https://onvio.com.br/staff/SourceSans3-Regular.ab920762075b81fb.ttf @ https://onvio.com.br/staff/#/dashboard-core-center:0
[   33678ms] [WARNING] OTS parsing error: BASE: invalid table offset @ https://onvio.com.br/staff/#/dashboard-core-center:0
[   33678ms] [WARNING] Failed to decode downloaded font: https://onvio.com.br/staff/SourceSans3VF-Upright.ttf.e7f20fc9b00b0e8a.woff2 @ https://onvio.com.br/staff/#/dashboard-core-center:0
[   33678ms] [WARNING] OTS parsing error: Failed to convert WOFF 2.0 font to SFNT @ https://onvio.com.br/staff/#/dashboard-core-center:0
[   33678ms] [WARNING] Failed to decode downloaded font: https://onvio.com.br/staff/SourceSans3-Regular.ttf.dab9805cb7eb3d8f.woff @ https://onvio.com.br/staff/#/dashboard-core-center:0
[   33679ms] [WARNING] OTS parsing error: incorrect file size in WOFF header @ https://onvio.com.br/staff/#/dashboard-core-center:0
[   33680ms] [WARNING] Failed to decode downloaded font: https://onvio.com.br/staff/SourceSans3-Regular.114f93b5f3b7d159.otf @ https://onvio.com.br/staff/#/dashboard-core-center:0
[   33680ms] [WARNING] OTS parsing error: bad table directory searchRange
bad table directory entrySelector
bad table directory rangeShift
Invalid table tag: 0x604241
 `BA: misaligned table @ https://onvio.com.br/staff/#/dashboard-core-center:0
[   33680ms] [WARNING] Failed to decode downloaded font: https://onvio.com.br/staff/SourceSans3-Regular.ab920762075b81fb.ttf @ https://onvio.com.br/staff/#/dashboard-core-center:0
[   33680ms] [WARNING] OTS parsing error: BASE: invalid table offset @ https://onvio.com.br/staff/#/dashboard-core-center:0
[   33680ms] [WARNING] Failed to decode downloaded font: https://onvio.com.br/staff/SourceSans3VF-Upright.ttf.e7f20fc9b00b0e8a.woff2 @ https://onvio.com.br/staff/#/dashboard-core-center:0
[   33680ms] [WARNING] OTS parsing error: Failed to convert WOFF 2.0 font to SFNT @ https://onvio.com.br/staff/#/dashboard-core-center:0
[   33681ms] [WARNING] Failed to decode downloaded font: https://onvio.com.br/staff/SourceSans3-Regular.114f93b5f3b7d159.otf @ https://onvio.com.br/staff/#/dashboard-core-center:0
[   33681ms] [WARNING] OTS parsing error: bad table directory searchRange
bad table directory entrySelector
bad table directory rangeShift
Invalid table tag: 0x604241
 `BA: misaligned table @ https://onvio.com.br/staff/#/dashboard-core-center:0
[   33681ms] [WARNING] Failed to decode downloaded font: https://onvio.com.br/staff/SourceSans3-Regular.ttf.dab9805cb7eb3d8f.woff @ https://onvio.com.br/staff/#/dashboard-core-center:0
[   33681ms] [WARNING] OTS parsing error: incorrect file size in WOFF header @ https://onvio.com.br/staff/#/dashboard-core-center:0
[   33681ms] [WARNING] Failed to decode downloaded font: https://onvio.com.br/staff/SourceSans3-Regular.ab920762075b81fb.ttf @ https://onvio.com.br/staff/#/dashboard-core-center:0
[   33681ms] [WARNING] OTS parsing error: BASE: invalid table offset @ https://onvio.com.br/staff/#/dashboard-core-center:0
[   33682ms] [WARNING] Failed to decode downloaded font: https://onvio.com.br/staff/SourceSans3VF-Upright.ttf.e7f20fc9b00b0e8a.woff2 @ https://onvio.com.br/staff/#/dashboard-core-center:0
[   33682ms] [WARNING] OTS parsing error: Failed to convert WOFF 2.0 font to SFNT @ https://onvio.com.br/staff/#/dashboard-core-center:0
[   33682ms] [WARNING] Failed to decode downloaded font: https://onvio.com.br/staff/SourceSans3-Regular.ttf.dab9805cb7eb3d8f.woff @ https://onvio.com.br/staff/#/dashboard-core-center:0
[   33682ms] [WARNING] OTS parsing error: incorrect file size in WOFF header @ https://onvio.com.br/staff/#/dashboard-core-center:0
[   33682ms] [WARNING] Failed to decode downloaded font: https://onvio.com.br/staff/SourceSans3-Regular.114f93b5f3b7d159.otf @ https://onvio.com.br/staff/#/dashboard-core-center:0
[   33682ms] [WARNING] OTS parsing error: bad table directory searchRange
bad table directory entrySelector
bad table directory rangeShift
Invalid table tag: 0x604241
 `BA: misaligned table @ https://onvio.com.br/staff/#/dashboard-core-center:0
[   33683ms] [WARNING] Failed to decode downloaded font: https://onvio.com.br/staff/SourceSans3-Regular.ab920762075b81fb.ttf @ https://onvio.com.br/staff/#/dashboard-core-center:0
[   33683ms] [WARNING] OTS parsing error: BASE: invalid table offset @ https://onvio.com.br/staff/#/dashboard-core-center:0
[   33683ms] [WARNING] Failed to decode downloaded font: https://onvio.com.br/staff/SourceSans3VF-Upright.ttf.e7f20fc9b00b0e8a.woff2 @ https://onvio.com.br/staff/#/dashboard-core-center:0
[   33683ms] [WARNING] OTS parsing error: Failed to convert WOFF 2.0 font to SFNT @ https://onvio.com.br/staff/#/dashboard-core-center:0
[   33684ms] [WARNING] Failed to decode downloaded font: https://onvio.com.br/staff/SourceSans3-Regular.ttf.dab9805cb7eb3d8f.woff @ https://onvio.com.br/staff/#/dashboard-core-center:0
[   33684ms] [WARNING] OTS parsing error: incorrect file size in WOFF header @ https://onvio.com.br/staff/#/dashboard-core-center:0
[   33684ms] [WARNING] Failed to decode downloaded font: https://onvio.com.br/staff/SourceSans3-Regular.114f93b5f3b7d159.otf @ https://onvio.com.br/staff/#/dashboard-core-center:0
[   33684ms] [WARNING] OTS parsing error: bad table directory searchRange
bad table directory entrySelector
bad table directory rangeShift
Invalid table tag: 0x604241
 `BA: misaligned table @ https://onvio.com.br/staff/#/dashboard-core-center:0
[   33684ms] [WARNING] Failed to decode downloaded font: https://onvio.com.br/staff/SourceSans3-Regular.ab920762075b81fb.ttf @ https://onvio.com.br/staff/#/dashboard-core-center:0
[   33685ms] [WARNING] OTS parsing error: BASE: invalid table offset @ https://onvio.com.br/staff/#/dashboard-core-center:0
[   33685ms] [WARNING] Failed to decode downloaded font: https://onvio.com.br/staff/SourceSans3VF-Upright.ttf.e7f20fc9b00b0e8a.woff2 @ https://onvio.com.br/staff/#/dashboard-core-center:0
[   33685ms] [WARNING] OTS parsing error: Failed to convert WOFF 2.0 font to SFNT @ https://onvio.com.br/staff/#/dashboard-core-center:0
[   33686ms] [WARNING] Failed to decode downloaded font: https://onvio.com.br/staff/SourceSans3-Regular.ttf.dab9805cb7eb3d8f.woff @ https://onvio.com.br/staff/#/dashboard-core-center:0
[   33686ms] [WARNING] OTS parsing error: incorrect file size in WOFF header @ https://onvio.com.br/staff/#/dashboard-core-center:0
[   33686ms] [WARNING] Failed to decode downloaded font: https://onvio.com.br/staff/SourceSans3-Regular.114f93b5f3b7d159.otf @ https://onvio.com.br/staff/#/dashboard-core-center:0
[   33686ms] [WARNING] OTS parsing error: bad table directory searchRange
bad table directory entrySelector
bad table directory rangeShift
Invalid table tag: 0x604241
 `BA: misaligned table @ https://onvio.com.br/staff/#/dashboard-core-center:0
[   33686ms] [WARNING] Failed to decode downloaded font: https://onvio.com.br/staff/SourceSans3-Regular.ab920762075b81fb.ttf @ https://onvio.com.br/staff/#/dashboard-core-center:0
[   33686ms] [WARNING] OTS parsing error: BASE: invalid table offset @ https://onvio.com.br/staff/#/dashboard-core-center:0
[   33686ms] [WARNING] Failed to decode downloaded font: https://onvio.com.br/staff/SourceSans3VF-Upright.ttf.e7f20fc9b00b0e8a.woff2 @ https://onvio.com.br/staff/#/dashboard-core-center:0
[   33686ms] [WARNING] OTS parsing error: Failed to convert WOFF 2.0 font to SFNT @ https://onvio.com.br/staff/#/dashboard-core-center:0
[   33687ms] [WARNING] Failed to decode downloaded font: https://onvio.com.br/staff/SourceSans3-Regular.ttf.dab9805cb7eb3d8f.woff @ https://onvio.com.br/staff/#/dashboard-core-center:0
[   33687ms] [WARNING] OTS parsing error: incorrect file size in WOFF header @ https://onvio.com.br/staff/#/dashboard-core-center:0
[   33687ms] [WARNING] Failed to decode downloaded font: https://onvio.com.br/staff/SourceSans3-Regular.114f93b5f3b7d159.otf @ https://onvio.com.br/staff/#/dashboard-core-center:0
[   33688ms] [WARNING] OTS parsing error: bad table directory searchRange
bad table directory entrySelector
bad table directory rangeShift
Invalid table tag: 0x604241
 `BA: misaligned table @ https://onvio.com.br/staff/#/dashboard-core-center:0
[   33688ms] [WARNING] Failed to decode downloaded font: https://onvio.com.br/staff/SourceSans3-Regular.ab920762075b81fb.ttf @ https://onvio.com.br/staff/#/dashboard-core-center:0
[   33688ms] [WARNING] OTS parsing error: BASE: invalid table offset @ https://onvio.com.br/staff/#/dashboard-core-center:0
[   33805ms] [WARNING] Failed to decode downloaded font: https://onvio.com.br/staff/SourceSans3-Semibold.otf.6cc96c19bca5e9cb.woff @ https://onvio.com.br/staff/#/dashboard-core-center:0
[   33805ms] [WARNING] OTS parsing error: incorrect file size in WOFF header @ https://onvio.com.br/staff/#/dashboard-core-center:0
[   33805ms] [WARNING] Failed to decode downloaded font: https://onvio.com.br/staff/SourceSans3-Semibold.otf.6cc96c19bca5e9cb.woff @ https://onvio.com.br/staff/#/dashboard-core-center:0
[   33805ms] [WARNING] OTS parsing error: incorrect file size in WOFF header @ https://onvio.com.br/staff/#/dashboard-core-center:0
[   33805ms] [WARNING] Failed to decode downloaded font: https://onvio.com.br/staff/SourceSans3-Semibold.otf.6cc96c19bca5e9cb.woff @ https://onvio.com.br/staff/#/dashboard-core-center:0
[   33805ms] [WARNING] OTS parsing error: incorrect file size in WOFF header @ https://onvio.com.br/staff/#/dashboard-core-center:0
[   33806ms] [WARNING] Failed to decode downloaded font: https://onvio.com.br/staff/SourceSans3-Semibold.otf.6cc96c19bca5e9cb.woff @ https://onvio.com.br/staff/#/dashboard-core-center:0
[   33806ms] [WARNING] OTS parsing error: incorrect file size in WOFF header @ https://onvio.com.br/staff/#/dashboard-core-center:0
[   33806ms] [WARNING] Failed to decode downloaded font: https://onvio.com.br/staff/SourceSans3-Semibold.otf.6cc96c19bca5e9cb.woff @ https://onvio.com.br/staff/#/dashboard-core-center:0
[   33806ms] [WARNING] OTS parsing error: incorrect file size in WOFF header @ https://onvio.com.br/staff/#/dashboard-core-center:0
[   33806ms] [WARNING] Failed to decode downloaded font: https://onvio.com.br/staff/SourceSans3-Semibold.otf.6cc96c19bca5e9cb.woff @ https://onvio.com.br/staff/#/dashboard-core-center:0
[   33806ms] [WARNING] OTS parsing error: incorrect file size in WOFF header @ https://onvio.com.br/staff/#/dashboard-core-center:0
[   33807ms] [WARNING] Failed to decode downloaded font: https://onvio.com.br/staff/SourceSans3-Semibold.otf.6cc96c19bca5e9cb.woff @ https://onvio.com.br/staff/#/dashboard-core-center:0
[   33807ms] [WARNING] OTS parsing error: incorrect file size in WOFF header @ https://onvio.com.br/staff/#/dashboard-core-center:0
[   33807ms] [WARNING] Failed to decode downloaded font: https://onvio.com.br/staff/SourceSans3-Semibold.otf.6cc96c19bca5e9cb.woff @ https://onvio.com.br/staff/#/dashboard-core-center:0
[   33807ms] [WARNING] OTS parsing error: incorrect file size in WOFF header @ https://onvio.com.br/staff/#/dashboard-core-center:0
[   33807ms] [WARNING] Failed to decode downloaded font: https://onvio.com.br/staff/SourceSans3-Semibold.otf.6cc96c19bca5e9cb.woff @ https://onvio.com.br/staff/#/dashboard-core-center:0
[   33807ms] [WARNING] OTS parsing error: incorrect file size in WOFF header @ https://onvio.com.br/staff/#/dashboard-core-center:0
[   33807ms] [WARNING] Failed to decode downloaded font: https://onvio.com.br/staff/SourceSans3-Semibold.otf.6cc96c19bca5e9cb.woff @ https://onvio.com.br/staff/#/dashboard-core-center:0
[   33807ms] [WARNING] OTS parsing error: incorrect file size in WOFF header @ https://onvio.com.br/staff/#/dashboard-core-center:0
[   33807ms] [WARNING] Failed to decode downloaded font: https://onvio.com.br/staff/SourceSans3-Semibold.otf.6cc96c19bca5e9cb.woff @ https://onvio.com.br/staff/#/dashboard-core-center:0
[   33807ms] [WARNING] OTS parsing error: incorrect file size in WOFF header @ https://onvio.com.br/staff/#/dashboard-core-center:0
[   33807ms] [WARNING] Failed to decode downloaded font: https://onvio.com.br/staff/SourceSans3-Semibold.otf.6cc96c19bca5e9cb.woff @ https://onvio.com.br/staff/#/dashboard-core-center:0
[   33807ms] [WARNING] OTS parsing error: incorrect file size in WOFF header @ https://onvio.com.br/staff/#/dashboard-core-center:0
[   33807ms] [WARNING] Failed to decode downloaded font: https://onvio.com.br/staff/SourceSans3-Semibold.otf.6cc96c19bca5e9cb.woff @ https://onvio.com.br/staff/#/dashboard-core-center:0
[   33807ms] [WARNING] OTS parsing error: incorrect file size in WOFF header @ https://onvio.com.br/staff/#/dashboard-core-center:0
[   33807ms] [WARNING] Failed to decode downloaded font: https://onvio.com.br/staff/SourceSans3-Semibold.otf.6cc96c19bca5e9cb.woff @ https://onvio.com.br/staff/#/dashboard-core-center:0
[   33808ms] [WARNING] OTS parsing error: incorrect file size in WOFF header @ https://onvio.com.br/staff/#/dashboard-core-center:0
[   33808ms] [WARNING] Failed to decode downloaded font: https://onvio.com.br/staff/SourceSans3-Semibold.otf.6cc96c19bca5e9cb.woff @ https://onvio.com.br/staff/#/dashboard-core-center:0
[   33808ms] [WARNING] OTS parsing error: incorrect file size in WOFF header @ https://onvio.com.br/staff/#/dashboard-core-center:0
[   33808ms] [WARNING] Failed to decode downloaded font: https://onvio.com.br/staff/SourceSans3-Semibold.otf.6cc96c19bca5e9cb.woff @ https://onvio.com.br/staff/#/dashboard-core-center:0
[   33808ms] [WARNING] OTS parsing error: incorrect file size in WOFF header @ https://onvio.com.br/staff/#/dashboard-core-center:0
[   33808ms] [WARNING] Failed to decode downloaded font: https://onvio.com.br/staff/SourceSans3-Semibold.otf.6cc96c19bca5e9cb.woff @ https://onvio.com.br/staff/#/dashboard-core-center:0
[   33808ms] [WARNING] OTS parsing error: incorrect file size in WOFF header @ https://onvio.com.br/staff/#/dashboard-core-center:0
[   33808ms] [WARNING] Failed to decode downloaded font: https://onvio.com.br/staff/SourceSans3-Semibold.otf.6cc96c19bca5e9cb.woff @ https://onvio.com.br/staff/#/dashboard-core-center:0
[   33808ms] [WARNING] OTS parsing error: incorrect file size in WOFF header @ https://onvio.com.br/staff/#/dashboard-core-center:0
[   33808ms] [WARNING] Failed to decode downloaded font: https://onvio.com.br/staff/SourceSans3-Semibold.otf.6cc96c19bca5e9cb.woff @ https://onvio.com.br/staff/#/dashboard-core-center:0
[   33808ms] [WARNING] OTS parsing error: incorrect file size in WOFF header @ https://onvio.com.br/staff/#/dashboard-core-center:0
[   33808ms] [WARNING] Failed to decode downloaded font: https://onvio.com.br/staff/SourceSans3-Semibold.otf.6cc96c19bca5e9cb.woff @ https://onvio.com.br/staff/#/dashboard-core-center:0
[   33808ms] [WARNING] OTS parsing error: incorrect file size in WOFF header @ https://onvio.com.br/staff/#/dashboard-core-center:0
[   33809ms] [WARNING] Failed to decode downloaded font: https://onvio.com.br/staff/SourceSans3-Semibold.otf.6cc96c19bca5e9cb.woff @ https://onvio.com.br/staff/#/dashboard-core-center:0
[   33809ms] [WARNING] OTS parsing error: incorrect file size in WOFF header @ https://onvio.com.br/staff/#/dashboard-core-center:0
[   33809ms] [WARNING] Failed to decode downloaded font: https://onvio.com.br/staff/SourceSans3-Semibold.otf.6cc96c19bca5e9cb.woff @ https://onvio.com.br/staff/#/dashboard-core-center:0
[   33809ms] [WARNING] OTS parsing error: incorrect file size in WOFF header @ https://onvio.com.br/staff/#/dashboard-core-center:0
[   33809ms] [WARNING] Failed to decode downloaded font: https://onvio.com.br/staff/SourceSans3-Semibold.otf.6cc96c19bca5e9cb.woff @ https://onvio.com.br/staff/#/dashboard-core-center:0
[   33809ms] [WARNING] OTS parsing error: incorrect file size in WOFF header @ https://onvio.com.br/staff/#/dashboard-core-center:0
[   33809ms] [WARNING] Failed to decode downloaded font: https://onvio.com.br/staff/SourceSans3-Semibold.otf.6cc96c19bca5e9cb.woff @ https://onvio.com.br/staff/#/dashboard-core-center:0
[   33809ms] [WARNING] OTS parsing error: incorrect file size in WOFF header @ https://onvio.com.br/staff/#/dashboard-core-center:0
[   33809ms] [WARNING] Failed to decode downloaded font: https://onvio.com.br/staff/SourceSans3-Semibold.otf.6cc96c19bca5e9cb.woff @ https://onvio.com.br/staff/#/dashboard-core-center:0
[   33809ms] [WARNING] OTS parsing error: incorrect file size in WOFF header @ https://onvio.com.br/staff/#/dashboard-core-center:0
[   33809ms] [WARNING] Failed to decode downloaded font: https://onvio.com.br/staff/SourceSans3-Semibold.otf.6cc96c19bca5e9cb.woff @ https://onvio.com.br/staff/#/dashboard-core-center:0
[   33810ms] [WARNING] OTS parsing error: incorrect file size in WOFF header @ https://onvio.com.br/staff/#/dashboard-core-center:0
[   33810ms] [WARNING] Failed to decode downloaded font: https://onvio.com.br/staff/SourceSans3-Semibold.otf.6cc96c19bca5e9cb.woff @ https://onvio.com.br/staff/#/dashboard-core-center:0
[   33810ms] [WARNING] OTS parsing error: incorrect file size in WOFF header @ https://onvio.com.br/staff/#/dashboard-core-center:0
[   33810ms] [WARNING] Failed to decode downloaded font: https://onvio.com.br/staff/SourceSans3-Semibold.otf.6cc96c19bca5e9cb.woff @ https://onvio.com.br/staff/#/dashboard-core-center:0
[   33810ms] [WARNING] OTS parsing error: incorrect file size in WOFF header @ https://onvio.com.br/staff/#/dashboard-core-center:0
[   33810ms] [WARNING] Failed to decode downloaded font: https://onvio.com.br/staff/SourceSans3-Semibold.otf.6cc96c19bca5e9cb.woff @ https://onvio.com.br/staff/#/dashboard-core-center:0
[   33810ms] [WARNING] OTS parsing error: incorrect file size in WOFF header @ https://onvio.com.br/staff/#/dashboard-core-center:0
[   33810ms] [WARNING] Failed to decode downloaded font: https://onvio.com.br/staff/SourceSans3-Semibold.otf.6cc96c19bca5e9cb.woff @ https://onvio.com.br/staff/#/dashboard-core-center:0
[   33810ms] [WARNING] OTS parsing error: incorrect file size in WOFF header @ https://onvio.com.br/staff/#/dashboard-core-center:0
[   33811ms] [WARNING] Failed to decode downloaded font: https://onvio.com.br/staff/SourceSans3-Semibold.otf.6cc96c19bca5e9cb.woff @ https://onvio.com.br/staff/#/dashboard-core-center:0
[   33811ms] [WARNING] OTS parsing error: incorrect file size in WOFF header @ https://onvio.com.br/staff/#/dashboard-core-center:0
[   33811ms] [WARNING] Failed to decode downloaded font: https://onvio.com.br/staff/SourceSans3-Semibold.otf.6cc96c19bca5e9cb.woff @ https://onvio.com.br/staff/#/dashboard-core-center:0
[   33811ms] [WARNING] OTS parsing error: incorrect file size in WOFF header @ https://onvio.com.br/staff/#/dashboard-core-center:0
[   33811ms] [WARNING] Failed to decode downloaded font: https://onvio.com.br/staff/SourceSans3-Semibold.otf.6cc96c19bca5e9cb.woff @ https://onvio.com.br/staff/#/dashboard-core-center:0
[   33811ms] [WARNING] OTS parsing error: incorrect file size in WOFF header @ https://onvio.com.br/staff/#/dashboard-core-center:0
[   33811ms] [WARNING] Failed to decode downloaded font: https://onvio.com.br/staff/SourceSans3-Semibold.otf.6cc96c19bca5e9cb.woff @ https://onvio.com.br/staff/#/dashboard-core-center:0
[   33811ms] [WARNING] OTS parsing error: incorrect file size in WOFF header @ https://onvio.com.br/staff/#/dashboard-core-center:0
[   33812ms] [WARNING] Failed to decode downloaded font: https://onvio.com.br/staff/SourceSans3-Semibold.otf.6cc96c19bca5e9cb.woff @ https://onvio.com.br/staff/#/dashboard-core-center:0
[   33812ms] [WARNING] OTS parsing error: incorrect file size in WOFF header @ https://onvio.com.br/staff/#/dashboard-core-center:0
[   33812ms] [WARNING] Failed to decode downloaded font: https://onvio.com.br/staff/SourceSans3-Semibold.otf.6cc96c19bca5e9cb.woff @ https://onvio.com.br/staff/#/dashboard-core-center:0
[   33812ms] [WARNING] OTS parsing error: incorrect file size in WOFF header @ https://onvio.com.br/staff/#/dashboard-core-center:0
[   33812ms] [WARNING] Failed to decode downloaded font: https://onvio.com.br/staff/SourceSans3-Semibold.otf.6cc96c19bca5e9cb.woff @ https://onvio.com.br/staff/#/dashboard-core-center:0
[   33812ms] [WARNING] OTS parsing error: incorrect file size in WOFF header @ https://onvio.com.br/staff/#/dashboard-core-center:0
[   33813ms] [WARNING] Failed to decode downloaded font: https://onvio.com.br/staff/SourceSans3-Semibold.otf.6cc96c19bca5e9cb.woff @ https://onvio.com.br/staff/#/dashboard-core-center:0
[   33813ms] [WARNING] OTS parsing error: incorrect file size in WOFF header @ https://onvio.com.br/staff/#/dashboard-core-center:0
[   33813ms] [WARNING] Failed to decode downloaded font: https://onvio.com.br/staff/SourceSans3-Semibold.otf.6cc96c19bca5e9cb.woff @ https://onvio.com.br/staff/#/dashboard-core-center:0
[   33813ms] [WARNING] OTS parsing error: incorrect file size in WOFF header @ https://onvio.com.br/staff/#/dashboard-core-center:0
[   33813ms] [WARNING] Failed to decode downloaded font: https://onvio.com.br/staff/SourceSans3-Semibold.otf.6cc96c19bca5e9cb.woff @ https://onvio.com.br/staff/#/dashboard-core-center:0
[   33813ms] [WARNING] OTS parsing error: incorrect file size in WOFF header @ https://onvio.com.br/staff/#/dashboard-core-center:0
[   33813ms] [WARNING] Failed to decode downloaded font: https://onvio.com.br/staff/SourceSans3-Semibold.otf.6cc96c19bca5e9cb.woff @ https://onvio.com.br/staff/#/dashboard-core-center:0
[   33813ms] [WARNING] OTS parsing error: incorrect file size in WOFF header @ https://onvio.com.br/staff/#/dashboard-core-center:0
[   33813ms] [WARNING] Failed to decode downloaded font: https://onvio.com.br/staff/SourceSans3-Semibold.otf.6cc96c19bca5e9cb.woff @ https://onvio.com.br/staff/#/dashboard-core-center:0
[   33813ms] [WARNING] OTS parsing error: incorrect file size in WOFF header @ https://onvio.com.br/staff/#/dashboard-core-center:0
[   33813ms] [WARNING] Failed to decode downloaded font: https://onvio.com.br/staff/SourceSans3-Semibold.otf.6cc96c19bca5e9cb.woff @ https://onvio.com.br/staff/#/dashboard-core-center:0
[   33813ms] [WARNING] OTS parsing error: incorrect file size in WOFF header @ https://onvio.com.br/staff/#/dashboard-core-center:0
[   33813ms] [WARNING] Failed to decode downloaded font: https://onvio.com.br/staff/SourceSans3-Semibold.otf.6cc96c19bca5e9cb.woff @ https://onvio.com.br/staff/#/dashboard-core-center:0
[   33813ms] [WARNING] OTS parsing error: incorrect file size in WOFF header @ https://onvio.com.br/staff/#/dashboard-core-center:0
[   33814ms] [WARNING] Failed to decode downloaded font: https://onvio.com.br/staff/SourceSans3-Semibold.otf.6cc96c19bca5e9cb.woff @ https://onvio.com.br/staff/#/dashboard-core-center:0
[   33814ms] [WARNING] OTS parsing error: incorrect file size in WOFF header @ https://onvio.com.br/staff/#/dashboard-core-center:0
[   33814ms] [WARNING] Failed to decode downloaded font: https://onvio.com.br/staff/SourceSans3-Semibold.otf.6cc96c19bca5e9cb.woff @ https://onvio.com.br/staff/#/dashboard-core-center:0
[   33814ms] [WARNING] OTS parsing error: incorrect file size in WOFF header @ https://onvio.com.br/staff/#/dashboard-core-center:0
[   33814ms] [WARNING] Failed to decode downloaded font: https://onvio.com.br/staff/SourceSans3-Semibold.otf.6cc96c19bca5e9cb.woff @ https://onvio.com.br/staff/#/dashboard-core-center:0
[   33814ms] [WARNING] OTS parsing error: incorrect file size in WOFF header @ https://onvio.com.br/staff/#/dashboard-core-center:0
[   33814ms] [WARNING] Failed to decode downloaded font: https://onvio.com.br/staff/SourceSans3-Semibold.otf.6cc96c19bca5e9cb.woff @ https://onvio.com.br/staff/#/dashboard-core-center:0
[   33814ms] [WARNING] OTS parsing error: incorrect file size in WOFF header @ https://onvio.com.br/staff/#/dashboard-core-center:0
[   33814ms] [WARNING] Failed to decode downloaded font: https://onvio.com.br/staff/SourceSans3-Semibold.otf.6cc96c19bca5e9cb.woff @ https://onvio.com.br/staff/#/dashboard-core-center:0
[   33814ms] [WARNING] OTS parsing error: incorrect file size in WOFF header @ https://onvio.com.br/staff/#/dashboard-core-center:0
[   33814ms] [WARNING] Failed to decode downloaded font: https://onvio.com.br/staff/SourceSans3-Semibold.otf.6cc96c19bca5e9cb.woff @ https://onvio.com.br/staff/#/dashboard-core-center:0
[   33815ms] [WARNING] OTS parsing error: incorrect file size in WOFF header @ https://onvio.com.br/staff/#/dashboard-core-center:0
[   33815ms] [WARNING] Failed to decode downloaded font: https://onvio.com.br/staff/SourceSans3-Semibold.otf.6cc96c19bca5e9cb.woff @ https://onvio.com.br/staff/#/dashboard-core-center:0
[   33815ms] [WARNING] OTS parsing error: incorrect file size in WOFF header @ https://onvio.com.br/staff/#/dashboard-core-center:0
[   33815ms] [WARNING] Failed to decode downloaded font: https://onvio.com.br/staff/SourceSans3-Semibold.otf.6cc96c19bca5e9cb.woff @ https://onvio.com.br/staff/#/dashboard-core-center:0
[   33815ms] [WARNING] OTS parsing error: incorrect file size in WOFF header @ https://onvio.com.br/staff/#/dashboard-core-center:0
[   33815ms] [WARNING] Failed to decode downloaded font: https://onvio.com.br/staff/SourceSans3-Semibold.otf.6cc96c19bca5e9cb.woff @ https://onvio.com.br/staff/#/dashboard-core-center:0
[   33815ms] [WARNING] OTS parsing error: incorrect file size in WOFF header @ https://onvio.com.br/staff/#/dashboard-core-center:0
[   33815ms] [WARNING] Failed to decode downloaded font: https://onvio.com.br/staff/SourceSans3-Semibold.otf.6cc96c19bca5e9cb.woff @ https://onvio.com.br/staff/#/dashboard-core-center:0
[   33815ms] [WARNING] OTS parsing error: incorrect file size in WOFF header @ https://onvio.com.br/staff/#/dashboard-core-center:0
[   33816ms] [WARNING] Failed to decode downloaded font: https://onvio.com.br/staff/SourceSans3-Semibold.otf.6cc96c19bca5e9cb.woff @ https://onvio.com.br/staff/#/dashboard-core-center:0
[   33816ms] [WARNING] OTS parsing error: incorrect file size in WOFF header @ https://onvio.com.br/staff/#/dashboard-core-center:0
[   33816ms] [WARNING] Failed to decode downloaded font: https://onvio.com.br/staff/SourceSans3-Semibold.otf.6cc96c19bca5e9cb.woff @ https://onvio.com.br/staff/#/dashboard-core-center:0
[   33816ms] [WARNING] OTS parsing error: incorrect file size in WOFF header @ https://onvio.com.br/staff/#/dashboard-core-center:0
[   33816ms] [WARNING] Failed to decode downloaded font: https://onvio.com.br/staff/SourceSans3-Semibold.otf.6cc96c19bca5e9cb.woff @ https://onvio.com.br/staff/#/dashboard-core-center:0
[   33816ms] [WARNING] OTS parsing error: incorrect file size in WOFF header @ https://onvio.com.br/staff/#/dashboard-core-center:0
[   33817ms] [WARNING] Failed to decode downloaded font: https://onvio.com.br/staff/SourceSans3-Semibold.otf.6cc96c19bca5e9cb.woff @ https://onvio.com.br/staff/#/dashboard-core-center:0
[   33817ms] [WARNING] OTS parsing error: incorrect file size in WOFF header @ https://onvio.com.br/staff/#/dashboard-core-center:0
[   33817ms] [WARNING] Failed to decode downloaded font: https://onvio.com.br/staff/SourceSans3-Semibold.otf.6cc96c19bca5e9cb.woff @ https://onvio.com.br/staff/#/dashboard-core-center:0
[   33817ms] [WARNING] OTS parsing error: incorrect file size in WOFF header @ https://onvio.com.br/staff/#/dashboard-core-center:0
[   33817ms] [WARNING] Failed to decode downloaded font: https://onvio.com.br/staff/SourceSans3-Semibold.otf.6cc96c19bca5e9cb.woff @ https://onvio.com.br/staff/#/dashboard-core-center:0
[   33818ms] [WARNING] OTS parsing error: incorrect file size in WOFF header @ https://onvio.com.br/staff/#/dashboard-core-center:0
[   33818ms] [WARNING] Failed to decode downloaded font: https://onvio.com.br/staff/SourceSans3-Semibold.otf.6cc96c19bca5e9cb.woff @ https://onvio.com.br/staff/#/dashboard-core-center:0
[   33818ms] [WARNING] OTS parsing error: incorrect file size in WOFF header @ https://onvio.com.br/staff/#/dashboard-core-center:0
[   33818ms] [WARNING] Failed to decode downloaded font: https://onvio.com.br/staff/SourceSans3-Semibold.otf.6cc96c19bca5e9cb.woff @ https://onvio.com.br/staff/#/dashboard-core-center:0
[   33818ms] [WARNING] OTS parsing error: incorrect file size in WOFF header @ https://onvio.com.br/staff/#/dashboard-core-center:0
[   33818ms] [WARNING] Failed to decode downloaded font: https://onvio.com.br/staff/SourceSans3-Semibold.otf.6cc96c19bca5e9cb.woff @ https://onvio.com.br/staff/#/dashboard-core-center:0
[   33819ms] [WARNING] OTS parsing error: incorrect file size in WOFF header @ https://onvio.com.br/staff/#/dashboard-core-center:0
[   33819ms] [WARNING] Failed to decode downloaded font: https://onvio.com.br/staff/SourceSans3-Semibold.otf.6cc96c19bca5e9cb.woff @ https://onvio.com.br/staff/#/dashboard-core-center:0
[   33819ms] [WARNING] OTS parsing error: incorrect file size in WOFF header @ https://onvio.com.br/staff/#/dashboard-core-center:0
[   33819ms] [WARNING] Failed to decode downloaded font: https://onvio.com.br/staff/SourceSans3-Semibold.otf.6cc96c19bca5e9cb.woff @ https://onvio.com.br/staff/#/dashboard-core-center:0
[   33819ms] [WARNING] OTS parsing error: incorrect file size in WOFF header @ https://onvio.com.br/staff/#/dashboard-core-center:0
[   33819ms] [WARNING] Failed to decode downloaded font: https://onvio.com.br/staff/SourceSans3-Semibold.otf.6cc96c19bca5e9cb.woff @ https://onvio.com.br/staff/#/dashboard-core-center:0
[   33819ms] [WARNING] OTS parsing error: incorrect file size in WOFF header @ https://onvio.com.br/staff/#/dashboard-core-center:0
[   33819ms] [WARNING] Failed to decode downloaded font: https://onvio.com.br/staff/SourceSans3-Semibold.otf.6cc96c19bca5e9cb.woff @ https://onvio.com.br/staff/#/dashboard-core-center:0
[   33819ms] [WARNING] OTS parsing error: incorrect file size in WOFF header @ https://onvio.com.br/staff/#/dashboard-core-center:0
[   33820ms] [WARNING] Failed to decode downloaded font: https://onvio.com.br/staff/SourceSans3-Semibold.otf.6cc96c19bca5e9cb.woff @ https://onvio.com.br/staff/#/dashboard-core-center:0
[   33820ms] [WARNING] OTS parsing error: incorrect file size in WOFF header @ https://onvio.com.br/staff/#/dashboard-core-center:0
[   33820ms] [WARNING] Failed to decode downloaded font: https://onvio.com.br/staff/SourceSans3-Semibold.otf.6cc96c19bca5e9cb.woff @ https://onvio.com.br/staff/#/dashboard-core-center:0
[   33820ms] [WARNING] OTS parsing error: incorrect file size in WOFF header @ https://onvio.com.br/staff/#/dashboard-core-center:0
[   33820ms] [WARNING] Failed to decode downloaded font: https://onvio.com.br/staff/SourceSans3-Semibold.otf.6cc96c19bca5e9cb.woff @ https://onvio.com.br/staff/#/dashboard-core-center:0
[   33820ms] [WARNING] OTS parsing error: incorrect file size in WOFF header @ https://onvio.com.br/staff/#/dashboard-core-center:0
[   33820ms] [WARNING] Failed to decode downloaded font: https://onvio.com.br/staff/SourceSans3-Semibold.otf.6cc96c19bca5e9cb.woff @ https://onvio.com.br/staff/#/dashboard-core-center:0
[   33820ms] [WARNING] OTS parsing error: incorrect file size in WOFF header @ https://onvio.com.br/staff/#/dashboard-core-center:0
[   33820ms] [WARNING] Failed to decode downloaded font: https://onvio.com.br/staff/SourceSans3-Semibold.otf.6cc96c19bca5e9cb.woff @ https://onvio.com.br/staff/#/dashboard-core-center:0
[   33820ms] [WARNING] OTS parsing error: incorrect file size in WOFF header @ https://onvio.com.br/staff/#/dashboard-core-center:0
[   33820ms] [WARNING] Failed to decode downloaded font: https://onvio.com.br/staff/SourceSans3-Semibold.otf.6cc96c19bca5e9cb.woff @ https://onvio.com.br/staff/#/dashboard-core-center:0
[   33820ms] [WARNING] OTS parsing error: incorrect file size in WOFF header @ https://onvio.com.br/staff/#/dashboard-core-center:0
[   33820ms] [WARNING] Failed to decode downloaded font: https://onvio.com.br/staff/SourceSans3-Semibold.otf.6cc96c19bca5e9cb.woff @ https://onvio.com.br/staff/#/dashboard-core-center:0
[   33820ms] [WARNING] OTS parsing error: incorrect file size in WOFF header @ https://onvio.com.br/staff/#/dashboard-core-center:0
[   33820ms] [WARNING] Failed to decode downloaded font: https://onvio.com.br/staff/SourceSans3-Semibold.otf.6cc96c19bca5e9cb.woff @ https://onvio.com.br/staff/#/dashboard-core-center:0
[   33821ms] [WARNING] OTS parsing error: incorrect file size in WOFF header @ https://onvio.com.br/staff/#/dashboard-core-center:0
[   33821ms] [WARNING] Failed to decode downloaded font: https://onvio.com.br/staff/SourceSans3-Semibold.otf.6cc96c19bca5e9cb.woff @ https://onvio.com.br/staff/#/dashboard-core-center:0
[   33821ms] [WARNING] OTS parsing error: incorrect file size in WOFF header @ https://onvio.com.br/staff/#/dashboard-core-center:0
[   33821ms] [WARNING] Failed to decode downloaded font: https://onvio.com.br/staff/SourceSans3-Semibold.otf.6cc96c19bca5e9cb.woff @ https://onvio.com.br/staff/#/dashboard-core-center:0
[   33821ms] [WARNING] OTS parsing error: incorrect file size in WOFF header @ https://onvio.com.br/staff/#/dashboard-core-center:0
[   33821ms] [WARNING] Failed to decode downloaded font: https://onvio.com.br/staff/SourceSans3-Semibold.otf.6cc96c19bca5e9cb.woff @ https://onvio.com.br/staff/#/dashboard-core-center:0
[   33821ms] [WARNING] OTS parsing error: incorrect file size in WOFF header @ https://onvio.com.br/staff/#/dashboard-core-center:0
[   33821ms] [WARNING] Failed to decode downloaded font: https://onvio.com.br/staff/SourceSans3-Semibold.otf.6cc96c19bca5e9cb.woff @ https://onvio.com.br/staff/#/dashboard-core-center:0
[   33821ms] [WARNING] OTS parsing error: incorrect file size in WOFF header @ https://onvio.com.br/staff/#/dashboard-core-center:0
[   33822ms] [WARNING] Failed to decode downloaded font: https://onvio.com.br/staff/SourceSans3-Semibold.otf.6cc96c19bca5e9cb.woff @ https://onvio.com.br/staff/#/dashboard-core-center:0
[   33822ms] [WARNING] OTS parsing error: incorrect file size in WOFF header @ https://onvio.com.br/staff/#/dashboard-core-center:0
[   33822ms] [WARNING] Failed to decode downloaded font: https://onvio.com.br/staff/SourceSans3-Semibold.otf.6cc96c19bca5e9cb.woff @ https://onvio.com.br/staff/#/dashboard-core-center:0
[   33822ms] [WARNING] OTS parsing error: incorrect file size in WOFF header @ https://onvio.com.br/staff/#/dashboard-core-center:0
[   33822ms] [WARNING] Failed to decode downloaded font: https://onvio.com.br/staff/SourceSans3-Semibold.otf.6cc96c19bca5e9cb.woff @ https://onvio.com.br/staff/#/dashboard-core-center:0
[   33822ms] [WARNING] OTS parsing error: incorrect file size in WOFF header @ https://onvio.com.br/staff/#/dashboard-core-center:0
[   33822ms] [WARNING] Failed to decode downloaded font: https://onvio.com.br/staff/SourceSans3-Semibold.otf.6cc96c19bca5e9cb.woff @ https://onvio.com.br/staff/#/dashboard-core-center:0
[   33822ms] [WARNING] OTS parsing error: incorrect file size in WOFF header @ https://onvio.com.br/staff/#/dashboard-core-center:0
[   33822ms] [WARNING] Failed to decode downloaded font: https://onvio.com.br/staff/SourceSans3-Semibold.otf.6cc96c19bca5e9cb.woff @ https://onvio.com.br/staff/#/dashboard-core-center:0
[   33822ms] [WARNING] OTS parsing error: incorrect file size in WOFF header @ https://onvio.com.br/staff/#/dashboard-core-center:0
[   33822ms] [WARNING] Failed to decode downloaded font: https://onvio.com.br/staff/SourceSans3-Semibold.otf.6cc96c19bca5e9cb.woff @ https://onvio.com.br/staff/#/dashboard-core-center:0
[   33822ms] [WARNING] OTS parsing error: incorrect file size in WOFF header @ https://onvio.com.br/staff/#/dashboard-core-center:0
[   33822ms] [WARNING] Failed to decode downloaded font: https://onvio.com.br/staff/SourceSans3-Semibold.otf.6cc96c19bca5e9cb.woff @ https://onvio.com.br/staff/#/dashboard-core-center:0
[   33822ms] [WARNING] OTS parsing error: incorrect file size in WOFF header @ https://onvio.com.br/staff/#/dashboard-core-center:0
[   33822ms] [WARNING] Failed to decode downloaded font: https://onvio.com.br/staff/SourceSans3-Semibold.otf.6cc96c19bca5e9cb.woff @ https://onvio.com.br/staff/#/dashboard-core-center:0
[   33823ms] [WARNING] OTS parsing error: incorrect file size in WOFF header @ https://onvio.com.br/staff/#/dashboard-core-center:0
[   33823ms] [WARNING] Failed to decode downloaded font: https://onvio.com.br/staff/SourceSans3-Semibold.otf.6cc96c19bca5e9cb.woff @ https://onvio.com.br/staff/#/dashboard-core-center:0
[   33823ms] [WARNING] OTS parsing error: incorrect file size in WOFF header @ https://onvio.com.br/staff/#/dashboard-core-center:0
[   33823ms] [WARNING] Failed to decode downloaded font: https://onvio.com.br/staff/SourceSans3-Semibold.otf.6cc96c19bca5e9cb.woff @ https://onvio.com.br/staff/#/dashboard-core-center:0
[   33823ms] [WARNING] OTS parsing error: incorrect file size in WOFF header @ https://onvio.com.br/staff/#/dashboard-core-center:0
[   33823ms] [WARNING] Failed to decode downloaded font: https://onvio.com.br/staff/SourceSans3-Semibold.otf.6cc96c19bca5e9cb.woff @ https://onvio.com.br/staff/#/dashboard-core-center:0
[   33823ms] [WARNING] OTS parsing error: incorrect file size in WOFF header @ https://onvio.com.br/staff/#/dashboard-core-center:0
[   33823ms] [WARNING] Failed to decode downloaded font: https://onvio.com.br/staff/SourceSans3-Semibold.otf.6cc96c19bca5e9cb.woff @ https://onvio.com.br/staff/#/dashboard-core-center:0
[   33823ms] [WARNING] OTS parsing error: incorrect file size in WOFF header @ https://onvio.com.br/staff/#/dashboard-core-center:0
[   33823ms] [WARNING] Failed to decode downloaded font: https://onvio.com.br/staff/SourceSans3-Semibold.otf.6cc96c19bca5e9cb.woff @ https://onvio.com.br/staff/#/dashboard-core-center:0
[   33823ms] [WARNING] OTS parsing error: incorrect file size in WOFF header @ https://onvio.com.br/staff/#/dashboard-core-center:0
[   33823ms] [WARNING] Failed to decode downloaded font: https://onvio.com.br/staff/SourceSans3-Semibold.otf.6cc96c19bca5e9cb.woff @ https://onvio.com.br/staff/#/dashboard-core-center:0
[   33823ms] [WARNING] OTS parsing error: incorrect file size in WOFF header @ https://onvio.com.br/staff/#/dashboard-core-center:0
[   33824ms] [WARNING] Failed to decode downloaded font: https://onvio.com.br/staff/SourceSans3-Semibold.otf.6cc96c19bca5e9cb.woff @ https://onvio.com.br/staff/#/dashboard-core-center:0
[   33824ms] [WARNING] OTS parsing error: incorrect file size in WOFF header @ https://onvio.com.br/staff/#/dashboard-core-center:0
[   33824ms] [WARNING] Failed to decode downloaded font: https://onvio.com.br/staff/SourceSans3-Semibold.otf.6cc96c19bca5e9cb.woff @ https://onvio.com.br/staff/#/dashboard-core-center:0
[   33824ms] [WARNING] OTS parsing error: incorrect file size in WOFF header @ https://onvio.com.br/staff/#/dashboard-core-center:0
[   33824ms] [WARNING] Failed to decode downloaded font: https://onvio.com.br/staff/SourceSans3-Semibold.otf.6cc96c19bca5e9cb.woff @ https://onvio.com.br/staff/#/dashboard-core-center:0
[   33824ms] [WARNING] OTS parsing error: incorrect file size in WOFF header @ https://onvio.com.br/staff/#/dashboard-core-center:0
[   33959ms] [WARNING] Failed to decode downloaded font: https://onvio.com.br/staff/SourceSans3-Semibold.ab1a7c64afa2c57d.otf @ https://onvio.com.br/staff/#/dashboard-core-center:0
[   33959ms] [WARNING] OTS parsing error: bad table directory searchRange
bad table directory entrySelector
bad table directory rangeShift
Invalid table tag: 0x604241
 `BA: misaligned table @ https://onvio.com.br/staff/#/dashboard-core-center:0
[   33960ms] [WARNING] Failed to decode downloaded font: https://onvio.com.br/staff/SourceSans3-Semibold.ab1a7c64afa2c57d.otf @ https://onvio.com.br/staff/#/dashboard-core-center:0
[   33960ms] [WARNING] OTS parsing error: bad table directory searchRange
bad table directory entrySelector
bad table directory rangeShift
Invalid table tag: 0x604241
 `BA: misaligned table @ https://onvio.com.br/staff/#/dashboard-core-center:0
[   33961ms] [WARNING] Failed to decode downloaded font: https://onvio.com.br/staff/SourceSans3-Semibold.ab1a7c64afa2c57d.otf @ https://onvio.com.br/staff/#/dashboard-core-center:0
[   33961ms] [WARNING] OTS parsing error: bad table directory searchRange
bad table directory entrySelector
bad table directory rangeShift
Invalid table tag: 0x604241
 `BA: misaligned table @ https://onvio.com.br/staff/#/dashboard-core-center:0
[   33961ms] [WARNING] Failed to decode downloaded font: https://onvio.com.br/staff/SourceSans3-Semibold.ab1a7c64afa2c57d.otf @ https://onvio.com.br/staff/#/dashboard-core-center:0
[   33961ms] [WARNING] OTS parsing error: bad table directory searchRange
bad table directory entrySelector
bad table directory rangeShift
Invalid table tag: 0x604241
 `BA: misaligned table @ https://onvio.com.br/staff/#/dashboard-core-center:0
[   33961ms] [WARNING] Failed to decode downloaded font: https://onvio.com.br/staff/SourceSans3-Semibold.ab1a7c64afa2c57d.otf @ https://onvio.com.br/staff/#/dashboard-core-center:0
[   33961ms] [WARNING] OTS parsing error: bad table directory searchRange
bad table directory entrySelector
bad table directory rangeShift
Invalid table tag: 0x604241
 `BA: misaligned table @ https://onvio.com.br/staff/#/dashboard-core-center:0
[   33961ms] [WARNING] Failed to decode downloaded font: https://onvio.com.br/staff/SourceSans3-Semibold.ab1a7c64afa2c57d.otf @ https://onvio.com.br/staff/#/dashboard-core-center:0
[   33961ms] [WARNING] OTS parsing error: bad table directory searchRange
bad table directory entrySelector
bad table directory rangeShift
Invalid table tag: 0x604241
 `BA: misaligned table @ https://onvio.com.br/staff/#/dashboard-core-center:0
[   33961ms] [WARNING] Failed to decode downloaded font: https://onvio.com.br/staff/SourceSans3-Semibold.ab1a7c64afa2c57d.otf @ https://onvio.com.br/staff/#/dashboard-core-center:0
[   33961ms] [WARNING] OTS parsing error: bad table directory searchRange
bad table directory entrySelector
bad table directory rangeShift
Invalid table tag: 0x604241
 `BA: misaligned table @ https://onvio.com.br/staff/#/dashboard-core-center:0
[   33962ms] [WARNING] Failed to decode downloaded font: https://onvio.com.br/staff/SourceSans3-Semibold.ab1a7c64afa2c57d.otf @ https://onvio.com.br/staff/#/dashboard-core-center:0
[   33962ms] [WARNING] OTS parsing error: bad table directory searchRange
bad table directory entrySelector
bad table directory rangeShift
Invalid table tag: 0x604241
 `BA: misaligned table @ https://onvio.com.br/staff/#/dashboard-core-center:0
[   33963ms] [WARNING] Failed to decode downloaded font: https://onvio.com.br/staff/SourceSans3-Semibold.ab1a7c64afa2c57d.otf @ https://onvio.com.br/staff/#/dashboard-core-center:0
[   33963ms] [WARNING] OTS parsing error: bad table directory searchRange
bad table directory entrySelector
bad table directory rangeShift
Invalid table tag: 0x604241
 `BA: misaligned table @ https://onvio.com.br/staff/#/dashboard-core-center:0
[   33963ms] [WARNING] Failed to decode downloaded font: https://onvio.com.br/staff/SourceSans3-Semibold.ab1a7c64afa2c57d.otf @ https://onvio.com.br/staff/#/dashboard-core-center:0
[   33963ms] [WARNING] OTS parsing error: bad table directory searchRange
bad table directory entrySelector
bad table directory rangeShift
Invalid table tag: 0x604241
 `BA: misaligned table @ https://onvio.com.br/staff/#/dashboard-core-center:0
[   33963ms] [WARNING] Failed to decode downloaded font: https://onvio.com.br/staff/SourceSans3-Semibold.ab1a7c64afa2c57d.otf @ https://onvio.com.br/staff/#/dashboard-core-center:0
[   33963ms] [WARNING] OTS parsing error: bad table directory searchRange
bad table directory entrySelector
bad table directory rangeShift
Invalid table tag: 0x604241
 `BA: misaligned table @ https://onvio.com.br/staff/#/dashboard-core-center:0
[   33964ms] [WARNING] Failed to decode downloaded font: https://onvio.com.br/staff/SourceSans3-Semibold.ab1a7c64afa2c57d.otf @ https://onvio.com.br/staff/#/dashboard-core-center:0
[   33964ms] [WARNING] OTS parsing error: bad table directory searchRange
bad table directory entrySelector
bad table directory rangeShift
Invalid table tag: 0x604241
 `BA: misaligned table @ https://onvio.com.br/staff/#/dashboard-core-center:0
[   33964ms] [WARNING] Failed to decode downloaded font: https://onvio.com.br/staff/SourceSans3-Semibold.ab1a7c64afa2c57d.otf @ https://onvio.com.br/staff/#/dashboard-core-center:0
[   33964ms] [WARNING] OTS parsing error: bad table directory searchRange
bad table directory entrySelector
bad table directory rangeShift
Invalid table tag: 0x604241
 `BA: misaligned table @ https://onvio.com.br/staff/#/dashboard-core-center:0
[   33964ms] [WARNING] Failed to decode downloaded font: https://onvio.com.br/staff/SourceSans3-Semibold.ab1a7c64afa2c57d.otf @ https://onvio.com.br/staff/#/dashboard-core-center:0
[   33964ms] [WARNING] OTS parsing error: bad table directory searchRange
bad table directory entrySelector
bad table directory rangeShift
Invalid table tag: 0x604241
 `BA: misaligned table @ https://onvio.com.br/staff/#/dashboard-core-center:0
[   33964ms] [WARNING] Failed to decode downloaded font: https://onvio.com.br/staff/SourceSans3-Semibold.ab1a7c64afa2c57d.otf @ https://onvio.com.br/staff/#/dashboard-core-center:0
[   33964ms] [WARNING] OTS parsing error: bad table directory searchRange
bad table directory entrySelector
bad table directory rangeShift
Invalid table tag: 0x604241
 `BA: misaligned table @ https://onvio.com.br/staff/#/dashboard-core-center:0
[   33965ms] [WARNING] Failed to decode downloaded font: https://onvio.com.br/staff/SourceSans3-Semibold.ab1a7c64afa2c57d.otf @ https://onvio.com.br/staff/#/dashboard-core-center:0
[   33965ms] [WARNING] OTS parsing error: bad table directory searchRange
bad table directory entrySelector
bad table directory rangeShift
Invalid table tag: 0x604241
 `BA: misaligned table @ https://onvio.com.br/staff/#/dashboard-core-center:0
[   33965ms] [WARNING] Failed to decode downloaded font: https://onvio.com.br/staff/SourceSans3-Semibold.ab1a7c64afa2c57d.otf @ https://onvio.com.br/staff/#/dashboard-core-center:0
[   33965ms] [WARNING] OTS parsing error: bad table directory searchRange
bad table directory entrySelector
bad table directory rangeShift
Invalid table tag: 0x604241
 `BA: misaligned table @ https://onvio.com.br/staff/#/dashboard-core-center:0
[   33965ms] [WARNING] Failed to decode downloaded font: https://onvio.com.br/staff/SourceSans3-Semibold.ab1a7c64afa2c57d.otf @ https://onvio.com.br/staff/#/dashboard-core-center:0
[   33965ms] [WARNING] OTS parsing error: bad table directory searchRange
bad table directory entrySelector
bad table directory rangeShift
Invalid table tag: 0x604241
 `BA: misaligned table @ https://onvio.com.br/staff/#/dashboard-core-center:0
[   33965ms] [WARNING] Failed to decode downloaded font: https://onvio.com.br/staff/SourceSans3-Semibold.ab1a7c64afa2c57d.otf @ https://onvio.com.br/staff/#/dashboard-core-center:0
[   33965ms] [WARNING] OTS parsing error: bad table directory searchRange
bad table directory entrySelector
bad table directory rangeShift
Invalid table tag: 0x604241
 `BA: misaligned table @ https://onvio.com.br/staff/#/dashboard-core-center:0
[   33965ms] [WARNING] Failed to decode downloaded font: https://onvio.com.br/staff/SourceSans3-Semibold.ab1a7c64afa2c57d.otf @ https://onvio.com.br/staff/#/dashboard-core-center:0
[   33965ms] [WARNING] OTS parsing error: bad table directory searchRange
bad table directory entrySelector
bad table directory rangeShift
Invalid table tag: 0x604241
 `BA: misaligned table @ https://onvio.com.br/staff/#/dashboard-core-center:0
[   33966ms] [WARNING] Failed to decode downloaded font: https://onvio.com.br/staff/SourceSans3-Semibold.ab1a7c64afa2c57d.otf @ https://onvio.com.br/staff/#/dashboard-core-center:0
[   33966ms] [WARNING] OTS parsing error: bad table directory searchRange
bad table directory entrySelector
bad table directory rangeShift
Invalid table tag: 0x604241
 `BA: misaligned table @ https://onvio.com.br/staff/#/dashboard-core-center:0
[   33966ms] [WARNING] Failed to decode downloaded font: https://onvio.com.br/staff/SourceSans3-Semibold.ab1a7c64afa2c57d.otf @ https://onvio.com.br/staff/#/dashboard-core-center:0
[   33966ms] [WARNING] OTS parsing error: bad table directory searchRange
bad table directory entrySelector
bad table directory rangeShift
Invalid table tag: 0x604241
 `BA: misaligned table @ https://onvio.com.br/staff/#/dashboard-core-center:0
[   33966ms] [WARNING] Failed to decode downloaded font: https://onvio.com.br/staff/SourceSans3-Semibold.ab1a7c64afa2c57d.otf @ https://onvio.com.br/staff/#/dashboard-core-center:0
[   33966ms] [WARNING] OTS parsing error: bad table directory searchRange
bad table directory entrySelector
bad table directory rangeShift
Invalid table tag: 0x604241
 `BA: misaligned table @ https://onvio.com.br/staff/#/dashboard-core-center:0
[   33966ms] [WARNING] Failed to decode downloaded font: https://onvio.com.br/staff/SourceSans3-Semibold.ab1a7c64afa2c57d.otf @ https://onvio.com.br/staff/#/dashboard-core-center:0
[   33966ms] [WARNING] OTS parsing error: bad table directory searchRange
bad table directory entrySelector
bad table directory rangeShift
Invalid table tag: 0x604241
 `BA: misaligned table @ https://onvio.com.br/staff/#/dashboard-core-center:0
[   33966ms] [WARNING] Failed to decode downloaded font: https://onvio.com.br/staff/SourceSans3-Semibold.ab1a7c64afa2c57d.otf @ https://onvio.com.br/staff/#/dashboard-core-center:0
[   33966ms] [WARNING] OTS parsing error: bad table directory searchRange
bad table directory entrySelector
bad table directory rangeShift
Invalid table tag: 0x604241
 `BA: misaligned table @ https://onvio.com.br/staff/#/dashboard-core-center:0
[   33966ms] [WARNING] Failed to decode downloaded font: https://onvio.com.br/staff/SourceSans3-Semibold.ab1a7c64afa2c57d.otf @ https://onvio.com.br/staff/#/dashboard-core-center:0
[   33966ms] [WARNING] OTS parsing error: bad table directory searchRange
bad table directory entrySelector
bad table directory rangeShift
Invalid table tag: 0x604241
 `BA: misaligned table @ https://onvio.com.br/staff/#/dashboard-core-center:0
[   33966ms] [WARNING] Failed to decode downloaded font: https://onvio.com.br/staff/SourceSans3-Semibold.ab1a7c64afa2c57d.otf @ https://onvio.com.br/staff/#/dashboard-core-center:0
[   33966ms] [WARNING] OTS parsing error: bad table directory searchRange
bad table directory entrySelector
bad table directory rangeShift
Invalid table tag: 0x604241
 `BA: misaligned table @ https://onvio.com.br/staff/#/dashboard-core-center:0
[   33967ms] [WARNING] Failed to decode downloaded font: https://onvio.com.br/staff/SourceSans3-Semibold.ab1a7c64afa2c57d.otf @ https://onvio.com.br/staff/#/dashboard-core-center:0
[   33967ms] [WARNING] OTS parsing error: bad table directory searchRange
bad table directory entrySelector
bad table directory rangeShift
Invalid table tag: 0x604241
 `BA: misaligned table @ https://onvio.com.br/staff/#/dashboard-core-center:0
[   33967ms] [WARNING] Failed to decode downloaded font: https://onvio.com.br/staff/SourceSans3-Semibold.ab1a7c64afa2c57d.otf @ https://onvio.com.br/staff/#/dashboard-core-center:0
[   33967ms] [WARNING] OTS parsing error: bad table directory searchRange
bad table directory entrySelector
bad table directory rangeShift
Invalid table tag: 0x604241
 `BA: misaligned table @ https://onvio.com.br/staff/#/dashboard-core-center:0
[   33967ms] [WARNING] Failed to decode downloaded font: https://onvio.com.br/staff/SourceSans3-Semibold.ab1a7c64afa2c57d.otf @ https://onvio.com.br/staff/#/dashboard-core-center:0
[   33967ms] [WARNING] OTS parsing error: bad table directory searchRange
bad table directory entrySelector
bad table directory rangeShift
Invalid table tag: 0x604241
 `BA: misaligned table @ https://onvio.com.br/staff/#/dashboard-core-center:0
[   33967ms] [WARNING] Failed to decode downloaded font: https://onvio.com.br/staff/SourceSans3-Semibold.ab1a7c64afa2c57d.otf @ https://onvio.com.br/staff/#/dashboard-core-center:0
[   33967ms] [WARNING] OTS parsing error: bad table directory searchRange
bad table directory entrySelector
bad table directory rangeShift
Invalid table tag: 0x604241
 `BA: misaligned table @ https://onvio.com.br/staff/#/dashboard-core-center:0
[   33967ms] [WARNING] Failed to decode downloaded font: https://onvio.com.br/staff/SourceSans3-Semibold.ab1a7c64afa2c57d.otf @ https://onvio.com.br/staff/#/dashboard-core-center:0
[   33967ms] [WARNING] OTS parsing error: bad table directory searchRange
bad table directory entrySelector
bad table directory rangeShift
Invalid table tag: 0x604241
 `BA: misaligned table @ https://onvio.com.br/staff/#/dashboard-core-center:0
[   33967ms] [WARNING] Failed to decode downloaded font: https://onvio.com.br/staff/SourceSans3-Semibold.ab1a7c64afa2c57d.otf @ https://onvio.com.br/staff/#/dashboard-core-center:0
[   33967ms] [WARNING] OTS parsing error: bad table directory searchRange
bad table directory entrySelector
bad table directory rangeShift
Invalid table tag: 0x604241
 `BA: misaligned table @ https://onvio.com.br/staff/#/dashboard-core-center:0
[   33968ms] [WARNING] Failed to decode downloaded font: https://onvio.com.br/staff/SourceSans3-Semibold.ab1a7c64afa2c57d.otf @ https://onvio.com.br/staff/#/dashboard-core-center:0
[   33968ms] [WARNING] OTS parsing error: bad table directory searchRange
bad table directory entrySelector
bad table directory rangeShift
Invalid table tag: 0x604241
 `BA: misaligned table @ https://onvio.com.br/staff/#/dashboard-core-center:0
[   33968ms] [WARNING] Failed to decode downloaded font: https://onvio.com.br/staff/SourceSans3-Semibold.ab1a7c64afa2c57d.otf @ https://onvio.com.br/staff/#/dashboard-core-center:0
[   33968ms] [WARNING] OTS parsing error: bad table directory searchRange
bad table directory entrySelector
bad table directory rangeShift
Invalid table tag: 0x604241
 `BA: misaligned table @ https://onvio.com.br/staff/#/dashboard-core-center:0
[   33968ms] [WARNING] Failed to decode downloaded font: https://onvio.com.br/staff/SourceSans3-Semibold.ab1a7c64afa2c57d.otf @ https://onvio.com.br/staff/#/dashboard-core-center:0
[   33968ms] [WARNING] OTS parsing error: bad table directory searchRange
bad table directory entrySelector
bad table directory rangeShift
Invalid table tag: 0x604241
 `BA: misaligned table @ https://onvio.com.br/staff/#/dashboard-core-center:0
[   33968ms] [WARNING] Failed to decode downloaded font: https://onvio.com.br/staff/SourceSans3-Semibold.ab1a7c64afa2c57d.otf @ https://onvio.com.br/staff/#/dashboard-core-center:0
[   33968ms] [WARNING] OTS parsing error: bad table directory searchRange
bad table directory entrySelector
bad table directory rangeShift
Invalid table tag: 0x604241
 `BA: misaligned table @ https://onvio.com.br/staff/#/dashboard-core-center:0
[   33968ms] [WARNING] Failed to decode downloaded font: https://onvio.com.br/staff/SourceSans3-Semibold.ab1a7c64afa2c57d.otf @ https://onvio.com.br/staff/#/dashboard-core-center:0
[   33968ms] [WARNING] OTS parsing error: bad table directory searchRange
bad table directory entrySelector
bad table directory rangeShift
Invalid table tag: 0x604241
 `BA: misaligned table @ https://onvio.com.br/staff/#/dashboard-core-center:0
[   33968ms] [WARNING] Failed to decode downloaded font: https://onvio.com.br/staff/SourceSans3-Semibold.ab1a7c64afa2c57d.otf @ https://onvio.com.br/staff/#/dashboard-core-center:0
[   33969ms] [WARNING] OTS parsing error: bad table directory searchRange
bad table directory entrySelector
bad table directory rangeShift
Invalid table tag: 0x604241
 `BA: misaligned table @ https://onvio.com.br/staff/#/dashboard-core-center:0
[   33969ms] [WARNING] Failed to decode downloaded font: https://onvio.com.br/staff/SourceSans3-Semibold.ab1a7c64afa2c57d.otf @ https://onvio.com.br/staff/#/dashboard-core-center:0
[   33969ms] [WARNING] OTS parsing error: bad table directory searchRange
bad table directory entrySelector
bad table directory rangeShift
Invalid table tag: 0x604241
 `BA: misaligned table @ https://onvio.com.br/staff/#/dashboard-core-center:0
[   33969ms] [WARNING] Failed to decode downloaded font: https://onvio.com.br/staff/SourceSans3-Semibold.ab1a7c64afa2c57d.otf @ https://onvio.com.br/staff/#/dashboard-core-center:0
[   33969ms] [WARNING] OTS parsing error: bad table directory searchRange
bad table directory entrySelector
bad table directory rangeShift
Invalid table tag: 0x604241
 `BA: misaligned table @ https://onvio.com.br/staff/#/dashboard-core-center:0
[   33969ms] [WARNING] Failed to decode downloaded font: https://onvio.com.br/staff/SourceSans3-Semibold.ab1a7c64afa2c57d.otf @ https://onvio.com.br/staff/#/dashboard-core-center:0
[   33969ms] [WARNING] OTS parsing error: bad table directory searchRange
bad table directory entrySelector
bad table directory rangeShift
Invalid table tag: 0x604241
 `BA: misaligned table @ https://onvio.com.br/staff/#/dashboard-core-center:0
[   33969ms] [WARNING] Failed to decode downloaded font: https://onvio.com.br/staff/SourceSans3-Semibold.ab1a7c64afa2c57d.otf @ https://onvio.com.br/staff/#/dashboard-core-center:0
[   33969ms] [WARNING] OTS parsing error: bad table directory searchRange
bad table directory entrySelector
bad table directory rangeShift
Invalid table tag: 0x604241
 `BA: misaligned table @ https://onvio.com.br/staff/#/dashboard-core-center:0
[   33969ms] [WARNING] Failed to decode downloaded font: https://onvio.com.br/staff/SourceSans3-Semibold.ab1a7c64afa2c57d.otf @ https://onvio.com.br/staff/#/dashboard-core-center:0
[   33969ms] [WARNING] OTS parsing error: bad table directory searchRange
bad table directory entrySelector
bad table directory rangeShift
Invalid table tag: 0x604241
 `BA: misaligned table @ https://onvio.com.br/staff/#/dashboard-core-center:0
[   33969ms] [WARNING] Failed to decode downloaded font: https://onvio.com.br/staff/SourceSans3-Semibold.ab1a7c64afa2c57d.otf @ https://onvio.com.br/staff/#/dashboard-core-center:0
[   33969ms] [WARNING] OTS parsing error: bad table directory searchRange
bad table directory entrySelector
bad table directory rangeShift
Invalid table tag: 0x604241
 `BA: misaligned table @ https://onvio.com.br/staff/#/dashboard-core-center:0
[   33970ms] [WARNING] Failed to decode downloaded font: https://onvio.com.br/staff/SourceSans3-Semibold.ab1a7c64afa2c57d.otf @ https://onvio.com.br/staff/#/dashboard-core-center:0
[   33970ms] [WARNING] OTS parsing error: bad table directory searchRange
bad table directory entrySelector
bad table directory rangeShift
Invalid table tag: 0x604241
 `BA: misaligned table @ https://onvio.com.br/staff/#/dashboard-core-center:0
[   33970ms] [WARNING] Failed to decode downloaded font: https://onvio.com.br/staff/SourceSans3-Semibold.ab1a7c64afa2c57d.otf @ https://onvio.com.br/staff/#/dashboard-core-center:0
[   33970ms] [WARNING] OTS parsing error: bad table directory searchRange
bad table directory entrySelector
bad table directory rangeShift
Invalid table tag: 0x604241
 `BA: misaligned table @ https://onvio.com.br/staff/#/dashboard-core-center:0
[   33970ms] [WARNING] Failed to decode downloaded font: https://onvio.com.br/staff/SourceSans3-Semibold.ab1a7c64afa2c57d.otf @ https://onvio.com.br/staff/#/dashboard-core-center:0
[   33970ms] [WARNING] OTS parsing error: bad table directory searchRange
bad table directory entrySelector
bad table directory rangeShift
Invalid table tag: 0x604241
 `BA: misaligned table @ https://onvio.com.br/staff/#/dashboard-core-center:0
[   33970ms] [WARNING] Failed to decode downloaded font: https://onvio.com.br/staff/SourceSans3-Semibold.ab1a7c64afa2c57d.otf @ https://onvio.com.br/staff/#/dashboard-core-center:0
[   33970ms] [WARNING] OTS parsing error: bad table directory searchRange
bad table directory entrySelector
bad table directory rangeShift
Invalid table tag: 0x604241
 `BA: misaligned table @ https://onvio.com.br/staff/#/dashboard-core-center:0
[   33970ms] [WARNING] Failed to decode downloaded font: https://onvio.com.br/staff/SourceSans3-Semibold.ab1a7c64afa2c57d.otf @ https://onvio.com.br/staff/#/dashboard-core-center:0
[   33970ms] [WARNING] OTS parsing error: bad table directory searchRange
bad table directory entrySelector
bad table directory rangeShift
Invalid table tag: 0x604241
 `BA: misaligned table @ https://onvio.com.br/staff/#/dashboard-core-center:0
[   33970ms] [WARNING] Failed to decode downloaded font: https://onvio.com.br/staff/SourceSans3-Semibold.ab1a7c64afa2c57d.otf @ https://onvio.com.br/staff/#/dashboard-core-center:0
[   33970ms] [WARNING] OTS parsing error: bad table directory searchRange
bad table directory entrySelector
bad table directory rangeShift
Invalid table tag: 0x604241
 `BA: misaligned table @ https://onvio.com.br/staff/#/dashboard-core-center:0
[   33970ms] [WARNING] Failed to decode downloaded font: https://onvio.com.br/staff/SourceSans3-Semibold.ab1a7c64afa2c57d.otf @ https://onvio.com.br/staff/#/dashboard-core-center:0
[   33971ms] [WARNING] OTS parsing error: bad table directory searchRange
bad table directory entrySelector
bad table directory rangeShift
Invalid table tag: 0x604241
 `BA: misaligned table @ https://onvio.com.br/staff/#/dashboard-core-center:0
[   33971ms] [WARNING] Failed to decode downloaded font: https://onvio.com.br/staff/SourceSans3-Semibold.ab1a7c64afa2c57d.otf @ https://onvio.com.br/staff/#/dashboard-core-center:0
[   33971ms] [WARNING] OTS parsing error: bad table directory searchRange
bad table directory entrySelector
bad table directory rangeShift
Invalid table tag: 0x604241
 `BA: misaligned table @ https://onvio.com.br/staff/#/dashboard-core-center:0
[   33971ms] [WARNING] Failed to decode downloaded font: https://onvio.com.br/staff/SourceSans3-Semibold.ab1a7c64afa2c57d.otf @ https://onvio.com.br/staff/#/dashboard-core-center:0
[   33971ms] [WARNING] OTS parsing error: bad table directory searchRange
bad table directory entrySelector
bad table directory rangeShift
Invalid table tag: 0x604241
 `BA: misaligned table @ https://onvio.com.br/staff/#/dashboard-core-center:0
[   33971ms] [WARNING] Failed to decode downloaded font: https://onvio.com.br/staff/SourceSans3-Semibold.ab1a7c64afa2c57d.otf @ https://onvio.com.br/staff/#/dashboard-core-center:0
[   33971ms] [WARNING] OTS parsing error: bad table directory searchRange
bad table directory entrySelector
bad table directory rangeShift
Invalid table tag: 0x604241
 `BA: misaligned table @ https://onvio.com.br/staff/#/dashboard-core-center:0
[   33971ms] [WARNING] Failed to decode downloaded font: https://onvio.com.br/staff/SourceSans3-Semibold.ab1a7c64afa2c57d.otf @ https://onvio.com.br/staff/#/dashboard-core-center:0
[   33971ms] [WARNING] OTS parsing error: bad table directory searchRange
bad table directory entrySelector
bad table directory rangeShift
Invalid table tag: 0x604241
 `BA: misaligned table @ https://onvio.com.br/staff/#/dashboard-core-center:0
[   33971ms] [WARNING] Failed to decode downloaded font: https://onvio.com.br/staff/SourceSans3-Semibold.ab1a7c64afa2c57d.otf @ https://onvio.com.br/staff/#/dashboard-core-center:0
[   33971ms] [WARNING] OTS parsing error: bad table directory searchRange
bad table directory entrySelector
bad table directory rangeShift
Invalid table tag: 0x604241
 `BA: misaligned table @ https://onvio.com.br/staff/#/dashboard-core-center:0
[   33972ms] [WARNING] Failed to decode downloaded font: https://onvio.com.br/staff/SourceSans3-Semibold.ab1a7c64afa2c57d.otf @ https://onvio.com.br/staff/#/dashboard-core-center:0
[   33972ms] [WARNING] OTS parsing error: bad table directory searchRange
bad table directory entrySelector
bad table directory rangeShift
Invalid table tag: 0x604241
 `BA: misaligned table @ https://onvio.com.br/staff/#/dashboard-core-center:0
[   33972ms] [WARNING] Failed to decode downloaded font: https://onvio.com.br/staff/SourceSans3-Semibold.ab1a7c64afa2c57d.otf @ https://onvio.com.br/staff/#/dashboard-core-center:0
[   33972ms] [WARNING] OTS parsing error: bad table directory searchRange
bad table directory entrySelector
bad table directory rangeShift
Invalid table tag: 0x604241
 `BA: misaligned table @ https://onvio.com.br/staff/#/dashboard-core-center:0
[   33972ms] [WARNING] Failed to decode downloaded font: https://onvio.com.br/staff/SourceSans3-Semibold.ab1a7c64afa2c57d.otf @ https://onvio.com.br/staff/#/dashboard-core-center:0
[   33972ms] [WARNING] OTS parsing error: bad table directory searchRange
bad table directory entrySelector
bad table directory rangeShift
Invalid table tag: 0x604241
 `BA: misaligned table @ https://onvio.com.br/staff/#/dashboard-core-center:0
[   33972ms] [WARNING] Failed to decode downloaded font: https://onvio.com.br/staff/SourceSans3-Semibold.ab1a7c64afa2c57d.otf @ https://onvio.com.br/staff/#/dashboard-core-center:0
[   33972ms] [WARNING] OTS parsing error: bad table directory searchRange
bad table directory entrySelector
bad table directory rangeShift
Invalid table tag: 0x604241
 `BA: misaligned table @ https://onvio.com.br/staff/#/dashboard-core-center:0
[   33972ms] [WARNING] Failed to decode downloaded font: https://onvio.com.br/staff/SourceSans3-Semibold.ab1a7c64afa2c57d.otf @ https://onvio.com.br/staff/#/dashboard-core-center:0
[   33972ms] [WARNING] OTS parsing error: bad table directory searchRange
bad table directory entrySelector
bad table directory rangeShift
Invalid table tag: 0x604241
 `BA: misaligned table @ https://onvio.com.br/staff/#/dashboard-core-center:0
[   33972ms] [WARNING] Failed to decode downloaded font: https://onvio.com.br/staff/SourceSans3-Semibold.ab1a7c64afa2c57d.otf @ https://onvio.com.br/staff/#/dashboard-core-center:0
[   33972ms] [WARNING] OTS parsing error: bad table directory searchRange
bad table directory entrySelector
bad table directory rangeShift
Invalid table tag: 0x604241
 `BA: misaligned table @ https://onvio.com.br/staff/#/dashboard-core-center:0
[   33973ms] [WARNING] Failed to decode downloaded font: https://onvio.com.br/staff/SourceSans3-Semibold.ab1a7c64afa2c57d.otf @ https://onvio.com.br/staff/#/dashboard-core-center:0
[   33973ms] [WARNING] OTS parsing error: bad table directory searchRange
bad table directory entrySelector
bad table directory rangeShift
Invalid table tag: 0x604241
 `BA: misaligned table @ https://onvio.com.br/staff/#/dashboard-core-center:0
[   33973ms] [WARNING] Failed to decode downloaded font: https://onvio.com.br/staff/SourceSans3-Semibold.ab1a7c64afa2c57d.otf @ https://onvio.com.br/staff/#/dashboard-core-center:0
[   33973ms] [WARNING] OTS parsing error: bad table directory searchRange
bad table directory entrySelector
bad table directory rangeShift
Invalid table tag: 0x604241
 `BA: misaligned table @ https://onvio.com.br/staff/#/dashboard-core-center:0
[   33973ms] [WARNING] Failed to decode downloaded font: https://onvio.com.br/staff/SourceSans3-Semibold.ab1a7c64afa2c57d.otf @ https://onvio.com.br/staff/#/dashboard-core-center:0
[   33973ms] [WARNING] OTS parsing error: bad table directory searchRange
bad table directory entrySelector
bad table directory rangeShift
Invalid table tag: 0x604241
 `BA: misaligned table @ https://onvio.com.br/staff/#/dashboard-core-center:0
[   33973ms] [WARNING] Failed to decode downloaded font: https://onvio.com.br/staff/SourceSans3-Semibold.ab1a7c64afa2c57d.otf @ https://onvio.com.br/staff/#/dashboard-core-center:0
[   33973ms] [WARNING] OTS parsing error: bad table directory searchRange
bad table directory entrySelector
bad table directory rangeShift
Invalid table tag: 0x604241
 `BA: misaligned table @ https://onvio.com.br/staff/#/dashboard-core-center:0
[   33973ms] [WARNING] Failed to decode downloaded font: https://onvio.com.br/staff/SourceSans3-Semibold.ab1a7c64afa2c57d.otf @ https://onvio.com.br/staff/#/dashboard-core-center:0
[   33973ms] [WARNING] OTS parsing error: bad table directory searchRange
bad table directory entrySelector
bad table directory rangeShift
Invalid table tag: 0x604241
 `BA: misaligned table @ https://onvio.com.br/staff/#/dashboard-core-center:0
[   33973ms] [WARNING] Failed to decode downloaded font: https://onvio.com.br/staff/SourceSans3-Semibold.ab1a7c64afa2c57d.otf @ https://onvio.com.br/staff/#/dashboard-core-center:0
[   33974ms] [WARNING] OTS parsing error: bad table directory searchRange
bad table directory entrySelector
bad table directory rangeShift
Invalid table tag: 0x604241
 `BA: misaligned table @ https://onvio.com.br/staff/#/dashboard-core-center:0
[   33974ms] [WARNING] Failed to decode downloaded font: https://onvio.com.br/staff/SourceSans3-Semibold.ab1a7c64afa2c57d.otf @ https://onvio.com.br/staff/#/dashboard-core-center:0
[   33974ms] [WARNING] OTS parsing error: bad table directory searchRange
bad table directory entrySelector
bad table directory rangeShift
Invalid table tag: 0x604241
 `BA: misaligned table @ https://onvio.com.br/staff/#/dashboard-core-center:0
[   33974ms] [WARNING] Failed to decode downloaded font: https://onvio.com.br/staff/SourceSans3-Semibold.ab1a7c64afa2c57d.otf @ https://onvio.com.br/staff/#/dashboard-core-center:0
[   33974ms] [WARNING] OTS parsing error: bad table directory searchRange
bad table directory entrySelector
bad table directory rangeShift
Invalid table tag: 0x604241
 `BA: misaligned table @ https://onvio.com.br/staff/#/dashboard-core-center:0
[   33974ms] [WARNING] Failed to decode downloaded font: https://onvio.com.br/staff/SourceSans3-Semibold.ab1a7c64afa2c57d.otf @ https://onvio.com.br/staff/#/dashboard-core-center:0
[   33974ms] [WARNING] OTS parsing error: bad table directory searchRange
bad table directory entrySelector
bad table directory rangeShift
Invalid table tag: 0x604241
 `BA: misaligned table @ https://onvio.com.br/staff/#/dashboard-core-center:0
[   33974ms] [WARNING] Failed to decode downloaded font: https://onvio.com.br/staff/SourceSans3-Semibold.ab1a7c64afa2c57d.otf @ https://onvio.com.br/staff/#/dashboard-core-center:0
[   33974ms] [WARNING] OTS parsing error: bad table directory searchRange
bad table directory entrySelector
bad table directory rangeShift
Invalid table tag: 0x604241
 `BA: misaligned table @ https://onvio.com.br/staff/#/dashboard-core-center:0
[   33974ms] [WARNING] Failed to decode downloaded font: https://onvio.com.br/staff/SourceSans3-Semibold.ab1a7c64afa2c57d.otf @ https://onvio.com.br/staff/#/dashboard-core-center:0
[   33974ms] [WARNING] OTS parsing error: bad table directory searchRange
bad table directory entrySelector
bad table directory rangeShift
Invalid table tag: 0x604241
 `BA: misaligned table @ https://onvio.com.br/staff/#/dashboard-core-center:0
[   33974ms] [WARNING] Failed to decode downloaded font: https://onvio.com.br/staff/SourceSans3-Semibold.ab1a7c64afa2c57d.otf @ https://onvio.com.br/staff/#/dashboard-core-center:0
[   33974ms] [WARNING] OTS parsing error: bad table directory searchRange
bad table directory entrySelector
bad table directory rangeShift
Invalid table tag: 0x604241
 `BA: misaligned table @ https://onvio.com.br/staff/#/dashboard-core-center:0
[   33974ms] [WARNING] Failed to decode downloaded font: https://onvio.com.br/staff/SourceSans3-Semibold.ab1a7c64afa2c57d.otf @ https://onvio.com.br/staff/#/dashboard-core-center:0
[   33974ms] [WARNING] OTS parsing error: bad table directory searchRange
bad table directory entrySelector
bad table directory rangeShift
Invalid table tag: 0x604241
 `BA: misaligned table @ https://onvio.com.br/staff/#/dashboard-core-center:0
[   33974ms] [WARNING] Failed to decode downloaded font: https://onvio.com.br/staff/SourceSans3-Semibold.ab1a7c64afa2c57d.otf @ https://onvio.com.br/staff/#/dashboard-core-center:0
[   33975ms] [WARNING] OTS parsing error: bad table directory searchRange
bad table directory entrySelector
bad table directory rangeShift
Invalid table tag: 0x604241
 `BA: misaligned table @ https://onvio.com.br/staff/#/dashboard-core-center:0
[   33975ms] [WARNING] Failed to decode downloaded font: https://onvio.com.br/staff/SourceSans3-Semibold.ab1a7c64afa2c57d.otf @ https://onvio.com.br/staff/#/dashboard-core-center:0
[   33975ms] [WARNING] OTS parsing error: bad table directory searchRange
bad table directory entrySelector
bad table directory rangeShift
Invalid table tag: 0x604241
 `BA: misaligned table @ https://onvio.com.br/staff/#/dashboard-core-center:0
[   33975ms] [WARNING] Failed to decode downloaded font: https://onvio.com.br/staff/SourceSans3-Semibold.ab1a7c64afa2c57d.otf @ https://onvio.com.br/staff/#/dashboard-core-center:0
[   33975ms] [WARNING] OTS parsing error: bad table directory searchRange
bad table directory entrySelector
bad table directory rangeShift
Invalid table tag: 0x604241
 `BA: misaligned table @ https://onvio.com.br/staff/#/dashboard-core-center:0
[   33975ms] [WARNING] Failed to decode downloaded font: https://onvio.com.br/staff/SourceSans3-Semibold.ab1a7c64afa2c57d.otf @ https://onvio.com.br/staff/#/dashboard-core-center:0
[   33975ms] [WARNING] OTS parsing error: bad table directory searchRange
bad table directory entrySelector
bad table directory rangeShift
Invalid table tag: 0x604241
 `BA: misaligned table @ https://onvio.com.br/staff/#/dashboard-core-center:0
[   33975ms] [WARNING] Failed to decode downloaded font: https://onvio.com.br/staff/SourceSans3-Semibold.ab1a7c64afa2c57d.otf @ https://onvio.com.br/staff/#/dashboard-core-center:0
[   33975ms] [WARNING] OTS parsing error: bad table directory searchRange
bad table directory entrySelector
bad table directory rangeShift
Invalid table tag: 0x604241
 `BA: misaligned table @ https://onvio.com.br/staff/#/dashboard-core-center:0
[   33975ms] [WARNING] Failed to decode downloaded font: https://onvio.com.br/staff/SourceSans3-Semibold.ab1a7c64afa2c57d.otf @ https://onvio.com.br/staff/#/dashboard-core-center:0
[   33976ms] [WARNING] OTS parsing error: bad table directory searchRange
bad table directory entrySelector
bad table directory rangeShift
Invalid table tag: 0x604241
 `BA: misaligned table @ https://onvio.com.br/staff/#/dashboard-core-center:0
[   33976ms] [WARNING] Failed to decode downloaded font: https://onvio.com.br/staff/SourceSans3-Semibold.ab1a7c64afa2c57d.otf @ https://onvio.com.br/staff/#/dashboard-core-center:0
[   33976ms] [WARNING] OTS parsing error: bad table directory searchRange
bad table directory entrySelector
bad table directory rangeShift
Invalid table tag: 0x604241
 `BA: misaligned table @ https://onvio.com.br/staff/#/dashboard-core-center:0
[   33976ms] [WARNING] Failed to decode downloaded font: https://onvio.com.br/staff/SourceSans3-Semibold.ab1a7c64afa2c57d.otf @ https://onvio.com.br/staff/#/dashboard-core-center:0
[   33976ms] [WARNING] OTS parsing error: bad table directory searchRange
bad table directory entrySelector
bad table directory rangeShift
Invalid table tag: 0x604241
 `BA: misaligned table @ https://onvio.com.br/staff/#/dashboard-core-center:0
[   33977ms] [WARNING] Failed to decode downloaded font: https://onvio.com.br/staff/SourceSans3-Semibold.ab1a7c64afa2c57d.otf @ https://onvio.com.br/staff/#/dashboard-core-center:0
[   33977ms] [WARNING] OTS parsing error: bad table directory searchRange
bad table directory entrySelector
bad table directory rangeShift
Invalid table tag: 0x604241
 `BA: misaligned table @ https://onvio.com.br/staff/#/dashboard-core-center:0
[   33977ms] [WARNING] Failed to decode downloaded font: https://onvio.com.br/staff/SourceSans3-Semibold.ab1a7c64afa2c57d.otf @ https://onvio.com.br/staff/#/dashboard-core-center:0
[   33977ms] [WARNING] OTS parsing error: bad table directory searchRange
bad table directory entrySelector
bad table directory rangeShift
Invalid table tag: 0x604241
 `BA: misaligned table @ https://onvio.com.br/staff/#/dashboard-core-center:0
[   33977ms] [WARNING] Failed to decode downloaded font: https://onvio.com.br/staff/SourceSans3-Semibold.ab1a7c64afa2c57d.otf @ https://onvio.com.br/staff/#/dashboard-core-center:0
[   33977ms] [WARNING] OTS parsing error: bad table directory searchRange
bad table directory entrySelector
bad table directory rangeShift
Invalid table tag: 0x604241
 `BA: misaligned table @ https://onvio.com.br/staff/#/dashboard-core-center:0
[   33977ms] [WARNING] Failed to decode downloaded font: https://onvio.com.br/staff/SourceSans3-Semibold.ab1a7c64afa2c57d.otf @ https://onvio.com.br/staff/#/dashboard-core-center:0
[   33978ms] [WARNING] OTS parsing error: bad table directory searchRange
bad table directory entrySelector
bad table directory rangeShift
Invalid table tag: 0x604241
 `BA: misaligned table @ https://onvio.com.br/staff/#/dashboard-core-center:0
[   33978ms] [WARNING] Failed to decode downloaded font: https://onvio.com.br/staff/SourceSans3-Semibold.ab1a7c64afa2c57d.otf @ https://onvio.com.br/staff/#/dashboard-core-center:0
[   33978ms] [WARNING] OTS parsing error: bad table directory searchRange
bad table directory entrySelector
bad table directory rangeShift
Invalid table tag: 0x604241
 `BA: misaligned table @ https://onvio.com.br/staff/#/dashboard-core-center:0
[   33978ms] [WARNING] Failed to decode downloaded font: https://onvio.com.br/staff/SourceSans3-Semibold.ab1a7c64afa2c57d.otf @ https://onvio.com.br/staff/#/dashboard-core-center:0
[   33978ms] [WARNING] OTS parsing error: bad table directory searchRange
bad table directory entrySelector
bad table directory rangeShift
Invalid table tag: 0x604241
 `BA: misaligned table @ https://onvio.com.br/staff/#/dashboard-core-center:0
[   33978ms] [WARNING] Failed to decode downloaded font: https://onvio.com.br/staff/SourceSans3-Semibold.ab1a7c64afa2c57d.otf @ https://onvio.com.br/staff/#/dashboard-core-center:0
[   33978ms] [WARNING] OTS parsing error: bad table directory searchRange
bad table directory entrySelector
bad table directory rangeShift
Invalid table tag: 0x604241
 `BA: misaligned table @ https://onvio.com.br/staff/#/dashboard-core-center:0
[   33978ms] [WARNING] Failed to decode downloaded font: https://onvio.com.br/staff/SourceSans3-Semibold.ab1a7c64afa2c57d.otf @ https://onvio.com.br/staff/#/dashboard-core-center:0
[   33978ms] [WARNING] OTS parsing error: bad table directory searchRange
bad table directory entrySelector
bad table directory rangeShift
Invalid table tag: 0x604241
 `BA: misaligned table @ https://onvio.com.br/staff/#/dashboard-core-center:0
[   33979ms] [WARNING] Failed to decode downloaded font: https://onvio.com.br/staff/SourceSans3-Semibold.ab1a7c64afa2c57d.otf @ https://onvio.com.br/staff/#/dashboard-core-center:0
[   33979ms] [WARNING] OTS parsing error: bad table directory searchRange
bad table directory entrySelector
bad table directory rangeShift
Invalid table tag: 0x604241
 `BA: misaligned table @ https://onvio.com.br/staff/#/dashboard-core-center:0
[   33979ms] [WARNING] Failed to decode downloaded font: https://onvio.com.br/staff/SourceSans3-Semibold.ab1a7c64afa2c57d.otf @ https://onvio.com.br/staff/#/dashboard-core-center:0
[   33979ms] [WARNING] OTS parsing error: bad table directory searchRange
bad table directory entrySelector
bad table directory rangeShift
Invalid table tag: 0x604241
 `BA: misaligned table @ https://onvio.com.br/staff/#/dashboard-core-center:0
[   33979ms] [WARNING] Failed to decode downloaded font: https://onvio.com.br/staff/SourceSans3-Semibold.ab1a7c64afa2c57d.otf @ https://onvio.com.br/staff/#/dashboard-core-center:0
[   33979ms] [WARNING] OTS parsing error: bad table directory searchRange
bad table directory entrySelector
bad table directory rangeShift
Invalid table tag: 0x604241
 `BA: misaligned table @ https://onvio.com.br/staff/#/dashboard-core-center:0
[   33979ms] [WARNING] Failed to decode downloaded font: https://onvio.com.br/staff/SourceSans3-Semibold.ab1a7c64afa2c57d.otf @ https://onvio.com.br/staff/#/dashboard-core-center:0
[   33979ms] [WARNING] OTS parsing error: bad table directory searchRange
bad table directory entrySelector
bad table directory rangeShift
Invalid table tag: 0x604241
 `BA: misaligned table @ https://onvio.com.br/staff/#/dashboard-core-center:0
[   34232ms] [WARNING] Failed to decode downloaded font: https://onvio.com.br/staff/SourceSans3-Semibold.f96562e63795e92e.ttf @ https://onvio.com.br/staff/#/dashboard-core-center:0
[   34232ms] [WARNING] OTS parsing error: BASE: invalid table offset @ https://onvio.com.br/staff/#/dashboard-core-center:0
[   34232ms] [WARNING] Failed to decode downloaded font: https://onvio.com.br/staff/SourceSans3-Semibold.f96562e63795e92e.ttf @ https://onvio.com.br/staff/#/dashboard-core-center:0
[   34232ms] [WARNING] OTS parsing error: BASE: invalid table offset @ https://onvio.com.br/staff/#/dashboard-core-center:0
[   34233ms] [WARNING] Failed to decode downloaded font: https://onvio.com.br/staff/SourceSans3-Semibold.f96562e63795e92e.ttf @ https://onvio.com.br/staff/#/dashboard-core-center:0
[   34233ms] [WARNING] OTS parsing error: BASE: invalid table offset @ https://onvio.com.br/staff/#/dashboard-core-center:0
[   34233ms] [WARNING] Failed to decode downloaded font: https://onvio.com.br/staff/SourceSans3-Semibold.f96562e63795e92e.ttf @ https://onvio.com.br/staff/#/dashboard-core-center:0
[   34233ms] [WARNING] OTS parsing error: BASE: invalid table offset @ https://onvio.com.br/staff/#/dashboard-core-center:0
[   34233ms] [WARNING] Failed to decode downloaded font: https://onvio.com.br/staff/SourceSans3-Semibold.f96562e63795e92e.ttf @ https://onvio.com.br/staff/#/dashboard-core-center:0
[   34233ms] [WARNING] OTS parsing error: BASE: invalid table offset @ https://onvio.com.br/staff/#/dashboard-core-center:0
[   34233ms] [WARNING] Failed to decode downloaded font: https://onvio.com.br/staff/SourceSans3-Semibold.f96562e63795e92e.ttf @ https://onvio.com.br/staff/#/dashboard-core-center:0
[   34233ms] [WARNING] OTS parsing error: BASE: invalid table offset @ https://onvio.com.br/staff/#/dashboard-core-center:0
[   34233ms] [WARNING] Failed to decode downloaded font: https://onvio.com.br/staff/SourceSans3-Semibold.f96562e63795e92e.ttf @ https://onvio.com.br/staff/#/dashboard-core-center:0
[   34233ms] [WARNING] OTS parsing error: BASE: invalid table offset @ https://onvio.com.br/staff/#/dashboard-core-center:0
[   34233ms] [WARNING] Failed to decode downloaded font: https://onvio.com.br/staff/SourceSans3-Semibold.f96562e63795e92e.ttf @ https://onvio.com.br/staff/#/dashboard-core-center:0
[   34233ms] [WARNING] OTS parsing error: BASE: invalid table offset @ https://onvio.com.br/staff/#/dashboard-core-center:0
[   34234ms] [WARNING] Failed to decode downloaded font: https://onvio.com.br/staff/SourceSans3-Semibold.f96562e63795e92e.ttf @ https://onvio.com.br/staff/#/dashboard-core-center:0
[   34234ms] [WARNING] OTS parsing error: BASE: invalid table offset @ https://onvio.com.br/staff/#/dashboard-core-center:0
[   34234ms] [WARNING] Failed to decode downloaded font: https://onvio.com.br/staff/SourceSans3-Semibold.f96562e63795e92e.ttf @ https://onvio.com.br/staff/#/dashboard-core-center:0
[   34234ms] [WARNING] OTS parsing error: BASE: invalid table offset @ https://onvio.com.br/staff/#/dashboard-core-center:0
[   34234ms] [WARNING] Failed to decode downloaded font: https://onvio.com.br/staff/SourceSans3-Semibold.f96562e63795e92e.ttf @ https://onvio.com.br/staff/#/dashboard-core-center:0
[   34234ms] [WARNING] OTS parsing error: BASE: invalid table offset @ https://onvio.com.br/staff/#/dashboard-core-center:0
[   34235ms] [WARNING] Failed to decode downloaded font: https://onvio.com.br/staff/SourceSans3-Semibold.f96562e63795e92e.ttf @ https://onvio.com.br/staff/#/dashboard-core-center:0
[   34235ms] [WARNING] OTS parsing error: BASE: invalid table offset @ https://onvio.com.br/staff/#/dashboard-core-center:0
[   34235ms] [WARNING] Failed to decode downloaded font: https://onvio.com.br/staff/SourceSans3-Semibold.f96562e63795e92e.ttf @ https://onvio.com.br/staff/#/dashboard-core-center:0
[   34235ms] [WARNING] OTS parsing error: BASE: invalid table offset @ https://onvio.com.br/staff/#/dashboard-core-center:0
[   34235ms] [WARNING] Failed to decode downloaded font: https://onvio.com.br/staff/SourceSans3-Semibold.f96562e63795e92e.ttf @ https://onvio.com.br/staff/#/dashboard-core-center:0
[   34235ms] [WARNING] OTS parsing error: BASE: invalid table offset @ https://onvio.com.br/staff/#/dashboard-core-center:0
[   34235ms] [WARNING] Failed to decode downloaded font: https://onvio.com.br/staff/SourceSans3-Semibold.f96562e63795e92e.ttf @ https://onvio.com.br/staff/#/dashboard-core-center:0
[   34235ms] [WARNING] OTS parsing error: BASE: invalid table offset @ https://onvio.com.br/staff/#/dashboard-core-center:0
[   34235ms] [WARNING] Failed to decode downloaded font: https://onvio.com.br/staff/SourceSans3-Semibold.f96562e63795e92e.ttf @ https://onvio.com.br/staff/#/dashboard-core-center:0
[   34235ms] [WARNING] OTS parsing error: BASE: invalid table offset @ https://onvio.com.br/staff/#/dashboard-core-center:0
[   34235ms] [WARNING] Failed to decode downloaded font: https://onvio.com.br/staff/SourceSans3-Semibold.f96562e63795e92e.ttf @ https://onvio.com.br/staff/#/dashboard-core-center:0
[   34235ms] [WARNING] OTS parsing error: BASE: invalid table offset @ https://onvio.com.br/staff/#/dashboard-core-center:0
[   34236ms] [WARNING] Failed to decode downloaded font: https://onvio.com.br/staff/SourceSans3-Semibold.f96562e63795e92e.ttf @ https://onvio.com.br/staff/#/dashboard-core-center:0
[   34236ms] [WARNING] OTS parsing error: BASE: invalid table offset @ https://onvio.com.br/staff/#/dashboard-core-center:0
[   34236ms] [WARNING] Failed to decode downloaded font: https://onvio.com.br/staff/SourceSans3-Semibold.f96562e63795e92e.ttf @ https://onvio.com.br/staff/#/dashboard-core-center:0
[   34236ms] [WARNING] OTS parsing error: BASE: invalid table offset @ https://onvio.com.br/staff/#/dashboard-core-center:0
[   34236ms] [WARNING] Failed to decode downloaded font: https://onvio.com.br/staff/SourceSans3-Semibold.f96562e63795e92e.ttf @ https://onvio.com.br/staff/#/dashboard-core-center:0
[   34236ms] [WARNING] OTS parsing error: BASE: invalid table offset @ https://onvio.com.br/staff/#/dashboard-core-center:0
[   34236ms] [WARNING] Failed to decode downloaded font: https://onvio.com.br/staff/SourceSans3-Semibold.f96562e63795e92e.ttf @ https://onvio.com.br/staff/#/dashboard-core-center:0
[   34236ms] [WARNING] OTS parsing error: BASE: invalid table offset @ https://onvio.com.br/staff/#/dashboard-core-center:0
[   34236ms] [WARNING] Failed to decode downloaded font: https://onvio.com.br/staff/SourceSans3-Semibold.f96562e63795e92e.ttf @ https://onvio.com.br/staff/#/dashboard-core-center:0
[   34237ms] [WARNING] OTS parsing error: BASE: invalid table offset @ https://onvio.com.br/staff/#/dashboard-core-center:0
[   34237ms] [WARNING] Failed to decode downloaded font: https://onvio.com.br/staff/SourceSans3-Semibold.f96562e63795e92e.ttf @ https://onvio.com.br/staff/#/dashboard-core-center:0
[   34237ms] [WARNING] OTS parsing error: BASE: invalid table offset @ https://onvio.com.br/staff/#/dashboard-core-center:0
[   34237ms] [WARNING] Failed to decode downloaded font: https://onvio.com.br/staff/SourceSans3-Semibold.f96562e63795e92e.ttf @ https://onvio.com.br/staff/#/dashboard-core-center:0
[   34237ms] [WARNING] OTS parsing error: BASE: invalid table offset @ https://onvio.com.br/staff/#/dashboard-core-center:0
[   34237ms] [WARNING] Failed to decode downloaded font: https://onvio.com.br/staff/SourceSans3-Semibold.f96562e63795e92e.ttf @ https://onvio.com.br/staff/#/dashboard-core-center:0
[   34237ms] [WARNING] OTS parsing error: BASE: invalid table offset @ https://onvio.com.br/staff/#/dashboard-core-center:0
[   34237ms] [WARNING] Failed to decode downloaded font: https://onvio.com.br/staff/SourceSans3-Semibold.f96562e63795e92e.ttf @ https://onvio.com.br/staff/#/dashboard-core-center:0
[   34238ms] [WARNING] OTS parsing error: BASE: invalid table offset @ https://onvio.com.br/staff/#/dashboard-core-center:0
[   34238ms] [WARNING] Failed to decode downloaded font: https://onvio.com.br/staff/SourceSans3-Semibold.f96562e63795e92e.ttf @ https://onvio.com.br/staff/#/dashboard-core-center:0
[   34238ms] [WARNING] OTS parsing error: BASE: invalid table offset @ https://onvio.com.br/staff/#/dashboard-core-center:0
[   34238ms] [WARNING] Failed to decode downloaded font: https://onvio.com.br/staff/SourceSans3-Semibold.f96562e63795e92e.ttf @ https://onvio.com.br/staff/#/dashboard-core-center:0
[   34238ms] [WARNING] OTS parsing error: BASE: invalid table offset @ https://onvio.com.br/staff/#/dashboard-core-center:0
[   34238ms] [WARNING] Failed to decode downloaded font: https://onvio.com.br/staff/SourceSans3-Semibold.f96562e63795e92e.ttf @ https://onvio.com.br/staff/#/dashboard-core-center:0
[   34238ms] [WARNING] OTS parsing error: BASE: invalid table offset @ https://onvio.com.br/staff/#/dashboard-core-center:0
[   34238ms] [WARNING] Failed to decode downloaded font: https://onvio.com.br/staff/SourceSans3-Semibold.f96562e63795e92e.ttf @ https://onvio.com.br/staff/#/dashboard-core-center:0
[   34239ms] [WARNING] OTS parsing error: BASE: invalid table offset @ https://onvio.com.br/staff/#/dashboard-core-center:0
[   34239ms] [WARNING] Failed to decode downloaded font: https://onvio.com.br/staff/SourceSans3-Semibold.f96562e63795e92e.ttf @ https://onvio.com.br/staff/#/dashboard-core-center:0
[   34239ms] [WARNING] OTS parsing error: BASE: invalid table offset @ https://onvio.com.br/staff/#/dashboard-core-center:0
[   34239ms] [WARNING] Failed to decode downloaded font: https://onvio.com.br/staff/SourceSans3-Semibold.f96562e63795e92e.ttf @ https://onvio.com.br/staff/#/dashboard-core-center:0
[   34239ms] [WARNING] OTS parsing error: BASE: invalid table offset @ https://onvio.com.br/staff/#/dashboard-core-center:0
[   34239ms] [WARNING] Failed to decode downloaded font: https://onvio.com.br/staff/SourceSans3-Semibold.f96562e63795e92e.ttf @ https://onvio.com.br/staff/#/dashboard-core-center:0
[   34239ms] [WARNING] OTS parsing error: BASE: invalid table offset @ https://onvio.com.br/staff/#/dashboard-core-center:0
[   34239ms] [WARNING] Failed to decode downloaded font: https://onvio.com.br/staff/SourceSans3-Semibold.f96562e63795e92e.ttf @ https://onvio.com.br/staff/#/dashboard-core-center:0
[   34239ms] [WARNING] OTS parsing error: BASE: invalid table offset @ https://onvio.com.br/staff/#/dashboard-core-center:0
[   34239ms] [WARNING] Failed to decode downloaded font: https://onvio.com.br/staff/SourceSans3-Semibold.f96562e63795e92e.ttf @ https://onvio.com.br/staff/#/dashboard-core-center:0
[   34239ms] [WARNING] OTS parsing error: BASE: invalid table offset @ https://onvio.com.br/staff/#/dashboard-core-center:0
[   34240ms] [WARNING] Failed to decode downloaded font: https://onvio.com.br/staff/SourceSans3-Semibold.f96562e63795e92e.ttf @ https://onvio.com.br/staff/#/dashboard-core-center:0
[   34240ms] [WARNING] OTS parsing error: BASE: invalid table offset @ https://onvio.com.br/staff/#/dashboard-core-center:0
[   34240ms] [WARNING] Failed to decode downloaded font: https://onvio.com.br/staff/SourceSans3-Semibold.f96562e63795e92e.ttf @ https://onvio.com.br/staff/#/dashboard-core-center:0
[   34240ms] [WARNING] OTS parsing error: BASE: invalid table offset @ https://onvio.com.br/staff/#/dashboard-core-center:0
[   34240ms] [WARNING] Failed to decode downloaded font: https://onvio.com.br/staff/SourceSans3-Semibold.f96562e63795e92e.ttf @ https://onvio.com.br/staff/#/dashboard-core-center:0
[   34240ms] [WARNING] OTS parsing error: BASE: invalid table offset @ https://onvio.com.br/staff/#/dashboard-core-center:0
[   34240ms] [WARNING] Failed to decode downloaded font: https://onvio.com.br/staff/SourceSans3-Semibold.f96562e63795e92e.ttf @ https://onvio.com.br/staff/#/dashboard-core-center:0
[   34240ms] [WARNING] OTS parsing error: BASE: invalid table offset @ https://onvio.com.br/staff/#/dashboard-core-center:0
[   34240ms] [WARNING] Failed to decode downloaded font: https://onvio.com.br/staff/SourceSans3-Semibold.f96562e63795e92e.ttf @ https://onvio.com.br/staff/#/dashboard-core-center:0
[   34240ms] [WARNING] OTS parsing error: BASE: invalid table offset @ https://onvio.com.br/staff/#/dashboard-core-center:0
[   34240ms] [WARNING] Failed to decode downloaded font: https://onvio.com.br/staff/SourceSans3-Semibold.f96562e63795e92e.ttf @ https://onvio.com.br/staff/#/dashboard-core-center:0
[   34240ms] [WARNING] OTS parsing error: BASE: invalid table offset @ https://onvio.com.br/staff/#/dashboard-core-center:0
[   34240ms] [WARNING] Failed to decode downloaded font: https://onvio.com.br/staff/SourceSans3-Semibold.f96562e63795e92e.ttf @ https://onvio.com.br/staff/#/dashboard-core-center:0
[   34240ms] [WARNING] OTS parsing error: BASE: invalid table offset @ https://onvio.com.br/staff/#/dashboard-core-center:0
[   34240ms] [WARNING] Failed to decode downloaded font: https://onvio.com.br/staff/SourceSans3-Semibold.f96562e63795e92e.ttf @ https://onvio.com.br/staff/#/dashboard-core-center:0
[   34240ms] [WARNING] OTS parsing error: BASE: invalid table offset @ https://onvio.com.br/staff/#/dashboard-core-center:0
[   34240ms] [WARNING] Failed to decode downloaded font: https://onvio.com.br/staff/SourceSans3-Semibold.f96562e63795e92e.ttf @ https://onvio.com.br/staff/#/dashboard-core-center:0
[   34241ms] [WARNING] OTS parsing error: BASE: invalid table offset @ https://onvio.com.br/staff/#/dashboard-core-center:0
[   34241ms] [WARNING] Failed to decode downloaded font: https://onvio.com.br/staff/SourceSans3-Semibold.f96562e63795e92e.ttf @ https://onvio.com.br/staff/#/dashboard-core-center:0
[   34241ms] [WARNING] OTS parsing error: BASE: invalid table offset @ https://onvio.com.br/staff/#/dashboard-core-center:0
[   34241ms] [WARNING] Failed to decode downloaded font: https://onvio.com.br/staff/SourceSans3-Semibold.f96562e63795e92e.ttf @ https://onvio.com.br/staff/#/dashboard-core-center:0
[   34241ms] [WARNING] OTS parsing error: BASE: invalid table offset @ https://onvio.com.br/staff/#/dashboard-core-center:0
[   34241ms] [WARNING] Failed to decode downloaded font: https://onvio.com.br/staff/SourceSans3-Semibold.f96562e63795e92e.ttf @ https://onvio.com.br/staff/#/dashboard-core-center:0
[   34241ms] [WARNING] OTS parsing error: BASE: invalid table offset @ https://onvio.com.br/staff/#/dashboard-core-center:0
[   34241ms] [WARNING] Failed to decode downloaded font: https://onvio.com.br/staff/SourceSans3-Semibold.f96562e63795e92e.ttf @ https://onvio.com.br/staff/#/dashboard-core-center:0
[   34241ms] [WARNING] OTS parsing error: BASE: invalid table offset @ https://onvio.com.br/staff/#/dashboard-core-center:0
[   34241ms] [WARNING] Failed to decode downloaded font: https://onvio.com.br/staff/SourceSans3-Semibold.f96562e63795e92e.ttf @ https://onvio.com.br/staff/#/dashboard-core-center:0
[   34241ms] [WARNING] OTS parsing error: BASE: invalid table offset @ https://onvio.com.br/staff/#/dashboard-core-center:0
[   34241ms] [WARNING] Failed to decode downloaded font: https://onvio.com.br/staff/SourceSans3-Semibold.f96562e63795e92e.ttf @ https://onvio.com.br/staff/#/dashboard-core-center:0
[   34241ms] [WARNING] OTS parsing error: BASE: invalid table offset @ https://onvio.com.br/staff/#/dashboard-core-center:0
[   34241ms] [WARNING] Failed to decode downloaded font: https://onvio.com.br/staff/SourceSans3-Semibold.f96562e63795e92e.ttf @ https://onvio.com.br/staff/#/dashboard-core-center:0
[   34241ms] [WARNING] OTS parsing error: BASE: invalid table offset @ https://onvio.com.br/staff/#/dashboard-core-center:0
[   34241ms] [WARNING] Failed to decode downloaded font: https://onvio.com.br/staff/SourceSans3-Semibold.f96562e63795e92e.ttf @ https://onvio.com.br/staff/#/dashboard-core-center:0
[   34241ms] [WARNING] OTS parsing error: BASE: invalid table offset @ https://onvio.com.br/staff/#/dashboard-core-center:0
[   34241ms] [WARNING] Failed to decode downloaded font: https://onvio.com.br/staff/SourceSans3-Semibold.f96562e63795e92e.ttf @ https://onvio.com.br/staff/#/dashboard-core-center:0
[   34242ms] [WARNING] OTS parsing error: BASE: invalid table offset @ https://onvio.com.br/staff/#/dashboard-core-center:0
[   34242ms] [WARNING] Failed to decode downloaded font: https://onvio.com.br/staff/SourceSans3-Semibold.f96562e63795e92e.ttf @ https://onvio.com.br/staff/#/dashboard-core-center:0
[   34242ms] [WARNING] OTS parsing error: BASE: invalid table offset @ https://onvio.com.br/staff/#/dashboard-core-center:0
[   34242ms] [WARNING] Failed to decode downloaded font: https://onvio.com.br/staff/SourceSans3-Semibold.f96562e63795e92e.ttf @ https://onvio.com.br/staff/#/dashboard-core-center:0
[   34242ms] [WARNING] OTS parsing error: BASE: invalid table offset @ https://onvio.com.br/staff/#/dashboard-core-center:0
[   34242ms] [WARNING] Failed to decode downloaded font: https://onvio.com.br/staff/SourceSans3-Semibold.f96562e63795e92e.ttf @ https://onvio.com.br/staff/#/dashboard-core-center:0
[   34242ms] [WARNING] OTS parsing error: BASE: invalid table offset @ https://onvio.com.br/staff/#/dashboard-core-center:0
[   34242ms] [WARNING] Failed to decode downloaded font: https://onvio.com.br/staff/SourceSans3-Semibold.f96562e63795e92e.ttf @ https://onvio.com.br/staff/#/dashboard-core-center:0
[   34242ms] [WARNING] OTS parsing error: BASE: invalid table offset @ https://onvio.com.br/staff/#/dashboard-core-center:0
[   34242ms] [WARNING] Failed to decode downloaded font: https://onvio.com.br/staff/SourceSans3-Semibold.f96562e63795e92e.ttf @ https://onvio.com.br/staff/#/dashboard-core-center:0
[   34242ms] [WARNING] OTS parsing error: BASE: invalid table offset @ https://onvio.com.br/staff/#/dashboard-core-center:0
[   34242ms] [WARNING] Failed to decode downloaded font: https://onvio.com.br/staff/SourceSans3-Semibold.f96562e63795e92e.ttf @ https://onvio.com.br/staff/#/dashboard-core-center:0
[   34242ms] [WARNING] OTS parsing error: BASE: invalid table offset @ https://onvio.com.br/staff/#/dashboard-core-center:0
[   34242ms] [WARNING] Failed to decode downloaded font: https://onvio.com.br/staff/SourceSans3-Semibold.f96562e63795e92e.ttf @ https://onvio.com.br/staff/#/dashboard-core-center:0
[   34242ms] [WARNING] OTS parsing error: BASE: invalid table offset @ https://onvio.com.br/staff/#/dashboard-core-center:0
[   34242ms] [WARNING] Failed to decode downloaded font: https://onvio.com.br/staff/SourceSans3-Semibold.f96562e63795e92e.ttf @ https://onvio.com.br/staff/#/dashboard-core-center:0
[   34242ms] [WARNING] OTS parsing error: BASE: invalid table offset @ https://onvio.com.br/staff/#/dashboard-core-center:0
[   34243ms] [WARNING] Failed to decode downloaded font: https://onvio.com.br/staff/SourceSans3-Semibold.f96562e63795e92e.ttf @ https://onvio.com.br/staff/#/dashboard-core-center:0
[   34243ms] [WARNING] OTS parsing error: BASE: invalid table offset @ https://onvio.com.br/staff/#/dashboard-core-center:0
[   34244ms] [WARNING] Failed to decode downloaded font: https://onvio.com.br/staff/SourceSans3-Semibold.f96562e63795e92e.ttf @ https://onvio.com.br/staff/#/dashboard-core-center:0
[   34244ms] [WARNING] OTS parsing error: BASE: invalid table offset @ https://onvio.com.br/staff/#/dashboard-core-center:0
[   34244ms] [WARNING] Failed to decode downloaded font: https://onvio.com.br/staff/SourceSans3-Semibold.f96562e63795e92e.ttf @ https://onvio.com.br/staff/#/dashboard-core-center:0
[   34244ms] [WARNING] OTS parsing error: BASE: invalid table offset @ https://onvio.com.br/staff/#/dashboard-core-center:0
[   34244ms] [WARNING] Failed to decode downloaded font: https://onvio.com.br/staff/SourceSans3-Semibold.f96562e63795e92e.ttf @ https://onvio.com.br/staff/#/dashboard-core-center:0
[   34244ms] [WARNING] OTS parsing error: BASE: invalid table offset @ https://onvio.com.br/staff/#/dashboard-core-center:0
[   34244ms] [WARNING] Failed to decode downloaded font: https://onvio.com.br/staff/SourceSans3-Semibold.f96562e63795e92e.ttf @ https://onvio.com.br/staff/#/dashboard-core-center:0
[   34244ms] [WARNING] OTS parsing error: BASE: invalid table offset @ https://onvio.com.br/staff/#/dashboard-core-center:0
[   34244ms] [WARNING] Failed to decode downloaded font: https://onvio.com.br/staff/SourceSans3-Semibold.f96562e63795e92e.ttf @ https://onvio.com.br/staff/#/dashboard-core-center:0
[   34245ms] [WARNING] OTS parsing error: BASE: invalid table offset @ https://onvio.com.br/staff/#/dashboard-core-center:0
[   34245ms] [WARNING] Failed to decode downloaded font: https://onvio.com.br/staff/SourceSans3-Semibold.f96562e63795e92e.ttf @ https://onvio.com.br/staff/#/dashboard-core-center:0
[   34245ms] [WARNING] OTS parsing error: BASE: invalid table offset @ https://onvio.com.br/staff/#/dashboard-core-center:0
[   34245ms] [WARNING] Failed to decode downloaded font: https://onvio.com.br/staff/SourceSans3-Semibold.f96562e63795e92e.ttf @ https://onvio.com.br/staff/#/dashboard-core-center:0
[   34245ms] [WARNING] OTS parsing error: BASE: invalid table offset @ https://onvio.com.br/staff/#/dashboard-core-center:0
[   34245ms] [WARNING] Failed to decode downloaded font: https://onvio.com.br/staff/SourceSans3-Semibold.f96562e63795e92e.ttf @ https://onvio.com.br/staff/#/dashboard-core-center:0
[   34245ms] [WARNING] OTS parsing error: BASE: invalid table offset @ https://onvio.com.br/staff/#/dashboard-core-center:0
[   34245ms] [WARNING] Failed to decode downloaded font: https://onvio.com.br/staff/SourceSans3-Semibold.f96562e63795e92e.ttf @ https://onvio.com.br/staff/#/dashboard-core-center:0
[   34245ms] [WARNING] OTS parsing error: BASE: invalid table offset @ https://onvio.com.br/staff/#/dashboard-core-center:0
[   34245ms] [WARNING] Failed to decode downloaded font: https://onvio.com.br/staff/SourceSans3-Semibold.f96562e63795e92e.ttf @ https://onvio.com.br/staff/#/dashboard-core-center:0
[   34245ms] [WARNING] OTS parsing error: BASE: invalid table offset @ https://onvio.com.br/staff/#/dashboard-core-center:0
[   34245ms] [WARNING] Failed to decode downloaded font: https://onvio.com.br/staff/SourceSans3-Semibold.f96562e63795e92e.ttf @ https://onvio.com.br/staff/#/dashboard-core-center:0
[   34245ms] [WARNING] OTS parsing error: BASE: invalid table offset @ https://onvio.com.br/staff/#/dashboard-core-center:0
[   34245ms] [WARNING] Failed to decode downloaded font: https://onvio.com.br/staff/SourceSans3-Semibold.f96562e63795e92e.ttf @ https://onvio.com.br/staff/#/dashboard-core-center:0
[   34245ms] [WARNING] OTS parsing error: BASE: invalid table offset @ https://onvio.com.br/staff/#/dashboard-core-center:0
[   34245ms] [WARNING] Failed to decode downloaded font: https://onvio.com.br/staff/SourceSans3-Semibold.f96562e63795e92e.ttf @ https://onvio.com.br/staff/#/dashboard-core-center:0
[   34246ms] [WARNING] OTS parsing error: BASE: invalid table offset @ https://onvio.com.br/staff/#/dashboard-core-center:0
[   34246ms] [WARNING] Failed to decode downloaded font: https://onvio.com.br/staff/SourceSans3-Semibold.f96562e63795e92e.ttf @ https://onvio.com.br/staff/#/dashboard-core-center:0
[   34246ms] [WARNING] OTS parsing error: BASE: invalid table offset @ https://onvio.com.br/staff/#/dashboard-core-center:0
[   34246ms] [WARNING] Failed to decode downloaded font: https://onvio.com.br/staff/SourceSans3-Semibold.f96562e63795e92e.ttf @ https://onvio.com.br/staff/#/dashboard-core-center:0
[   34246ms] [WARNING] OTS parsing error: BASE: invalid table offset @ https://onvio.com.br/staff/#/dashboard-core-center:0
[   34246ms] [WARNING] Failed to decode downloaded font: https://onvio.com.br/staff/SourceSans3-Semibold.f96562e63795e92e.ttf @ https://onvio.com.br/staff/#/dashboard-core-center:0
[   34246ms] [WARNING] OTS parsing error: BASE: invalid table offset @ https://onvio.com.br/staff/#/dashboard-core-center:0
[   34246ms] [WARNING] Failed to decode downloaded font: https://onvio.com.br/staff/SourceSans3-Semibold.f96562e63795e92e.ttf @ https://onvio.com.br/staff/#/dashboard-core-center:0
[   34246ms] [WARNING] OTS parsing error: BASE: invalid table offset @ https://onvio.com.br/staff/#/dashboard-core-center:0
[   34246ms] [WARNING] Failed to decode downloaded font: https://onvio.com.br/staff/SourceSans3-Semibold.f96562e63795e92e.ttf @ https://onvio.com.br/staff/#/dashboard-core-center:0
[   34246ms] [WARNING] OTS parsing error: BASE: invalid table offset @ https://onvio.com.br/staff/#/dashboard-core-center:0
[   34246ms] [WARNING] Failed to decode downloaded font: https://onvio.com.br/staff/SourceSans3-Semibold.f96562e63795e92e.ttf @ https://onvio.com.br/staff/#/dashboard-core-center:0
[   34246ms] [WARNING] OTS parsing error: BASE: invalid table offset @ https://onvio.com.br/staff/#/dashboard-core-center:0
[   34246ms] [WARNING] Failed to decode downloaded font: https://onvio.com.br/staff/SourceSans3-Semibold.f96562e63795e92e.ttf @ https://onvio.com.br/staff/#/dashboard-core-center:0
[   34246ms] [WARNING] OTS parsing error: BASE: invalid table offset @ https://onvio.com.br/staff/#/dashboard-core-center:0
[   34246ms] [WARNING] Failed to decode downloaded font: https://onvio.com.br/staff/SourceSans3-Semibold.f96562e63795e92e.ttf @ https://onvio.com.br/staff/#/dashboard-core-center:0
[   34246ms] [WARNING] OTS parsing error: BASE: invalid table offset @ https://onvio.com.br/staff/#/dashboard-core-center:0
[   34246ms] [WARNING] Failed to decode downloaded font: https://onvio.com.br/staff/SourceSans3-Semibold.f96562e63795e92e.ttf @ https://onvio.com.br/staff/#/dashboard-core-center:0
[   34247ms] [WARNING] OTS parsing error: BASE: invalid table offset @ https://onvio.com.br/staff/#/dashboard-core-center:0
[   34247ms] [WARNING] Failed to decode downloaded font: https://onvio.com.br/staff/SourceSans3-Semibold.f96562e63795e92e.ttf @ https://onvio.com.br/staff/#/dashboard-core-center:0
[   34247ms] [WARNING] OTS parsing error: BASE: invalid table offset @ https://onvio.com.br/staff/#/dashboard-core-center:0
[   34247ms] [WARNING] Failed to decode downloaded font: https://onvio.com.br/staff/SourceSans3-Semibold.f96562e63795e92e.ttf @ https://onvio.com.br/staff/#/dashboard-core-center:0
[   34247ms] [WARNING] OTS parsing error: BASE: invalid table offset @ https://onvio.com.br/staff/#/dashboard-core-center:0
[   34247ms] [WARNING] Failed to decode downloaded font: https://onvio.com.br/staff/SourceSans3-Semibold.f96562e63795e92e.ttf @ https://onvio.com.br/staff/#/dashboard-core-center:0
[   34247ms] [WARNING] OTS parsing error: BASE: invalid table offset @ https://onvio.com.br/staff/#/dashboard-core-center:0
[   34247ms] [WARNING] Failed to decode downloaded font: https://onvio.com.br/staff/SourceSans3-Semibold.f96562e63795e92e.ttf @ https://onvio.com.br/staff/#/dashboard-core-center:0
[   34247ms] [WARNING] OTS parsing error: BASE: invalid table offset @ https://onvio.com.br/staff/#/dashboard-core-center:0
[   34247ms] [WARNING] Failed to decode downloaded font: https://onvio.com.br/staff/SourceSans3-Semibold.f96562e63795e92e.ttf @ https://onvio.com.br/staff/#/dashboard-core-center:0
[   34247ms] [WARNING] OTS parsing error: BASE: invalid table offset @ https://onvio.com.br/staff/#/dashboard-core-center:0
[   34247ms] [WARNING] Failed to decode downloaded font: https://onvio.com.br/staff/SourceSans3-Semibold.f96562e63795e92e.ttf @ https://onvio.com.br/staff/#/dashboard-core-center:0
[   34247ms] [WARNING] OTS parsing error: BASE: invalid table offset @ https://onvio.com.br/staff/#/dashboard-core-center:0
[   34247ms] [WARNING] Failed to decode downloaded font: https://onvio.com.br/staff/SourceSans3-Semibold.f96562e63795e92e.ttf @ https://onvio.com.br/staff/#/dashboard-core-center:0
[   34247ms] [WARNING] OTS parsing error: BASE: invalid table offset @ https://onvio.com.br/staff/#/dashboard-core-center:0
[   34247ms] [WARNING] Failed to decode downloaded font: https://onvio.com.br/staff/SourceSans3-Semibold.f96562e63795e92e.ttf @ https://onvio.com.br/staff/#/dashboard-core-center:0
[   34247ms] [WARNING] OTS parsing error: BASE: invalid table offset @ https://onvio.com.br/staff/#/dashboard-core-center:0
[   34247ms] [WARNING] Failed to decode downloaded font: https://onvio.com.br/staff/SourceSans3-Semibold.f96562e63795e92e.ttf @ https://onvio.com.br/staff/#/dashboard-core-center:0
[   34247ms] [WARNING] OTS parsing error: BASE: invalid table offset @ https://onvio.com.br/staff/#/dashboard-core-center:0
[   34248ms] [WARNING] Failed to decode downloaded font: https://onvio.com.br/staff/SourceSans3-Semibold.f96562e63795e92e.ttf @ https://onvio.com.br/staff/#/dashboard-core-center:0
[   34248ms] [WARNING] OTS parsing error: BASE: invalid table offset @ https://onvio.com.br/staff/#/dashboard-core-center:0
[   34248ms] [WARNING] Failed to decode downloaded font: https://onvio.com.br/staff/SourceSans3-Semibold.f96562e63795e92e.ttf @ https://onvio.com.br/staff/#/dashboard-core-center:0
[   34248ms] [WARNING] OTS parsing error: BASE: invalid table offset @ https://onvio.com.br/staff/#/dashboard-core-center:0
[   34248ms] [WARNING] Failed to decode downloaded font: https://onvio.com.br/staff/SourceSans3-Semibold.f96562e63795e92e.ttf @ https://onvio.com.br/staff/#/dashboard-core-center:0
[   34248ms] [WARNING] OTS parsing error: BASE: invalid table offset @ https://onvio.com.br/staff/#/dashboard-core-center:0
[   38813ms] [ERROR] Failed to load resource: net::ERR_TOO_MANY_REDIRECTS @ https://match.prod.bidr.io/cookie-sync/mediawallah?dif=1&_bee_ppp=1:0
