[   15166ms] [WARNING] Failed to decode downloaded font: https://onvio.com.br/staff/SourceSans3VF-Upright.ttf.e7f20fc9b00b0e8a.woff2 @ https://onvio.com.br/staff/:0
[   15167ms] [WARNING] OTS parsing error: Failed to convert WOFF 2.0 font to SFNT @ https://onvio.com.br/staff/:0
[   15167ms] [WARNING] Failed to decode downloaded font: https://onvio.com.br/staff/SourceSans3VF-Upright.ttf.e7f20fc9b00b0e8a.woff2 @ https://onvio.com.br/staff/:0
[   15168ms] [WARNING] OTS parsing error: Failed to convert WOFF 2.0 font to SFNT @ https://onvio.com.br/staff/:0
[   15168ms] [WARNING] Failed to decode downloaded font: https://onvio.com.br/staff/SourceSans3VF-Upright.ttf.e7f20fc9b00b0e8a.woff2 @ https://onvio.com.br/staff/:0
[   15168ms] [WARNING] OTS parsing error: Failed to convert WOFF 2.0 font to SFNT @ https://onvio.com.br/staff/:0
[   15168ms] [WARNING] Failed to decode downloaded font: https://onvio.com.br/staff/SourceSans3VF-Upright.ttf.e7f20fc9b00b0e8a.woff2 @ https://onvio.com.br/staff/:0
[   15169ms] [WARNING] OTS parsing error: Failed to convert WOFF 2.0 font to SFNT @ https://onvio.com.br/staff/:0
[   15169ms] [WARNING] Failed to decode downloaded font: https://onvio.com.br/staff/SourceSans3VF-Upright.ttf.e7f20fc9b00b0e8a.woff2 @ https://onvio.com.br/staff/:0
[   15169ms] [WARNING] OTS parsing error: Failed to convert WOFF 2.0 font to SFNT @ https://onvio.com.br/staff/:0
[   15170ms] [WARNING] Failed to decode downloaded font: https://onvio.com.br/staff/SourceSans3VF-Upright.ttf.e7f20fc9b00b0e8a.woff2 @ https://onvio.com.br/staff/:0
[   15170ms] [WARNING] OTS parsing error: Failed to convert WOFF 2.0 font to SFNT @ https://onvio.com.br/staff/:0
[   15170ms] [WARNING] Failed to decode downloaded font: https://onvio.com.br/staff/SourceSans3VF-Upright.ttf.e7f20fc9b00b0e8a.woff2 @ https://onvio.com.br/staff/:0
[   15171ms] [WARNING] OTS parsing error: Failed to convert WOFF 2.0 font to SFNT @ https://onvio.com.br/staff/:0
[   15171ms] [WARNING] Failed to decode downloaded font: https://onvio.com.br/staff/SourceSans3VF-Upright.ttf.e7f20fc9b00b0e8a.woff2 @ https://onvio.com.br/staff/:0
[   15171ms] [WARNING] OTS parsing error: Failed to convert WOFF 2.0 font to SFNT @ https://onvio.com.br/staff/:0
[   15171ms] [WARNING] Failed to decode downloaded font: https://onvio.com.br/staff/SourceSans3VF-Upright.ttf.e7f20fc9b00b0e8a.woff2 @ https://onvio.com.br/staff/:0
[   15171ms] [WARNING] OTS parsing error: Failed to convert WOFF 2.0 font to SFNT @ https://onvio.com.br/staff/:0
[   15171ms] [WARNING] Failed to decode downloaded font: https://onvio.com.br/staff/SourceSans3VF-Upright.ttf.e7f20fc9b00b0e8a.woff2 @ https://onvio.com.br/staff/:0
[   15172ms] [WARNING] OTS parsing error: Failed to convert WOFF 2.0 font to SFNT @ https://onvio.com.br/staff/:0
[   15172ms] [WARNING] Failed to decode downloaded font: https://onvio.com.br/staff/SourceSans3VF-Upright.ttf.e7f20fc9b00b0e8a.woff2 @ https://onvio.com.br/staff/:0
[   15172ms] [WARNING] OTS parsing error: Failed to convert WOFF 2.0 font to SFNT @ https://onvio.com.br/staff/:0
[   15173ms] [WARNING] Failed to decode downloaded font: https://onvio.com.br/staff/SourceSans3VF-Upright.ttf.e7f20fc9b00b0e8a.woff2 @ https://onvio.com.br/staff/:0
[   15173ms] [WARNING] OTS parsing error: Failed to convert WOFF 2.0 font to SFNT @ https://onvio.com.br/staff/:0
[   15174ms] [WARNING] Failed to decode downloaded font: https://onvio.com.br/staff/SourceSans3VF-Upright.ttf.e7f20fc9b00b0e8a.woff2 @ https://onvio.com.br/staff/:0
[   15175ms] [WARNING] OTS parsing error: Failed to convert WOFF 2.0 font to SFNT @ https://onvio.com.br/staff/:0
[   15175ms] [WARNING] Failed to decode downloaded font: https://onvio.com.br/staff/SourceSans3VF-Upright.ttf.e7f20fc9b00b0e8a.woff2 @ https://onvio.com.br/staff/:0
[   15176ms] [WARNING] OTS parsing error: Failed to convert WOFF 2.0 font to SFNT @ https://onvio.com.br/staff/:0
[   15177ms] [WARNING] Failed to decode downloaded font: https://onvio.com.br/staff/SourceSans3VF-Upright.ttf.e7f20fc9b00b0e8a.woff2 @ https://onvio.com.br/staff/:0
[   15177ms] [WARNING] OTS parsing error: Failed to convert WOFF 2.0 font to SFNT @ https://onvio.com.br/staff/:0
[   15178ms] [WARNING] Failed to decode downloaded font: https://onvio.com.br/staff/SourceSans3VF-Upright.ttf.e7f20fc9b00b0e8a.woff2 @ https://onvio.com.br/staff/:0
[   15178ms] [WARNING] OTS parsing error: Failed to convert WOFF 2.0 font to SFNT @ https://onvio.com.br/staff/:0
[   15178ms] [WARNING] Failed to decode downloaded font: https://onvio.com.br/staff/SourceSans3VF-Upright.ttf.e7f20fc9b00b0e8a.woff2 @ https://onvio.com.br/staff/:0
[   15178ms] [WARNING] OTS parsing error: Failed to convert WOFF 2.0 font to SFNT @ https://onvio.com.br/staff/:0
[   15178ms] [WARNING] Failed to decode downloaded font: https://onvio.com.br/staff/SourceSans3VF-Upright.ttf.e7f20fc9b00b0e8a.woff2 @ https://onvio.com.br/staff/:0
[   15179ms] [WARNING] OTS parsing error: Failed to convert WOFF 2.0 font to SFNT @ https://onvio.com.br/staff/:0
[   15179ms] [WARNING] Failed to decode downloaded font: https://onvio.com.br/staff/SourceSans3VF-Upright.ttf.e7f20fc9b00b0e8a.woff2 @ https://onvio.com.br/staff/:0
[   15179ms] [WARNING] OTS parsing error: Failed to convert WOFF 2.0 font to SFNT @ https://onvio.com.br/staff/:0
[   15179ms] [WARNING] Failed to decode downloaded font: https://onvio.com.br/staff/SourceSans3VF-Upright.ttf.e7f20fc9b00b0e8a.woff2 @ https://onvio.com.br/staff/:0
[   15180ms] [WARNING] OTS parsing error: Failed to convert WOFF 2.0 font to SFNT @ https://onvio.com.br/staff/:0
[   15180ms] [WARNING] Failed to decode downloaded font: https://onvio.com.br/staff/SourceSans3VF-Upright.ttf.e7f20fc9b00b0e8a.woff2 @ https://onvio.com.br/staff/:0
[   15180ms] [WARNING] OTS parsing error: Failed to convert WOFF 2.0 font to SFNT @ https://onvio.com.br/staff/:0
[   15180ms] [WARNING] Failed to decode downloaded font: https://onvio.com.br/staff/SourceSans3VF-Upright.ttf.e7f20fc9b00b0e8a.woff2 @ https://onvio.com.br/staff/:0
[   15180ms] [WARNING] OTS parsing error: Failed to convert WOFF 2.0 font to SFNT @ https://onvio.com.br/staff/:0
[   15181ms] [WARNING] Failed to decode downloaded font: https://onvio.com.br/staff/SourceSans3VF-Upright.ttf.e7f20fc9b00b0e8a.woff2 @ https://onvio.com.br/staff/:0
[   15181ms] [WARNING] OTS parsing error: Failed to convert WOFF 2.0 font to SFNT @ https://onvio.com.br/staff/:0
[   15181ms] [WARNING] Failed to decode downloaded font: https://onvio.com.br/staff/SourceSans3VF-Upright.ttf.e7f20fc9b00b0e8a.woff2 @ https://onvio.com.br/staff/:0
[   15182ms] [WARNING] OTS parsing error: Failed to convert WOFF 2.0 font to SFNT @ https://onvio.com.br/staff/:0
[   15182ms] [WARNING] Failed to decode downloaded font: https://onvio.com.br/staff/SourceSans3VF-Upright.ttf.e7f20fc9b00b0e8a.woff2 @ https://onvio.com.br/staff/:0
[   15182ms] [WARNING] OTS parsing error: Failed to convert WOFF 2.0 font to SFNT @ https://onvio.com.br/staff/:0
[   15182ms] [WARNING] Failed to decode downloaded font: https://onvio.com.br/staff/SourceSans3VF-Upright.ttf.e7f20fc9b00b0e8a.woff2 @ https://onvio.com.br/staff/:0
[   15182ms] [WARNING] OTS parsing error: Failed to convert WOFF 2.0 font to SFNT @ https://onvio.com.br/staff/:0
[   15183ms] [WARNING] Failed to decode downloaded font: https://onvio.com.br/staff/SourceSans3-Regular.ttf.dab9805cb7eb3d8f.woff @ https://onvio.com.br/staff/:0
[   15183ms] [WARNING] OTS parsing error: incorrect file size in WOFF header @ https://onvio.com.br/staff/:0
[   15184ms] [WARNING] Failed to decode downloaded font: https://onvio.com.br/staff/SourceSans3-Regular.ttf.dab9805cb7eb3d8f.woff @ https://onvio.com.br/staff/:0
[   15184ms] [WARNING] OTS parsing error: incorrect file size in WOFF header @ https://onvio.com.br/staff/:0
[   15184ms] [WARNING] Failed to decode downloaded font: https://onvio.com.br/staff/SourceSans3-Regular.ttf.dab9805cb7eb3d8f.woff @ https://onvio.com.br/staff/:0
[   15184ms] [WARNING] OTS parsing error: incorrect file size in WOFF header @ https://onvio.com.br/staff/:0
[   15184ms] [WARNING] Failed to decode downloaded font: https://onvio.com.br/staff/SourceSans3-Regular.ttf.dab9805cb7eb3d8f.woff @ https://onvio.com.br/staff/:0
[   15184ms] [WARNING] OTS parsing error: incorrect file size in WOFF header @ https://onvio.com.br/staff/:0
[   15184ms] [WARNING] Failed to decode downloaded font: https://onvio.com.br/staff/SourceSans3-Regular.ttf.dab9805cb7eb3d8f.woff @ https://onvio.com.br/staff/:0
[   15185ms] [WARNING] OTS parsing error: incorrect file size in WOFF header @ https://onvio.com.br/staff/:0
[   15185ms] [WARNING] Failed to decode downloaded font: https://onvio.com.br/staff/SourceSans3-Regular.ttf.dab9805cb7eb3d8f.woff @ https://onvio.com.br/staff/:0
[   15185ms] [WARNING] OTS parsing error: incorrect file size in WOFF header @ https://onvio.com.br/staff/:0
[   15185ms] [WARNING] Failed to decode downloaded font: https://onvio.com.br/staff/SourceSans3-Regular.ttf.dab9805cb7eb3d8f.woff @ https://onvio.com.br/staff/:0
[   15185ms] [WARNING] OTS parsing error: incorrect file size in WOFF header @ https://onvio.com.br/staff/:0
[   15185ms] [WARNING] Failed to decode downloaded font: https://onvio.com.br/staff/SourceSans3-Regular.ttf.dab9805cb7eb3d8f.woff @ https://onvio.com.br/staff/:0
[   15186ms] [WARNING] OTS parsing error: incorrect file size in WOFF header @ https://onvio.com.br/staff/:0
[   15186ms] [WARNING] Failed to decode downloaded font: https://onvio.com.br/staff/SourceSans3-Regular.ttf.dab9805cb7eb3d8f.woff @ https://onvio.com.br/staff/:0
[   15186ms] [WARNING] OTS parsing error: incorrect file size in WOFF header @ https://onvio.com.br/staff/:0
[   15186ms] [WARNING] Failed to decode downloaded font: https://onvio.com.br/staff/SourceSans3-Regular.ttf.dab9805cb7eb3d8f.woff @ https://onvio.com.br/staff/:0
[   15186ms] [WARNING] OTS parsing error: incorrect file size in WOFF header @ https://onvio.com.br/staff/:0
[   15186ms] [WARNING] Failed to decode downloaded font: https://onvio.com.br/staff/SourceSans3-Regular.ttf.dab9805cb7eb3d8f.woff @ https://onvio.com.br/staff/:0
[   15187ms] [WARNING] OTS parsing error: incorrect file size in WOFF header @ https://onvio.com.br/staff/:0
[   15187ms] [WARNING] Failed to decode downloaded font: https://onvio.com.br/staff/SourceSans3-Regular.ttf.dab9805cb7eb3d8f.woff @ https://onvio.com.br/staff/:0
[   15187ms] [WARNING] OTS parsing error: incorrect file size in WOFF header @ https://onvio.com.br/staff/:0
[   15187ms] [WARNING] Failed to decode downloaded font: https://onvio.com.br/staff/SourceSans3-Regular.ttf.dab9805cb7eb3d8f.woff @ https://onvio.com.br/staff/:0
[   15188ms] [WARNING] OTS parsing error: incorrect file size in WOFF header @ https://onvio.com.br/staff/:0
[   15188ms] [WARNING] Failed to decode downloaded font: https://onvio.com.br/staff/SourceSans3-Regular.ttf.dab9805cb7eb3d8f.woff @ https://onvio.com.br/staff/:0
[   15188ms] [WARNING] OTS parsing error: incorrect file size in WOFF header @ https://onvio.com.br/staff/:0
[   15188ms] [WARNING] Failed to decode downloaded font: https://onvio.com.br/staff/SourceSans3-Regular.ttf.dab9805cb7eb3d8f.woff @ https://onvio.com.br/staff/:0
[   15188ms] [WARNING] OTS parsing error: incorrect file size in WOFF header @ https://onvio.com.br/staff/:0
[   15188ms] [WARNING] Failed to decode downloaded font: https://onvio.com.br/staff/SourceSans3-Regular.ttf.dab9805cb7eb3d8f.woff @ https://onvio.com.br/staff/:0
[   15188ms] [WARNING] OTS parsing error: incorrect file size in WOFF header @ https://onvio.com.br/staff/:0
[   15188ms] [WARNING] Failed to decode downloaded font: https://onvio.com.br/staff/SourceSans3-Regular.ttf.dab9805cb7eb3d8f.woff @ https://onvio.com.br/staff/:0
[   15188ms] [WARNING] OTS parsing error: incorrect file size in WOFF header @ https://onvio.com.br/staff/:0
[   15189ms] [WARNING] Failed to decode downloaded font: https://onvio.com.br/staff/SourceSans3-Regular.ttf.dab9805cb7eb3d8f.woff @ https://onvio.com.br/staff/:0
[   15189ms] [WARNING] OTS parsing error: incorrect file size in WOFF header @ https://onvio.com.br/staff/:0
[   15223ms] [WARNING] Failed to decode downloaded font: https://onvio.com.br/staff/SourceSans3VF-Upright.ttf.e7f20fc9b00b0e8a.woff2 @ https://onvio.com.br/staff/:0
[   15224ms] [WARNING] OTS parsing error: Failed to convert WOFF 2.0 font to SFNT @ https://onvio.com.br/staff/:0
[   15224ms] [WARNING] Failed to decode downloaded font: https://onvio.com.br/staff/SourceSans3-Regular.ttf.dab9805cb7eb3d8f.woff @ https://onvio.com.br/staff/:0
[   15224ms] [WARNING] OTS parsing error: incorrect file size in WOFF header @ https://onvio.com.br/staff/:0
[   15224ms] [WARNING] Failed to decode downloaded font: https://onvio.com.br/staff/SourceSans3VF-Upright.ttf.e7f20fc9b00b0e8a.woff2 @ https://onvio.com.br/staff/:0
[   15224ms] [WARNING] OTS parsing error: Failed to convert WOFF 2.0 font to SFNT @ https://onvio.com.br/staff/:0
[   15225ms] [WARNING] Failed to decode downloaded font: https://onvio.com.br/staff/SourceSans3-Regular.ttf.dab9805cb7eb3d8f.woff @ https://onvio.com.br/staff/:0
[   15225ms] [WARNING] OTS parsing error: incorrect file size in WOFF header @ https://onvio.com.br/staff/:0
[   15225ms] [WARNING] Failed to decode downloaded font: https://onvio.com.br/staff/SourceSans3VF-Upright.ttf.e7f20fc9b00b0e8a.woff2 @ https://onvio.com.br/staff/:0
[   15225ms] [WARNING] OTS parsing error: Failed to convert WOFF 2.0 font to SFNT @ https://onvio.com.br/staff/:0
[   15226ms] [WARNING] Failed to decode downloaded font: https://onvio.com.br/staff/SourceSans3-Regular.ttf.dab9805cb7eb3d8f.woff @ https://onvio.com.br/staff/:0
[   15226ms] [WARNING] OTS parsing error: incorrect file size in WOFF header @ https://onvio.com.br/staff/:0
[   15226ms] [WARNING] Failed to decode downloaded font: https://onvio.com.br/staff/SourceSans3VF-Upright.ttf.e7f20fc9b00b0e8a.woff2 @ https://onvio.com.br/staff/:0
[   15226ms] [WARNING] OTS parsing error: Failed to convert WOFF 2.0 font to SFNT @ https://onvio.com.br/staff/:0
[   15226ms] [WARNING] Failed to decode downloaded font: https://onvio.com.br/staff/SourceSans3-Regular.ttf.dab9805cb7eb3d8f.woff @ https://onvio.com.br/staff/:0
[   15226ms] [WARNING] OTS parsing error: incorrect file size in WOFF header @ https://onvio.com.br/staff/:0
[   15226ms] [WARNING] Failed to decode downloaded font: https://onvio.com.br/staff/SourceSans3VF-Upright.ttf.e7f20fc9b00b0e8a.woff2 @ https://onvio.com.br/staff/:0
[   15227ms] [WARNING] OTS parsing error: Failed to convert WOFF 2.0 font to SFNT @ https://onvio.com.br/staff/:0
[   15227ms] [WARNING] Failed to decode downloaded font: https://onvio.com.br/staff/SourceSans3-Regular.ttf.dab9805cb7eb3d8f.woff @ https://onvio.com.br/staff/:0
[   15227ms] [WARNING] OTS parsing error: incorrect file size in WOFF header @ https://onvio.com.br/staff/:0
[   15227ms] [WARNING] Failed to decode downloaded font: https://onvio.com.br/staff/SourceSans3VF-Upright.ttf.e7f20fc9b00b0e8a.woff2 @ https://onvio.com.br/staff/:0
[   15227ms] [WARNING] OTS parsing error: Failed to convert WOFF 2.0 font to SFNT @ https://onvio.com.br/staff/:0
[   15227ms] [WARNING] Failed to decode downloaded font: https://onvio.com.br/staff/SourceSans3VF-Upright.ttf.e7f20fc9b00b0e8a.woff2 @ https://onvio.com.br/staff/:0
[   15228ms] [WARNING] OTS parsing error: Failed to convert WOFF 2.0 font to SFNT @ https://onvio.com.br/staff/:0
[   15228ms] [WARNING] Failed to decode downloaded font: https://onvio.com.br/staff/SourceSans3VF-Upright.ttf.e7f20fc9b00b0e8a.woff2 @ https://onvio.com.br/staff/:0
[   15228ms] [WARNING] OTS parsing error: Failed to convert WOFF 2.0 font to SFNT @ https://onvio.com.br/staff/:0
[   15228ms] [WARNING] Failed to decode downloaded font: https://onvio.com.br/staff/SourceSans3VF-Upright.ttf.e7f20fc9b00b0e8a.woff2 @ https://onvio.com.br/staff/:0
[   15228ms] [WARNING] OTS parsing error: Failed to convert WOFF 2.0 font to SFNT @ https://onvio.com.br/staff/:0
[   15228ms] [WARNING] Failed to decode downloaded font: https://onvio.com.br/staff/SourceSans3VF-Upright.ttf.e7f20fc9b00b0e8a.woff2 @ https://onvio.com.br/staff/:0
[   15228ms] [WARNING] OTS parsing error: Failed to convert WOFF 2.0 font to SFNT @ https://onvio.com.br/staff/:0
[   15228ms] [WARNING] Failed to decode downloaded font: https://onvio.com.br/staff/SourceSans3VF-Upright.ttf.e7f20fc9b00b0e8a.woff2 @ https://onvio.com.br/staff/:0
[   15228ms] [WARNING] OTS parsing error: Failed to convert WOFF 2.0 font to SFNT @ https://onvio.com.br/staff/:0
[   15228ms] [WARNING] Failed to decode downloaded font: https://onvio.com.br/staff/SourceSans3VF-Upright.ttf.e7f20fc9b00b0e8a.woff2 @ https://onvio.com.br/staff/:0
[   15228ms] [WARNING] OTS parsing error: Failed to convert WOFF 2.0 font to SFNT @ https://onvio.com.br/staff/:0
[   15229ms] [WARNING] Failed to decode downloaded font: https://onvio.com.br/staff/SourceSans3VF-Upright.ttf.e7f20fc9b00b0e8a.woff2 @ https://onvio.com.br/staff/:0
[   15229ms] [WARNING] OTS parsing error: Failed to convert WOFF 2.0 font to SFNT @ https://onvio.com.br/staff/:0
[   15229ms] [WARNING] Failed to decode downloaded font: https://onvio.com.br/staff/SourceSans3VF-Upright.ttf.e7f20fc9b00b0e8a.woff2 @ https://onvio.com.br/staff/:0
[   15229ms] [WARNING] OTS parsing error: Failed to convert WOFF 2.0 font to SFNT @ https://onvio.com.br/staff/:0
[   15229ms] [WARNING] Failed to decode downloaded font: https://onvio.com.br/staff/SourceSans3-Regular.ttf.dab9805cb7eb3d8f.woff @ https://onvio.com.br/staff/:0
[   15229ms] [WARNING] OTS parsing error: incorrect file size in WOFF header @ https://onvio.com.br/staff/:0
[   15229ms] [WARNING] Failed to decode downloaded font: https://onvio.com.br/staff/SourceSans3VF-Upright.ttf.e7f20fc9b00b0e8a.woff2 @ https://onvio.com.br/staff/:0
[   15230ms] [WARNING] OTS parsing error: Failed to convert WOFF 2.0 font to SFNT @ https://onvio.com.br/staff/:0
[   15230ms] [WARNING] Failed to decode downloaded font: https://onvio.com.br/staff/SourceSans3-Regular.ttf.dab9805cb7eb3d8f.woff @ https://onvio.com.br/staff/:0
[   15230ms] [WARNING] OTS parsing error: incorrect file size in WOFF header @ https://onvio.com.br/staff/:0
[   15230ms] [WARNING] Failed to decode downloaded font: https://onvio.com.br/staff/SourceSans3VF-Upright.ttf.e7f20fc9b00b0e8a.woff2 @ https://onvio.com.br/staff/:0
[   15230ms] [WARNING] OTS parsing error: Failed to convert WOFF 2.0 font to SFNT @ https://onvio.com.br/staff/:0
[   15230ms] [WARNING] Failed to decode downloaded font: https://onvio.com.br/staff/SourceSans3-Regular.ttf.dab9805cb7eb3d8f.woff @ https://onvio.com.br/staff/:0
[   15231ms] [WARNING] OTS parsing error: incorrect file size in WOFF header @ https://onvio.com.br/staff/:0
[   15231ms] [WARNING] Failed to decode downloaded font: https://onvio.com.br/staff/SourceSans3VF-Upright.ttf.e7f20fc9b00b0e8a.woff2 @ https://onvio.com.br/staff/:0
[   15231ms] [WARNING] OTS parsing error: Failed to convert WOFF 2.0 font to SFNT @ https://onvio.com.br/staff/:0
[   15231ms] [WARNING] Failed to decode downloaded font: https://onvio.com.br/staff/SourceSans3-Regular.ttf.dab9805cb7eb3d8f.woff @ https://onvio.com.br/staff/:0
[   15231ms] [WARNING] OTS parsing error: incorrect file size in WOFF header @ https://onvio.com.br/staff/:0
[   15231ms] [WARNING] Failed to decode downloaded font: https://onvio.com.br/staff/SourceSans3VF-Upright.ttf.e7f20fc9b00b0e8a.woff2 @ https://onvio.com.br/staff/:0
[   15232ms] [WARNING] OTS parsing error: Failed to convert WOFF 2.0 font to SFNT @ https://onvio.com.br/staff/:0
[   15232ms] [WARNING] Failed to decode downloaded font: https://onvio.com.br/staff/SourceSans3-Regular.ttf.dab9805cb7eb3d8f.woff @ https://onvio.com.br/staff/:0
[   15232ms] [WARNING] OTS parsing error: incorrect file size in WOFF header @ https://onvio.com.br/staff/:0
[   15232ms] [WARNING] Failed to decode downloaded font: https://onvio.com.br/staff/SourceSans3VF-Upright.ttf.e7f20fc9b00b0e8a.woff2 @ https://onvio.com.br/staff/:0
[   15232ms] [WARNING] OTS parsing error: Failed to convert WOFF 2.0 font to SFNT @ https://onvio.com.br/staff/:0
[   15232ms] [WARNING] Failed to decode downloaded font: https://onvio.com.br/staff/SourceSans3-Regular.ttf.dab9805cb7eb3d8f.woff @ https://onvio.com.br/staff/:0
[   15232ms] [WARNING] OTS parsing error: incorrect file size in WOFF header @ https://onvio.com.br/staff/:0
[   15232ms] [WARNING] Failed to decode downloaded font: https://onvio.com.br/staff/SourceSans3VF-Upright.ttf.e7f20fc9b00b0e8a.woff2 @ https://onvio.com.br/staff/:0
[   15232ms] [WARNING] OTS parsing error: Failed to convert WOFF 2.0 font to SFNT @ https://onvio.com.br/staff/:0
[   15232ms] [WARNING] Failed to decode downloaded font: https://onvio.com.br/staff/SourceSans3-Regular.ttf.dab9805cb7eb3d8f.woff @ https://onvio.com.br/staff/:0
[   15233ms] [WARNING] OTS parsing error: incorrect file size in WOFF header @ https://onvio.com.br/staff/:0
[   15233ms] [WARNING] Failed to decode downloaded font: https://onvio.com.br/staff/SourceSans3VF-Upright.ttf.e7f20fc9b00b0e8a.woff2 @ https://onvio.com.br/staff/:0
[   15233ms] [WARNING] OTS parsing error: Failed to convert WOFF 2.0 font to SFNT @ https://onvio.com.br/staff/:0
[   15233ms] [WARNING] Failed to decode downloaded font: https://onvio.com.br/staff/SourceSans3-Regular.ttf.dab9805cb7eb3d8f.woff @ https://onvio.com.br/staff/:0
[   15233ms] [WARNING] OTS parsing error: incorrect file size in WOFF header @ https://onvio.com.br/staff/:0
[   15233ms] [WARNING] Failed to decode downloaded font: https://onvio.com.br/staff/SourceSans3VF-Upright.ttf.e7f20fc9b00b0e8a.woff2 @ https://onvio.com.br/staff/:0
[   15233ms] [WARNING] OTS parsing error: Failed to convert WOFF 2.0 font to SFNT @ https://onvio.com.br/staff/:0
[   15233ms] [WARNING] Failed to decode downloaded font: https://onvio.com.br/staff/SourceSans3-Regular.ttf.dab9805cb7eb3d8f.woff @ https://onvio.com.br/staff/:0
[   15233ms] [WARNING] OTS parsing error: incorrect file size in WOFF header @ https://onvio.com.br/staff/:0
[   15233ms] [WARNING] Failed to decode downloaded font: https://onvio.com.br/staff/SourceSans3VF-Upright.ttf.e7f20fc9b00b0e8a.woff2 @ https://onvio.com.br/staff/:0
[   15234ms] [WARNING] OTS parsing error: Failed to convert WOFF 2.0 font to SFNT @ https://onvio.com.br/staff/:0
[   15234ms] [WARNING] Failed to decode downloaded font: https://onvio.com.br/staff/SourceSans3-Regular.ttf.dab9805cb7eb3d8f.woff @ https://onvio.com.br/staff/:0
[   15234ms] [WARNING] OTS parsing error: incorrect file size in WOFF header @ https://onvio.com.br/staff/:0
[   15234ms] [WARNING] Failed to decode downloaded font: https://onvio.com.br/staff/SourceSans3VF-Upright.ttf.e7f20fc9b00b0e8a.woff2 @ https://onvio.com.br/staff/:0
[   15234ms] [WARNING] OTS parsing error: Failed to convert WOFF 2.0 font to SFNT @ https://onvio.com.br/staff/:0
[   15234ms] [WARNING] Failed to decode downloaded font: https://onvio.com.br/staff/SourceSans3-Regular.ttf.dab9805cb7eb3d8f.woff @ https://onvio.com.br/staff/:0
[   15234ms] [WARNING] OTS parsing error: incorrect file size in WOFF header @ https://onvio.com.br/staff/:0
[   15234ms] [WARNING] Failed to decode downloaded font: https://onvio.com.br/staff/SourceSans3VF-Upright.ttf.e7f20fc9b00b0e8a.woff2 @ https://onvio.com.br/staff/:0
[   15234ms] [WARNING] OTS parsing error: Failed to convert WOFF 2.0 font to SFNT @ https://onvio.com.br/staff/:0
[   15235ms] [WARNING] Failed to decode downloaded font: https://onvio.com.br/staff/SourceSans3-Regular.ttf.dab9805cb7eb3d8f.woff @ https://onvio.com.br/staff/:0
[   15235ms] [WARNING] OTS parsing error: incorrect file size in WOFF header @ https://onvio.com.br/staff/:0
[   15235ms] [WARNING] Failed to decode downloaded font: https://onvio.com.br/staff/SourceSans3VF-Upright.ttf.e7f20fc9b00b0e8a.woff2 @ https://onvio.com.br/staff/:0
[   15235ms] [WARNING] OTS parsing error: Failed to convert WOFF 2.0 font to SFNT @ https://onvio.com.br/staff/:0
[   15236ms] [WARNING] Failed to decode downloaded font: https://onvio.com.br/staff/SourceSans3-Regular.ttf.dab9805cb7eb3d8f.woff @ https://onvio.com.br/staff/:0
[   15236ms] [WARNING] OTS parsing error: incorrect file size in WOFF header @ https://onvio.com.br/staff/:0
[   15236ms] [WARNING] Failed to decode downloaded font: https://onvio.com.br/staff/SourceSans3VF-Upright.ttf.e7f20fc9b00b0e8a.woff2 @ https://onvio.com.br/staff/:0
[   15236ms] [WARNING] OTS parsing error: Failed to convert WOFF 2.0 font to SFNT @ https://onvio.com.br/staff/:0
[   15236ms] [WARNING] Failed to decode downloaded font: https://onvio.com.br/staff/SourceSans3-Regular.ttf.dab9805cb7eb3d8f.woff @ https://onvio.com.br/staff/:0
[   15236ms] [WARNING] OTS parsing error: incorrect file size in WOFF header @ https://onvio.com.br/staff/:0
[   15236ms] [WARNING] Failed to decode downloaded font: https://onvio.com.br/staff/SourceSans3VF-Upright.ttf.e7f20fc9b00b0e8a.woff2 @ https://onvio.com.br/staff/:0
[   15236ms] [WARNING] OTS parsing error: Failed to convert WOFF 2.0 font to SFNT @ https://onvio.com.br/staff/:0
[   15236ms] [WARNING] Failed to decode downloaded font: https://onvio.com.br/staff/SourceSans3-Regular.ttf.dab9805cb7eb3d8f.woff @ https://onvio.com.br/staff/:0
[   15236ms] [WARNING] OTS parsing error: incorrect file size in WOFF header @ https://onvio.com.br/staff/:0
[   15236ms] [WARNING] Failed to decode downloaded font: https://onvio.com.br/staff/SourceSans3VF-Upright.ttf.e7f20fc9b00b0e8a.woff2 @ https://onvio.com.br/staff/:0
[   15236ms] [WARNING] OTS parsing error: Failed to convert WOFF 2.0 font to SFNT @ https://onvio.com.br/staff/:0
[   15236ms] [WARNING] Failed to decode downloaded font: https://onvio.com.br/staff/SourceSans3-Regular.ttf.dab9805cb7eb3d8f.woff @ https://onvio.com.br/staff/:0
[   15236ms] [WARNING] OTS parsing error: incorrect file size in WOFF header @ https://onvio.com.br/staff/:0
[   15237ms] [WARNING] Failed to decode downloaded font: https://onvio.com.br/staff/SourceSans3VF-Upright.ttf.e7f20fc9b00b0e8a.woff2 @ https://onvio.com.br/staff/:0
[   15237ms] [WARNING] OTS parsing error: Failed to convert WOFF 2.0 font to SFNT @ https://onvio.com.br/staff/:0
[   15237ms] [WARNING] Failed to decode downloaded font: https://onvio.com.br/staff/SourceSans3-Regular.ttf.dab9805cb7eb3d8f.woff @ https://onvio.com.br/staff/:0
[   15237ms] [WARNING] OTS parsing error: incorrect file size in WOFF header @ https://onvio.com.br/staff/:0
[   15237ms] [WARNING] Failed to decode downloaded font: https://onvio.com.br/staff/SourceSans3VF-Upright.ttf.e7f20fc9b00b0e8a.woff2 @ https://onvio.com.br/staff/:0
[   15237ms] [WARNING] OTS parsing error: Failed to convert WOFF 2.0 font to SFNT @ https://onvio.com.br/staff/:0
[   15237ms] [WARNING] Failed to decode downloaded font: https://onvio.com.br/staff/SourceSans3-Regular.ttf.dab9805cb7eb3d8f.woff @ https://onvio.com.br/staff/:0
[   15237ms] [WARNING] OTS parsing error: incorrect file size in WOFF header @ https://onvio.com.br/staff/:0
[   15237ms] [WARNING] Failed to decode downloaded font: https://onvio.com.br/staff/SourceSans3VF-Upright.ttf.e7f20fc9b00b0e8a.woff2 @ https://onvio.com.br/staff/:0
[   15237ms] [WARNING] OTS parsing error: Failed to convert WOFF 2.0 font to SFNT @ https://onvio.com.br/staff/:0
[   15237ms] [WARNING] Failed to decode downloaded font: https://onvio.com.br/staff/SourceSans3VF-Upright.ttf.e7f20fc9b00b0e8a.woff2 @ https://onvio.com.br/staff/:0
[   15237ms] [WARNING] OTS parsing error: Failed to convert WOFF 2.0 font to SFNT @ https://onvio.com.br/staff/:0
[   15237ms] [WARNING] Failed to decode downloaded font: https://onvio.com.br/staff/SourceSans3VF-Upright.ttf.e7f20fc9b00b0e8a.woff2 @ https://onvio.com.br/staff/:0
[   15237ms] [WARNING] OTS parsing error: Failed to convert WOFF 2.0 font to SFNT @ https://onvio.com.br/staff/:0
[   15238ms] [WARNING] Failed to decode downloaded font: https://onvio.com.br/staff/SourceSans3VF-Upright.ttf.e7f20fc9b00b0e8a.woff2 @ https://onvio.com.br/staff/:0
[   15238ms] [WARNING] OTS parsing error: Failed to convert WOFF 2.0 font to SFNT @ https://onvio.com.br/staff/:0
[   15238ms] [WARNING] Failed to decode downloaded font: https://onvio.com.br/staff/SourceSans3VF-Upright.ttf.e7f20fc9b00b0e8a.woff2 @ https://onvio.com.br/staff/:0
[   15238ms] [WARNING] OTS parsing error: Failed to convert WOFF 2.0 font to SFNT @ https://onvio.com.br/staff/:0
[   15238ms] [WARNING] Failed to decode downloaded font: https://onvio.com.br/staff/SourceSans3VF-Upright.ttf.e7f20fc9b00b0e8a.woff2 @ https://onvio.com.br/staff/:0
[   15238ms] [WARNING] OTS parsing error: Failed to convert WOFF 2.0 font to SFNT @ https://onvio.com.br/staff/:0
[   15238ms] [WARNING] Failed to decode downloaded font: https://onvio.com.br/staff/SourceSans3VF-Upright.ttf.e7f20fc9b00b0e8a.woff2 @ https://onvio.com.br/staff/:0
[   15238ms] [WARNING] OTS parsing error: Failed to convert WOFF 2.0 font to SFNT @ https://onvio.com.br/staff/:0
[   15238ms] [WARNING] Failed to decode downloaded font: https://onvio.com.br/staff/SourceSans3VF-Upright.ttf.e7f20fc9b00b0e8a.woff2 @ https://onvio.com.br/staff/:0
[   15238ms] [WARNING] OTS parsing error: Failed to convert WOFF 2.0 font to SFNT @ https://onvio.com.br/staff/:0
[   15238ms] [WARNING] Failed to decode downloaded font: https://onvio.com.br/staff/SourceSans3VF-Upright.ttf.e7f20fc9b00b0e8a.woff2 @ https://onvio.com.br/staff/:0
[   15238ms] [WARNING] OTS parsing error: Failed to convert WOFF 2.0 font to SFNT @ https://onvio.com.br/staff/:0
[   15239ms] [WARNING] Failed to decode downloaded font: https://onvio.com.br/staff/SourceSans3-Regular.ttf.dab9805cb7eb3d8f.woff @ https://onvio.com.br/staff/:0
[   15239ms] [WARNING] OTS parsing error: incorrect file size in WOFF header @ https://onvio.com.br/staff/:0
[   15239ms] [WARNING] Failed to decode downloaded font: https://onvio.com.br/staff/SourceSans3VF-Upright.ttf.e7f20fc9b00b0e8a.woff2 @ https://onvio.com.br/staff/:0
[   15239ms] [WARNING] OTS parsing error: Failed to convert WOFF 2.0 font to SFNT @ https://onvio.com.br/staff/:0
[   15239ms] [WARNING] Failed to decode downloaded font: https://onvio.com.br/staff/SourceSans3-Regular.ttf.dab9805cb7eb3d8f.woff @ https://onvio.com.br/staff/:0
[   15239ms] [WARNING] OTS parsing error: incorrect file size in WOFF header @ https://onvio.com.br/staff/:0
[   15239ms] [WARNING] Failed to decode downloaded font: https://onvio.com.br/staff/SourceSans3VF-Upright.ttf.e7f20fc9b00b0e8a.woff2 @ https://onvio.com.br/staff/:0
[   15239ms] [WARNING] OTS parsing error: Failed to convert WOFF 2.0 font to SFNT @ https://onvio.com.br/staff/:0
[   15239ms] [WARNING] Failed to decode downloaded font: https://onvio.com.br/staff/SourceSans3-Regular.ttf.dab9805cb7eb3d8f.woff @ https://onvio.com.br/staff/:0
[   15240ms] [WARNING] OTS parsing error: incorrect file size in WOFF header @ https://onvio.com.br/staff/:0
[   15240ms] [WARNING] Failed to decode downloaded font: https://onvio.com.br/staff/SourceSans3VF-Upright.ttf.e7f20fc9b00b0e8a.woff2 @ https://onvio.com.br/staff/:0
[   15240ms] [WARNING] OTS parsing error: Failed to convert WOFF 2.0 font to SFNT @ https://onvio.com.br/staff/:0
[   15240ms] [WARNING] Failed to decode downloaded font: https://onvio.com.br/staff/SourceSans3-Regular.ttf.dab9805cb7eb3d8f.woff @ https://onvio.com.br/staff/:0
[   15240ms] [WARNING] OTS parsing error: incorrect file size in WOFF header @ https://onvio.com.br/staff/:0
[   15240ms] [WARNING] Failed to decode downloaded font: https://onvio.com.br/staff/SourceSans3VF-Upright.ttf.e7f20fc9b00b0e8a.woff2 @ https://onvio.com.br/staff/:0
[   15241ms] [WARNING] OTS parsing error: Failed to convert WOFF 2.0 font to SFNT @ https://onvio.com.br/staff/:0
[   15241ms] [WARNING] Failed to decode downloaded font: https://onvio.com.br/staff/SourceSans3-Regular.ttf.dab9805cb7eb3d8f.woff @ https://onvio.com.br/staff/:0
[   15241ms] [WARNING] OTS parsing error: incorrect file size in WOFF header @ https://onvio.com.br/staff/:0
[   15241ms] [WARNING] Failed to decode downloaded font: https://onvio.com.br/staff/SourceSans3VF-Upright.ttf.e7f20fc9b00b0e8a.woff2 @ https://onvio.com.br/staff/:0
[   15241ms] [WARNING] OTS parsing error: Failed to convert WOFF 2.0 font to SFNT @ https://onvio.com.br/staff/:0
[   15241ms] [WARNING] Failed to decode downloaded font: https://onvio.com.br/staff/SourceSans3-Regular.ttf.dab9805cb7eb3d8f.woff @ https://onvio.com.br/staff/:0
[   15241ms] [WARNING] OTS parsing error: incorrect file size in WOFF header @ https://onvio.com.br/staff/:0
[   15241ms] [WARNING] Failed to decode downloaded font: https://onvio.com.br/staff/SourceSans3VF-Upright.ttf.e7f20fc9b00b0e8a.woff2 @ https://onvio.com.br/staff/:0
[   15241ms] [WARNING] OTS parsing error: Failed to convert WOFF 2.0 font to SFNT @ https://onvio.com.br/staff/:0
[   15241ms] [WARNING] Failed to decode downloaded font: https://onvio.com.br/staff/SourceSans3-Regular.ttf.dab9805cb7eb3d8f.woff @ https://onvio.com.br/staff/:0
[   15241ms] [WARNING] OTS parsing error: incorrect file size in WOFF header @ https://onvio.com.br/staff/:0
[   15242ms] [WARNING] Failed to decode downloaded font: https://onvio.com.br/staff/SourceSans3VF-Upright.ttf.e7f20fc9b00b0e8a.woff2 @ https://onvio.com.br/staff/:0
[   15242ms] [WARNING] OTS parsing error: Failed to convert WOFF 2.0 font to SFNT @ https://onvio.com.br/staff/:0
[   15242ms] [WARNING] Failed to decode downloaded font: https://onvio.com.br/staff/SourceSans3-Regular.ttf.dab9805cb7eb3d8f.woff @ https://onvio.com.br/staff/:0
[   15242ms] [WARNING] OTS parsing error: incorrect file size in WOFF header @ https://onvio.com.br/staff/:0
[   15242ms] [WARNING] Failed to decode downloaded font: https://onvio.com.br/staff/SourceSans3VF-Upright.ttf.e7f20fc9b00b0e8a.woff2 @ https://onvio.com.br/staff/:0
[   15242ms] [WARNING] OTS parsing error: Failed to convert WOFF 2.0 font to SFNT @ https://onvio.com.br/staff/:0
[   15242ms] [WARNING] Failed to decode downloaded font: https://onvio.com.br/staff/SourceSans3-Regular.ttf.dab9805cb7eb3d8f.woff @ https://onvio.com.br/staff/:0
[   15242ms] [WARNING] OTS parsing error: incorrect file size in WOFF header @ https://onvio.com.br/staff/:0
[   15242ms] [WARNING] Failed to decode downloaded font: https://onvio.com.br/staff/SourceSans3VF-Upright.ttf.e7f20fc9b00b0e8a.woff2 @ https://onvio.com.br/staff/:0
[   15242ms] [WARNING] OTS parsing error: Failed to convert WOFF 2.0 font to SFNT @ https://onvio.com.br/staff/:0
[   15242ms] [WARNING] Failed to decode downloaded font: https://onvio.com.br/staff/SourceSans3-Regular.ttf.dab9805cb7eb3d8f.woff @ https://onvio.com.br/staff/:0
[   15243ms] [WARNING] OTS parsing error: incorrect file size in WOFF header @ https://onvio.com.br/staff/:0
[   15243ms] [WARNING] Failed to decode downloaded font: https://onvio.com.br/staff/SourceSans3VF-Upright.ttf.e7f20fc9b00b0e8a.woff2 @ https://onvio.com.br/staff/:0
[   15243ms] [WARNING] OTS parsing error: Failed to convert WOFF 2.0 font to SFNT @ https://onvio.com.br/staff/:0
[   15243ms] [WARNING] Failed to decode downloaded font: https://onvio.com.br/staff/SourceSans3-Regular.ttf.dab9805cb7eb3d8f.woff @ https://onvio.com.br/staff/:0
[   15243ms] [WARNING] OTS parsing error: incorrect file size in WOFF header @ https://onvio.com.br/staff/:0
[   15243ms] [WARNING] Failed to decode downloaded font: https://onvio.com.br/staff/SourceSans3VF-Upright.ttf.e7f20fc9b00b0e8a.woff2 @ https://onvio.com.br/staff/:0
[   15243ms] [WARNING] OTS parsing error: Failed to convert WOFF 2.0 font to SFNT @ https://onvio.com.br/staff/:0
[   15243ms] [WARNING] Failed to decode downloaded font: https://onvio.com.br/staff/SourceSans3-Regular.ttf.dab9805cb7eb3d8f.woff @ https://onvio.com.br/staff/:0
[   15243ms] [WARNING] OTS parsing error: incorrect file size in WOFF header @ https://onvio.com.br/staff/:0
[   15244ms] [WARNING] Failed to decode downloaded font: https://onvio.com.br/staff/SourceSans3VF-Upright.ttf.e7f20fc9b00b0e8a.woff2 @ https://onvio.com.br/staff/:0
[   15244ms] [WARNING] OTS parsing error: Failed to convert WOFF 2.0 font to SFNT @ https://onvio.com.br/staff/:0
[   15244ms] [WARNING] Failed to decode downloaded font: https://onvio.com.br/staff/SourceSans3-Regular.ttf.dab9805cb7eb3d8f.woff @ https://onvio.com.br/staff/:0
[   15244ms] [WARNING] OTS parsing error: incorrect file size in WOFF header @ https://onvio.com.br/staff/:0
[   15270ms] [WARNING] Failed to decode downloaded font: https://onvio.com.br/staff/SourceSans3VF-Upright.ttf.e7f20fc9b00b0e8a.woff2 @ https://onvio.com.br/staff/:0
[   15270ms] [WARNING] OTS parsing error: Failed to convert WOFF 2.0 font to SFNT @ https://onvio.com.br/staff/:0
[   15271ms] [WARNING] Failed to decode downloaded font: https://onvio.com.br/staff/SourceSans3-Regular.ttf.dab9805cb7eb3d8f.woff @ https://onvio.com.br/staff/:0
[   15271ms] [WARNING] OTS parsing error: incorrect file size in WOFF header @ https://onvio.com.br/staff/:0
[   15271ms] [WARNING] Failed to decode downloaded font: https://onvio.com.br/staff/SourceSans3VF-Upright.ttf.e7f20fc9b00b0e8a.woff2 @ https://onvio.com.br/staff/:0
[   15272ms] [WARNING] OTS parsing error: Failed to convert WOFF 2.0 font to SFNT @ https://onvio.com.br/staff/:0
[   15272ms] [WARNING] Failed to decode downloaded font: https://onvio.com.br/staff/SourceSans3-Regular.ttf.dab9805cb7eb3d8f.woff @ https://onvio.com.br/staff/:0
[   15272ms] [WARNING] OTS parsing error: incorrect file size in WOFF header @ https://onvio.com.br/staff/:0
[   15272ms] [WARNING] Failed to decode downloaded font: https://onvio.com.br/staff/SourceSans3VF-Upright.ttf.e7f20fc9b00b0e8a.woff2 @ https://onvio.com.br/staff/:0
[   15272ms] [WARNING] OTS parsing error: Failed to convert WOFF 2.0 font to SFNT @ https://onvio.com.br/staff/:0
[   15272ms] [WARNING] Failed to decode downloaded font: https://onvio.com.br/staff/SourceSans3-Regular.ttf.dab9805cb7eb3d8f.woff @ https://onvio.com.br/staff/:0
[   15272ms] [WARNING] OTS parsing error: incorrect file size in WOFF header @ https://onvio.com.br/staff/:0
[   15272ms] [WARNING] Failed to decode downloaded font: https://onvio.com.br/staff/SourceSans3VF-Upright.ttf.e7f20fc9b00b0e8a.woff2 @ https://onvio.com.br/staff/:0
[   15273ms] [WARNING] OTS parsing error: Failed to convert WOFF 2.0 font to SFNT @ https://onvio.com.br/staff/:0
[   15273ms] [WARNING] Failed to decode downloaded font: https://onvio.com.br/staff/SourceSans3-Regular.ttf.dab9805cb7eb3d8f.woff @ https://onvio.com.br/staff/:0
[   15273ms] [WARNING] OTS parsing error: incorrect file size in WOFF header @ https://onvio.com.br/staff/:0
[   15273ms] [WARNING] Failed to decode downloaded font: https://onvio.com.br/staff/SourceSans3VF-Upright.ttf.e7f20fc9b00b0e8a.woff2 @ https://onvio.com.br/staff/:0
[   15273ms] [WARNING] OTS parsing error: Failed to convert WOFF 2.0 font to SFNT @ https://onvio.com.br/staff/:0
[   15273ms] [WARNING] Failed to decode downloaded font: https://onvio.com.br/staff/SourceSans3-Regular.ttf.dab9805cb7eb3d8f.woff @ https://onvio.com.br/staff/:0
[   15273ms] [WARNING] OTS parsing error: incorrect file size in WOFF header @ https://onvio.com.br/staff/:0
[   15273ms] [WARNING] Failed to decode downloaded font: https://onvio.com.br/staff/SourceSans3VF-Upright.ttf.e7f20fc9b00b0e8a.woff2 @ https://onvio.com.br/staff/:0
[   15273ms] [WARNING] OTS parsing error: Failed to convert WOFF 2.0 font to SFNT @ https://onvio.com.br/staff/:0
[   15274ms] [WARNING] Failed to decode downloaded font: https://onvio.com.br/staff/SourceSans3VF-Upright.ttf.e7f20fc9b00b0e8a.woff2 @ https://onvio.com.br/staff/:0
[   15274ms] [WARNING] OTS parsing error: Failed to convert WOFF 2.0 font to SFNT @ https://onvio.com.br/staff/:0
[   15274ms] [WARNING] Failed to decode downloaded font: https://onvio.com.br/staff/SourceSans3VF-Upright.ttf.e7f20fc9b00b0e8a.woff2 @ https://onvio.com.br/staff/:0
[   15274ms] [WARNING] OTS parsing error: Failed to convert WOFF 2.0 font to SFNT @ https://onvio.com.br/staff/:0
[   15274ms] [WARNING] Failed to decode downloaded font: https://onvio.com.br/staff/SourceSans3VF-Upright.ttf.e7f20fc9b00b0e8a.woff2 @ https://onvio.com.br/staff/:0
[   15274ms] [WARNING] OTS parsing error: Failed to convert WOFF 2.0 font to SFNT @ https://onvio.com.br/staff/:0
[   15275ms] [WARNING] Failed to decode downloaded font: https://onvio.com.br/staff/SourceSans3VF-Upright.ttf.e7f20fc9b00b0e8a.woff2 @ https://onvio.com.br/staff/:0
[   15275ms] [WARNING] OTS parsing error: Failed to convert WOFF 2.0 font to SFNT @ https://onvio.com.br/staff/:0
[   15275ms] [WARNING] Failed to decode downloaded font: https://onvio.com.br/staff/SourceSans3VF-Upright.ttf.e7f20fc9b00b0e8a.woff2 @ https://onvio.com.br/staff/:0
[   15275ms] [WARNING] OTS parsing error: Failed to convert WOFF 2.0 font to SFNT @ https://onvio.com.br/staff/:0
[   15275ms] [WARNING] Failed to decode downloaded font: https://onvio.com.br/staff/SourceSans3VF-Upright.ttf.e7f20fc9b00b0e8a.woff2 @ https://onvio.com.br/staff/:0
[   15275ms] [WARNING] OTS parsing error: Failed to convert WOFF 2.0 font to SFNT @ https://onvio.com.br/staff/:0
[   15275ms] [WARNING] Failed to decode downloaded font: https://onvio.com.br/staff/SourceSans3VF-Upright.ttf.e7f20fc9b00b0e8a.woff2 @ https://onvio.com.br/staff/:0
[   15276ms] [WARNING] OTS parsing error: Failed to convert WOFF 2.0 font to SFNT @ https://onvio.com.br/staff/:0
[   15276ms] [WARNING] Failed to decode downloaded font: https://onvio.com.br/staff/SourceSans3VF-Upright.ttf.e7f20fc9b00b0e8a.woff2 @ https://onvio.com.br/staff/:0
[   15276ms] [WARNING] OTS parsing error: Failed to convert WOFF 2.0 font to SFNT @ https://onvio.com.br/staff/:0
[   15276ms] [WARNING] Failed to decode downloaded font: https://onvio.com.br/staff/SourceSans3-Regular.ttf.dab9805cb7eb3d8f.woff @ https://onvio.com.br/staff/:0
[   15276ms] [WARNING] OTS parsing error: incorrect file size in WOFF header @ https://onvio.com.br/staff/:0
[   15276ms] [WARNING] Failed to decode downloaded font: https://onvio.com.br/staff/SourceSans3VF-Upright.ttf.e7f20fc9b00b0e8a.woff2 @ https://onvio.com.br/staff/:0
[   15277ms] [WARNING] OTS parsing error: Failed to convert WOFF 2.0 font to SFNT @ https://onvio.com.br/staff/:0
[   15277ms] [WARNING] Failed to decode downloaded font: https://onvio.com.br/staff/SourceSans3-Regular.ttf.dab9805cb7eb3d8f.woff @ https://onvio.com.br/staff/:0
[   15277ms] [WARNING] OTS parsing error: incorrect file size in WOFF header @ https://onvio.com.br/staff/:0
[   15277ms] [WARNING] Failed to decode downloaded font: https://onvio.com.br/staff/SourceSans3VF-Upright.ttf.e7f20fc9b00b0e8a.woff2 @ https://onvio.com.br/staff/:0
[   15277ms] [WARNING] OTS parsing error: Failed to convert WOFF 2.0 font to SFNT @ https://onvio.com.br/staff/:0
[   15278ms] [WARNING] Failed to decode downloaded font: https://onvio.com.br/staff/SourceSans3-Regular.ttf.dab9805cb7eb3d8f.woff @ https://onvio.com.br/staff/:0
[   15278ms] [WARNING] OTS parsing error: incorrect file size in WOFF header @ https://onvio.com.br/staff/:0
[   15278ms] [WARNING] Failed to decode downloaded font: https://onvio.com.br/staff/SourceSans3VF-Upright.ttf.e7f20fc9b00b0e8a.woff2 @ https://onvio.com.br/staff/:0
[   15278ms] [WARNING] OTS parsing error: Failed to convert WOFF 2.0 font to SFNT @ https://onvio.com.br/staff/:0
[   15278ms] [WARNING] Failed to decode downloaded font: https://onvio.com.br/staff/SourceSans3-Regular.ttf.dab9805cb7eb3d8f.woff @ https://onvio.com.br/staff/:0
[   15278ms] [WARNING] OTS parsing error: incorrect file size in WOFF header @ https://onvio.com.br/staff/:0
[   15279ms] [WARNING] Failed to decode downloaded font: https://onvio.com.br/staff/SourceSans3VF-Upright.ttf.e7f20fc9b00b0e8a.woff2 @ https://onvio.com.br/staff/:0
[   15279ms] [WARNING] OTS parsing error: Failed to convert WOFF 2.0 font to SFNT @ https://onvio.com.br/staff/:0
[   15279ms] [WARNING] Failed to decode downloaded font: https://onvio.com.br/staff/SourceSans3-Regular.ttf.dab9805cb7eb3d8f.woff @ https://onvio.com.br/staff/:0
[   15279ms] [WARNING] OTS parsing error: incorrect file size in WOFF header @ https://onvio.com.br/staff/:0
[   15279ms] [WARNING] Failed to decode downloaded font: https://onvio.com.br/staff/SourceSans3VF-Upright.ttf.e7f20fc9b00b0e8a.woff2 @ https://onvio.com.br/staff/:0
[   15279ms] [WARNING] OTS parsing error: Failed to convert WOFF 2.0 font to SFNT @ https://onvio.com.br/staff/:0
[   15279ms] [WARNING] Failed to decode downloaded font: https://onvio.com.br/staff/SourceSans3-Regular.ttf.dab9805cb7eb3d8f.woff @ https://onvio.com.br/staff/:0
[   15280ms] [WARNING] OTS parsing error: incorrect file size in WOFF header @ https://onvio.com.br/staff/:0
[   15280ms] [WARNING] Failed to decode downloaded font: https://onvio.com.br/staff/SourceSans3VF-Upright.ttf.e7f20fc9b00b0e8a.woff2 @ https://onvio.com.br/staff/:0
[   15280ms] [WARNING] OTS parsing error: Failed to convert WOFF 2.0 font to SFNT @ https://onvio.com.br/staff/:0
[   15280ms] [WARNING] Failed to decode downloaded font: https://onvio.com.br/staff/SourceSans3-Regular.ttf.dab9805cb7eb3d8f.woff @ https://onvio.com.br/staff/:0
[   15280ms] [WARNING] OTS parsing error: incorrect file size in WOFF header @ https://onvio.com.br/staff/:0
[   15281ms] [WARNING] Failed to decode downloaded font: https://onvio.com.br/staff/SourceSans3VF-Upright.ttf.e7f20fc9b00b0e8a.woff2 @ https://onvio.com.br/staff/:0
[   15281ms] [WARNING] OTS parsing error: Failed to convert WOFF 2.0 font to SFNT @ https://onvio.com.br/staff/:0
[   15281ms] [WARNING] Failed to decode downloaded font: https://onvio.com.br/staff/SourceSans3-Regular.ttf.dab9805cb7eb3d8f.woff @ https://onvio.com.br/staff/:0
[   15281ms] [WARNING] OTS parsing error: incorrect file size in WOFF header @ https://onvio.com.br/staff/:0
[   15281ms] [WARNING] Failed to decode downloaded font: https://onvio.com.br/staff/SourceSans3VF-Upright.ttf.e7f20fc9b00b0e8a.woff2 @ https://onvio.com.br/staff/:0
[   15281ms] [WARNING] OTS parsing error: Failed to convert WOFF 2.0 font to SFNT @ https://onvio.com.br/staff/:0
[   15281ms] [WARNING] Failed to decode downloaded font: https://onvio.com.br/staff/SourceSans3-Regular.ttf.dab9805cb7eb3d8f.woff @ https://onvio.com.br/staff/:0
[   15281ms] [WARNING] OTS parsing error: incorrect file size in WOFF header @ https://onvio.com.br/staff/:0
[   15282ms] [WARNING] Failed to decode downloaded font: https://onvio.com.br/staff/SourceSans3VF-Upright.ttf.e7f20fc9b00b0e8a.woff2 @ https://onvio.com.br/staff/:0
[   15282ms] [WARNING] OTS parsing error: Failed to convert WOFF 2.0 font to SFNT @ https://onvio.com.br/staff/:0
[   15282ms] [WARNING] Failed to decode downloaded font: https://onvio.com.br/staff/SourceSans3-Regular.ttf.dab9805cb7eb3d8f.woff @ https://onvio.com.br/staff/:0
[   15282ms] [WARNING] OTS parsing error: incorrect file size in WOFF header @ https://onvio.com.br/staff/:0
[   15282ms] [WARNING] Failed to decode downloaded font: https://onvio.com.br/staff/SourceSans3VF-Upright.ttf.e7f20fc9b00b0e8a.woff2 @ https://onvio.com.br/staff/:0
[   15282ms] [WARNING] OTS parsing error: Failed to convert WOFF 2.0 font to SFNT @ https://onvio.com.br/staff/:0
[   15283ms] [WARNING] Failed to decode downloaded font: https://onvio.com.br/staff/SourceSans3-Regular.ttf.dab9805cb7eb3d8f.woff @ https://onvio.com.br/staff/:0
[   15283ms] [WARNING] OTS parsing error: incorrect file size in WOFF header @ https://onvio.com.br/staff/:0
[   15283ms] [WARNING] Failed to decode downloaded font: https://onvio.com.br/staff/SourceSans3VF-Upright.ttf.e7f20fc9b00b0e8a.woff2 @ https://onvio.com.br/staff/:0
[   15283ms] [WARNING] OTS parsing error: Failed to convert WOFF 2.0 font to SFNT @ https://onvio.com.br/staff/:0
[   15283ms] [WARNING] Failed to decode downloaded font: https://onvio.com.br/staff/SourceSans3-Regular.ttf.dab9805cb7eb3d8f.woff @ https://onvio.com.br/staff/:0
[   15284ms] [WARNING] OTS parsing error: incorrect file size in WOFF header @ https://onvio.com.br/staff/:0
[   15284ms] [WARNING] Failed to decode downloaded font: https://onvio.com.br/staff/SourceSans3VF-Upright.ttf.e7f20fc9b00b0e8a.woff2 @ https://onvio.com.br/staff/:0
[   15284ms] [WARNING] OTS parsing error: Failed to convert WOFF 2.0 font to SFNT @ https://onvio.com.br/staff/:0
[   15285ms] [WARNING] Failed to decode downloaded font: https://onvio.com.br/staff/SourceSans3-Regular.ttf.dab9805cb7eb3d8f.woff @ https://onvio.com.br/staff/:0
[   15285ms] [WARNING] OTS parsing error: incorrect file size in WOFF header @ https://onvio.com.br/staff/:0
[   15285ms] [WARNING] Failed to decode downloaded font: https://onvio.com.br/staff/SourceSans3VF-Upright.ttf.e7f20fc9b00b0e8a.woff2 @ https://onvio.com.br/staff/:0
[   15285ms] [WARNING] OTS parsing error: Failed to convert WOFF 2.0 font to SFNT @ https://onvio.com.br/staff/:0
[   15285ms] [WARNING] Failed to decode downloaded font: https://onvio.com.br/staff/SourceSans3-Regular.ttf.dab9805cb7eb3d8f.woff @ https://onvio.com.br/staff/:0
[   15286ms] [WARNING] OTS parsing error: incorrect file size in WOFF header @ https://onvio.com.br/staff/:0
[   15286ms] [WARNING] Failed to decode downloaded font: https://onvio.com.br/staff/SourceSans3VF-Upright.ttf.e7f20fc9b00b0e8a.woff2 @ https://onvio.com.br/staff/:0
[   15286ms] [WARNING] OTS parsing error: Failed to convert WOFF 2.0 font to SFNT @ https://onvio.com.br/staff/:0
[   15286ms] [WARNING] Failed to decode downloaded font: https://onvio.com.br/staff/SourceSans3-Regular.ttf.dab9805cb7eb3d8f.woff @ https://onvio.com.br/staff/:0
[   15286ms] [WARNING] OTS parsing error: incorrect file size in WOFF header @ https://onvio.com.br/staff/:0
[   15287ms] [WARNING] Failed to decode downloaded font: https://onvio.com.br/staff/SourceSans3VF-Upright.ttf.e7f20fc9b00b0e8a.woff2 @ https://onvio.com.br/staff/:0
[   15287ms] [WARNING] OTS parsing error: Failed to convert WOFF 2.0 font to SFNT @ https://onvio.com.br/staff/:0
[   15287ms] [WARNING] Failed to decode downloaded font: https://onvio.com.br/staff/SourceSans3-Regular.ttf.dab9805cb7eb3d8f.woff @ https://onvio.com.br/staff/:0
[   15287ms] [WARNING] OTS parsing error: incorrect file size in WOFF header @ https://onvio.com.br/staff/:0
[   15287ms] [WARNING] Failed to decode downloaded font: https://onvio.com.br/staff/SourceSans3VF-Upright.ttf.e7f20fc9b00b0e8a.woff2 @ https://onvio.com.br/staff/:0
[   15287ms] [WARNING] OTS parsing error: Failed to convert WOFF 2.0 font to SFNT @ https://onvio.com.br/staff/:0
[   15287ms] [WARNING] Failed to decode downloaded font: https://onvio.com.br/staff/SourceSans3-Regular.ttf.dab9805cb7eb3d8f.woff @ https://onvio.com.br/staff/:0
[   15287ms] [WARNING] OTS parsing error: incorrect file size in WOFF header @ https://onvio.com.br/staff/:0
[   15287ms] [WARNING] Failed to decode downloaded font: https://onvio.com.br/staff/SourceSans3VF-Upright.ttf.e7f20fc9b00b0e8a.woff2 @ https://onvio.com.br/staff/:0
[   15288ms] [WARNING] OTS parsing error: Failed to convert WOFF 2.0 font to SFNT @ https://onvio.com.br/staff/:0
[   15288ms] [WARNING] Failed to decode downloaded font: https://onvio.com.br/staff/SourceSans3-Regular.ttf.dab9805cb7eb3d8f.woff @ https://onvio.com.br/staff/:0
[   15288ms] [WARNING] OTS parsing error: incorrect file size in WOFF header @ https://onvio.com.br/staff/:0
[   15288ms] [WARNING] Failed to decode downloaded font: https://onvio.com.br/staff/SourceSans3VF-Upright.ttf.e7f20fc9b00b0e8a.woff2 @ https://onvio.com.br/staff/:0
[   15288ms] [WARNING] OTS parsing error: Failed to convert WOFF 2.0 font to SFNT @ https://onvio.com.br/staff/:0
[   15288ms] [WARNING] Failed to decode downloaded font: https://onvio.com.br/staff/SourceSans3VF-Upright.ttf.e7f20fc9b00b0e8a.woff2 @ https://onvio.com.br/staff/:0
[   15289ms] [WARNING] OTS parsing error: Failed to convert WOFF 2.0 font to SFNT @ https://onvio.com.br/staff/:0
[   15289ms] [WARNING] Failed to decode downloaded font: https://onvio.com.br/staff/SourceSans3VF-Upright.ttf.e7f20fc9b00b0e8a.woff2 @ https://onvio.com.br/staff/:0
[   15289ms] [WARNING] OTS parsing error: Failed to convert WOFF 2.0 font to SFNT @ https://onvio.com.br/staff/:0
[   15289ms] [WARNING] Failed to decode downloaded font: https://onvio.com.br/staff/SourceSans3VF-Upright.ttf.e7f20fc9b00b0e8a.woff2 @ https://onvio.com.br/staff/:0
[   15290ms] [WARNING] OTS parsing error: Failed to convert WOFF 2.0 font to SFNT @ https://onvio.com.br/staff/:0
[   15290ms] [WARNING] Failed to decode downloaded font: https://onvio.com.br/staff/SourceSans3VF-Upright.ttf.e7f20fc9b00b0e8a.woff2 @ https://onvio.com.br/staff/:0
[   15290ms] [WARNING] OTS parsing error: Failed to convert WOFF 2.0 font to SFNT @ https://onvio.com.br/staff/:0
[   15290ms] [WARNING] Failed to decode downloaded font: https://onvio.com.br/staff/SourceSans3VF-Upright.ttf.e7f20fc9b00b0e8a.woff2 @ https://onvio.com.br/staff/:0
[   15291ms] [WARNING] OTS parsing error: Failed to convert WOFF 2.0 font to SFNT @ https://onvio.com.br/staff/:0
[   15291ms] [WARNING] Failed to decode downloaded font: https://onvio.com.br/staff/SourceSans3VF-Upright.ttf.e7f20fc9b00b0e8a.woff2 @ https://onvio.com.br/staff/:0
[   15291ms] [WARNING] OTS parsing error: Failed to convert WOFF 2.0 font to SFNT @ https://onvio.com.br/staff/:0
[   15291ms] [WARNING] Failed to decode downloaded font: https://onvio.com.br/staff/SourceSans3VF-Upright.ttf.e7f20fc9b00b0e8a.woff2 @ https://onvio.com.br/staff/:0
[   15291ms] [WARNING] OTS parsing error: Failed to convert WOFF 2.0 font to SFNT @ https://onvio.com.br/staff/:0
[   15291ms] [WARNING] Failed to decode downloaded font: https://onvio.com.br/staff/SourceSans3VF-Upright.ttf.e7f20fc9b00b0e8a.woff2 @ https://onvio.com.br/staff/:0
[   15292ms] [WARNING] OTS parsing error: Failed to convert WOFF 2.0 font to SFNT @ https://onvio.com.br/staff/:0
[   15292ms] [WARNING] Failed to decode downloaded font: https://onvio.com.br/staff/SourceSans3-Regular.ttf.dab9805cb7eb3d8f.woff @ https://onvio.com.br/staff/:0
[   15292ms] [WARNING] OTS parsing error: incorrect file size in WOFF header @ https://onvio.com.br/staff/:0
[   15292ms] [WARNING] Failed to decode downloaded font: https://onvio.com.br/staff/SourceSans3VF-Upright.ttf.e7f20fc9b00b0e8a.woff2 @ https://onvio.com.br/staff/:0
[   15292ms] [WARNING] OTS parsing error: Failed to convert WOFF 2.0 font to SFNT @ https://onvio.com.br/staff/:0
[   15292ms] [WARNING] Failed to decode downloaded font: https://onvio.com.br/staff/SourceSans3-Regular.ttf.dab9805cb7eb3d8f.woff @ https://onvio.com.br/staff/:0
[   15292ms] [WARNING] OTS parsing error: incorrect file size in WOFF header @ https://onvio.com.br/staff/:0
[   15292ms] [WARNING] Failed to decode downloaded font: https://onvio.com.br/staff/SourceSans3VF-Upright.ttf.e7f20fc9b00b0e8a.woff2 @ https://onvio.com.br/staff/:0
[   15292ms] [WARNING] OTS parsing error: Failed to convert WOFF 2.0 font to SFNT @ https://onvio.com.br/staff/:0
[   15292ms] [WARNING] Failed to decode downloaded font: https://onvio.com.br/staff/SourceSans3-Regular.ttf.dab9805cb7eb3d8f.woff @ https://onvio.com.br/staff/:0
[   15293ms] [WARNING] OTS parsing error: incorrect file size in WOFF header @ https://onvio.com.br/staff/:0
[   15293ms] [WARNING] Failed to decode downloaded font: https://onvio.com.br/staff/SourceSans3VF-Upright.ttf.e7f20fc9b00b0e8a.woff2 @ https://onvio.com.br/staff/:0
[   15293ms] [WARNING] OTS parsing error: Failed to convert WOFF 2.0 font to SFNT @ https://onvio.com.br/staff/:0
[   15293ms] [WARNING] Failed to decode downloaded font: https://onvio.com.br/staff/SourceSans3-Regular.ttf.dab9805cb7eb3d8f.woff @ https://onvio.com.br/staff/:0
[   15293ms] [WARNING] OTS parsing error: incorrect file size in WOFF header @ https://onvio.com.br/staff/:0
[   15294ms] [WARNING] Failed to decode downloaded font: https://onvio.com.br/staff/SourceSans3VF-Upright.ttf.e7f20fc9b00b0e8a.woff2 @ https://onvio.com.br/staff/:0
[   15294ms] [WARNING] OTS parsing error: Failed to convert WOFF 2.0 font to SFNT @ https://onvio.com.br/staff/:0
[   15294ms] [WARNING] Failed to decode downloaded font: https://onvio.com.br/staff/SourceSans3-Regular.ttf.dab9805cb7eb3d8f.woff @ https://onvio.com.br/staff/:0
[   15294ms] [WARNING] OTS parsing error: incorrect file size in WOFF header @ https://onvio.com.br/staff/:0
[   15295ms] [WARNING] Failed to decode downloaded font: https://onvio.com.br/staff/SourceSans3VF-Upright.ttf.e7f20fc9b00b0e8a.woff2 @ https://onvio.com.br/staff/:0
[   15295ms] [WARNING] OTS parsing error: Failed to convert WOFF 2.0 font to SFNT @ https://onvio.com.br/staff/:0
[   15295ms] [WARNING] Failed to decode downloaded font: https://onvio.com.br/staff/SourceSans3-Regular.ttf.dab9805cb7eb3d8f.woff @ https://onvio.com.br/staff/:0
[   15295ms] [WARNING] OTS parsing error: incorrect file size in WOFF header @ https://onvio.com.br/staff/:0
[   15295ms] [WARNING] Failed to decode downloaded font: https://onvio.com.br/staff/SourceSans3VF-Upright.ttf.e7f20fc9b00b0e8a.woff2 @ https://onvio.com.br/staff/:0
[   15295ms] [WARNING] OTS parsing error: Failed to convert WOFF 2.0 font to SFNT @ https://onvio.com.br/staff/:0
[   15295ms] [WARNING] Failed to decode downloaded font: https://onvio.com.br/staff/SourceSans3-Regular.ttf.dab9805cb7eb3d8f.woff @ https://onvio.com.br/staff/:0
[   15296ms] [WARNING] OTS parsing error: incorrect file size in WOFF header @ https://onvio.com.br/staff/:0
[   15296ms] [WARNING] Failed to decode downloaded font: https://onvio.com.br/staff/SourceSans3VF-Upright.ttf.e7f20fc9b00b0e8a.woff2 @ https://onvio.com.br/staff/:0
[   15296ms] [WARNING] OTS parsing error: Failed to convert WOFF 2.0 font to SFNT @ https://onvio.com.br/staff/:0
[   15296ms] [WARNING] Failed to decode downloaded font: https://onvio.com.br/staff/SourceSans3-Regular.ttf.dab9805cb7eb3d8f.woff @ https://onvio.com.br/staff/:0
[   15296ms] [WARNING] OTS parsing error: incorrect file size in WOFF header @ https://onvio.com.br/staff/:0
[   15297ms] [WARNING] Failed to decode downloaded font: https://onvio.com.br/staff/SourceSans3VF-Upright.ttf.e7f20fc9b00b0e8a.woff2 @ https://onvio.com.br/staff/:0
[   15297ms] [WARNING] OTS parsing error: Failed to convert WOFF 2.0 font to SFNT @ https://onvio.com.br/staff/:0
[   15297ms] [WARNING] Failed to decode downloaded font: https://onvio.com.br/staff/SourceSans3-Regular.ttf.dab9805cb7eb3d8f.woff @ https://onvio.com.br/staff/:0
[   15297ms] [WARNING] OTS parsing error: incorrect file size in WOFF header @ https://onvio.com.br/staff/:0
[   15298ms] [WARNING] Failed to decode downloaded font: https://onvio.com.br/staff/SourceSans3VF-Upright.ttf.e7f20fc9b00b0e8a.woff2 @ https://onvio.com.br/staff/:0
[   15298ms] [WARNING] OTS parsing error: Failed to convert WOFF 2.0 font to SFNT @ https://onvio.com.br/staff/:0
[   15298ms] [WARNING] Failed to decode downloaded font: https://onvio.com.br/staff/SourceSans3-Regular.ttf.dab9805cb7eb3d8f.woff @ https://onvio.com.br/staff/:0
[   15299ms] [WARNING] OTS parsing error: incorrect file size in WOFF header @ https://onvio.com.br/staff/:0
[   15299ms] [WARNING] Failed to decode downloaded font: https://onvio.com.br/staff/SourceSans3VF-Upright.ttf.e7f20fc9b00b0e8a.woff2 @ https://onvio.com.br/staff/:0
[   15299ms] [WARNING] OTS parsing error: Failed to convert WOFF 2.0 font to SFNT @ https://onvio.com.br/staff/:0
[   15299ms] [WARNING] Failed to decode downloaded font: https://onvio.com.br/staff/SourceSans3-Regular.ttf.dab9805cb7eb3d8f.woff @ https://onvio.com.br/staff/:0
[   15299ms] [WARNING] OTS parsing error: incorrect file size in WOFF header @ https://onvio.com.br/staff/:0
[   15299ms] [WARNING] Failed to decode downloaded font: https://onvio.com.br/staff/SourceSans3VF-Upright.ttf.e7f20fc9b00b0e8a.woff2 @ https://onvio.com.br/staff/:0
[   15300ms] [WARNING] OTS parsing error: Failed to convert WOFF 2.0 font to SFNT @ https://onvio.com.br/staff/:0
[   15300ms] [WARNING] Failed to decode downloaded font: https://onvio.com.br/staff/SourceSans3-Regular.ttf.dab9805cb7eb3d8f.woff @ https://onvio.com.br/staff/:0
[   15300ms] [WARNING] OTS parsing error: incorrect file size in WOFF header @ https://onvio.com.br/staff/:0
[   15300ms] [WARNING] Failed to decode downloaded font: https://onvio.com.br/staff/SourceSans3VF-Upright.ttf.e7f20fc9b00b0e8a.woff2 @ https://onvio.com.br/staff/:0
[   15300ms] [WARNING] OTS parsing error: Failed to convert WOFF 2.0 font to SFNT @ https://onvio.com.br/staff/:0
[   15300ms] [WARNING] Failed to decode downloaded font: https://onvio.com.br/staff/SourceSans3-Regular.ttf.dab9805cb7eb3d8f.woff @ https://onvio.com.br/staff/:0
[   15300ms] [WARNING] OTS parsing error: incorrect file size in WOFF header @ https://onvio.com.br/staff/:0
[   15321ms] [WARNING] Failed to decode downloaded font: https://onvio.com.br/staff/SourceSans3-Regular.114f93b5f3b7d159.otf @ https://onvio.com.br/staff/:0
[   15321ms] [WARNING] OTS parsing error: bad table directory searchRange
bad table directory entrySelector
bad table directory rangeShift
Invalid table tag: 0x604241
 `BA: misaligned table @ https://onvio.com.br/staff/:0
[   15321ms] [WARNING] Failed to decode downloaded font: https://onvio.com.br/staff/SourceSans3-Regular.114f93b5f3b7d159.otf @ https://onvio.com.br/staff/:0
[   15321ms] [WARNING] OTS parsing error: bad table directory searchRange
bad table directory entrySelector
bad table directory rangeShift
Invalid table tag: 0x604241
 `BA: misaligned table @ https://onvio.com.br/staff/:0
[   15322ms] [WARNING] Failed to decode downloaded font: https://onvio.com.br/staff/SourceSans3-Regular.114f93b5f3b7d159.otf @ https://onvio.com.br/staff/:0
[   15322ms] [WARNING] OTS parsing error: bad table directory searchRange
bad table directory entrySelector
bad table directory rangeShift
Invalid table tag: 0x604241
 `BA: misaligned table @ https://onvio.com.br/staff/:0
[   15322ms] [WARNING] Failed to decode downloaded font: https://onvio.com.br/staff/SourceSans3-Regular.114f93b5f3b7d159.otf @ https://onvio.com.br/staff/:0
[   15322ms] [WARNING] OTS parsing error: bad table directory searchRange
bad table directory entrySelector
bad table directory rangeShift
Invalid table tag: 0x604241
 `BA: misaligned table @ https://onvio.com.br/staff/:0
[   15322ms] [WARNING] Failed to decode downloaded font: https://onvio.com.br/staff/SourceSans3-Regular.114f93b5f3b7d159.otf @ https://onvio.com.br/staff/:0
[   15323ms] [WARNING] OTS parsing error: bad table directory searchRange
bad table directory entrySelector
bad table directory rangeShift
Invalid table tag: 0x604241
 `BA: misaligned table @ https://onvio.com.br/staff/:0
[   15323ms] [WARNING] Failed to decode downloaded font: https://onvio.com.br/staff/SourceSans3-Regular.114f93b5f3b7d159.otf @ https://onvio.com.br/staff/:0
[   15323ms] [WARNING] OTS parsing error: bad table directory searchRange
bad table directory entrySelector
bad table directory rangeShift
Invalid table tag: 0x604241
 `BA: misaligned table @ https://onvio.com.br/staff/:0
[   15323ms] [WARNING] Failed to decode downloaded font: https://onvio.com.br/staff/SourceSans3-Regular.114f93b5f3b7d159.otf @ https://onvio.com.br/staff/:0
[   15323ms] [WARNING] OTS parsing error: bad table directory searchRange
bad table directory entrySelector
bad table directory rangeShift
Invalid table tag: 0x604241
 `BA: misaligned table @ https://onvio.com.br/staff/:0
[   15324ms] [WARNING] Failed to decode downloaded font: https://onvio.com.br/staff/SourceSans3-Regular.114f93b5f3b7d159.otf @ https://onvio.com.br/staff/:0
[   15324ms] [WARNING] OTS parsing error: bad table directory searchRange
bad table directory entrySelector
bad table directory rangeShift
Invalid table tag: 0x604241
 `BA: misaligned table @ https://onvio.com.br/staff/:0
[   15324ms] [WARNING] Failed to decode downloaded font: https://onvio.com.br/staff/SourceSans3-Regular.114f93b5f3b7d159.otf @ https://onvio.com.br/staff/:0
[   15324ms] [WARNING] OTS parsing error: bad table directory searchRange
bad table directory entrySelector
bad table directory rangeShift
Invalid table tag: 0x604241
 `BA: misaligned table @ https://onvio.com.br/staff/:0
[   15324ms] [WARNING] Failed to decode downloaded font: https://onvio.com.br/staff/SourceSans3-Regular.114f93b5f3b7d159.otf @ https://onvio.com.br/staff/:0
[   15324ms] [WARNING] OTS parsing error: bad table directory searchRange
bad table directory entrySelector
bad table directory rangeShift
Invalid table tag: 0x604241
 `BA: misaligned table @ https://onvio.com.br/staff/:0
[   15325ms] [WARNING] Failed to decode downloaded font: https://onvio.com.br/staff/SourceSans3-Regular.114f93b5f3b7d159.otf @ https://onvio.com.br/staff/:0
[   15325ms] [WARNING] OTS parsing error: bad table directory searchRange
bad table directory entrySelector
bad table directory rangeShift
Invalid table tag: 0x604241
 `BA: misaligned table @ https://onvio.com.br/staff/:0
[   15325ms] [WARNING] Failed to decode downloaded font: https://onvio.com.br/staff/SourceSans3-Regular.114f93b5f3b7d159.otf @ https://onvio.com.br/staff/:0
[   15326ms] [WARNING] OTS parsing error: bad table directory searchRange
bad table directory entrySelector
bad table directory rangeShift
Invalid table tag: 0x604241
 `BA: misaligned table @ https://onvio.com.br/staff/:0
[   15326ms] [WARNING] Failed to decode downloaded font: https://onvio.com.br/staff/SourceSans3-Regular.114f93b5f3b7d159.otf @ https://onvio.com.br/staff/:0
[   15327ms] [WARNING] OTS parsing error: bad table directory searchRange
bad table directory entrySelector
bad table directory rangeShift
Invalid table tag: 0x604241
 `BA: misaligned table @ https://onvio.com.br/staff/:0
[   15327ms] [WARNING] Failed to decode downloaded font: https://onvio.com.br/staff/SourceSans3-Regular.114f93b5f3b7d159.otf @ https://onvio.com.br/staff/:0
[   15327ms] [WARNING] OTS parsing error: bad table directory searchRange
bad table directory entrySelector
bad table directory rangeShift
Invalid table tag: 0x604241
 `BA: misaligned table @ https://onvio.com.br/staff/:0
[   15328ms] [WARNING] Failed to decode downloaded font: https://onvio.com.br/staff/SourceSans3-Regular.114f93b5f3b7d159.otf @ https://onvio.com.br/staff/:0
[   15328ms] [WARNING] OTS parsing error: bad table directory searchRange
bad table directory entrySelector
bad table directory rangeShift
Invalid table tag: 0x604241
 `BA: misaligned table @ https://onvio.com.br/staff/:0
[   15328ms] [WARNING] Failed to decode downloaded font: https://onvio.com.br/staff/SourceSans3-Regular.114f93b5f3b7d159.otf @ https://onvio.com.br/staff/:0
[   15328ms] [WARNING] OTS parsing error: bad table directory searchRange
bad table directory entrySelector
bad table directory rangeShift
Invalid table tag: 0x604241
 `BA: misaligned table @ https://onvio.com.br/staff/:0
[   15328ms] [WARNING] Failed to decode downloaded font: https://onvio.com.br/staff/SourceSans3-Regular.114f93b5f3b7d159.otf @ https://onvio.com.br/staff/:0
[   15329ms] [WARNING] OTS parsing error: bad table directory searchRange
bad table directory entrySelector
bad table directory rangeShift
Invalid table tag: 0x604241
 `BA: misaligned table @ https://onvio.com.br/staff/:0
[   15329ms] [WARNING] Failed to decode downloaded font: https://onvio.com.br/staff/SourceSans3-Regular.114f93b5f3b7d159.otf @ https://onvio.com.br/staff/:0
[   15329ms] [WARNING] OTS parsing error: bad table directory searchRange
bad table directory entrySelector
bad table directory rangeShift
Invalid table tag: 0x604241
 `BA: misaligned table @ https://onvio.com.br/staff/:0
[   15330ms] [WARNING] Failed to decode downloaded font: https://onvio.com.br/staff/SourceSans3-Regular.114f93b5f3b7d159.otf @ https://onvio.com.br/staff/:0
[   15330ms] [WARNING] OTS parsing error: bad table directory searchRange
bad table directory entrySelector
bad table directory rangeShift
Invalid table tag: 0x604241
 `BA: misaligned table @ https://onvio.com.br/staff/:0
[   15330ms] [WARNING] Failed to decode downloaded font: https://onvio.com.br/staff/SourceSans3-Regular.114f93b5f3b7d159.otf @ https://onvio.com.br/staff/:0
[   15331ms] [WARNING] OTS parsing error: bad table directory searchRange
bad table directory entrySelector
bad table directory rangeShift
Invalid table tag: 0x604241
 `BA: misaligned table @ https://onvio.com.br/staff/:0
[   15331ms] [WARNING] Failed to decode downloaded font: https://onvio.com.br/staff/SourceSans3-Regular.114f93b5f3b7d159.otf @ https://onvio.com.br/staff/:0
[   15332ms] [WARNING] OTS parsing error: bad table directory searchRange
bad table directory entrySelector
bad table directory rangeShift
Invalid table tag: 0x604241
 `BA: misaligned table @ https://onvio.com.br/staff/:0
[   15332ms] [WARNING] Failed to decode downloaded font: https://onvio.com.br/staff/SourceSans3-Regular.114f93b5f3b7d159.otf @ https://onvio.com.br/staff/:0
[   15332ms] [WARNING] OTS parsing error: bad table directory searchRange
bad table directory entrySelector
bad table directory rangeShift
Invalid table tag: 0x604241
 `BA: misaligned table @ https://onvio.com.br/staff/:0
[   15332ms] [WARNING] Failed to decode downloaded font: https://onvio.com.br/staff/SourceSans3-Regular.114f93b5f3b7d159.otf @ https://onvio.com.br/staff/:0
[   15333ms] [WARNING] OTS parsing error: bad table directory searchRange
bad table directory entrySelector
bad table directory rangeShift
Invalid table tag: 0x604241
 `BA: misaligned table @ https://onvio.com.br/staff/:0
[   15333ms] [WARNING] Failed to decode downloaded font: https://onvio.com.br/staff/SourceSans3-Regular.114f93b5f3b7d159.otf @ https://onvio.com.br/staff/:0
[   15333ms] [WARNING] OTS parsing error: bad table directory searchRange
bad table directory entrySelector
bad table directory rangeShift
Invalid table tag: 0x604241
 `BA: misaligned table @ https://onvio.com.br/staff/:0
[   15334ms] [WARNING] Failed to decode downloaded font: https://onvio.com.br/staff/SourceSans3-Regular.114f93b5f3b7d159.otf @ https://onvio.com.br/staff/:0
[   15334ms] [WARNING] OTS parsing error: bad table directory searchRange
bad table directory entrySelector
bad table directory rangeShift
Invalid table tag: 0x604241
 `BA: misaligned table @ https://onvio.com.br/staff/:0
[   15334ms] [WARNING] Failed to decode downloaded font: https://onvio.com.br/staff/SourceSans3-Regular.114f93b5f3b7d159.otf @ https://onvio.com.br/staff/:0
[   15334ms] [WARNING] OTS parsing error: bad table directory searchRange
bad table directory entrySelector
bad table directory rangeShift
Invalid table tag: 0x604241
 `BA: misaligned table @ https://onvio.com.br/staff/:0
[   15334ms] [WARNING] Failed to decode downloaded font: https://onvio.com.br/staff/SourceSans3-Regular.114f93b5f3b7d159.otf @ https://onvio.com.br/staff/:0
[   15334ms] [WARNING] OTS parsing error: bad table directory searchRange
bad table directory entrySelector
bad table directory rangeShift
Invalid table tag: 0x604241
 `BA: misaligned table @ https://onvio.com.br/staff/:0
[   15334ms] [WARNING] Failed to decode downloaded font: https://onvio.com.br/staff/SourceSans3-Regular.114f93b5f3b7d159.otf @ https://onvio.com.br/staff/:0
[   15334ms] [WARNING] OTS parsing error: bad table directory searchRange
bad table directory entrySelector
bad table directory rangeShift
Invalid table tag: 0x604241
 `BA: misaligned table @ https://onvio.com.br/staff/:0
[   15334ms] [WARNING] Failed to decode downloaded font: https://onvio.com.br/staff/SourceSans3-Regular.114f93b5f3b7d159.otf @ https://onvio.com.br/staff/:0
[   15335ms] [WARNING] OTS parsing error: bad table directory searchRange
bad table directory entrySelector
bad table directory rangeShift
Invalid table tag: 0x604241
 `BA: misaligned table @ https://onvio.com.br/staff/:0
[   15335ms] [WARNING] Failed to decode downloaded font: https://onvio.com.br/staff/SourceSans3-Regular.114f93b5f3b7d159.otf @ https://onvio.com.br/staff/:0
[   15335ms] [WARNING] OTS parsing error: bad table directory searchRange
bad table directory entrySelector
bad table directory rangeShift
Invalid table tag: 0x604241
 `BA: misaligned table @ https://onvio.com.br/staff/:0
[   15335ms] [WARNING] Failed to decode downloaded font: https://onvio.com.br/staff/SourceSans3-Regular.114f93b5f3b7d159.otf @ https://onvio.com.br/staff/:0
[   15335ms] [WARNING] OTS parsing error: bad table directory searchRange
bad table directory entrySelector
bad table directory rangeShift
Invalid table tag: 0x604241
 `BA: misaligned table @ https://onvio.com.br/staff/:0
[   15335ms] [WARNING] Failed to decode downloaded font: https://onvio.com.br/staff/SourceSans3-Regular.114f93b5f3b7d159.otf @ https://onvio.com.br/staff/:0
[   15336ms] [WARNING] OTS parsing error: bad table directory searchRange
bad table directory entrySelector
bad table directory rangeShift
Invalid table tag: 0x604241
 `BA: misaligned table @ https://onvio.com.br/staff/:0
[   15336ms] [WARNING] Failed to decode downloaded font: https://onvio.com.br/staff/SourceSans3-Regular.114f93b5f3b7d159.otf @ https://onvio.com.br/staff/:0
[   15336ms] [WARNING] OTS parsing error: bad table directory searchRange
bad table directory entrySelector
bad table directory rangeShift
Invalid table tag: 0x604241
 `BA: misaligned table @ https://onvio.com.br/staff/:0
[   15336ms] [WARNING] Failed to decode downloaded font: https://onvio.com.br/staff/SourceSans3-Regular.114f93b5f3b7d159.otf @ https://onvio.com.br/staff/:0
[   15336ms] [WARNING] OTS parsing error: bad table directory searchRange
bad table directory entrySelector
bad table directory rangeShift
Invalid table tag: 0x604241
 `BA: misaligned table @ https://onvio.com.br/staff/:0
[   15336ms] [WARNING] Failed to decode downloaded font: https://onvio.com.br/staff/SourceSans3-Regular.114f93b5f3b7d159.otf @ https://onvio.com.br/staff/:0
[   15337ms] [WARNING] OTS parsing error: bad table directory searchRange
bad table directory entrySelector
bad table directory rangeShift
Invalid table tag: 0x604241
 `BA: misaligned table @ https://onvio.com.br/staff/:0
[   15337ms] [WARNING] Failed to decode downloaded font: https://onvio.com.br/staff/SourceSans3-Regular.114f93b5f3b7d159.otf @ https://onvio.com.br/staff/:0
[   15337ms] [WARNING] OTS parsing error: bad table directory searchRange
bad table directory entrySelector
bad table directory rangeShift
Invalid table tag: 0x604241
 `BA: misaligned table @ https://onvio.com.br/staff/:0
[   15337ms] [WARNING] Failed to decode downloaded font: https://onvio.com.br/staff/SourceSans3-Regular.114f93b5f3b7d159.otf @ https://onvio.com.br/staff/:0
[   15337ms] [WARNING] OTS parsing error: bad table directory searchRange
bad table directory entrySelector
bad table directory rangeShift
Invalid table tag: 0x604241
 `BA: misaligned table @ https://onvio.com.br/staff/:0
[   15337ms] [WARNING] Failed to decode downloaded font: https://onvio.com.br/staff/SourceSans3-Regular.114f93b5f3b7d159.otf @ https://onvio.com.br/staff/:0
[   15337ms] [WARNING] OTS parsing error: bad table directory searchRange
bad table directory entrySelector
bad table directory rangeShift
Invalid table tag: 0x604241
 `BA: misaligned table @ https://onvio.com.br/staff/:0
[   15338ms] [WARNING] Failed to decode downloaded font: https://onvio.com.br/staff/SourceSans3-Regular.114f93b5f3b7d159.otf @ https://onvio.com.br/staff/:0
[   15338ms] [WARNING] OTS parsing error: bad table directory searchRange
bad table directory entrySelector
bad table directory rangeShift
Invalid table tag: 0x604241
 `BA: misaligned table @ https://onvio.com.br/staff/:0
[   15338ms] [WARNING] Failed to decode downloaded font: https://onvio.com.br/staff/SourceSans3-Regular.114f93b5f3b7d159.otf @ https://onvio.com.br/staff/:0
[   15338ms] [WARNING] OTS parsing error: bad table directory searchRange
bad table directory entrySelector
bad table directory rangeShift
Invalid table tag: 0x604241
 `BA: misaligned table @ https://onvio.com.br/staff/:0
[   15338ms] [WARNING] Failed to decode downloaded font: https://onvio.com.br/staff/SourceSans3-Regular.114f93b5f3b7d159.otf @ https://onvio.com.br/staff/:0
[   15339ms] [WARNING] OTS parsing error: bad table directory searchRange
bad table directory entrySelector
bad table directory rangeShift
Invalid table tag: 0x604241
 `BA: misaligned table @ https://onvio.com.br/staff/:0
[   15339ms] [WARNING] Failed to decode downloaded font: https://onvio.com.br/staff/SourceSans3-Regular.114f93b5f3b7d159.otf @ https://onvio.com.br/staff/:0
[   15339ms] [WARNING] OTS parsing error: bad table directory searchRange
bad table directory entrySelector
bad table directory rangeShift
Invalid table tag: 0x604241
 `BA: misaligned table @ https://onvio.com.br/staff/:0
[   15339ms] [WARNING] Failed to decode downloaded font: https://onvio.com.br/staff/SourceSans3-Regular.114f93b5f3b7d159.otf @ https://onvio.com.br/staff/:0
[   15339ms] [WARNING] OTS parsing error: bad table directory searchRange
bad table directory entrySelector
bad table directory rangeShift
Invalid table tag: 0x604241
 `BA: misaligned table @ https://onvio.com.br/staff/:0
[   15340ms] [WARNING] Failed to decode downloaded font: https://onvio.com.br/staff/SourceSans3-Regular.114f93b5f3b7d159.otf @ https://onvio.com.br/staff/:0
[   15340ms] [WARNING] OTS parsing error: bad table directory searchRange
bad table directory entrySelector
bad table directory rangeShift
Invalid table tag: 0x604241
 `BA: misaligned table @ https://onvio.com.br/staff/:0
[   15340ms] [WARNING] Failed to decode downloaded font: https://onvio.com.br/staff/SourceSans3-Regular.114f93b5f3b7d159.otf @ https://onvio.com.br/staff/:0
[   15340ms] [WARNING] OTS parsing error: bad table directory searchRange
bad table directory entrySelector
bad table directory rangeShift
Invalid table tag: 0x604241
 `BA: misaligned table @ https://onvio.com.br/staff/:0
[   15340ms] [WARNING] Failed to decode downloaded font: https://onvio.com.br/staff/SourceSans3-Regular.114f93b5f3b7d159.otf @ https://onvio.com.br/staff/:0
[   15340ms] [WARNING] OTS parsing error: bad table directory searchRange
bad table directory entrySelector
bad table directory rangeShift
Invalid table tag: 0x604241
 `BA: misaligned table @ https://onvio.com.br/staff/:0
[   15341ms] [WARNING] Failed to decode downloaded font: https://onvio.com.br/staff/SourceSans3-Regular.114f93b5f3b7d159.otf @ https://onvio.com.br/staff/:0
[   15341ms] [WARNING] OTS parsing error: bad table directory searchRange
bad table directory entrySelector
bad table directory rangeShift
Invalid table tag: 0x604241
 `BA: misaligned table @ https://onvio.com.br/staff/:0
[   15341ms] [WARNING] Failed to decode downloaded font: https://onvio.com.br/staff/SourceSans3-Regular.114f93b5f3b7d159.otf @ https://onvio.com.br/staff/:0
[   15341ms] [WARNING] OTS parsing error: bad table directory searchRange
bad table directory entrySelector
bad table directory rangeShift
Invalid table tag: 0x604241
 `BA: misaligned table @ https://onvio.com.br/staff/:0
[   15342ms] [WARNING] Failed to decode downloaded font: https://onvio.com.br/staff/SourceSans3-Regular.114f93b5f3b7d159.otf @ https://onvio.com.br/staff/:0
[   15342ms] [WARNING] OTS parsing error: bad table directory searchRange
bad table directory entrySelector
bad table directory rangeShift
Invalid table tag: 0x604241
 `BA: misaligned table @ https://onvio.com.br/staff/:0
[   15342ms] [WARNING] Failed to decode downloaded font: https://onvio.com.br/staff/SourceSans3-Regular.114f93b5f3b7d159.otf @ https://onvio.com.br/staff/:0
[   15342ms] [WARNING] OTS parsing error: bad table directory searchRange
bad table directory entrySelector
bad table directory rangeShift
Invalid table tag: 0x604241
 `BA: misaligned table @ https://onvio.com.br/staff/:0
[   15342ms] [WARNING] Failed to decode downloaded font: https://onvio.com.br/staff/SourceSans3-Regular.114f93b5f3b7d159.otf @ https://onvio.com.br/staff/:0
[   15343ms] [WARNING] OTS parsing error: bad table directory searchRange
bad table directory entrySelector
bad table directory rangeShift
Invalid table tag: 0x604241
 `BA: misaligned table @ https://onvio.com.br/staff/:0
[   15343ms] [WARNING] Failed to decode downloaded font: https://onvio.com.br/staff/SourceSans3-Regular.114f93b5f3b7d159.otf @ https://onvio.com.br/staff/:0
[   15343ms] [WARNING] OTS parsing error: bad table directory searchRange
bad table directory entrySelector
bad table directory rangeShift
Invalid table tag: 0x604241
 `BA: misaligned table @ https://onvio.com.br/staff/:0
[   15343ms] [WARNING] Failed to decode downloaded font: https://onvio.com.br/staff/SourceSans3-Regular.114f93b5f3b7d159.otf @ https://onvio.com.br/staff/:0
[   15343ms] [WARNING] OTS parsing error: bad table directory searchRange
bad table directory entrySelector
bad table directory rangeShift
Invalid table tag: 0x604241
 `BA: misaligned table @ https://onvio.com.br/staff/:0
[   15343ms] [WARNING] Failed to decode downloaded font: https://onvio.com.br/staff/SourceSans3-Regular.114f93b5f3b7d159.otf @ https://onvio.com.br/staff/:0
[   15343ms] [WARNING] OTS parsing error: bad table directory searchRange
bad table directory entrySelector
bad table directory rangeShift
Invalid table tag: 0x604241
 `BA: misaligned table @ https://onvio.com.br/staff/:0
[   15343ms] [WARNING] Failed to decode downloaded font: https://onvio.com.br/staff/SourceSans3-Regular.114f93b5f3b7d159.otf @ https://onvio.com.br/staff/:0
[   15343ms] [WARNING] OTS parsing error: bad table directory searchRange
bad table directory entrySelector
bad table directory rangeShift
Invalid table tag: 0x604241
 `BA: misaligned table @ https://onvio.com.br/staff/:0
[   15343ms] [WARNING] Failed to decode downloaded font: https://onvio.com.br/staff/SourceSans3-Regular.114f93b5f3b7d159.otf @ https://onvio.com.br/staff/:0
[   15343ms] [WARNING] OTS parsing error: bad table directory searchRange
bad table directory entrySelector
bad table directory rangeShift
Invalid table tag: 0x604241
 `BA: misaligned table @ https://onvio.com.br/staff/:0
[   15343ms] [WARNING] Failed to decode downloaded font: https://onvio.com.br/staff/SourceSans3-Regular.114f93b5f3b7d159.otf @ https://onvio.com.br/staff/:0
[   15343ms] [WARNING] OTS parsing error: bad table directory searchRange
bad table directory entrySelector
bad table directory rangeShift
Invalid table tag: 0x604241
 `BA: misaligned table @ https://onvio.com.br/staff/:0
[   15343ms] [WARNING] Failed to decode downloaded font: https://onvio.com.br/staff/SourceSans3-Regular.114f93b5f3b7d159.otf @ https://onvio.com.br/staff/:0
[   15343ms] [WARNING] OTS parsing error: bad table directory searchRange
bad table directory entrySelector
bad table directory rangeShift
Invalid table tag: 0x604241
 `BA: misaligned table @ https://onvio.com.br/staff/:0
[   15344ms] [WARNING] Failed to decode downloaded font: https://onvio.com.br/staff/SourceSans3-Regular.114f93b5f3b7d159.otf @ https://onvio.com.br/staff/:0
[   15344ms] [WARNING] OTS parsing error: bad table directory searchRange
bad table directory entrySelector
bad table directory rangeShift
Invalid table tag: 0x604241
 `BA: misaligned table @ https://onvio.com.br/staff/:0
[   15344ms] [WARNING] Failed to decode downloaded font: https://onvio.com.br/staff/SourceSans3-Regular.114f93b5f3b7d159.otf @ https://onvio.com.br/staff/:0
[   15344ms] [WARNING] OTS parsing error: bad table directory searchRange
bad table directory entrySelector
bad table directory rangeShift
Invalid table tag: 0x604241
 `BA: misaligned table @ https://onvio.com.br/staff/:0
[   15344ms] [WARNING] Failed to decode downloaded font: https://onvio.com.br/staff/SourceSans3-Regular.114f93b5f3b7d159.otf @ https://onvio.com.br/staff/:0
[   15344ms] [WARNING] OTS parsing error: bad table directory searchRange
bad table directory entrySelector
bad table directory rangeShift
Invalid table tag: 0x604241
 `BA: misaligned table @ https://onvio.com.br/staff/:0
[   15344ms] [WARNING] Failed to decode downloaded font: https://onvio.com.br/staff/SourceSans3-Regular.114f93b5f3b7d159.otf @ https://onvio.com.br/staff/:0
[   15344ms] [WARNING] OTS parsing error: bad table directory searchRange
bad table directory entrySelector
bad table directory rangeShift
Invalid table tag: 0x604241
 `BA: misaligned table @ https://onvio.com.br/staff/:0
[   15345ms] [WARNING] Failed to decode downloaded font: https://onvio.com.br/staff/SourceSans3-Regular.114f93b5f3b7d159.otf @ https://onvio.com.br/staff/:0
[   15345ms] [WARNING] OTS parsing error: bad table directory searchRange
bad table directory entrySelector
bad table directory rangeShift
Invalid table tag: 0x604241
 `BA: misaligned table @ https://onvio.com.br/staff/:0
[   15345ms] [WARNING] Failed to decode downloaded font: https://onvio.com.br/staff/SourceSans3-Regular.114f93b5f3b7d159.otf @ https://onvio.com.br/staff/:0
[   15345ms] [WARNING] OTS parsing error: bad table directory searchRange
bad table directory entrySelector
bad table directory rangeShift
Invalid table tag: 0x604241
 `BA: misaligned table @ https://onvio.com.br/staff/:0
[   15345ms] [WARNING] Failed to decode downloaded font: https://onvio.com.br/staff/SourceSans3-Regular.114f93b5f3b7d159.otf @ https://onvio.com.br/staff/:0
[   15345ms] [WARNING] OTS parsing error: bad table directory searchRange
bad table directory entrySelector
bad table directory rangeShift
Invalid table tag: 0x604241
 `BA: misaligned table @ https://onvio.com.br/staff/:0
[   15345ms] [WARNING] Failed to decode downloaded font: https://onvio.com.br/staff/SourceSans3-Regular.114f93b5f3b7d159.otf @ https://onvio.com.br/staff/:0
[   15345ms] [WARNING] OTS parsing error: bad table directory searchRange
bad table directory entrySelector
bad table directory rangeShift
Invalid table tag: 0x604241
 `BA: misaligned table @ https://onvio.com.br/staff/:0
[   15346ms] [WARNING] Failed to decode downloaded font: https://onvio.com.br/staff/SourceSans3-Regular.114f93b5f3b7d159.otf @ https://onvio.com.br/staff/:0
[   15346ms] [WARNING] OTS parsing error: bad table directory searchRange
bad table directory entrySelector
bad table directory rangeShift
Invalid table tag: 0x604241
 `BA: misaligned table @ https://onvio.com.br/staff/:0
[   15346ms] [WARNING] Failed to decode downloaded font: https://onvio.com.br/staff/SourceSans3-Regular.114f93b5f3b7d159.otf @ https://onvio.com.br/staff/:0
[   15346ms] [WARNING] OTS parsing error: bad table directory searchRange
bad table directory entrySelector
bad table directory rangeShift
Invalid table tag: 0x604241
 `BA: misaligned table @ https://onvio.com.br/staff/:0
[   15346ms] [WARNING] Failed to decode downloaded font: https://onvio.com.br/staff/SourceSans3-Regular.114f93b5f3b7d159.otf @ https://onvio.com.br/staff/:0
[   15346ms] [WARNING] OTS parsing error: bad table directory searchRange
bad table directory entrySelector
bad table directory rangeShift
Invalid table tag: 0x604241
 `BA: misaligned table @ https://onvio.com.br/staff/:0
[   15346ms] [WARNING] Failed to decode downloaded font: https://onvio.com.br/staff/SourceSans3-Regular.114f93b5f3b7d159.otf @ https://onvio.com.br/staff/:0
[   15347ms] [WARNING] OTS parsing error: bad table directory searchRange
bad table directory entrySelector
bad table directory rangeShift
Invalid table tag: 0x604241
 `BA: misaligned table @ https://onvio.com.br/staff/:0
[   15347ms] [WARNING] Failed to decode downloaded font: https://onvio.com.br/staff/SourceSans3-Regular.114f93b5f3b7d159.otf @ https://onvio.com.br/staff/:0
[   15348ms] [WARNING] OTS parsing error: bad table directory searchRange
bad table directory entrySelector
bad table directory rangeShift
Invalid table tag: 0x604241
 `BA: misaligned table @ https://onvio.com.br/staff/:0
[   15348ms] [WARNING] Failed to decode downloaded font: https://onvio.com.br/staff/SourceSans3-Regular.114f93b5f3b7d159.otf @ https://onvio.com.br/staff/:0
[   15348ms] [WARNING] OTS parsing error: bad table directory searchRange
bad table directory entrySelector
bad table directory rangeShift
Invalid table tag: 0x604241
 `BA: misaligned table @ https://onvio.com.br/staff/:0
[   15349ms] [WARNING] Failed to decode downloaded font: https://onvio.com.br/staff/SourceSans3-Regular.114f93b5f3b7d159.otf @ https://onvio.com.br/staff/:0
[   15349ms] [WARNING] OTS parsing error: bad table directory searchRange
bad table directory entrySelector
bad table directory rangeShift
Invalid table tag: 0x604241
 `BA: misaligned table @ https://onvio.com.br/staff/:0
[   15349ms] [WARNING] Failed to decode downloaded font: https://onvio.com.br/staff/SourceSans3-Regular.114f93b5f3b7d159.otf @ https://onvio.com.br/staff/:0
[   15349ms] [WARNING] OTS parsing error: bad table directory searchRange
bad table directory entrySelector
bad table directory rangeShift
Invalid table tag: 0x604241
 `BA: misaligned table @ https://onvio.com.br/staff/:0
[   15350ms] [WARNING] Failed to decode downloaded font: https://onvio.com.br/staff/SourceSans3-Regular.114f93b5f3b7d159.otf @ https://onvio.com.br/staff/:0
[   15350ms] [WARNING] OTS parsing error: bad table directory searchRange
bad table directory entrySelector
bad table directory rangeShift
Invalid table tag: 0x604241
 `BA: misaligned table @ https://onvio.com.br/staff/:0
[   15350ms] [WARNING] Failed to decode downloaded font: https://onvio.com.br/staff/SourceSans3-Regular.114f93b5f3b7d159.otf @ https://onvio.com.br/staff/:0
[   15350ms] [WARNING] OTS parsing error: bad table directory searchRange
bad table directory entrySelector
bad table directory rangeShift
Invalid table tag: 0x604241
 `BA: misaligned table @ https://onvio.com.br/staff/:0
[   15351ms] [WARNING] Failed to decode downloaded font: https://onvio.com.br/staff/SourceSans3-Regular.114f93b5f3b7d159.otf @ https://onvio.com.br/staff/:0
[   15351ms] [WARNING] OTS parsing error: bad table directory searchRange
bad table directory entrySelector
bad table directory rangeShift
Invalid table tag: 0x604241
 `BA: misaligned table @ https://onvio.com.br/staff/:0
[   15351ms] [WARNING] Failed to decode downloaded font: https://onvio.com.br/staff/SourceSans3-Regular.114f93b5f3b7d159.otf @ https://onvio.com.br/staff/:0
[   15351ms] [WARNING] OTS parsing error: bad table directory searchRange
bad table directory entrySelector
bad table directory rangeShift
Invalid table tag: 0x604241
 `BA: misaligned table @ https://onvio.com.br/staff/:0
[   15351ms] [WARNING] Failed to decode downloaded font: https://onvio.com.br/staff/SourceSans3-Regular.114f93b5f3b7d159.otf @ https://onvio.com.br/staff/:0
[   15352ms] [WARNING] OTS parsing error: bad table directory searchRange
bad table directory entrySelector
bad table directory rangeShift
Invalid table tag: 0x604241
 `BA: misaligned table @ https://onvio.com.br/staff/:0
[   15352ms] [WARNING] Failed to decode downloaded font: https://onvio.com.br/staff/SourceSans3-Regular.114f93b5f3b7d159.otf @ https://onvio.com.br/staff/:0
[   15352ms] [WARNING] OTS parsing error: bad table directory searchRange
bad table directory entrySelector
bad table directory rangeShift
Invalid table tag: 0x604241
 `BA: misaligned table @ https://onvio.com.br/staff/:0
[   15352ms] [WARNING] Failed to decode downloaded font: https://onvio.com.br/staff/SourceSans3-Regular.114f93b5f3b7d159.otf @ https://onvio.com.br/staff/:0
[   15352ms] [WARNING] OTS parsing error: bad table directory searchRange
bad table directory entrySelector
bad table directory rangeShift
Invalid table tag: 0x604241
 `BA: misaligned table @ https://onvio.com.br/staff/:0
[   15353ms] [WARNING] Failed to decode downloaded font: https://onvio.com.br/staff/SourceSans3-Regular.114f93b5f3b7d159.otf @ https://onvio.com.br/staff/:0
[   15353ms] [WARNING] OTS parsing error: bad table directory searchRange
bad table directory entrySelector
bad table directory rangeShift
Invalid table tag: 0x604241
 `BA: misaligned table @ https://onvio.com.br/staff/:0
[   15353ms] [WARNING] Failed to decode downloaded font: https://onvio.com.br/staff/SourceSans3-Regular.114f93b5f3b7d159.otf @ https://onvio.com.br/staff/:0
[   15353ms] [WARNING] OTS parsing error: bad table directory searchRange
bad table directory entrySelector
bad table directory rangeShift
Invalid table tag: 0x604241
 `BA: misaligned table @ https://onvio.com.br/staff/:0
[   15353ms] [WARNING] Failed to decode downloaded font: https://onvio.com.br/staff/SourceSans3-Regular.114f93b5f3b7d159.otf @ https://onvio.com.br/staff/:0
[   15354ms] [WARNING] OTS parsing error: bad table directory searchRange
bad table directory entrySelector
bad table directory rangeShift
Invalid table tag: 0x604241
 `BA: misaligned table @ https://onvio.com.br/staff/:0
[   15354ms] [WARNING] Failed to decode downloaded font: https://onvio.com.br/staff/SourceSans3-Regular.114f93b5f3b7d159.otf @ https://onvio.com.br/staff/:0
[   15354ms] [WARNING] OTS parsing error: bad table directory searchRange
bad table directory entrySelector
bad table directory rangeShift
Invalid table tag: 0x604241
 `BA: misaligned table @ https://onvio.com.br/staff/:0
[   15354ms] [WARNING] Failed to decode downloaded font: https://onvio.com.br/staff/SourceSans3-Regular.114f93b5f3b7d159.otf @ https://onvio.com.br/staff/:0
[   15354ms] [WARNING] OTS parsing error: bad table directory searchRange
bad table directory entrySelector
bad table directory rangeShift
Invalid table tag: 0x604241
 `BA: misaligned table @ https://onvio.com.br/staff/:0
[   15354ms] [WARNING] Failed to decode downloaded font: https://onvio.com.br/staff/SourceSans3-Regular.114f93b5f3b7d159.otf @ https://onvio.com.br/staff/:0
[   15354ms] [WARNING] OTS parsing error: bad table directory searchRange
bad table directory entrySelector
bad table directory rangeShift
Invalid table tag: 0x604241
 `BA: misaligned table @ https://onvio.com.br/staff/:0
[   15354ms] [WARNING] Failed to decode downloaded font: https://onvio.com.br/staff/SourceSans3-Regular.114f93b5f3b7d159.otf @ https://onvio.com.br/staff/:0
[   15355ms] [WARNING] OTS parsing error: bad table directory searchRange
bad table directory entrySelector
bad table directory rangeShift
Invalid table tag: 0x604241
 `BA: misaligned table @ https://onvio.com.br/staff/:0
[   15355ms] [WARNING] Failed to decode downloaded font: https://onvio.com.br/staff/SourceSans3-Regular.114f93b5f3b7d159.otf @ https://onvio.com.br/staff/:0
[   15356ms] [WARNING] OTS parsing error: bad table directory searchRange
bad table directory entrySelector
bad table directory rangeShift
Invalid table tag: 0x604241
 `BA: misaligned table @ https://onvio.com.br/staff/:0
[   15356ms] [WARNING] Failed to decode downloaded font: https://onvio.com.br/staff/SourceSans3-Regular.114f93b5f3b7d159.otf @ https://onvio.com.br/staff/:0
[   15356ms] [WARNING] OTS parsing error: bad table directory searchRange
bad table directory entrySelector
bad table directory rangeShift
Invalid table tag: 0x604241
 `BA: misaligned table @ https://onvio.com.br/staff/:0
[   15488ms] [WARNING] Failed to decode downloaded font: https://onvio.com.br/staff/SourceSans3-Regular.ab920762075b81fb.ttf @ https://onvio.com.br/staff/:0
[   15488ms] [WARNING] OTS parsing error: BASE: invalid table offset @ https://onvio.com.br/staff/:0
[   15488ms] [WARNING] Failed to decode downloaded font: https://onvio.com.br/staff/SourceSans3-Regular.ab920762075b81fb.ttf @ https://onvio.com.br/staff/:0
[   15488ms] [WARNING] OTS parsing error: BASE: invalid table offset @ https://onvio.com.br/staff/:0
[   15488ms] [WARNING] Failed to decode downloaded font: https://onvio.com.br/staff/SourceSans3-Regular.ab920762075b81fb.ttf @ https://onvio.com.br/staff/:0
[   15488ms] [WARNING] OTS parsing error: BASE: invalid table offset @ https://onvio.com.br/staff/:0
[   15488ms] [WARNING] Failed to decode downloaded font: https://onvio.com.br/staff/SourceSans3-Regular.ab920762075b81fb.ttf @ https://onvio.com.br/staff/:0
[   15488ms] [WARNING] OTS parsing error: BASE: invalid table offset @ https://onvio.com.br/staff/:0
[   15488ms] [WARNING] Failed to decode downloaded font: https://onvio.com.br/staff/SourceSans3-Regular.ab920762075b81fb.ttf @ https://onvio.com.br/staff/:0
[   15488ms] [WARNING] OTS parsing error: BASE: invalid table offset @ https://onvio.com.br/staff/:0
[   15488ms] [WARNING] Failed to decode downloaded font: https://onvio.com.br/staff/SourceSans3-Regular.ab920762075b81fb.ttf @ https://onvio.com.br/staff/:0
[   15488ms] [WARNING] OTS parsing error: BASE: invalid table offset @ https://onvio.com.br/staff/:0
[   15489ms] [WARNING] Failed to decode downloaded font: https://onvio.com.br/staff/SourceSans3-Regular.ab920762075b81fb.ttf @ https://onvio.com.br/staff/:0
[   15489ms] [WARNING] OTS parsing error: BASE: invalid table offset @ https://onvio.com.br/staff/:0
[   15489ms] [WARNING] Failed to decode downloaded font: https://onvio.com.br/staff/SourceSans3-Regular.ab920762075b81fb.ttf @ https://onvio.com.br/staff/:0
[   15489ms] [WARNING] OTS parsing error: BASE: invalid table offset @ https://onvio.com.br/staff/:0
[   15489ms] [WARNING] Failed to decode downloaded font: https://onvio.com.br/staff/SourceSans3-Regular.ab920762075b81fb.ttf @ https://onvio.com.br/staff/:0
[   15489ms] [WARNING] OTS parsing error: BASE: invalid table offset @ https://onvio.com.br/staff/:0
[   15489ms] [WARNING] Failed to decode downloaded font: https://onvio.com.br/staff/SourceSans3-Regular.ab920762075b81fb.ttf @ https://onvio.com.br/staff/:0
[   15489ms] [WARNING] OTS parsing error: BASE: invalid table offset @ https://onvio.com.br/staff/:0
[   15489ms] [WARNING] Failed to decode downloaded font: https://onvio.com.br/staff/SourceSans3-Regular.ab920762075b81fb.ttf @ https://onvio.com.br/staff/:0
[   15490ms] [WARNING] OTS parsing error: BASE: invalid table offset @ https://onvio.com.br/staff/:0
[   15490ms] [WARNING] Failed to decode downloaded font: https://onvio.com.br/staff/SourceSans3-Regular.ab920762075b81fb.ttf @ https://onvio.com.br/staff/:0
[   15490ms] [WARNING] OTS parsing error: BASE: invalid table offset @ https://onvio.com.br/staff/:0
[   15490ms] [WARNING] Failed to decode downloaded font: https://onvio.com.br/staff/SourceSans3-Regular.ab920762075b81fb.ttf @ https://onvio.com.br/staff/:0
[   15490ms] [WARNING] OTS parsing error: BASE: invalid table offset @ https://onvio.com.br/staff/:0
[   15490ms] [WARNING] Failed to decode downloaded font: https://onvio.com.br/staff/SourceSans3-Regular.ab920762075b81fb.ttf @ https://onvio.com.br/staff/:0
[   15490ms] [WARNING] OTS parsing error: BASE: invalid table offset @ https://onvio.com.br/staff/:0
[   15491ms] [WARNING] Failed to decode downloaded font: https://onvio.com.br/staff/SourceSans3-Regular.ab920762075b81fb.ttf @ https://onvio.com.br/staff/:0
[   15491ms] [WARNING] OTS parsing error: BASE: invalid table offset @ https://onvio.com.br/staff/:0
[   15491ms] [WARNING] Failed to decode downloaded font: https://onvio.com.br/staff/SourceSans3-Regular.ab920762075b81fb.ttf @ https://onvio.com.br/staff/:0
[   15491ms] [WARNING] OTS parsing error: BASE: invalid table offset @ https://onvio.com.br/staff/:0
[   15491ms] [WARNING] Failed to decode downloaded font: https://onvio.com.br/staff/SourceSans3-Regular.ab920762075b81fb.ttf @ https://onvio.com.br/staff/:0
[   15491ms] [WARNING] OTS parsing error: BASE: invalid table offset @ https://onvio.com.br/staff/:0
[   15491ms] [WARNING] Failed to decode downloaded font: https://onvio.com.br/staff/SourceSans3-Regular.ab920762075b81fb.ttf @ https://onvio.com.br/staff/:0
[   15491ms] [WARNING] OTS parsing error: BASE: invalid table offset @ https://onvio.com.br/staff/:0
[   15492ms] [WARNING] Failed to decode downloaded font: https://onvio.com.br/staff/SourceSans3-Regular.ab920762075b81fb.ttf @ https://onvio.com.br/staff/:0
[   15492ms] [WARNING] OTS parsing error: BASE: invalid table offset @ https://onvio.com.br/staff/:0
[   15492ms] [WARNING] Failed to decode downloaded font: https://onvio.com.br/staff/SourceSans3-Regular.ab920762075b81fb.ttf @ https://onvio.com.br/staff/:0
[   15492ms] [WARNING] OTS parsing error: BASE: invalid table offset @ https://onvio.com.br/staff/:0
[   15492ms] [WARNING] Failed to decode downloaded font: https://onvio.com.br/staff/SourceSans3-Regular.ab920762075b81fb.ttf @ https://onvio.com.br/staff/:0
[   15492ms] [WARNING] OTS parsing error: BASE: invalid table offset @ https://onvio.com.br/staff/:0
[   15492ms] [WARNING] Failed to decode downloaded font: https://onvio.com.br/staff/SourceSans3-Regular.ab920762075b81fb.ttf @ https://onvio.com.br/staff/:0
[   15493ms] [WARNING] OTS parsing error: BASE: invalid table offset @ https://onvio.com.br/staff/:0
[   15493ms] [WARNING] Failed to decode downloaded font: https://onvio.com.br/staff/SourceSans3-Regular.ab920762075b81fb.ttf @ https://onvio.com.br/staff/:0
[   15493ms] [WARNING] OTS parsing error: BASE: invalid table offset @ https://onvio.com.br/staff/:0
[   15493ms] [WARNING] Failed to decode downloaded font: https://onvio.com.br/staff/SourceSans3-Regular.ab920762075b81fb.ttf @ https://onvio.com.br/staff/:0
[   15493ms] [WARNING] OTS parsing error: BASE: invalid table offset @ https://onvio.com.br/staff/:0
[   15493ms] [WARNING] Failed to decode downloaded font: https://onvio.com.br/staff/SourceSans3-Regular.ab920762075b81fb.ttf @ https://onvio.com.br/staff/:0
[   15493ms] [WARNING] OTS parsing error: BASE: invalid table offset @ https://onvio.com.br/staff/:0
[   15494ms] [WARNING] Failed to decode downloaded font: https://onvio.com.br/staff/SourceSans3-Regular.ab920762075b81fb.ttf @ https://onvio.com.br/staff/:0
[   15494ms] [WARNING] OTS parsing error: BASE: invalid table offset @ https://onvio.com.br/staff/:0
[   15494ms] [WARNING] Failed to decode downloaded font: https://onvio.com.br/staff/SourceSans3-Regular.ab920762075b81fb.ttf @ https://onvio.com.br/staff/:0
[   15494ms] [WARNING] OTS parsing error: BASE: invalid table offset @ https://onvio.com.br/staff/:0
[   15494ms] [WARNING] Failed to decode downloaded font: https://onvio.com.br/staff/SourceSans3-Regular.ab920762075b81fb.ttf @ https://onvio.com.br/staff/:0
[   15494ms] [WARNING] OTS parsing error: BASE: invalid table offset @ https://onvio.com.br/staff/:0
[   15495ms] [WARNING] Failed to decode downloaded font: https://onvio.com.br/staff/SourceSans3-Regular.ab920762075b81fb.ttf @ https://onvio.com.br/staff/:0
[   15495ms] [WARNING] OTS parsing error: BASE: invalid table offset @ https://onvio.com.br/staff/:0
[   15495ms] [WARNING] Failed to decode downloaded font: https://onvio.com.br/staff/SourceSans3-Regular.ab920762075b81fb.ttf @ https://onvio.com.br/staff/:0
[   15495ms] [WARNING] OTS parsing error: BASE: invalid table offset @ https://onvio.com.br/staff/:0
[   15495ms] [WARNING] Failed to decode downloaded font: https://onvio.com.br/staff/SourceSans3-Regular.ab920762075b81fb.ttf @ https://onvio.com.br/staff/:0
[   15495ms] [WARNING] OTS parsing error: BASE: invalid table offset @ https://onvio.com.br/staff/:0
[   15495ms] [WARNING] Failed to decode downloaded font: https://onvio.com.br/staff/SourceSans3-Regular.ab920762075b81fb.ttf @ https://onvio.com.br/staff/:0
[   15495ms] [WARNING] OTS parsing error: BASE: invalid table offset @ https://onvio.com.br/staff/:0
[   15495ms] [WARNING] Failed to decode downloaded font: https://onvio.com.br/staff/SourceSans3-Regular.ab920762075b81fb.ttf @ https://onvio.com.br/staff/:0
[   15496ms] [WARNING] OTS parsing error: BASE: invalid table offset @ https://onvio.com.br/staff/:0
[   15496ms] [WARNING] Failed to decode downloaded font: https://onvio.com.br/staff/SourceSans3-Regular.ab920762075b81fb.ttf @ https://onvio.com.br/staff/:0
[   15496ms] [WARNING] OTS parsing error: BASE: invalid table offset @ https://onvio.com.br/staff/:0
[   15496ms] [WARNING] Failed to decode downloaded font: https://onvio.com.br/staff/SourceSans3-Regular.ab920762075b81fb.ttf @ https://onvio.com.br/staff/:0
[   15496ms] [WARNING] OTS parsing error: BASE: invalid table offset @ https://onvio.com.br/staff/:0
[   15496ms] [WARNING] Failed to decode downloaded font: https://onvio.com.br/staff/SourceSans3-Regular.ab920762075b81fb.ttf @ https://onvio.com.br/staff/:0
[   15496ms] [WARNING] OTS parsing error: BASE: invalid table offset @ https://onvio.com.br/staff/:0
[   15496ms] [WARNING] Failed to decode downloaded font: https://onvio.com.br/staff/SourceSans3-Regular.ab920762075b81fb.ttf @ https://onvio.com.br/staff/:0
[   15496ms] [WARNING] OTS parsing error: BASE: invalid table offset @ https://onvio.com.br/staff/:0
[   15496ms] [WARNING] Failed to decode downloaded font: https://onvio.com.br/staff/SourceSans3-Regular.ab920762075b81fb.ttf @ https://onvio.com.br/staff/:0
[   15497ms] [WARNING] OTS parsing error: BASE: invalid table offset @ https://onvio.com.br/staff/:0
[   15497ms] [WARNING] Failed to decode downloaded font: https://onvio.com.br/staff/SourceSans3-Regular.ab920762075b81fb.ttf @ https://onvio.com.br/staff/:0
[   15497ms] [WARNING] OTS parsing error: BASE: invalid table offset @ https://onvio.com.br/staff/:0
[   15498ms] [WARNING] Failed to decode downloaded font: https://onvio.com.br/staff/SourceSans3-Regular.ab920762075b81fb.ttf @ https://onvio.com.br/staff/:0
[   15498ms] [WARNING] OTS parsing error: BASE: invalid table offset @ https://onvio.com.br/staff/:0
[   15498ms] [WARNING] Failed to decode downloaded font: https://onvio.com.br/staff/SourceSans3-Regular.ab920762075b81fb.ttf @ https://onvio.com.br/staff/:0
[   15498ms] [WARNING] OTS parsing error: BASE: invalid table offset @ https://onvio.com.br/staff/:0
[   15498ms] [WARNING] Failed to decode downloaded font: https://onvio.com.br/staff/SourceSans3-Regular.ab920762075b81fb.ttf @ https://onvio.com.br/staff/:0
[   15498ms] [WARNING] OTS parsing error: BASE: invalid table offset @ https://onvio.com.br/staff/:0
[   15498ms] [WARNING] Failed to decode downloaded font: https://onvio.com.br/staff/SourceSans3-Regular.ab920762075b81fb.ttf @ https://onvio.com.br/staff/:0
[   15498ms] [WARNING] OTS parsing error: BASE: invalid table offset @ https://onvio.com.br/staff/:0
[   15499ms] [WARNING] Failed to decode downloaded font: https://onvio.com.br/staff/SourceSans3-Regular.ab920762075b81fb.ttf @ https://onvio.com.br/staff/:0
[   15499ms] [WARNING] OTS parsing error: BASE: invalid table offset @ https://onvio.com.br/staff/:0
[   15499ms] [WARNING] Failed to decode downloaded font: https://onvio.com.br/staff/SourceSans3-Regular.ab920762075b81fb.ttf @ https://onvio.com.br/staff/:0
[   15499ms] [WARNING] OTS parsing error: BASE: invalid table offset @ https://onvio.com.br/staff/:0
[   15500ms] [WARNING] Failed to decode downloaded font: https://onvio.com.br/staff/SourceSans3-Regular.ab920762075b81fb.ttf @ https://onvio.com.br/staff/:0
[   15500ms] [WARNING] OTS parsing error: BASE: invalid table offset @ https://onvio.com.br/staff/:0
[   15500ms] [WARNING] Failed to decode downloaded font: https://onvio.com.br/staff/SourceSans3-Regular.ab920762075b81fb.ttf @ https://onvio.com.br/staff/:0
[   15501ms] [WARNING] OTS parsing error: BASE: invalid table offset @ https://onvio.com.br/staff/:0
[   15501ms] [WARNING] Failed to decode downloaded font: https://onvio.com.br/staff/SourceSans3-Regular.ab920762075b81fb.ttf @ https://onvio.com.br/staff/:0
[   15501ms] [WARNING] OTS parsing error: BASE: invalid table offset @ https://onvio.com.br/staff/:0
[   15501ms] [WARNING] Failed to decode downloaded font: https://onvio.com.br/staff/SourceSans3-Regular.ab920762075b81fb.ttf @ https://onvio.com.br/staff/:0
[   15501ms] [WARNING] OTS parsing error: BASE: invalid table offset @ https://onvio.com.br/staff/:0
[   15502ms] [WARNING] Failed to decode downloaded font: https://onvio.com.br/staff/SourceSans3-Regular.ab920762075b81fb.ttf @ https://onvio.com.br/staff/:0
[   15502ms] [WARNING] OTS parsing error: BASE: invalid table offset @ https://onvio.com.br/staff/:0
[   15502ms] [WARNING] Failed to decode downloaded font: https://onvio.com.br/staff/SourceSans3-Regular.ab920762075b81fb.ttf @ https://onvio.com.br/staff/:0
[   15502ms] [WARNING] OTS parsing error: BASE: invalid table offset @ https://onvio.com.br/staff/:0
[   15502ms] [WARNING] Failed to decode downloaded font: https://onvio.com.br/staff/SourceSans3-Regular.ab920762075b81fb.ttf @ https://onvio.com.br/staff/:0
[   15502ms] [WARNING] OTS parsing error: BASE: invalid table offset @ https://onvio.com.br/staff/:0
[   15502ms] [WARNING] Failed to decode downloaded font: https://onvio.com.br/staff/SourceSans3-Regular.ab920762075b81fb.ttf @ https://onvio.com.br/staff/:0
[   15503ms] [WARNING] OTS parsing error: BASE: invalid table offset @ https://onvio.com.br/staff/:0
[   15503ms] [WARNING] Failed to decode downloaded font: https://onvio.com.br/staff/SourceSans3-Regular.ab920762075b81fb.ttf @ https://onvio.com.br/staff/:0
[   15503ms] [WARNING] OTS parsing error: BASE: invalid table offset @ https://onvio.com.br/staff/:0
[   15503ms] [WARNING] Failed to decode downloaded font: https://onvio.com.br/staff/SourceSans3-Regular.ab920762075b81fb.ttf @ https://onvio.com.br/staff/:0
[   15503ms] [WARNING] OTS parsing error: BASE: invalid table offset @ https://onvio.com.br/staff/:0
[   15504ms] [WARNING] Failed to decode downloaded font: https://onvio.com.br/staff/SourceSans3-Regular.ab920762075b81fb.ttf @ https://onvio.com.br/staff/:0
[   15504ms] [WARNING] OTS parsing error: BASE: invalid table offset @ https://onvio.com.br/staff/:0
[   15504ms] [WARNING] Failed to decode downloaded font: https://onvio.com.br/staff/SourceSans3-Regular.ab920762075b81fb.ttf @ https://onvio.com.br/staff/:0
[   15504ms] [WARNING] OTS parsing error: BASE: invalid table offset @ https://onvio.com.br/staff/:0
[   15504ms] [WARNING] Failed to decode downloaded font: https://onvio.com.br/staff/SourceSans3-Regular.ab920762075b81fb.ttf @ https://onvio.com.br/staff/:0
[   15504ms] [WARNING] OTS parsing error: BASE: invalid table offset @ https://onvio.com.br/staff/:0
[   15505ms] [WARNING] Failed to decode downloaded font: https://onvio.com.br/staff/SourceSans3-Regular.ab920762075b81fb.ttf @ https://onvio.com.br/staff/:0
[   15505ms] [WARNING] OTS parsing error: BASE: invalid table offset @ https://onvio.com.br/staff/:0
[   15505ms] [WARNING] Failed to decode downloaded font: https://onvio.com.br/staff/SourceSans3-Regular.ab920762075b81fb.ttf @ https://onvio.com.br/staff/:0
[   15505ms] [WARNING] OTS parsing error: BASE: invalid table offset @ https://onvio.com.br/staff/:0
[   15505ms] [WARNING] Failed to decode downloaded font: https://onvio.com.br/staff/SourceSans3-Regular.ab920762075b81fb.ttf @ https://onvio.com.br/staff/:0
[   15505ms] [WARNING] OTS parsing error: BASE: invalid table offset @ https://onvio.com.br/staff/:0
[   15505ms] [WARNING] Failed to decode downloaded font: https://onvio.com.br/staff/SourceSans3-Regular.ab920762075b81fb.ttf @ https://onvio.com.br/staff/:0
[   15505ms] [WARNING] OTS parsing error: BASE: invalid table offset @ https://onvio.com.br/staff/:0
[   15505ms] [WARNING] Failed to decode downloaded font: https://onvio.com.br/staff/SourceSans3-Regular.ab920762075b81fb.ttf @ https://onvio.com.br/staff/:0
[   15505ms] [WARNING] OTS parsing error: BASE: invalid table offset @ https://onvio.com.br/staff/:0
[   15506ms] [WARNING] Failed to decode downloaded font: https://onvio.com.br/staff/SourceSans3-Regular.ab920762075b81fb.ttf @ https://onvio.com.br/staff/:0
[   15506ms] [WARNING] OTS parsing error: BASE: invalid table offset @ https://onvio.com.br/staff/:0
[   15506ms] [WARNING] Failed to decode downloaded font: https://onvio.com.br/staff/SourceSans3-Regular.ab920762075b81fb.ttf @ https://onvio.com.br/staff/:0
[   15506ms] [WARNING] OTS parsing error: BASE: invalid table offset @ https://onvio.com.br/staff/:0
[   15506ms] [WARNING] Failed to decode downloaded font: https://onvio.com.br/staff/SourceSans3-Regular.ab920762075b81fb.ttf @ https://onvio.com.br/staff/:0
[   15506ms] [WARNING] OTS parsing error: BASE: invalid table offset @ https://onvio.com.br/staff/:0
[   15506ms] [WARNING] Failed to decode downloaded font: https://onvio.com.br/staff/SourceSans3-Regular.ab920762075b81fb.ttf @ https://onvio.com.br/staff/:0
[   15506ms] [WARNING] OTS parsing error: BASE: invalid table offset @ https://onvio.com.br/staff/:0
[   15506ms] [WARNING] Failed to decode downloaded font: https://onvio.com.br/staff/SourceSans3-Regular.ab920762075b81fb.ttf @ https://onvio.com.br/staff/:0
[   15507ms] [WARNING] OTS parsing error: BASE: invalid table offset @ https://onvio.com.br/staff/:0
[   15507ms] [WARNING] Failed to decode downloaded font: https://onvio.com.br/staff/SourceSans3-Regular.ab920762075b81fb.ttf @ https://onvio.com.br/staff/:0
[   15507ms] [WARNING] OTS parsing error: BASE: invalid table offset @ https://onvio.com.br/staff/:0
[   15507ms] [WARNING] Failed to decode downloaded font: https://onvio.com.br/staff/SourceSans3-Regular.ab920762075b81fb.ttf @ https://onvio.com.br/staff/:0
[   15507ms] [WARNING] OTS parsing error: BASE: invalid table offset @ https://onvio.com.br/staff/:0
[   15507ms] [WARNING] Failed to decode downloaded font: https://onvio.com.br/staff/SourceSans3-Regular.ab920762075b81fb.ttf @ https://onvio.com.br/staff/:0
[   15507ms] [WARNING] OTS parsing error: BASE: invalid table offset @ https://onvio.com.br/staff/:0
[   15507ms] [WARNING] Failed to decode downloaded font: https://onvio.com.br/staff/SourceSans3-Regular.ab920762075b81fb.ttf @ https://onvio.com.br/staff/:0
[   15507ms] [WARNING] OTS parsing error: BASE: invalid table offset @ https://onvio.com.br/staff/:0
[   15508ms] [WARNING] Failed to decode downloaded font: https://onvio.com.br/staff/SourceSans3-Regular.ab920762075b81fb.ttf @ https://onvio.com.br/staff/:0
[   15508ms] [WARNING] OTS parsing error: BASE: invalid table offset @ https://onvio.com.br/staff/:0
[   15508ms] [WARNING] Failed to decode downloaded font: https://onvio.com.br/staff/SourceSans3-Regular.ab920762075b81fb.ttf @ https://onvio.com.br/staff/:0
[   15508ms] [WARNING] OTS parsing error: BASE: invalid table offset @ https://onvio.com.br/staff/:0
[   15508ms] [WARNING] Failed to decode downloaded font: https://onvio.com.br/staff/SourceSans3-Regular.ab920762075b81fb.ttf @ https://onvio.com.br/staff/:0
[   15508ms] [WARNING] OTS parsing error: BASE: invalid table offset @ https://onvio.com.br/staff/:0
[   15508ms] [WARNING] Failed to decode downloaded font: https://onvio.com.br/staff/SourceSans3-Regular.ab920762075b81fb.ttf @ https://onvio.com.br/staff/:0
[   15508ms] [WARNING] OTS parsing error: BASE: invalid table offset @ https://onvio.com.br/staff/:0
[   15508ms] [WARNING] Failed to decode downloaded font: https://onvio.com.br/staff/SourceSans3-Regular.ab920762075b81fb.ttf @ https://onvio.com.br/staff/:0
[   15508ms] [WARNING] OTS parsing error: BASE: invalid table offset @ https://onvio.com.br/staff/:0
[   15508ms] [WARNING] Failed to decode downloaded font: https://onvio.com.br/staff/SourceSans3-Regular.ab920762075b81fb.ttf @ https://onvio.com.br/staff/:0
[   15509ms] [WARNING] OTS parsing error: BASE: invalid table offset @ https://onvio.com.br/staff/:0
[   15509ms] [WARNING] Failed to decode downloaded font: https://onvio.com.br/staff/SourceSans3-Regular.ab920762075b81fb.ttf @ https://onvio.com.br/staff/:0
[   15509ms] [WARNING] OTS parsing error: BASE: invalid table offset @ https://onvio.com.br/staff/:0
[   15509ms] [WARNING] Failed to decode downloaded font: https://onvio.com.br/staff/SourceSans3-Regular.ab920762075b81fb.ttf @ https://onvio.com.br/staff/:0
[   15509ms] [WARNING] OTS parsing error: BASE: invalid table offset @ https://onvio.com.br/staff/:0
[   15509ms] [WARNING] Failed to decode downloaded font: https://onvio.com.br/staff/SourceSans3-Regular.ab920762075b81fb.ttf @ https://onvio.com.br/staff/:0
[   15510ms] [WARNING] OTS parsing error: BASE: invalid table offset @ https://onvio.com.br/staff/:0
[   15510ms] [WARNING] Failed to decode downloaded font: https://onvio.com.br/staff/SourceSans3-Regular.ab920762075b81fb.ttf @ https://onvio.com.br/staff/:0
[   15510ms] [WARNING] OTS parsing error: BASE: invalid table offset @ https://onvio.com.br/staff/:0
[   15510ms] [WARNING] Failed to decode downloaded font: https://onvio.com.br/staff/SourceSans3-Regular.ab920762075b81fb.ttf @ https://onvio.com.br/staff/:0
[   15510ms] [WARNING] OTS parsing error: BASE: invalid table offset @ https://onvio.com.br/staff/:0
[   15511ms] [WARNING] Failed to decode downloaded font: https://onvio.com.br/staff/SourceSans3-Regular.ab920762075b81fb.ttf @ https://onvio.com.br/staff/:0
[   15511ms] [WARNING] OTS parsing error: BASE: invalid table offset @ https://onvio.com.br/staff/:0
[   15511ms] [WARNING] Failed to decode downloaded font: https://onvio.com.br/staff/SourceSans3-Regular.ab920762075b81fb.ttf @ https://onvio.com.br/staff/:0
[   15511ms] [WARNING] OTS parsing error: BASE: invalid table offset @ https://onvio.com.br/staff/:0
[   15511ms] [WARNING] Failed to decode downloaded font: https://onvio.com.br/staff/SourceSans3-Regular.ab920762075b81fb.ttf @ https://onvio.com.br/staff/:0
[   15511ms] [WARNING] OTS parsing error: BASE: invalid table offset @ https://onvio.com.br/staff/:0
[   15511ms] [WARNING] Failed to decode downloaded font: https://onvio.com.br/staff/SourceSans3-Regular.ab920762075b81fb.ttf @ https://onvio.com.br/staff/:0
[   15511ms] [WARNING] OTS parsing error: BASE: invalid table offset @ https://onvio.com.br/staff/:0
[   15511ms] [WARNING] Failed to decode downloaded font: https://onvio.com.br/staff/SourceSans3-Regular.ab920762075b81fb.ttf @ https://onvio.com.br/staff/:0
[   15511ms] [WARNING] OTS parsing error: BASE: invalid table offset @ https://onvio.com.br/staff/:0
[   15512ms] [WARNING] Failed to decode downloaded font: https://onvio.com.br/staff/SourceSans3-Regular.ab920762075b81fb.ttf @ https://onvio.com.br/staff/:0
[   15512ms] [WARNING] OTS parsing error: BASE: invalid table offset @ https://onvio.com.br/staff/:0
[   15512ms] [WARNING] Failed to decode downloaded font: https://onvio.com.br/staff/SourceSans3-Regular.ab920762075b81fb.ttf @ https://onvio.com.br/staff/:0
[   15512ms] [WARNING] OTS parsing error: BASE: invalid table offset @ https://onvio.com.br/staff/:0
[   15762ms] [WARNING] Failed to decode downloaded font: https://onvio.com.br/staff/SourceSans3VF-Upright.ttf.e7f20fc9b00b0e8a.woff2 @ https://onvio.com.br/staff/assets/legacy-files.js:1
[   15762ms] [WARNING] OTS parsing error: Failed to convert WOFF 2.0 font to SFNT @ https://onvio.com.br/staff/assets/legacy-files.js:1
[   15762ms] [WARNING] Failed to decode downloaded font: https://onvio.com.br/staff/SourceSans3-Regular.ttf.dab9805cb7eb3d8f.woff @ https://onvio.com.br/staff/assets/legacy-files.js:1
[   15763ms] [WARNING] OTS parsing error: incorrect file size in WOFF header @ https://onvio.com.br/staff/assets/legacy-files.js:1
[   15763ms] [WARNING] Failed to decode downloaded font: https://onvio.com.br/staff/SourceSans3-Regular.114f93b5f3b7d159.otf @ https://onvio.com.br/staff/assets/legacy-files.js:1
[   15764ms] [WARNING] OTS parsing error: bad table directory searchRange
bad table directory entrySelector
bad table directory rangeShift
Invalid table tag: 0x604241
 `BA: misaligned table @ https://onvio.com.br/staff/assets/legacy-files.js:1
[   15764ms] [WARNING] Failed to decode downloaded font: https://onvio.com.br/staff/SourceSans3-Regular.ab920762075b81fb.ttf @ https://onvio.com.br/staff/assets/legacy-files.js:1
[   15764ms] [WARNING] OTS parsing error: BASE: invalid table offset @ https://onvio.com.br/staff/assets/legacy-files.js:1
[   15764ms] [WARNING] Failed to decode downloaded font: https://onvio.com.br/staff/SourceSans3VF-Upright.ttf.e7f20fc9b00b0e8a.woff2 @ https://onvio.com.br/staff/assets/legacy-files.js:1
[   15764ms] [WARNING] OTS parsing error: Failed to convert WOFF 2.0 font to SFNT @ https://onvio.com.br/staff/assets/legacy-files.js:1
[   15765ms] [WARNING] Failed to decode downloaded font: https://onvio.com.br/staff/SourceSans3-Regular.ttf.dab9805cb7eb3d8f.woff @ https://onvio.com.br/staff/assets/legacy-files.js:1
[   15765ms] [WARNING] OTS parsing error: incorrect file size in WOFF header @ https://onvio.com.br/staff/assets/legacy-files.js:1
[   15765ms] [WARNING] Failed to decode downloaded font: https://onvio.com.br/staff/SourceSans3-Regular.114f93b5f3b7d159.otf @ https://onvio.com.br/staff/assets/legacy-files.js:1
[   15766ms] [WARNING] OTS parsing error: bad table directory searchRange
bad table directory entrySelector
bad table directory rangeShift
Invalid table tag: 0x604241
 `BA: misaligned table @ https://onvio.com.br/staff/assets/legacy-files.js:1
[   15767ms] [WARNING] Failed to decode downloaded font: https://onvio.com.br/staff/SourceSans3-Regular.ab920762075b81fb.ttf @ https://onvio.com.br/staff/assets/legacy-files.js:1
[   15768ms] [WARNING] OTS parsing error: BASE: invalid table offset @ https://onvio.com.br/staff/assets/legacy-files.js:1
[   15769ms] [WARNING] Failed to decode downloaded font: https://onvio.com.br/staff/SourceSans3VF-Upright.ttf.e7f20fc9b00b0e8a.woff2 @ https://onvio.com.br/staff/assets/legacy-files.js:1
[   15769ms] [WARNING] OTS parsing error: Failed to convert WOFF 2.0 font to SFNT @ https://onvio.com.br/staff/assets/legacy-files.js:1
[   15770ms] [WARNING] Failed to decode downloaded font: https://onvio.com.br/staff/SourceSans3-Regular.ttf.dab9805cb7eb3d8f.woff @ https://onvio.com.br/staff/assets/legacy-files.js:1
[   15770ms] [WARNING] OTS parsing error: incorrect file size in WOFF header @ https://onvio.com.br/staff/assets/legacy-files.js:1
[   15772ms] [WARNING] Failed to decode downloaded font: https://onvio.com.br/staff/SourceSans3-Regular.114f93b5f3b7d159.otf @ https://onvio.com.br/staff/assets/legacy-files.js:1
[   15773ms] [WARNING] OTS parsing error: bad table directory searchRange
bad table directory entrySelector
bad table directory rangeShift
Invalid table tag: 0x604241
 `BA: misaligned table @ https://onvio.com.br/staff/assets/legacy-files.js:1
[   15773ms] [WARNING] Failed to decode downloaded font: https://onvio.com.br/staff/SourceSans3-Regular.ab920762075b81fb.ttf @ https://onvio.com.br/staff/assets/legacy-files.js:1
[   15774ms] [WARNING] OTS parsing error: BASE: invalid table offset @ https://onvio.com.br/staff/assets/legacy-files.js:1
[   15775ms] [WARNING] Failed to decode downloaded font: https://onvio.com.br/staff/SourceSans3VF-Upright.ttf.e7f20fc9b00b0e8a.woff2 @ https://onvio.com.br/staff/assets/legacy-files.js:1
[   15775ms] [WARNING] OTS parsing error: Failed to convert WOFF 2.0 font to SFNT @ https://onvio.com.br/staff/assets/legacy-files.js:1
[   15776ms] [WARNING] Failed to decode downloaded font: https://onvio.com.br/staff/SourceSans3-Regular.ttf.dab9805cb7eb3d8f.woff @ https://onvio.com.br/staff/assets/legacy-files.js:1
[   15776ms] [WARNING] OTS parsing error: incorrect file size in WOFF header @ https://onvio.com.br/staff/assets/legacy-files.js:1
[   15776ms] [WARNING] Failed to decode downloaded font: https://onvio.com.br/staff/SourceSans3-Regular.114f93b5f3b7d159.otf @ https://onvio.com.br/staff/assets/legacy-files.js:1
[   15777ms] [WARNING] OTS parsing error: bad table directory searchRange
bad table directory entrySelector
bad table directory rangeShift
Invalid table tag: 0x604241
 `BA: misaligned table @ https://onvio.com.br/staff/assets/legacy-files.js:1
[   15777ms] [WARNING] Failed to decode downloaded font: https://onvio.com.br/staff/SourceSans3-Regular.ab920762075b81fb.ttf @ https://onvio.com.br/staff/assets/legacy-files.js:1
[   15778ms] [WARNING] OTS parsing error: BASE: invalid table offset @ https://onvio.com.br/staff/assets/legacy-files.js:1
[   15778ms] [WARNING] Failed to decode downloaded font: https://onvio.com.br/staff/SourceSans3VF-Upright.ttf.e7f20fc9b00b0e8a.woff2 @ https://onvio.com.br/staff/assets/legacy-files.js:1
[   15778ms] [WARNING] OTS parsing error: Failed to convert WOFF 2.0 font to SFNT @ https://onvio.com.br/staff/assets/legacy-files.js:1
[   15779ms] [WARNING] Failed to decode downloaded font: https://onvio.com.br/staff/SourceSans3-Regular.ttf.dab9805cb7eb3d8f.woff @ https://onvio.com.br/staff/assets/legacy-files.js:1
[   15779ms] [WARNING] OTS parsing error: incorrect file size in WOFF header @ https://onvio.com.br/staff/assets/legacy-files.js:1
[   15779ms] [WARNING] Failed to decode downloaded font: https://onvio.com.br/staff/SourceSans3-Regular.114f93b5f3b7d159.otf @ https://onvio.com.br/staff/assets/legacy-files.js:1
[   15779ms] [WARNING] OTS parsing error: bad table directory searchRange
bad table directory entrySelector
bad table directory rangeShift
Invalid table tag: 0x604241
 `BA: misaligned table @ https://onvio.com.br/staff/assets/legacy-files.js:1
[   15780ms] [WARNING] Failed to decode downloaded font: https://onvio.com.br/staff/SourceSans3-Regular.ab920762075b81fb.ttf @ https://onvio.com.br/staff/assets/legacy-files.js:1
[   15780ms] [WARNING] OTS parsing error: BASE: invalid table offset @ https://onvio.com.br/staff/assets/legacy-files.js:1
[   15780ms] [WARNING] Failed to decode downloaded font: https://onvio.com.br/staff/SourceSans3VF-Upright.ttf.e7f20fc9b00b0e8a.woff2 @ https://onvio.com.br/staff/assets/legacy-files.js:1
[   15781ms] [WARNING] OTS parsing error: Failed to convert WOFF 2.0 font to SFNT @ https://onvio.com.br/staff/assets/legacy-files.js:1
[   15781ms] [WARNING] Failed to decode downloaded font: https://onvio.com.br/staff/SourceSans3VF-Upright.ttf.e7f20fc9b00b0e8a.woff2 @ https://onvio.com.br/staff/assets/legacy-files.js:1
[   15782ms] [WARNING] OTS parsing error: Failed to convert WOFF 2.0 font to SFNT @ https://onvio.com.br/staff/assets/legacy-files.js:1
[   15782ms] [WARNING] Failed to decode downloaded font: https://onvio.com.br/staff/SourceSans3VF-Upright.ttf.e7f20fc9b00b0e8a.woff2 @ https://onvio.com.br/staff/assets/legacy-files.js:1
[   15783ms] [WARNING] OTS parsing error: Failed to convert WOFF 2.0 font to SFNT @ https://onvio.com.br/staff/assets/legacy-files.js:1
[   15783ms] [WARNING] Failed to decode downloaded font: https://onvio.com.br/staff/SourceSans3VF-Upright.ttf.e7f20fc9b00b0e8a.woff2 @ https://onvio.com.br/staff/assets/legacy-files.js:1
[   15783ms] [WARNING] OTS parsing error: Failed to convert WOFF 2.0 font to SFNT @ https://onvio.com.br/staff/assets/legacy-files.js:1
[   15784ms] [WARNING] Failed to decode downloaded font: https://onvio.com.br/staff/SourceSans3VF-Upright.ttf.e7f20fc9b00b0e8a.woff2 @ https://onvio.com.br/staff/assets/legacy-files.js:1
[   15784ms] [WARNING] OTS parsing error: Failed to convert WOFF 2.0 font to SFNT @ https://onvio.com.br/staff/assets/legacy-files.js:1
[   15785ms] [WARNING] Failed to decode downloaded font: https://onvio.com.br/staff/SourceSans3VF-Upright.ttf.e7f20fc9b00b0e8a.woff2 @ https://onvio.com.br/staff/assets/legacy-files.js:1
[   15785ms] [WARNING] OTS parsing error: Failed to convert WOFF 2.0 font to SFNT @ https://onvio.com.br/staff/assets/legacy-files.js:1
[   15785ms] [WARNING] Failed to decode downloaded font: https://onvio.com.br/staff/SourceSans3VF-Upright.ttf.e7f20fc9b00b0e8a.woff2 @ https://onvio.com.br/staff/assets/legacy-files.js:1
[   15786ms] [WARNING] OTS parsing error: Failed to convert WOFF 2.0 font to SFNT @ https://onvio.com.br/staff/assets/legacy-files.js:1
[   15786ms] [WARNING] Failed to decode downloaded font: https://onvio.com.br/staff/SourceSans3VF-Upright.ttf.e7f20fc9b00b0e8a.woff2 @ https://onvio.com.br/staff/assets/legacy-files.js:1
[   15786ms] [WARNING] OTS parsing error: Failed to convert WOFF 2.0 font to SFNT @ https://onvio.com.br/staff/assets/legacy-files.js:1
[   15789ms] [WARNING] Failed to decode downloaded font: https://onvio.com.br/staff/SourceSans3VF-Upright.ttf.e7f20fc9b00b0e8a.woff2 @ https://onvio.com.br/staff/assets/legacy-files.js:1
[   15789ms] [WARNING] OTS parsing error: Failed to convert WOFF 2.0 font to SFNT @ https://onvio.com.br/staff/assets/legacy-files.js:1
[   15789ms] [WARNING] Failed to decode downloaded font: https://onvio.com.br/staff/SourceSans3-Regular.ttf.dab9805cb7eb3d8f.woff @ https://onvio.com.br/staff/assets/legacy-files.js:1
[   15789ms] [WARNING] OTS parsing error: incorrect file size in WOFF header @ https://onvio.com.br/staff/assets/legacy-files.js:1
[   15789ms] [WARNING] Failed to decode downloaded font: https://onvio.com.br/staff/SourceSans3-Regular.114f93b5f3b7d159.otf @ https://onvio.com.br/staff/assets/legacy-files.js:1
[   15789ms] [WARNING] OTS parsing error: bad table directory searchRange
bad table directory entrySelector
bad table directory rangeShift
Invalid table tag: 0x604241
 `BA: misaligned table @ https://onvio.com.br/staff/assets/legacy-files.js:1
[   15789ms] [WARNING] Failed to decode downloaded font: https://onvio.com.br/staff/SourceSans3-Regular.ab920762075b81fb.ttf @ https://onvio.com.br/staff/assets/legacy-files.js:1
[   15790ms] [WARNING] OTS parsing error: BASE: invalid table offset @ https://onvio.com.br/staff/assets/legacy-files.js:1
[   15790ms] [WARNING] Failed to decode downloaded font: https://onvio.com.br/staff/SourceSans3VF-Upright.ttf.e7f20fc9b00b0e8a.woff2 @ https://onvio.com.br/staff/assets/legacy-files.js:1
[   15790ms] [WARNING] OTS parsing error: Failed to convert WOFF 2.0 font to SFNT @ https://onvio.com.br/staff/assets/legacy-files.js:1
[   15790ms] [WARNING] Failed to decode downloaded font: https://onvio.com.br/staff/SourceSans3-Regular.ttf.dab9805cb7eb3d8f.woff @ https://onvio.com.br/staff/assets/legacy-files.js:1
[   15790ms] [WARNING] OTS parsing error: incorrect file size in WOFF header @ https://onvio.com.br/staff/assets/legacy-files.js:1
[   15790ms] [WARNING] Failed to decode downloaded font: https://onvio.com.br/staff/SourceSans3-Regular.114f93b5f3b7d159.otf @ https://onvio.com.br/staff/assets/legacy-files.js:1
[   15790ms] [WARNING] OTS parsing error: bad table directory searchRange
bad table directory entrySelector
bad table directory rangeShift
Invalid table tag: 0x604241
 `BA: misaligned table @ https://onvio.com.br/staff/assets/legacy-files.js:1
[   15790ms] [WARNING] Failed to decode downloaded font: https://onvio.com.br/staff/SourceSans3-Regular.ab920762075b81fb.ttf @ https://onvio.com.br/staff/assets/legacy-files.js:1
[   15790ms] [WARNING] OTS parsing error: BASE: invalid table offset @ https://onvio.com.br/staff/assets/legacy-files.js:1
[   15790ms] [WARNING] Failed to decode downloaded font: https://onvio.com.br/staff/SourceSans3VF-Upright.ttf.e7f20fc9b00b0e8a.woff2 @ https://onvio.com.br/staff/assets/legacy-files.js:1
[   15790ms] [WARNING] OTS parsing error: Failed to convert WOFF 2.0 font to SFNT @ https://onvio.com.br/staff/assets/legacy-files.js:1
[   15790ms] [WARNING] Failed to decode downloaded font: https://onvio.com.br/staff/SourceSans3-Regular.ttf.dab9805cb7eb3d8f.woff @ https://onvio.com.br/staff/assets/legacy-files.js:1
[   15791ms] [WARNING] OTS parsing error: incorrect file size in WOFF header @ https://onvio.com.br/staff/assets/legacy-files.js:1
[   15791ms] [WARNING] Failed to decode downloaded font: https://onvio.com.br/staff/SourceSans3-Regular.114f93b5f3b7d159.otf @ https://onvio.com.br/staff/assets/legacy-files.js:1
[   15791ms] [WARNING] OTS parsing error: bad table directory searchRange
bad table directory entrySelector
bad table directory rangeShift
Invalid table tag: 0x604241
 `BA: misaligned table @ https://onvio.com.br/staff/assets/legacy-files.js:1
[   15791ms] [WARNING] Failed to decode downloaded font: https://onvio.com.br/staff/SourceSans3-Regular.ab920762075b81fb.ttf @ https://onvio.com.br/staff/assets/legacy-files.js:1
[   15791ms] [WARNING] OTS parsing error: BASE: invalid table offset @ https://onvio.com.br/staff/assets/legacy-files.js:1
[   15792ms] [WARNING] Failed to decode downloaded font: https://onvio.com.br/staff/SourceSans3VF-Upright.ttf.e7f20fc9b00b0e8a.woff2 @ https://onvio.com.br/staff/assets/legacy-files.js:1
[   15792ms] [WARNING] OTS parsing error: Failed to convert WOFF 2.0 font to SFNT @ https://onvio.com.br/staff/assets/legacy-files.js:1
[   15792ms] [WARNING] Failed to decode downloaded font: https://onvio.com.br/staff/SourceSans3-Regular.ttf.dab9805cb7eb3d8f.woff @ https://onvio.com.br/staff/assets/legacy-files.js:1
[   15792ms] [WARNING] OTS parsing error: incorrect file size in WOFF header @ https://onvio.com.br/staff/assets/legacy-files.js:1
[   15792ms] [WARNING] Failed to decode downloaded font: https://onvio.com.br/staff/SourceSans3-Regular.114f93b5f3b7d159.otf @ https://onvio.com.br/staff/assets/legacy-files.js:1
[   15792ms] [WARNING] OTS parsing error: bad table directory searchRange
bad table directory entrySelector
bad table directory rangeShift
Invalid table tag: 0x604241
 `BA: misaligned table @ https://onvio.com.br/staff/assets/legacy-files.js:1
[   15793ms] [WARNING] Failed to decode downloaded font: https://onvio.com.br/staff/SourceSans3-Regular.ab920762075b81fb.ttf @ https://onvio.com.br/staff/assets/legacy-files.js:1
[   15793ms] [WARNING] OTS parsing error: BASE: invalid table offset @ https://onvio.com.br/staff/assets/legacy-files.js:1
[   15793ms] [WARNING] Failed to decode downloaded font: https://onvio.com.br/staff/SourceSans3VF-Upright.ttf.e7f20fc9b00b0e8a.woff2 @ https://onvio.com.br/staff/assets/legacy-files.js:1
[   15793ms] [WARNING] OTS parsing error: Failed to convert WOFF 2.0 font to SFNT @ https://onvio.com.br/staff/assets/legacy-files.js:1
[   15794ms] [WARNING] Failed to decode downloaded font: https://onvio.com.br/staff/SourceSans3-Regular.ttf.dab9805cb7eb3d8f.woff @ https://onvio.com.br/staff/assets/legacy-files.js:1
[   15794ms] [WARNING] OTS parsing error: incorrect file size in WOFF header @ https://onvio.com.br/staff/assets/legacy-files.js:1
[   15794ms] [WARNING] Failed to decode downloaded font: https://onvio.com.br/staff/SourceSans3-Regular.114f93b5f3b7d159.otf @ https://onvio.com.br/staff/assets/legacy-files.js:1
[   15794ms] [WARNING] OTS parsing error: bad table directory searchRange
bad table directory entrySelector
bad table directory rangeShift
Invalid table tag: 0x604241
 `BA: misaligned table @ https://onvio.com.br/staff/assets/legacy-files.js:1
[   15794ms] [WARNING] Failed to decode downloaded font: https://onvio.com.br/staff/SourceSans3-Regular.ab920762075b81fb.ttf @ https://onvio.com.br/staff/assets/legacy-files.js:1
[   15795ms] [WARNING] OTS parsing error: BASE: invalid table offset @ https://onvio.com.br/staff/assets/legacy-files.js:1
[   15795ms] [WARNING] Failed to decode downloaded font: https://onvio.com.br/staff/SourceSans3VF-Upright.ttf.e7f20fc9b00b0e8a.woff2 @ https://onvio.com.br/staff/assets/legacy-files.js:1
[   15795ms] [WARNING] OTS parsing error: Failed to convert WOFF 2.0 font to SFNT @ https://onvio.com.br/staff/assets/legacy-files.js:1
[   15795ms] [WARNING] Failed to decode downloaded font: https://onvio.com.br/staff/SourceSans3-Regular.ttf.dab9805cb7eb3d8f.woff @ https://onvio.com.br/staff/assets/legacy-files.js:1
[   15795ms] [WARNING] OTS parsing error: incorrect file size in WOFF header @ https://onvio.com.br/staff/assets/legacy-files.js:1
[   15796ms] [WARNING] Failed to decode downloaded font: https://onvio.com.br/staff/SourceSans3-Regular.114f93b5f3b7d159.otf @ https://onvio.com.br/staff/assets/legacy-files.js:1
[   15796ms] [WARNING] OTS parsing error: bad table directory searchRange
bad table directory entrySelector
bad table directory rangeShift
Invalid table tag: 0x604241
 `BA: misaligned table @ https://onvio.com.br/staff/assets/legacy-files.js:1
[   15796ms] [WARNING] Failed to decode downloaded font: https://onvio.com.br/staff/SourceSans3-Regular.ab920762075b81fb.ttf @ https://onvio.com.br/staff/assets/legacy-files.js:1
[   15796ms] [WARNING] OTS parsing error: BASE: invalid table offset @ https://onvio.com.br/staff/assets/legacy-files.js:1
[   15797ms] [WARNING] Failed to decode downloaded font: https://onvio.com.br/staff/SourceSans3VF-Upright.ttf.e7f20fc9b00b0e8a.woff2 @ https://onvio.com.br/staff/assets/legacy-files.js:1
[   15797ms] [WARNING] OTS parsing error: Failed to convert WOFF 2.0 font to SFNT @ https://onvio.com.br/staff/assets/legacy-files.js:1
[   15798ms] [WARNING] Failed to decode downloaded font: https://onvio.com.br/staff/SourceSans3-Regular.ttf.dab9805cb7eb3d8f.woff @ https://onvio.com.br/staff/assets/legacy-files.js:1
[   15798ms] [WARNING] OTS parsing error: incorrect file size in WOFF header @ https://onvio.com.br/staff/assets/legacy-files.js:1
[   15798ms] [WARNING] Failed to decode downloaded font: https://onvio.com.br/staff/SourceSans3-Regular.114f93b5f3b7d159.otf @ https://onvio.com.br/staff/assets/legacy-files.js:1
[   15799ms] [WARNING] OTS parsing error: bad table directory searchRange
bad table directory entrySelector
bad table directory rangeShift
Invalid table tag: 0x604241
 `BA: misaligned table @ https://onvio.com.br/staff/assets/legacy-files.js:1
[   15799ms] [WARNING] Failed to decode downloaded font: https://onvio.com.br/staff/SourceSans3-Regular.ab920762075b81fb.ttf @ https://onvio.com.br/staff/assets/legacy-files.js:1
[   15799ms] [WARNING] OTS parsing error: BASE: invalid table offset @ https://onvio.com.br/staff/assets/legacy-files.js:1
[   15800ms] [WARNING] Failed to decode downloaded font: https://onvio.com.br/staff/SourceSans3VF-Upright.ttf.e7f20fc9b00b0e8a.woff2 @ https://onvio.com.br/staff/assets/legacy-files.js:1
[   15800ms] [WARNING] OTS parsing error: Failed to convert WOFF 2.0 font to SFNT @ https://onvio.com.br/staff/assets/legacy-files.js:1
[   15800ms] [WARNING] Failed to decode downloaded font: https://onvio.com.br/staff/SourceSans3-Regular.ttf.dab9805cb7eb3d8f.woff @ https://onvio.com.br/staff/assets/legacy-files.js:1
[   15800ms] [WARNING] OTS parsing error: incorrect file size in WOFF header @ https://onvio.com.br/staff/assets/legacy-files.js:1
[   15801ms] [WARNING] Failed to decode downloaded font: https://onvio.com.br/staff/SourceSans3-Regular.114f93b5f3b7d159.otf @ https://onvio.com.br/staff/assets/legacy-files.js:1
[   15801ms] [WARNING] OTS parsing error: bad table directory searchRange
bad table directory entrySelector
bad table directory rangeShift
Invalid table tag: 0x604241
 `BA: misaligned table @ https://onvio.com.br/staff/assets/legacy-files.js:1
[   15801ms] [WARNING] Failed to decode downloaded font: https://onvio.com.br/staff/SourceSans3-Regular.ab920762075b81fb.ttf @ https://onvio.com.br/staff/assets/legacy-files.js:1
[   15801ms] [WARNING] OTS parsing error: BASE: invalid table offset @ https://onvio.com.br/staff/assets/legacy-files.js:1
[   15801ms] [WARNING] Failed to decode downloaded font: https://onvio.com.br/staff/SourceSans3VF-Upright.ttf.e7f20fc9b00b0e8a.woff2 @ https://onvio.com.br/staff/assets/legacy-files.js:1
[   15802ms] [WARNING] OTS parsing error: Failed to convert WOFF 2.0 font to SFNT @ https://onvio.com.br/staff/assets/legacy-files.js:1
[   15802ms] [WARNING] Failed to decode downloaded font: https://onvio.com.br/staff/SourceSans3-Regular.114f93b5f3b7d159.otf @ https://onvio.com.br/staff/assets/legacy-files.js:1
[   15802ms] [WARNING] OTS parsing error: bad table directory searchRange
bad table directory entrySelector
bad table directory rangeShift
Invalid table tag: 0x604241
 `BA: misaligned table @ https://onvio.com.br/staff/assets/legacy-files.js:1
[   15802ms] [WARNING] Failed to decode downloaded font: https://onvio.com.br/staff/SourceSans3-Regular.ttf.dab9805cb7eb3d8f.woff @ https://onvio.com.br/staff/assets/legacy-files.js:1
[   15802ms] [WARNING] OTS parsing error: incorrect file size in WOFF header @ https://onvio.com.br/staff/assets/legacy-files.js:1
[   15803ms] [WARNING] Failed to decode downloaded font: https://onvio.com.br/staff/SourceSans3-Regular.ab920762075b81fb.ttf @ https://onvio.com.br/staff/assets/legacy-files.js:1
[   15803ms] [WARNING] OTS parsing error: BASE: invalid table offset @ https://onvio.com.br/staff/assets/legacy-files.js:1
[   15803ms] [WARNING] Failed to decode downloaded font: https://onvio.com.br/staff/SourceSans3VF-Upright.ttf.e7f20fc9b00b0e8a.woff2 @ https://onvio.com.br/staff/assets/legacy-files.js:1
[   15803ms] [WARNING] OTS parsing error: Failed to convert WOFF 2.0 font to SFNT @ https://onvio.com.br/staff/assets/legacy-files.js:1
[   15803ms] [WARNING] Failed to decode downloaded font: https://onvio.com.br/staff/SourceSans3-Regular.ttf.dab9805cb7eb3d8f.woff @ https://onvio.com.br/staff/assets/legacy-files.js:1
[   15803ms] [WARNING] OTS parsing error: incorrect file size in WOFF header @ https://onvio.com.br/staff/assets/legacy-files.js:1
[   15804ms] [WARNING] Failed to decode downloaded font: https://onvio.com.br/staff/SourceSans3-Regular.114f93b5f3b7d159.otf @ https://onvio.com.br/staff/assets/legacy-files.js:1
[   15804ms] [WARNING] OTS parsing error: bad table directory searchRange
bad table directory entrySelector
bad table directory rangeShift
Invalid table tag: 0x604241
 `BA: misaligned table @ https://onvio.com.br/staff/assets/legacy-files.js:1
[   15804ms] [WARNING] Failed to decode downloaded font: https://onvio.com.br/staff/SourceSans3-Regular.ab920762075b81fb.ttf @ https://onvio.com.br/staff/assets/legacy-files.js:1
[   15804ms] [WARNING] OTS parsing error: BASE: invalid table offset @ https://onvio.com.br/staff/assets/legacy-files.js:1
[   15804ms] [WARNING] Failed to decode downloaded font: https://onvio.com.br/staff/SourceSans3VF-Upright.ttf.e7f20fc9b00b0e8a.woff2 @ https://onvio.com.br/staff/assets/legacy-files.js:1
[   15805ms] [WARNING] OTS parsing error: Failed to convert WOFF 2.0 font to SFNT @ https://onvio.com.br/staff/assets/legacy-files.js:1
[   15805ms] [WARNING] Failed to decode downloaded font: https://onvio.com.br/staff/SourceSans3-Regular.ttf.dab9805cb7eb3d8f.woff @ https://onvio.com.br/staff/assets/legacy-files.js:1
[   15805ms] [WARNING] OTS parsing error: incorrect file size in WOFF header @ https://onvio.com.br/staff/assets/legacy-files.js:1
[   15805ms] [WARNING] Failed to decode downloaded font: https://onvio.com.br/staff/SourceSans3-Regular.114f93b5f3b7d159.otf @ https://onvio.com.br/staff/assets/legacy-files.js:1
[   15806ms] [WARNING] OTS parsing error: bad table directory searchRange
bad table directory entrySelector
bad table directory rangeShift
Invalid table tag: 0x604241
 `BA: misaligned table @ https://onvio.com.br/staff/assets/legacy-files.js:1
[   15806ms] [WARNING] Failed to decode downloaded font: https://onvio.com.br/staff/SourceSans3-Regular.ab920762075b81fb.ttf @ https://onvio.com.br/staff/assets/legacy-files.js:1
[   15806ms] [WARNING] OTS parsing error: BASE: invalid table offset @ https://onvio.com.br/staff/assets/legacy-files.js:1
[   15806ms] [WARNING] Failed to decode downloaded font: https://onvio.com.br/staff/SourceSans3VF-Upright.ttf.e7f20fc9b00b0e8a.woff2 @ https://onvio.com.br/staff/assets/legacy-files.js:1
[   15806ms] [WARNING] OTS parsing error: Failed to convert WOFF 2.0 font to SFNT @ https://onvio.com.br/staff/assets/legacy-files.js:1
[   15806ms] [WARNING] Failed to decode downloaded font: https://onvio.com.br/staff/SourceSans3-Regular.ttf.dab9805cb7eb3d8f.woff @ https://onvio.com.br/staff/assets/legacy-files.js:1
[   15807ms] [WARNING] OTS parsing error: incorrect file size in WOFF header @ https://onvio.com.br/staff/assets/legacy-files.js:1
[   15807ms] [WARNING] Failed to decode downloaded font: https://onvio.com.br/staff/SourceSans3-Regular.114f93b5f3b7d159.otf @ https://onvio.com.br/staff/assets/legacy-files.js:1
[   15807ms] [WARNING] OTS parsing error: bad table directory searchRange
bad table directory entrySelector
bad table directory rangeShift
Invalid table tag: 0x604241
 `BA: misaligned table @ https://onvio.com.br/staff/assets/legacy-files.js:1
[   15807ms] [WARNING] Failed to decode downloaded font: https://onvio.com.br/staff/SourceSans3-Regular.ab920762075b81fb.ttf @ https://onvio.com.br/staff/assets/legacy-files.js:1
[   15807ms] [WARNING] OTS parsing error: BASE: invalid table offset @ https://onvio.com.br/staff/assets/legacy-files.js:1
[   15808ms] [WARNING] Failed to decode downloaded font: https://onvio.com.br/staff/SourceSans3VF-Upright.ttf.e7f20fc9b00b0e8a.woff2 @ https://onvio.com.br/staff/assets/legacy-files.js:1
[   15808ms] [WARNING] OTS parsing error: Failed to convert WOFF 2.0 font to SFNT @ https://onvio.com.br/staff/assets/legacy-files.js:1
[   15808ms] [WARNING] Failed to decode downloaded font: https://onvio.com.br/staff/SourceSans3-Regular.ttf.dab9805cb7eb3d8f.woff @ https://onvio.com.br/staff/assets/legacy-files.js:1
[   15808ms] [WARNING] OTS parsing error: incorrect file size in WOFF header @ https://onvio.com.br/staff/assets/legacy-files.js:1
[   15808ms] [WARNING] Failed to decode downloaded font: https://onvio.com.br/staff/SourceSans3-Regular.114f93b5f3b7d159.otf @ https://onvio.com.br/staff/assets/legacy-files.js:1
[   15809ms] [WARNING] OTS parsing error: bad table directory searchRange
bad table directory entrySelector
bad table directory rangeShift
Invalid table tag: 0x604241
 `BA: misaligned table @ https://onvio.com.br/staff/assets/legacy-files.js:1
[   15809ms] [WARNING] Failed to decode downloaded font: https://onvio.com.br/staff/SourceSans3-Regular.ab920762075b81fb.ttf @ https://onvio.com.br/staff/assets/legacy-files.js:1
[   15809ms] [WARNING] OTS parsing error: BASE: invalid table offset @ https://onvio.com.br/staff/assets/legacy-files.js:1
[   15809ms] [WARNING] Failed to decode downloaded font: https://onvio.com.br/staff/SourceSans3VF-Upright.ttf.e7f20fc9b00b0e8a.woff2 @ https://onvio.com.br/staff/assets/legacy-files.js:1
[   15809ms] [WARNING] OTS parsing error: Failed to convert WOFF 2.0 font to SFNT @ https://onvio.com.br/staff/assets/legacy-files.js:1
[   15810ms] [WARNING] Failed to decode downloaded font: https://onvio.com.br/staff/SourceSans3-Regular.ttf.dab9805cb7eb3d8f.woff @ https://onvio.com.br/staff/assets/legacy-files.js:1
[   15810ms] [WARNING] OTS parsing error: incorrect file size in WOFF header @ https://onvio.com.br/staff/assets/legacy-files.js:1
[   15810ms] [WARNING] Failed to decode downloaded font: https://onvio.com.br/staff/SourceSans3-Regular.114f93b5f3b7d159.otf @ https://onvio.com.br/staff/assets/legacy-files.js:1
[   15810ms] [WARNING] OTS parsing error: bad table directory searchRange
bad table directory entrySelector
bad table directory rangeShift
Invalid table tag: 0x604241
 `BA: misaligned table @ https://onvio.com.br/staff/assets/legacy-files.js:1
[   15810ms] [WARNING] Failed to decode downloaded font: https://onvio.com.br/staff/SourceSans3-Regular.ab920762075b81fb.ttf @ https://onvio.com.br/staff/assets/legacy-files.js:1
[   15810ms] [WARNING] OTS parsing error: BASE: invalid table offset @ https://onvio.com.br/staff/assets/legacy-files.js:1
[   15811ms] [WARNING] Failed to decode downloaded font: https://onvio.com.br/staff/SourceSans3VF-Upright.ttf.e7f20fc9b00b0e8a.woff2 @ https://onvio.com.br/staff/assets/legacy-files.js:1
[   15811ms] [WARNING] OTS parsing error: Failed to convert WOFF 2.0 font to SFNT @ https://onvio.com.br/staff/assets/legacy-files.js:1
[   15811ms] [WARNING] Failed to decode downloaded font: https://onvio.com.br/staff/SourceSans3-Regular.ttf.dab9805cb7eb3d8f.woff @ https://onvio.com.br/staff/assets/legacy-files.js:1
[   15811ms] [WARNING] OTS parsing error: incorrect file size in WOFF header @ https://onvio.com.br/staff/assets/legacy-files.js:1
[   15811ms] [WARNING] Failed to decode downloaded font: https://onvio.com.br/staff/SourceSans3-Regular.114f93b5f3b7d159.otf @ https://onvio.com.br/staff/assets/legacy-files.js:1
[   15811ms] [WARNING] OTS parsing error: bad table directory searchRange
bad table directory entrySelector
bad table directory rangeShift
Invalid table tag: 0x604241
 `BA: misaligned table @ https://onvio.com.br/staff/assets/legacy-files.js:1
[   15811ms] [WARNING] Failed to decode downloaded font: https://onvio.com.br/staff/SourceSans3-Regular.ab920762075b81fb.ttf @ https://onvio.com.br/staff/assets/legacy-files.js:1
[   15811ms] [WARNING] OTS parsing error: BASE: invalid table offset @ https://onvio.com.br/staff/assets/legacy-files.js:1
[   15812ms] [WARNING] Failed to decode downloaded font: https://onvio.com.br/staff/SourceSans3VF-Upright.ttf.e7f20fc9b00b0e8a.woff2 @ https://onvio.com.br/staff/assets/legacy-files.js:1
[   15812ms] [WARNING] OTS parsing error: Failed to convert WOFF 2.0 font to SFNT @ https://onvio.com.br/staff/assets/legacy-files.js:1
[   15812ms] [WARNING] Failed to decode downloaded font: https://onvio.com.br/staff/SourceSans3-Regular.ttf.dab9805cb7eb3d8f.woff @ https://onvio.com.br/staff/assets/legacy-files.js:1
[   15812ms] [WARNING] OTS parsing error: incorrect file size in WOFF header @ https://onvio.com.br/staff/assets/legacy-files.js:1
[   15812ms] [WARNING] Failed to decode downloaded font: https://onvio.com.br/staff/SourceSans3-Regular.114f93b5f3b7d159.otf @ https://onvio.com.br/staff/assets/legacy-files.js:1
[   15812ms] [WARNING] OTS parsing error: bad table directory searchRange
bad table directory entrySelector
bad table directory rangeShift
Invalid table tag: 0x604241
 `BA: misaligned table @ https://onvio.com.br/staff/assets/legacy-files.js:1
[   15812ms] [WARNING] Failed to decode downloaded font: https://onvio.com.br/staff/SourceSans3-Regular.ab920762075b81fb.ttf @ https://onvio.com.br/staff/assets/legacy-files.js:1
[   15813ms] [WARNING] OTS parsing error: BASE: invalid table offset @ https://onvio.com.br/staff/assets/legacy-files.js:1
[   15813ms] [WARNING] Failed to decode downloaded font: https://onvio.com.br/staff/SourceSans3VF-Upright.ttf.e7f20fc9b00b0e8a.woff2 @ https://onvio.com.br/staff/assets/legacy-files.js:1
[   15813ms] [WARNING] OTS parsing error: Failed to convert WOFF 2.0 font to SFNT @ https://onvio.com.br/staff/assets/legacy-files.js:1
[   15813ms] [WARNING] Failed to decode downloaded font: https://onvio.com.br/staff/SourceSans3-Regular.ttf.dab9805cb7eb3d8f.woff @ https://onvio.com.br/staff/assets/legacy-files.js:1
[   15814ms] [WARNING] OTS parsing error: incorrect file size in WOFF header @ https://onvio.com.br/staff/assets/legacy-files.js:1
[   15814ms] [WARNING] Failed to decode downloaded font: https://onvio.com.br/staff/SourceSans3-Regular.114f93b5f3b7d159.otf @ https://onvio.com.br/staff/assets/legacy-files.js:1
[   15814ms] [WARNING] OTS parsing error: bad table directory searchRange
bad table directory entrySelector
bad table directory rangeShift
Invalid table tag: 0x604241
 `BA: misaligned table @ https://onvio.com.br/staff/assets/legacy-files.js:1
[   15814ms] [WARNING] Failed to decode downloaded font: https://onvio.com.br/staff/SourceSans3-Regular.ab920762075b81fb.ttf @ https://onvio.com.br/staff/assets/legacy-files.js:1
[   15815ms] [WARNING] OTS parsing error: BASE: invalid table offset @ https://onvio.com.br/staff/assets/legacy-files.js:1
[   15815ms] [WARNING] Failed to decode downloaded font: https://onvio.com.br/staff/SourceSans3VF-Upright.ttf.e7f20fc9b00b0e8a.woff2 @ https://onvio.com.br/staff/assets/legacy-files.js:1
[   15815ms] [WARNING] OTS parsing error: Failed to convert WOFF 2.0 font to SFNT @ https://onvio.com.br/staff/assets/legacy-files.js:1
[   15815ms] [WARNING] Failed to decode downloaded font: https://onvio.com.br/staff/SourceSans3-Regular.ttf.dab9805cb7eb3d8f.woff @ https://onvio.com.br/staff/assets/legacy-files.js:1
[   15816ms] [WARNING] OTS parsing error: incorrect file size in WOFF header @ https://onvio.com.br/staff/assets/legacy-files.js:1
[   15816ms] [WARNING] Failed to decode downloaded font: https://onvio.com.br/staff/SourceSans3-Regular.114f93b5f3b7d159.otf @ https://onvio.com.br/staff/assets/legacy-files.js:1
[   15816ms] [WARNING] OTS parsing error: bad table directory searchRange
bad table directory entrySelector
bad table directory rangeShift
Invalid table tag: 0x604241
 `BA: misaligned table @ https://onvio.com.br/staff/assets/legacy-files.js:1
[   15816ms] [WARNING] Failed to decode downloaded font: https://onvio.com.br/staff/SourceSans3-Regular.ab920762075b81fb.ttf @ https://onvio.com.br/staff/assets/legacy-files.js:1
[   15816ms] [WARNING] OTS parsing error: BASE: invalid table offset @ https://onvio.com.br/staff/assets/legacy-files.js:1
[   15816ms] [WARNING] Failed to decode downloaded font: https://onvio.com.br/staff/SourceSans3VF-Upright.ttf.e7f20fc9b00b0e8a.woff2 @ https://onvio.com.br/staff/assets/legacy-files.js:1
[   15816ms] [WARNING] OTS parsing error: Failed to convert WOFF 2.0 font to SFNT @ https://onvio.com.br/staff/assets/legacy-files.js:1
[   15816ms] [WARNING] Failed to decode downloaded font: https://onvio.com.br/staff/SourceSans3VF-Upright.ttf.e7f20fc9b00b0e8a.woff2 @ https://onvio.com.br/staff/assets/legacy-files.js:1
[   15816ms] [WARNING] OTS parsing error: Failed to convert WOFF 2.0 font to SFNT @ https://onvio.com.br/staff/assets/legacy-files.js:1
[   15816ms] [WARNING] Failed to decode downloaded font: https://onvio.com.br/staff/SourceSans3VF-Upright.ttf.e7f20fc9b00b0e8a.woff2 @ https://onvio.com.br/staff/assets/legacy-files.js:1
[   15816ms] [WARNING] OTS parsing error: Failed to convert WOFF 2.0 font to SFNT @ https://onvio.com.br/staff/assets/legacy-files.js:1
[   15817ms] [WARNING] Failed to decode downloaded font: https://onvio.com.br/staff/SourceSans3VF-Upright.ttf.e7f20fc9b00b0e8a.woff2 @ https://onvio.com.br/staff/assets/legacy-files.js:1
[   15817ms] [WARNING] OTS parsing error: Failed to convert WOFF 2.0 font to SFNT @ https://onvio.com.br/staff/assets/legacy-files.js:1
[   15817ms] [WARNING] Failed to decode downloaded font: https://onvio.com.br/staff/SourceSans3VF-Upright.ttf.e7f20fc9b00b0e8a.woff2 @ https://onvio.com.br/staff/assets/legacy-files.js:1
[   15817ms] [WARNING] OTS parsing error: Failed to convert WOFF 2.0 font to SFNT @ https://onvio.com.br/staff/assets/legacy-files.js:1
[   15817ms] [WARNING] Failed to decode downloaded font: https://onvio.com.br/staff/SourceSans3VF-Upright.ttf.e7f20fc9b00b0e8a.woff2 @ https://onvio.com.br/staff/assets/legacy-files.js:1
[   15818ms] [WARNING] OTS parsing error: Failed to convert WOFF 2.0 font to SFNT @ https://onvio.com.br/staff/assets/legacy-files.js:1
[   15818ms] [WARNING] Failed to decode downloaded font: https://onvio.com.br/staff/SourceSans3VF-Upright.ttf.e7f20fc9b00b0e8a.woff2 @ https://onvio.com.br/staff/assets/legacy-files.js:1
[   15818ms] [WARNING] OTS parsing error: Failed to convert WOFF 2.0 font to SFNT @ https://onvio.com.br/staff/assets/legacy-files.js:1
[   15818ms] [WARNING] Failed to decode downloaded font: https://onvio.com.br/staff/SourceSans3VF-Upright.ttf.e7f20fc9b00b0e8a.woff2 @ https://onvio.com.br/staff/assets/legacy-files.js:1
[   15819ms] [WARNING] OTS parsing error: Failed to convert WOFF 2.0 font to SFNT @ https://onvio.com.br/staff/assets/legacy-files.js:1
[   15819ms] [WARNING] Failed to decode downloaded font: https://onvio.com.br/staff/SourceSans3VF-Upright.ttf.e7f20fc9b00b0e8a.woff2 @ https://onvio.com.br/staff/assets/legacy-files.js:1
[   15819ms] [WARNING] OTS parsing error: Failed to convert WOFF 2.0 font to SFNT @ https://onvio.com.br/staff/assets/legacy-files.js:1
[   15819ms] [WARNING] Failed to decode downloaded font: https://onvio.com.br/staff/SourceSans3-Regular.ttf.dab9805cb7eb3d8f.woff @ https://onvio.com.br/staff/assets/legacy-files.js:1
[   15819ms] [WARNING] OTS parsing error: incorrect file size in WOFF header @ https://onvio.com.br/staff/assets/legacy-files.js:1
[   15820ms] [WARNING] Failed to decode downloaded font: https://onvio.com.br/staff/SourceSans3-Regular.114f93b5f3b7d159.otf @ https://onvio.com.br/staff/assets/legacy-files.js:1
[   15821ms] [WARNING] OTS parsing error: bad table directory searchRange
bad table directory entrySelector
bad table directory rangeShift
Invalid table tag: 0x604241
 `BA: misaligned table @ https://onvio.com.br/staff/assets/legacy-files.js:1
[   15821ms] [WARNING] Failed to decode downloaded font: https://onvio.com.br/staff/SourceSans3-Regular.ab920762075b81fb.ttf @ https://onvio.com.br/staff/assets/legacy-files.js:1
[   15821ms] [WARNING] OTS parsing error: BASE: invalid table offset @ https://onvio.com.br/staff/assets/legacy-files.js:1
[   15821ms] [WARNING] Failed to decode downloaded font: https://onvio.com.br/staff/SourceSans3VF-Upright.ttf.e7f20fc9b00b0e8a.woff2 @ https://onvio.com.br/staff/assets/legacy-files.js:1
[   15821ms] [WARNING] OTS parsing error: Failed to convert WOFF 2.0 font to SFNT @ https://onvio.com.br/staff/assets/legacy-files.js:1
[   15822ms] [WARNING] Failed to decode downloaded font: https://onvio.com.br/staff/SourceSans3-Regular.ttf.dab9805cb7eb3d8f.woff @ https://onvio.com.br/staff/assets/legacy-files.js:1
[   15822ms] [WARNING] OTS parsing error: incorrect file size in WOFF header @ https://onvio.com.br/staff/assets/legacy-files.js:1
[   15822ms] [WARNING] Failed to decode downloaded font: https://onvio.com.br/staff/SourceSans3-Regular.114f93b5f3b7d159.otf @ https://onvio.com.br/staff/assets/legacy-files.js:1
[   15823ms] [WARNING] OTS parsing error: bad table directory searchRange
bad table directory entrySelector
bad table directory rangeShift
Invalid table tag: 0x604241
 `BA: misaligned table @ https://onvio.com.br/staff/assets/legacy-files.js:1
[   15823ms] [WARNING] Failed to decode downloaded font: https://onvio.com.br/staff/SourceSans3-Regular.ab920762075b81fb.ttf @ https://onvio.com.br/staff/assets/legacy-files.js:1
[   15823ms] [WARNING] OTS parsing error: BASE: invalid table offset @ https://onvio.com.br/staff/assets/legacy-files.js:1
[   15823ms] [WARNING] Failed to decode downloaded font: https://onvio.com.br/staff/SourceSans3VF-Upright.ttf.e7f20fc9b00b0e8a.woff2 @ https://onvio.com.br/staff/assets/legacy-files.js:1
[   15823ms] [WARNING] OTS parsing error: Failed to convert WOFF 2.0 font to SFNT @ https://onvio.com.br/staff/assets/legacy-files.js:1
[   15823ms] [WARNING] Failed to decode downloaded font: https://onvio.com.br/staff/SourceSans3-Regular.ttf.dab9805cb7eb3d8f.woff @ https://onvio.com.br/staff/assets/legacy-files.js:1
[   15823ms] [WARNING] OTS parsing error: incorrect file size in WOFF header @ https://onvio.com.br/staff/assets/legacy-files.js:1
[   15824ms] [WARNING] Failed to decode downloaded font: https://onvio.com.br/staff/SourceSans3-Regular.114f93b5f3b7d159.otf @ https://onvio.com.br/staff/assets/legacy-files.js:1
[   15824ms] [WARNING] OTS parsing error: bad table directory searchRange
bad table directory entrySelector
bad table directory rangeShift
Invalid table tag: 0x604241
 `BA: misaligned table @ https://onvio.com.br/staff/assets/legacy-files.js:1
[   15825ms] [WARNING] Failed to decode downloaded font: https://onvio.com.br/staff/SourceSans3-Regular.ab920762075b81fb.ttf @ https://onvio.com.br/staff/assets/legacy-files.js:1
[   15825ms] [WARNING] OTS parsing error: BASE: invalid table offset @ https://onvio.com.br/staff/assets/legacy-files.js:1
[   15825ms] [WARNING] Failed to decode downloaded font: https://onvio.com.br/staff/SourceSans3VF-Upright.ttf.e7f20fc9b00b0e8a.woff2 @ https://onvio.com.br/staff/assets/legacy-files.js:1
[   15825ms] [WARNING] OTS parsing error: Failed to convert WOFF 2.0 font to SFNT @ https://onvio.com.br/staff/assets/legacy-files.js:1
[   15826ms] [WARNING] Failed to decode downloaded font: https://onvio.com.br/staff/SourceSans3-Regular.ttf.dab9805cb7eb3d8f.woff @ https://onvio.com.br/staff/assets/legacy-files.js:1
[   15826ms] [WARNING] OTS parsing error: incorrect file size in WOFF header @ https://onvio.com.br/staff/assets/legacy-files.js:1
[   15826ms] [WARNING] Failed to decode downloaded font: https://onvio.com.br/staff/SourceSans3-Regular.114f93b5f3b7d159.otf @ https://onvio.com.br/staff/assets/legacy-files.js:1
[   15826ms] [WARNING] OTS parsing error: bad table directory searchRange
bad table directory entrySelector
bad table directory rangeShift
Invalid table tag: 0x604241
 `BA: misaligned table @ https://onvio.com.br/staff/assets/legacy-files.js:1
[   15826ms] [WARNING] Failed to decode downloaded font: https://onvio.com.br/staff/SourceSans3-Regular.ab920762075b81fb.ttf @ https://onvio.com.br/staff/assets/legacy-files.js:1
[   15826ms] [WARNING] OTS parsing error: BASE: invalid table offset @ https://onvio.com.br/staff/assets/legacy-files.js:1
[   15826ms] [WARNING] Failed to decode downloaded font: https://onvio.com.br/staff/SourceSans3VF-Upright.ttf.e7f20fc9b00b0e8a.woff2 @ https://onvio.com.br/staff/assets/legacy-files.js:1
[   15826ms] [WARNING] OTS parsing error: Failed to convert WOFF 2.0 font to SFNT @ https://onvio.com.br/staff/assets/legacy-files.js:1
[   15826ms] [WARNING] Failed to decode downloaded font: https://onvio.com.br/staff/SourceSans3-Regular.ttf.dab9805cb7eb3d8f.woff @ https://onvio.com.br/staff/assets/legacy-files.js:1
[   15826ms] [WARNING] OTS parsing error: incorrect file size in WOFF header @ https://onvio.com.br/staff/assets/legacy-files.js:1
[   15826ms] [WARNING] Failed to decode downloaded font: https://onvio.com.br/staff/SourceSans3-Regular.114f93b5f3b7d159.otf @ https://onvio.com.br/staff/assets/legacy-files.js:1
[   15826ms] [WARNING] OTS parsing error: bad table directory searchRange
bad table directory entrySelector
bad table directory rangeShift
Invalid table tag: 0x604241
 `BA: misaligned table @ https://onvio.com.br/staff/assets/legacy-files.js:1
[   15826ms] [WARNING] Failed to decode downloaded font: https://onvio.com.br/staff/SourceSans3-Regular.ab920762075b81fb.ttf @ https://onvio.com.br/staff/assets/legacy-files.js:1
[   15827ms] [WARNING] OTS parsing error: BASE: invalid table offset @ https://onvio.com.br/staff/assets/legacy-files.js:1
[   15827ms] [WARNING] Failed to decode downloaded font: https://onvio.com.br/staff/SourceSans3VF-Upright.ttf.e7f20fc9b00b0e8a.woff2 @ https://onvio.com.br/staff/assets/legacy-files.js:1
[   15827ms] [WARNING] OTS parsing error: Failed to convert WOFF 2.0 font to SFNT @ https://onvio.com.br/staff/assets/legacy-files.js:1
[   15827ms] [WARNING] Failed to decode downloaded font: https://onvio.com.br/staff/SourceSans3-Regular.ttf.dab9805cb7eb3d8f.woff @ https://onvio.com.br/staff/assets/legacy-files.js:1
[   15827ms] [WARNING] OTS parsing error: incorrect file size in WOFF header @ https://onvio.com.br/staff/assets/legacy-files.js:1
[   15827ms] [WARNING] Failed to decode downloaded font: https://onvio.com.br/staff/SourceSans3-Regular.114f93b5f3b7d159.otf @ https://onvio.com.br/staff/assets/legacy-files.js:1
[   15827ms] [WARNING] OTS parsing error: bad table directory searchRange
bad table directory entrySelector
bad table directory rangeShift
Invalid table tag: 0x604241
 `BA: misaligned table @ https://onvio.com.br/staff/assets/legacy-files.js:1
[   15827ms] [WARNING] Failed to decode downloaded font: https://onvio.com.br/staff/SourceSans3-Regular.ab920762075b81fb.ttf @ https://onvio.com.br/staff/assets/legacy-files.js:1
[   15828ms] [WARNING] OTS parsing error: BASE: invalid table offset @ https://onvio.com.br/staff/assets/legacy-files.js:1
[   15828ms] [WARNING] Failed to decode downloaded font: https://onvio.com.br/staff/SourceSans3VF-Upright.ttf.e7f20fc9b00b0e8a.woff2 @ https://onvio.com.br/staff/assets/legacy-files.js:1
[   15828ms] [WARNING] OTS parsing error: Failed to convert WOFF 2.0 font to SFNT @ https://onvio.com.br/staff/assets/legacy-files.js:1
[   15828ms] [WARNING] Failed to decode downloaded font: https://onvio.com.br/staff/SourceSans3-Regular.ttf.dab9805cb7eb3d8f.woff @ https://onvio.com.br/staff/assets/legacy-files.js:1
[   15828ms] [WARNING] OTS parsing error: incorrect file size in WOFF header @ https://onvio.com.br/staff/assets/legacy-files.js:1
[   15828ms] [WARNING] Failed to decode downloaded font: https://onvio.com.br/staff/SourceSans3-Regular.114f93b5f3b7d159.otf @ https://onvio.com.br/staff/assets/legacy-files.js:1
[   15828ms] [WARNING] OTS parsing error: bad table directory searchRange
bad table directory entrySelector
bad table directory rangeShift
Invalid table tag: 0x604241
 `BA: misaligned table @ https://onvio.com.br/staff/assets/legacy-files.js:1
[   15828ms] [WARNING] Failed to decode downloaded font: https://onvio.com.br/staff/SourceSans3-Regular.ab920762075b81fb.ttf @ https://onvio.com.br/staff/assets/legacy-files.js:1
[   15829ms] [WARNING] OTS parsing error: BASE: invalid table offset @ https://onvio.com.br/staff/assets/legacy-files.js:1
[   15829ms] [WARNING] Failed to decode downloaded font: https://onvio.com.br/staff/SourceSans3VF-Upright.ttf.e7f20fc9b00b0e8a.woff2 @ https://onvio.com.br/staff/assets/legacy-files.js:1
[   15829ms] [WARNING] OTS parsing error: Failed to convert WOFF 2.0 font to SFNT @ https://onvio.com.br/staff/assets/legacy-files.js:1
[   15829ms] [WARNING] Failed to decode downloaded font: https://onvio.com.br/staff/SourceSans3-Regular.ttf.dab9805cb7eb3d8f.woff @ https://onvio.com.br/staff/assets/legacy-files.js:1
[   15829ms] [WARNING] OTS parsing error: incorrect file size in WOFF header @ https://onvio.com.br/staff/assets/legacy-files.js:1
[   15830ms] [WARNING] Failed to decode downloaded font: https://onvio.com.br/staff/SourceSans3-Regular.114f93b5f3b7d159.otf @ https://onvio.com.br/staff/assets/legacy-files.js:1
[   15830ms] [WARNING] OTS parsing error: bad table directory searchRange
bad table directory entrySelector
bad table directory rangeShift
Invalid table tag: 0x604241
 `BA: misaligned table @ https://onvio.com.br/staff/assets/legacy-files.js:1
[   15830ms] [WARNING] Failed to decode downloaded font: https://onvio.com.br/staff/SourceSans3-Regular.ab920762075b81fb.ttf @ https://onvio.com.br/staff/assets/legacy-files.js:1
[   15830ms] [WARNING] OTS parsing error: BASE: invalid table offset @ https://onvio.com.br/staff/assets/legacy-files.js:1
[   15831ms] [WARNING] Failed to decode downloaded font: https://onvio.com.br/staff/SourceSans3VF-Upright.ttf.e7f20fc9b00b0e8a.woff2 @ https://onvio.com.br/staff/assets/legacy-files.js:1
[   15831ms] [WARNING] OTS parsing error: Failed to convert WOFF 2.0 font to SFNT @ https://onvio.com.br/staff/assets/legacy-files.js:1
[   15831ms] [WARNING] Failed to decode downloaded font: https://onvio.com.br/staff/SourceSans3-Regular.114f93b5f3b7d159.otf @ https://onvio.com.br/staff/assets/legacy-files.js:1
[   15831ms] [WARNING] OTS parsing error: bad table directory searchRange
bad table directory entrySelector
bad table directory rangeShift
Invalid table tag: 0x604241
 `BA: misaligned table @ https://onvio.com.br/staff/assets/legacy-files.js:1
[   15831ms] [WARNING] Failed to decode downloaded font: https://onvio.com.br/staff/SourceSans3-Regular.ttf.dab9805cb7eb3d8f.woff @ https://onvio.com.br/staff/assets/legacy-files.js:1
[   15832ms] [WARNING] OTS parsing error: incorrect file size in WOFF header @ https://onvio.com.br/staff/assets/legacy-files.js:1
[   15832ms] [WARNING] Failed to decode downloaded font: https://onvio.com.br/staff/SourceSans3-Regular.ab920762075b81fb.ttf @ https://onvio.com.br/staff/assets/legacy-files.js:1
[   15832ms] [WARNING] OTS parsing error: BASE: invalid table offset @ https://onvio.com.br/staff/assets/legacy-files.js:1
[   15832ms] [WARNING] Failed to decode downloaded font: https://onvio.com.br/staff/SourceSans3VF-Upright.ttf.e7f20fc9b00b0e8a.woff2 @ https://onvio.com.br/staff/assets/legacy-files.js:1
[   15832ms] [WARNING] OTS parsing error: Failed to convert WOFF 2.0 font to SFNT @ https://onvio.com.br/staff/assets/legacy-files.js:1
[   15832ms] [WARNING] Failed to decode downloaded font: https://onvio.com.br/staff/SourceSans3-Regular.ttf.dab9805cb7eb3d8f.woff @ https://onvio.com.br/staff/assets/legacy-files.js:1
[   15832ms] [WARNING] OTS parsing error: incorrect file size in WOFF header @ https://onvio.com.br/staff/assets/legacy-files.js:1
[   15832ms] [WARNING] Failed to decode downloaded font: https://onvio.com.br/staff/SourceSans3-Regular.114f93b5f3b7d159.otf @ https://onvio.com.br/staff/assets/legacy-files.js:1
[   15833ms] [WARNING] OTS parsing error: bad table directory searchRange
bad table directory entrySelector
bad table directory rangeShift
Invalid table tag: 0x604241
 `BA: misaligned table @ https://onvio.com.br/staff/assets/legacy-files.js:1
[   15833ms] [WARNING] Failed to decode downloaded font: https://onvio.com.br/staff/SourceSans3-Regular.ab920762075b81fb.ttf @ https://onvio.com.br/staff/assets/legacy-files.js:1
[   15833ms] [WARNING] OTS parsing error: BASE: invalid table offset @ https://onvio.com.br/staff/assets/legacy-files.js:1
[   15833ms] [WARNING] Failed to decode downloaded font: https://onvio.com.br/staff/SourceSans3VF-Upright.ttf.e7f20fc9b00b0e8a.woff2 @ https://onvio.com.br/staff/assets/legacy-files.js:1
[   15833ms] [WARNING] OTS parsing error: Failed to convert WOFF 2.0 font to SFNT @ https://onvio.com.br/staff/assets/legacy-files.js:1
[   15833ms] [WARNING] Failed to decode downloaded font: https://onvio.com.br/staff/SourceSans3-Regular.ttf.dab9805cb7eb3d8f.woff @ https://onvio.com.br/staff/assets/legacy-files.js:1
[   15834ms] [WARNING] OTS parsing error: incorrect file size in WOFF header @ https://onvio.com.br/staff/assets/legacy-files.js:1
[   15834ms] [WARNING] Failed to decode downloaded font: https://onvio.com.br/staff/SourceSans3-Regular.114f93b5f3b7d159.otf @ https://onvio.com.br/staff/assets/legacy-files.js:1
[   15834ms] [WARNING] OTS parsing error: bad table directory searchRange
bad table directory entrySelector
bad table directory rangeShift
Invalid table tag: 0x604241
 `BA: misaligned table @ https://onvio.com.br/staff/assets/legacy-files.js:1
[   15834ms] [WARNING] Failed to decode downloaded font: https://onvio.com.br/staff/SourceSans3-Regular.ab920762075b81fb.ttf @ https://onvio.com.br/staff/assets/legacy-files.js:1
[   15834ms] [WARNING] OTS parsing error: BASE: invalid table offset @ https://onvio.com.br/staff/assets/legacy-files.js:1
[   15834ms] [WARNING] Failed to decode downloaded font: https://onvio.com.br/staff/SourceSans3VF-Upright.ttf.e7f20fc9b00b0e8a.woff2 @ https://onvio.com.br/staff/assets/legacy-files.js:1
[   15834ms] [WARNING] OTS parsing error: Failed to convert WOFF 2.0 font to SFNT @ https://onvio.com.br/staff/assets/legacy-files.js:1
[   15834ms] [WARNING] Failed to decode downloaded font: https://onvio.com.br/staff/SourceSans3-Regular.ttf.dab9805cb7eb3d8f.woff @ https://onvio.com.br/staff/assets/legacy-files.js:1
[   15834ms] [WARNING] OTS parsing error: incorrect file size in WOFF header @ https://onvio.com.br/staff/assets/legacy-files.js:1
[   15835ms] [WARNING] Failed to decode downloaded font: https://onvio.com.br/staff/SourceSans3-Regular.114f93b5f3b7d159.otf @ https://onvio.com.br/staff/assets/legacy-files.js:1
[   15835ms] [WARNING] OTS parsing error: bad table directory searchRange
bad table directory entrySelector
bad table directory rangeShift
Invalid table tag: 0x604241
 `BA: misaligned table @ https://onvio.com.br/staff/assets/legacy-files.js:1
[   15835ms] [WARNING] Failed to decode downloaded font: https://onvio.com.br/staff/SourceSans3-Regular.ab920762075b81fb.ttf @ https://onvio.com.br/staff/assets/legacy-files.js:1
[   15835ms] [WARNING] OTS parsing error: BASE: invalid table offset @ https://onvio.com.br/staff/assets/legacy-files.js:1
[   15835ms] [WARNING] Failed to decode downloaded font: https://onvio.com.br/staff/SourceSans3VF-Upright.ttf.e7f20fc9b00b0e8a.woff2 @ https://onvio.com.br/staff/assets/legacy-files.js:1
[   15835ms] [WARNING] OTS parsing error: Failed to convert WOFF 2.0 font to SFNT @ https://onvio.com.br/staff/assets/legacy-files.js:1
[   15835ms] [WARNING] Failed to decode downloaded font: https://onvio.com.br/staff/SourceSans3-Regular.ttf.dab9805cb7eb3d8f.woff @ https://onvio.com.br/staff/assets/legacy-files.js:1
[   15835ms] [WARNING] OTS parsing error: incorrect file size in WOFF header @ https://onvio.com.br/staff/assets/legacy-files.js:1
[   15835ms] [WARNING] Failed to decode downloaded font: https://onvio.com.br/staff/SourceSans3-Regular.114f93b5f3b7d159.otf @ https://onvio.com.br/staff/assets/legacy-files.js:1
[   15835ms] [WARNING] OTS parsing error: bad table directory searchRange
bad table directory entrySelector
bad table directory rangeShift
Invalid table tag: 0x604241
 `BA: misaligned table @ https://onvio.com.br/staff/assets/legacy-files.js:1
[   15835ms] [WARNING] Failed to decode downloaded font: https://onvio.com.br/staff/SourceSans3-Regular.ab920762075b81fb.ttf @ https://onvio.com.br/staff/assets/legacy-files.js:1
[   15835ms] [WARNING] OTS parsing error: BASE: invalid table offset @ https://onvio.com.br/staff/assets/legacy-files.js:1
[   15871ms] [WARNING] Failed to decode downloaded font: https://onvio.com.br/staff/SourceSans3VF-Upright.ttf.e7f20fc9b00b0e8a.woff2 @ https://onvio.com.br/staff/:0
[   15872ms] [WARNING] OTS parsing error: Failed to convert WOFF 2.0 font to SFNT @ https://onvio.com.br/staff/:0
[   15872ms] [WARNING] Failed to decode downloaded font: https://onvio.com.br/staff/SourceSans3-Regular.ttf.dab9805cb7eb3d8f.woff @ https://onvio.com.br/staff/:0
[   15873ms] [WARNING] OTS parsing error: incorrect file size in WOFF header @ https://onvio.com.br/staff/:0
[   15873ms] [WARNING] Failed to decode downloaded font: https://onvio.com.br/staff/SourceSans3-Regular.114f93b5f3b7d159.otf @ https://onvio.com.br/staff/:0
[   15873ms] [WARNING] OTS parsing error: bad table directory searchRange
bad table directory entrySelector
bad table directory rangeShift
Invalid table tag: 0x604241
 `BA: misaligned table @ https://onvio.com.br/staff/:0
[   15874ms] [WARNING] Failed to decode downloaded font: https://onvio.com.br/staff/SourceSans3-Regular.ab920762075b81fb.ttf @ https://onvio.com.br/staff/:0
[   15874ms] [WARNING] OTS parsing error: BASE: invalid table offset @ https://onvio.com.br/staff/:0
[   15874ms] [WARNING] Failed to decode downloaded font: https://onvio.com.br/staff/SourceSans3VF-Upright.ttf.e7f20fc9b00b0e8a.woff2 @ https://onvio.com.br/staff/:0
[   15875ms] [WARNING] OTS parsing error: Failed to convert WOFF 2.0 font to SFNT @ https://onvio.com.br/staff/:0
[   15875ms] [WARNING] Failed to decode downloaded font: https://onvio.com.br/staff/SourceSans3-Regular.ttf.dab9805cb7eb3d8f.woff @ https://onvio.com.br/staff/:0
[   15875ms] [WARNING] OTS parsing error: incorrect file size in WOFF header @ https://onvio.com.br/staff/:0
[   15875ms] [WARNING] Failed to decode downloaded font: https://onvio.com.br/staff/SourceSans3-Regular.114f93b5f3b7d159.otf @ https://onvio.com.br/staff/:0
[   15875ms] [WARNING] OTS parsing error: bad table directory searchRange
bad table directory entrySelector
bad table directory rangeShift
Invalid table tag: 0x604241
 `BA: misaligned table @ https://onvio.com.br/staff/:0
[   15875ms] [WARNING] Failed to decode downloaded font: https://onvio.com.br/staff/SourceSans3-Regular.ab920762075b81fb.ttf @ https://onvio.com.br/staff/:0
[   15875ms] [WARNING] OTS parsing error: BASE: invalid table offset @ https://onvio.com.br/staff/:0
[   15875ms] [WARNING] Failed to decode downloaded font: https://onvio.com.br/staff/SourceSans3VF-Upright.ttf.e7f20fc9b00b0e8a.woff2 @ https://onvio.com.br/staff/:0
[   15875ms] [WARNING] OTS parsing error: Failed to convert WOFF 2.0 font to SFNT @ https://onvio.com.br/staff/:0
[   15876ms] [WARNING] Failed to decode downloaded font: https://onvio.com.br/staff/SourceSans3-Regular.ttf.dab9805cb7eb3d8f.woff @ https://onvio.com.br/staff/:0
[   15876ms] [WARNING] OTS parsing error: incorrect file size in WOFF header @ https://onvio.com.br/staff/:0
[   15876ms] [WARNING] Failed to decode downloaded font: https://onvio.com.br/staff/SourceSans3-Regular.114f93b5f3b7d159.otf @ https://onvio.com.br/staff/:0
[   15876ms] [WARNING] OTS parsing error: bad table directory searchRange
bad table directory entrySelector
bad table directory rangeShift
Invalid table tag: 0x604241
 `BA: misaligned table @ https://onvio.com.br/staff/:0
[   15876ms] [WARNING] Failed to decode downloaded font: https://onvio.com.br/staff/SourceSans3-Regular.ab920762075b81fb.ttf @ https://onvio.com.br/staff/:0
[   15876ms] [WARNING] OTS parsing error: BASE: invalid table offset @ https://onvio.com.br/staff/:0
[   15876ms] [WARNING] Failed to decode downloaded font: https://onvio.com.br/staff/SourceSans3VF-Upright.ttf.e7f20fc9b00b0e8a.woff2 @ https://onvio.com.br/staff/:0
[   15876ms] [WARNING] OTS parsing error: Failed to convert WOFF 2.0 font to SFNT @ https://onvio.com.br/staff/:0
[   15877ms] [WARNING] Failed to decode downloaded font: https://onvio.com.br/staff/SourceSans3-Regular.ttf.dab9805cb7eb3d8f.woff @ https://onvio.com.br/staff/:0
[   15877ms] [WARNING] OTS parsing error: incorrect file size in WOFF header @ https://onvio.com.br/staff/:0
[   15877ms] [WARNING] Failed to decode downloaded font: https://onvio.com.br/staff/SourceSans3-Regular.114f93b5f3b7d159.otf @ https://onvio.com.br/staff/:0
[   15877ms] [WARNING] OTS parsing error: bad table directory searchRange
bad table directory entrySelector
bad table directory rangeShift
Invalid table tag: 0x604241
 `BA: misaligned table @ https://onvio.com.br/staff/:0
[   15877ms] [WARNING] Failed to decode downloaded font: https://onvio.com.br/staff/SourceSans3-Regular.ab920762075b81fb.ttf @ https://onvio.com.br/staff/:0
[   15877ms] [WARNING] OTS parsing error: BASE: invalid table offset @ https://onvio.com.br/staff/:0
[   15877ms] [WARNING] Failed to decode downloaded font: https://onvio.com.br/staff/SourceSans3VF-Upright.ttf.e7f20fc9b00b0e8a.woff2 @ https://onvio.com.br/staff/:0
[   15877ms] [WARNING] OTS parsing error: Failed to convert WOFF 2.0 font to SFNT @ https://onvio.com.br/staff/:0
[   15877ms] [WARNING] Failed to decode downloaded font: https://onvio.com.br/staff/SourceSans3-Regular.ttf.dab9805cb7eb3d8f.woff @ https://onvio.com.br/staff/:0
[   15877ms] [WARNING] OTS parsing error: incorrect file size in WOFF header @ https://onvio.com.br/staff/:0
[   15877ms] [WARNING] Failed to decode downloaded font: https://onvio.com.br/staff/SourceSans3-Regular.114f93b5f3b7d159.otf @ https://onvio.com.br/staff/:0
[   15877ms] [WARNING] OTS parsing error: bad table directory searchRange
bad table directory entrySelector
bad table directory rangeShift
Invalid table tag: 0x604241
 `BA: misaligned table @ https://onvio.com.br/staff/:0
[   15877ms] [WARNING] Failed to decode downloaded font: https://onvio.com.br/staff/SourceSans3-Regular.ab920762075b81fb.ttf @ https://onvio.com.br/staff/:0
[   15878ms] [WARNING] OTS parsing error: BASE: invalid table offset @ https://onvio.com.br/staff/:0
[   15878ms] [WARNING] Failed to decode downloaded font: https://onvio.com.br/staff/SourceSans3VF-Upright.ttf.e7f20fc9b00b0e8a.woff2 @ https://onvio.com.br/staff/:0
[   15878ms] [WARNING] OTS parsing error: Failed to convert WOFF 2.0 font to SFNT @ https://onvio.com.br/staff/:0
[   15878ms] [WARNING] Failed to decode downloaded font: https://onvio.com.br/staff/SourceSans3VF-Upright.ttf.e7f20fc9b00b0e8a.woff2 @ https://onvio.com.br/staff/:0
[   15878ms] [WARNING] OTS parsing error: Failed to convert WOFF 2.0 font to SFNT @ https://onvio.com.br/staff/:0
[   15878ms] [WARNING] Failed to decode downloaded font: https://onvio.com.br/staff/SourceSans3VF-Upright.ttf.e7f20fc9b00b0e8a.woff2 @ https://onvio.com.br/staff/:0
[   15878ms] [WARNING] OTS parsing error: Failed to convert WOFF 2.0 font to SFNT @ https://onvio.com.br/staff/:0
[   15878ms] [WARNING] Failed to decode downloaded font: https://onvio.com.br/staff/SourceSans3VF-Upright.ttf.e7f20fc9b00b0e8a.woff2 @ https://onvio.com.br/staff/:0
[   15878ms] [WARNING] OTS parsing error: Failed to convert WOFF 2.0 font to SFNT @ https://onvio.com.br/staff/:0
[   15878ms] [WARNING] Failed to decode downloaded font: https://onvio.com.br/staff/SourceSans3VF-Upright.ttf.e7f20fc9b00b0e8a.woff2 @ https://onvio.com.br/staff/:0
[   15878ms] [WARNING] OTS parsing error: Failed to convert WOFF 2.0 font to SFNT @ https://onvio.com.br/staff/:0
[   15878ms] [WARNING] Failed to decode downloaded font: https://onvio.com.br/staff/SourceSans3VF-Upright.ttf.e7f20fc9b00b0e8a.woff2 @ https://onvio.com.br/staff/:0
[   15878ms] [WARNING] OTS parsing error: Failed to convert WOFF 2.0 font to SFNT @ https://onvio.com.br/staff/:0
[   15878ms] [WARNING] Failed to decode downloaded font: https://onvio.com.br/staff/SourceSans3VF-Upright.ttf.e7f20fc9b00b0e8a.woff2 @ https://onvio.com.br/staff/:0
[   15878ms] [WARNING] OTS parsing error: Failed to convert WOFF 2.0 font to SFNT @ https://onvio.com.br/staff/:0
[   15878ms] [WARNING] Failed to decode downloaded font: https://onvio.com.br/staff/SourceSans3VF-Upright.ttf.e7f20fc9b00b0e8a.woff2 @ https://onvio.com.br/staff/:0
[   15878ms] [WARNING] OTS parsing error: Failed to convert WOFF 2.0 font to SFNT @ https://onvio.com.br/staff/:0
[   15878ms] [WARNING] Failed to decode downloaded font: https://onvio.com.br/staff/SourceSans3VF-Upright.ttf.e7f20fc9b00b0e8a.woff2 @ https://onvio.com.br/staff/:0
[   15878ms] [WARNING] OTS parsing error: Failed to convert WOFF 2.0 font to SFNT @ https://onvio.com.br/staff/:0
[   15879ms] [WARNING] Failed to decode downloaded font: https://onvio.com.br/staff/SourceSans3-Regular.ttf.dab9805cb7eb3d8f.woff @ https://onvio.com.br/staff/:0
[   15879ms] [WARNING] OTS parsing error: incorrect file size in WOFF header @ https://onvio.com.br/staff/:0
[   15879ms] [WARNING] Failed to decode downloaded font: https://onvio.com.br/staff/SourceSans3-Regular.114f93b5f3b7d159.otf @ https://onvio.com.br/staff/:0
[   15879ms] [WARNING] OTS parsing error: bad table directory searchRange
bad table directory entrySelector
bad table directory rangeShift
Invalid table tag: 0x604241
 `BA: misaligned table @ https://onvio.com.br/staff/:0
[   15880ms] [WARNING] Failed to decode downloaded font: https://onvio.com.br/staff/SourceSans3-Regular.ab920762075b81fb.ttf @ https://onvio.com.br/staff/:0
[   15880ms] [WARNING] OTS parsing error: BASE: invalid table offset @ https://onvio.com.br/staff/:0
[   15881ms] [WARNING] Failed to decode downloaded font: https://onvio.com.br/staff/SourceSans3VF-Upright.ttf.e7f20fc9b00b0e8a.woff2 @ https://onvio.com.br/staff/:0
[   15881ms] [WARNING] OTS parsing error: Failed to convert WOFF 2.0 font to SFNT @ https://onvio.com.br/staff/:0
[   15881ms] [WARNING] Failed to decode downloaded font: https://onvio.com.br/staff/SourceSans3-Regular.ttf.dab9805cb7eb3d8f.woff @ https://onvio.com.br/staff/:0
[   15882ms] [WARNING] OTS parsing error: incorrect file size in WOFF header @ https://onvio.com.br/staff/:0
[   15882ms] [WARNING] Failed to decode downloaded font: https://onvio.com.br/staff/SourceSans3-Regular.114f93b5f3b7d159.otf @ https://onvio.com.br/staff/:0
[   15883ms] [WARNING] OTS parsing error: bad table directory searchRange
bad table directory entrySelector
bad table directory rangeShift
Invalid table tag: 0x604241
 `BA: misaligned table @ https://onvio.com.br/staff/:0
[   15883ms] [WARNING] Failed to decode downloaded font: https://onvio.com.br/staff/SourceSans3-Regular.ab920762075b81fb.ttf @ https://onvio.com.br/staff/:0
[   15883ms] [WARNING] OTS parsing error: BASE: invalid table offset @ https://onvio.com.br/staff/:0
[   15884ms] [WARNING] Failed to decode downloaded font: https://onvio.com.br/staff/SourceSans3VF-Upright.ttf.e7f20fc9b00b0e8a.woff2 @ https://onvio.com.br/staff/:0
[   15884ms] [WARNING] OTS parsing error: Failed to convert WOFF 2.0 font to SFNT @ https://onvio.com.br/staff/:0
[   15885ms] [WARNING] Failed to decode downloaded font: https://onvio.com.br/staff/SourceSans3-Regular.ttf.dab9805cb7eb3d8f.woff @ https://onvio.com.br/staff/:0
[   15885ms] [WARNING] OTS parsing error: incorrect file size in WOFF header @ https://onvio.com.br/staff/:0
[   15886ms] [WARNING] Failed to decode downloaded font: https://onvio.com.br/staff/SourceSans3-Regular.114f93b5f3b7d159.otf @ https://onvio.com.br/staff/:0
[   15886ms] [WARNING] OTS parsing error: bad table directory searchRange
bad table directory entrySelector
bad table directory rangeShift
Invalid table tag: 0x604241
 `BA: misaligned table @ https://onvio.com.br/staff/:0
[   15886ms] [WARNING] Failed to decode downloaded font: https://onvio.com.br/staff/SourceSans3-Regular.ab920762075b81fb.ttf @ https://onvio.com.br/staff/:0
[   15887ms] [WARNING] OTS parsing error: BASE: invalid table offset @ https://onvio.com.br/staff/:0
[   15887ms] [WARNING] Failed to decode downloaded font: https://onvio.com.br/staff/SourceSans3VF-Upright.ttf.e7f20fc9b00b0e8a.woff2 @ https://onvio.com.br/staff/:0
[   15887ms] [WARNING] OTS parsing error: Failed to convert WOFF 2.0 font to SFNT @ https://onvio.com.br/staff/:0
[   15887ms] [WARNING] Failed to decode downloaded font: https://onvio.com.br/staff/SourceSans3-Regular.ttf.dab9805cb7eb3d8f.woff @ https://onvio.com.br/staff/:0
[   15887ms] [WARNING] OTS parsing error: incorrect file size in WOFF header @ https://onvio.com.br/staff/:0
[   15887ms] [WARNING] Failed to decode downloaded font: https://onvio.com.br/staff/SourceSans3-Regular.114f93b5f3b7d159.otf @ https://onvio.com.br/staff/:0
[   15887ms] [WARNING] OTS parsing error: bad table directory searchRange
bad table directory entrySelector
bad table directory rangeShift
Invalid table tag: 0x604241
 `BA: misaligned table @ https://onvio.com.br/staff/:0
[   15887ms] [WARNING] Failed to decode downloaded font: https://onvio.com.br/staff/SourceSans3-Regular.ab920762075b81fb.ttf @ https://onvio.com.br/staff/:0
[   15887ms] [WARNING] OTS parsing error: BASE: invalid table offset @ https://onvio.com.br/staff/:0
[   15888ms] [WARNING] Failed to decode downloaded font: https://onvio.com.br/staff/SourceSans3VF-Upright.ttf.e7f20fc9b00b0e8a.woff2 @ https://onvio.com.br/staff/:0
[   15888ms] [WARNING] OTS parsing error: Failed to convert WOFF 2.0 font to SFNT @ https://onvio.com.br/staff/:0
[   15888ms] [WARNING] Failed to decode downloaded font: https://onvio.com.br/staff/SourceSans3-Regular.ttf.dab9805cb7eb3d8f.woff @ https://onvio.com.br/staff/:0
[   15889ms] [WARNING] OTS parsing error: incorrect file size in WOFF header @ https://onvio.com.br/staff/:0
[   15889ms] [WARNING] Failed to decode downloaded font: https://onvio.com.br/staff/SourceSans3-Regular.114f93b5f3b7d159.otf @ https://onvio.com.br/staff/:0
[   15889ms] [WARNING] OTS parsing error: bad table directory searchRange
bad table directory entrySelector
bad table directory rangeShift
Invalid table tag: 0x604241
 `BA: misaligned table @ https://onvio.com.br/staff/:0
[   15890ms] [WARNING] Failed to decode downloaded font: https://onvio.com.br/staff/SourceSans3-Regular.ab920762075b81fb.ttf @ https://onvio.com.br/staff/:0
[   15890ms] [WARNING] OTS parsing error: BASE: invalid table offset @ https://onvio.com.br/staff/:0
[   15890ms] [WARNING] Failed to decode downloaded font: https://onvio.com.br/staff/SourceSans3VF-Upright.ttf.e7f20fc9b00b0e8a.woff2 @ https://onvio.com.br/staff/:0
[   15891ms] [WARNING] OTS parsing error: Failed to convert WOFF 2.0 font to SFNT @ https://onvio.com.br/staff/:0
[   15891ms] [WARNING] Failed to decode downloaded font: https://onvio.com.br/staff/SourceSans3-Regular.ttf.dab9805cb7eb3d8f.woff @ https://onvio.com.br/staff/:0
[   15891ms] [WARNING] OTS parsing error: incorrect file size in WOFF header @ https://onvio.com.br/staff/:0
[   15891ms] [WARNING] Failed to decode downloaded font: https://onvio.com.br/staff/SourceSans3-Regular.114f93b5f3b7d159.otf @ https://onvio.com.br/staff/:0
[   15891ms] [WARNING] OTS parsing error: bad table directory searchRange
bad table directory entrySelector
bad table directory rangeShift
Invalid table tag: 0x604241
 `BA: misaligned table @ https://onvio.com.br/staff/:0
[   15891ms] [WARNING] Failed to decode downloaded font: https://onvio.com.br/staff/SourceSans3-Regular.ab920762075b81fb.ttf @ https://onvio.com.br/staff/:0
[   15891ms] [WARNING] OTS parsing error: BASE: invalid table offset @ https://onvio.com.br/staff/:0
[   15892ms] [WARNING] Failed to decode downloaded font: https://onvio.com.br/staff/SourceSans3VF-Upright.ttf.e7f20fc9b00b0e8a.woff2 @ https://onvio.com.br/staff/:0
[   15892ms] [WARNING] OTS parsing error: Failed to convert WOFF 2.0 font to SFNT @ https://onvio.com.br/staff/:0
[   15892ms] [WARNING] Failed to decode downloaded font: https://onvio.com.br/staff/SourceSans3-Regular.ttf.dab9805cb7eb3d8f.woff @ https://onvio.com.br/staff/:0
[   15892ms] [WARNING] OTS parsing error: incorrect file size in WOFF header @ https://onvio.com.br/staff/:0
[   15892ms] [WARNING] Failed to decode downloaded font: https://onvio.com.br/staff/SourceSans3-Regular.114f93b5f3b7d159.otf @ https://onvio.com.br/staff/:0
[   15892ms] [WARNING] OTS parsing error: bad table directory searchRange
bad table directory entrySelector
bad table directory rangeShift
Invalid table tag: 0x604241
 `BA: misaligned table @ https://onvio.com.br/staff/:0
[   15893ms] [WARNING] Failed to decode downloaded font: https://onvio.com.br/staff/SourceSans3-Regular.ab920762075b81fb.ttf @ https://onvio.com.br/staff/:0
[   15893ms] [WARNING] OTS parsing error: BASE: invalid table offset @ https://onvio.com.br/staff/:0
[   15893ms] [WARNING] Failed to decode downloaded font: https://onvio.com.br/staff/SourceSans3VF-Upright.ttf.e7f20fc9b00b0e8a.woff2 @ https://onvio.com.br/staff/:0
[   15894ms] [WARNING] OTS parsing error: Failed to convert WOFF 2.0 font to SFNT @ https://onvio.com.br/staff/:0
[   15894ms] [WARNING] Failed to decode downloaded font: https://onvio.com.br/staff/SourceSans3-Regular.ttf.dab9805cb7eb3d8f.woff @ https://onvio.com.br/staff/:0
[   15894ms] [WARNING] OTS parsing error: incorrect file size in WOFF header @ https://onvio.com.br/staff/:0
[   15895ms] [WARNING] Failed to decode downloaded font: https://onvio.com.br/staff/SourceSans3-Regular.114f93b5f3b7d159.otf @ https://onvio.com.br/staff/:0
[   15895ms] [WARNING] OTS parsing error: bad table directory searchRange
bad table directory entrySelector
bad table directory rangeShift
Invalid table tag: 0x604241
 `BA: misaligned table @ https://onvio.com.br/staff/:0
[   15895ms] [WARNING] Failed to decode downloaded font: https://onvio.com.br/staff/SourceSans3-Regular.ab920762075b81fb.ttf @ https://onvio.com.br/staff/:0
[   15895ms] [WARNING] OTS parsing error: BASE: invalid table offset @ https://onvio.com.br/staff/:0
[   15895ms] [WARNING] Failed to decode downloaded font: https://onvio.com.br/staff/SourceSans3VF-Upright.ttf.e7f20fc9b00b0e8a.woff2 @ https://onvio.com.br/staff/:0
[   15896ms] [WARNING] OTS parsing error: Failed to convert WOFF 2.0 font to SFNT @ https://onvio.com.br/staff/:0
[   15896ms] [WARNING] Failed to decode downloaded font: https://onvio.com.br/staff/SourceSans3-Regular.114f93b5f3b7d159.otf @ https://onvio.com.br/staff/:0
[   15896ms] [WARNING] OTS parsing error: bad table directory searchRange
bad table directory entrySelector
bad table directory rangeShift
Invalid table tag: 0x604241
 `BA: misaligned table @ https://onvio.com.br/staff/:0
[   15897ms] [WARNING] Failed to decode downloaded font: https://onvio.com.br/staff/SourceSans3-Regular.ttf.dab9805cb7eb3d8f.woff @ https://onvio.com.br/staff/:0
[   15897ms] [WARNING] OTS parsing error: incorrect file size in WOFF header @ https://onvio.com.br/staff/:0
[   15898ms] [WARNING] Failed to decode downloaded font: https://onvio.com.br/staff/SourceSans3-Regular.ab920762075b81fb.ttf @ https://onvio.com.br/staff/:0
[   15898ms] [WARNING] OTS parsing error: BASE: invalid table offset @ https://onvio.com.br/staff/:0
[   15898ms] [WARNING] Failed to decode downloaded font: https://onvio.com.br/staff/SourceSans3VF-Upright.ttf.e7f20fc9b00b0e8a.woff2 @ https://onvio.com.br/staff/:0
[   15899ms] [WARNING] OTS parsing error: Failed to convert WOFF 2.0 font to SFNT @ https://onvio.com.br/staff/:0
[   15899ms] [WARNING] Failed to decode downloaded font: https://onvio.com.br/staff/SourceSans3-Regular.ttf.dab9805cb7eb3d8f.woff @ https://onvio.com.br/staff/:0
[   15899ms] [WARNING] OTS parsing error: incorrect file size in WOFF header @ https://onvio.com.br/staff/:0
[   15899ms] [WARNING] Failed to decode downloaded font: https://onvio.com.br/staff/SourceSans3-Regular.114f93b5f3b7d159.otf @ https://onvio.com.br/staff/:0
[   15900ms] [WARNING] OTS parsing error: bad table directory searchRange
bad table directory entrySelector
bad table directory rangeShift
Invalid table tag: 0x604241
 `BA: misaligned table @ https://onvio.com.br/staff/:0
[   15900ms] [WARNING] Failed to decode downloaded font: https://onvio.com.br/staff/SourceSans3-Regular.ab920762075b81fb.ttf @ https://onvio.com.br/staff/:0
[   15900ms] [WARNING] OTS parsing error: BASE: invalid table offset @ https://onvio.com.br/staff/:0
[   15900ms] [WARNING] Failed to decode downloaded font: https://onvio.com.br/staff/SourceSans3VF-Upright.ttf.e7f20fc9b00b0e8a.woff2 @ https://onvio.com.br/staff/:0
[   15900ms] [WARNING] OTS parsing error: Failed to convert WOFF 2.0 font to SFNT @ https://onvio.com.br/staff/:0
[   15900ms] [WARNING] Failed to decode downloaded font: https://onvio.com.br/staff/SourceSans3-Regular.ttf.dab9805cb7eb3d8f.woff @ https://onvio.com.br/staff/:0
[   15901ms] [WARNING] OTS parsing error: incorrect file size in WOFF header @ https://onvio.com.br/staff/:0
[   15901ms] [WARNING] Failed to decode downloaded font: https://onvio.com.br/staff/SourceSans3-Regular.114f93b5f3b7d159.otf @ https://onvio.com.br/staff/:0
[   15901ms] [WARNING] OTS parsing error: bad table directory searchRange
bad table directory entrySelector
bad table directory rangeShift
Invalid table tag: 0x604241
 `BA: misaligned table @ https://onvio.com.br/staff/:0
[   15901ms] [WARNING] Failed to decode downloaded font: https://onvio.com.br/staff/SourceSans3-Regular.ab920762075b81fb.ttf @ https://onvio.com.br/staff/:0
[   15901ms] [WARNING] OTS parsing error: BASE: invalid table offset @ https://onvio.com.br/staff/:0
[   15901ms] [WARNING] Failed to decode downloaded font: https://onvio.com.br/staff/SourceSans3VF-Upright.ttf.e7f20fc9b00b0e8a.woff2 @ https://onvio.com.br/staff/:0
[   15902ms] [WARNING] OTS parsing error: Failed to convert WOFF 2.0 font to SFNT @ https://onvio.com.br/staff/:0
[   15902ms] [WARNING] Failed to decode downloaded font: https://onvio.com.br/staff/SourceSans3-Regular.ttf.dab9805cb7eb3d8f.woff @ https://onvio.com.br/staff/:0
[   15902ms] [WARNING] OTS parsing error: incorrect file size in WOFF header @ https://onvio.com.br/staff/:0
[   15902ms] [WARNING] Failed to decode downloaded font: https://onvio.com.br/staff/SourceSans3-Regular.114f93b5f3b7d159.otf @ https://onvio.com.br/staff/:0
[   15903ms] [WARNING] OTS parsing error: bad table directory searchRange
bad table directory entrySelector
bad table directory rangeShift
Invalid table tag: 0x604241
 `BA: misaligned table @ https://onvio.com.br/staff/:0
[   15903ms] [WARNING] Failed to decode downloaded font: https://onvio.com.br/staff/SourceSans3-Regular.ab920762075b81fb.ttf @ https://onvio.com.br/staff/:0
[   15904ms] [WARNING] OTS parsing error: BASE: invalid table offset @ https://onvio.com.br/staff/:0
[   15904ms] [WARNING] Failed to decode downloaded font: https://onvio.com.br/staff/SourceSans3VF-Upright.ttf.e7f20fc9b00b0e8a.woff2 @ https://onvio.com.br/staff/:0
[   15904ms] [WARNING] OTS parsing error: Failed to convert WOFF 2.0 font to SFNT @ https://onvio.com.br/staff/:0
[   15904ms] [WARNING] Failed to decode downloaded font: https://onvio.com.br/staff/SourceSans3-Regular.ttf.dab9805cb7eb3d8f.woff @ https://onvio.com.br/staff/:0
[   15905ms] [WARNING] OTS parsing error: incorrect file size in WOFF header @ https://onvio.com.br/staff/:0
[   15905ms] [WARNING] Failed to decode downloaded font: https://onvio.com.br/staff/SourceSans3-Regular.114f93b5f3b7d159.otf @ https://onvio.com.br/staff/:0
[   15906ms] [WARNING] OTS parsing error: bad table directory searchRange
bad table directory entrySelector
bad table directory rangeShift
Invalid table tag: 0x604241
 `BA: misaligned table @ https://onvio.com.br/staff/:0
[   15906ms] [WARNING] Failed to decode downloaded font: https://onvio.com.br/staff/SourceSans3-Regular.ab920762075b81fb.ttf @ https://onvio.com.br/staff/:0
[   15906ms] [WARNING] OTS parsing error: BASE: invalid table offset @ https://onvio.com.br/staff/:0
[   15907ms] [WARNING] Failed to decode downloaded font: https://onvio.com.br/staff/SourceSans3VF-Upright.ttf.e7f20fc9b00b0e8a.woff2 @ https://onvio.com.br/staff/:0
[   15907ms] [WARNING] OTS parsing error: Failed to convert WOFF 2.0 font to SFNT @ https://onvio.com.br/staff/:0
[   15907ms] [WARNING] Failed to decode downloaded font: https://onvio.com.br/staff/SourceSans3-Regular.ttf.dab9805cb7eb3d8f.woff @ https://onvio.com.br/staff/:0
[   15907ms] [WARNING] OTS parsing error: incorrect file size in WOFF header @ https://onvio.com.br/staff/:0
[   15908ms] [WARNING] Failed to decode downloaded font: https://onvio.com.br/staff/SourceSans3-Regular.114f93b5f3b7d159.otf @ https://onvio.com.br/staff/:0
[   15908ms] [WARNING] OTS parsing error: bad table directory searchRange
bad table directory entrySelector
bad table directory rangeShift
Invalid table tag: 0x604241
 `BA: misaligned table @ https://onvio.com.br/staff/:0
[   15908ms] [WARNING] Failed to decode downloaded font: https://onvio.com.br/staff/SourceSans3-Regular.ab920762075b81fb.ttf @ https://onvio.com.br/staff/:0
[   15909ms] [WARNING] OTS parsing error: BASE: invalid table offset @ https://onvio.com.br/staff/:0
[   15909ms] [WARNING] Failed to decode downloaded font: https://onvio.com.br/staff/SourceSans3VF-Upright.ttf.e7f20fc9b00b0e8a.woff2 @ https://onvio.com.br/staff/:0
[   15909ms] [WARNING] OTS parsing error: Failed to convert WOFF 2.0 font to SFNT @ https://onvio.com.br/staff/:0
[   15910ms] [WARNING] Failed to decode downloaded font: https://onvio.com.br/staff/SourceSans3-Regular.ttf.dab9805cb7eb3d8f.woff @ https://onvio.com.br/staff/:0
[   15910ms] [WARNING] OTS parsing error: incorrect file size in WOFF header @ https://onvio.com.br/staff/:0
[   15911ms] [WARNING] Failed to decode downloaded font: https://onvio.com.br/staff/SourceSans3-Regular.114f93b5f3b7d159.otf @ https://onvio.com.br/staff/:0
[   15912ms] [WARNING] OTS parsing error: bad table directory searchRange
bad table directory entrySelector
bad table directory rangeShift
Invalid table tag: 0x604241
 `BA: misaligned table @ https://onvio.com.br/staff/:0
[   15912ms] [WARNING] Failed to decode downloaded font: https://onvio.com.br/staff/SourceSans3-Regular.ab920762075b81fb.ttf @ https://onvio.com.br/staff/:0
[   15912ms] [WARNING] OTS parsing error: BASE: invalid table offset @ https://onvio.com.br/staff/:0
[   15913ms] [WARNING] Failed to decode downloaded font: https://onvio.com.br/staff/SourceSans3VF-Upright.ttf.e7f20fc9b00b0e8a.woff2 @ https://onvio.com.br/staff/:0
[   15913ms] [WARNING] OTS parsing error: Failed to convert WOFF 2.0 font to SFNT @ https://onvio.com.br/staff/:0
[   15914ms] [WARNING] Failed to decode downloaded font: https://onvio.com.br/staff/SourceSans3-Regular.ttf.dab9805cb7eb3d8f.woff @ https://onvio.com.br/staff/:0
[   15914ms] [WARNING] OTS parsing error: incorrect file size in WOFF header @ https://onvio.com.br/staff/:0
[   15915ms] [WARNING] Failed to decode downloaded font: https://onvio.com.br/staff/SourceSans3-Regular.114f93b5f3b7d159.otf @ https://onvio.com.br/staff/:0
[   15915ms] [WARNING] OTS parsing error: bad table directory searchRange
bad table directory entrySelector
bad table directory rangeShift
Invalid table tag: 0x604241
 `BA: misaligned table @ https://onvio.com.br/staff/:0
[   15916ms] [WARNING] Failed to decode downloaded font: https://onvio.com.br/staff/SourceSans3-Regular.ab920762075b81fb.ttf @ https://onvio.com.br/staff/:0
[   15916ms] [WARNING] OTS parsing error: BASE: invalid table offset @ https://onvio.com.br/staff/:0
[   15916ms] [WARNING] Failed to decode downloaded font: https://onvio.com.br/staff/SourceSans3VF-Upright.ttf.e7f20fc9b00b0e8a.woff2 @ https://onvio.com.br/staff/:0
[   15917ms] [WARNING] OTS parsing error: Failed to convert WOFF 2.0 font to SFNT @ https://onvio.com.br/staff/:0
[   15917ms] [WARNING] Failed to decode downloaded font: https://onvio.com.br/staff/SourceSans3-Regular.ttf.dab9805cb7eb3d8f.woff @ https://onvio.com.br/staff/:0
[   15917ms] [WARNING] OTS parsing error: incorrect file size in WOFF header @ https://onvio.com.br/staff/:0
[   15917ms] [WARNING] Failed to decode downloaded font: https://onvio.com.br/staff/SourceSans3-Regular.114f93b5f3b7d159.otf @ https://onvio.com.br/staff/:0
[   15917ms] [WARNING] OTS parsing error: bad table directory searchRange
bad table directory entrySelector
bad table directory rangeShift
Invalid table tag: 0x604241
 `BA: misaligned table @ https://onvio.com.br/staff/:0
[   15917ms] [WARNING] Failed to decode downloaded font: https://onvio.com.br/staff/SourceSans3-Regular.ab920762075b81fb.ttf @ https://onvio.com.br/staff/:0
[   15917ms] [WARNING] OTS parsing error: BASE: invalid table offset @ https://onvio.com.br/staff/:0
[   15918ms] [WARNING] Failed to decode downloaded font: https://onvio.com.br/staff/SourceSans3VF-Upright.ttf.e7f20fc9b00b0e8a.woff2 @ https://onvio.com.br/staff/:0
[   15918ms] [WARNING] OTS parsing error: Failed to convert WOFF 2.0 font to SFNT @ https://onvio.com.br/staff/:0
[   15918ms] [WARNING] Failed to decode downloaded font: https://onvio.com.br/staff/SourceSans3-Regular.ttf.dab9805cb7eb3d8f.woff @ https://onvio.com.br/staff/:0
[   15918ms] [WARNING] OTS parsing error: incorrect file size in WOFF header @ https://onvio.com.br/staff/:0
[   15918ms] [WARNING] Failed to decode downloaded font: https://onvio.com.br/staff/SourceSans3-Regular.114f93b5f3b7d159.otf @ https://onvio.com.br/staff/:0
[   15918ms] [WARNING] OTS parsing error: bad table directory searchRange
bad table directory entrySelector
bad table directory rangeShift
Invalid table tag: 0x604241
 `BA: misaligned table @ https://onvio.com.br/staff/:0
[   15918ms] [WARNING] Failed to decode downloaded font: https://onvio.com.br/staff/SourceSans3-Regular.ab920762075b81fb.ttf @ https://onvio.com.br/staff/:0
[   15919ms] [WARNING] OTS parsing error: BASE: invalid table offset @ https://onvio.com.br/staff/:0
[   15919ms] [WARNING] Failed to decode downloaded font: https://onvio.com.br/staff/SourceSans3VF-Upright.ttf.e7f20fc9b00b0e8a.woff2 @ https://onvio.com.br/staff/:0
[   15919ms] [WARNING] OTS parsing error: Failed to convert WOFF 2.0 font to SFNT @ https://onvio.com.br/staff/:0
[   15920ms] [WARNING] Failed to decode downloaded font: https://onvio.com.br/staff/SourceSans3VF-Upright.ttf.e7f20fc9b00b0e8a.woff2 @ https://onvio.com.br/staff/:0
[   15920ms] [WARNING] OTS parsing error: Failed to convert WOFF 2.0 font to SFNT @ https://onvio.com.br/staff/:0
[   15920ms] [WARNING] Failed to decode downloaded font: https://onvio.com.br/staff/SourceSans3VF-Upright.ttf.e7f20fc9b00b0e8a.woff2 @ https://onvio.com.br/staff/:0
[   15920ms] [WARNING] OTS parsing error: Failed to convert WOFF 2.0 font to SFNT @ https://onvio.com.br/staff/:0
[   15920ms] [WARNING] Failed to decode downloaded font: https://onvio.com.br/staff/SourceSans3VF-Upright.ttf.e7f20fc9b00b0e8a.woff2 @ https://onvio.com.br/staff/:0
[   15920ms] [WARNING] OTS parsing error: Failed to convert WOFF 2.0 font to SFNT @ https://onvio.com.br/staff/:0
[   15920ms] [WARNING] Failed to decode downloaded font: https://onvio.com.br/staff/SourceSans3VF-Upright.ttf.e7f20fc9b00b0e8a.woff2 @ https://onvio.com.br/staff/:0
[   15921ms] [WARNING] OTS parsing error: Failed to convert WOFF 2.0 font to SFNT @ https://onvio.com.br/staff/:0
[   15921ms] [WARNING] Failed to decode downloaded font: https://onvio.com.br/staff/SourceSans3VF-Upright.ttf.e7f20fc9b00b0e8a.woff2 @ https://onvio.com.br/staff/:0
[   15921ms] [WARNING] OTS parsing error: Failed to convert WOFF 2.0 font to SFNT @ https://onvio.com.br/staff/:0
[   15921ms] [WARNING] Failed to decode downloaded font: https://onvio.com.br/staff/SourceSans3VF-Upright.ttf.e7f20fc9b00b0e8a.woff2 @ https://onvio.com.br/staff/:0
[   15921ms] [WARNING] OTS parsing error: Failed to convert WOFF 2.0 font to SFNT @ https://onvio.com.br/staff/:0
[   15921ms] [WARNING] Failed to decode downloaded font: https://onvio.com.br/staff/SourceSans3VF-Upright.ttf.e7f20fc9b00b0e8a.woff2 @ https://onvio.com.br/staff/:0
[   15922ms] [WARNING] OTS parsing error: Failed to convert WOFF 2.0 font to SFNT @ https://onvio.com.br/staff/:0
[   15922ms] [WARNING] Failed to decode downloaded font: https://onvio.com.br/staff/SourceSans3VF-Upright.ttf.e7f20fc9b00b0e8a.woff2 @ https://onvio.com.br/staff/:0
[   15923ms] [WARNING] OTS parsing error: Failed to convert WOFF 2.0 font to SFNT @ https://onvio.com.br/staff/:0
[   15923ms] [WARNING] Failed to decode downloaded font: https://onvio.com.br/staff/SourceSans3-Regular.ttf.dab9805cb7eb3d8f.woff @ https://onvio.com.br/staff/:0
[   15923ms] [WARNING] OTS parsing error: incorrect file size in WOFF header @ https://onvio.com.br/staff/:0
[   15924ms] [WARNING] Failed to decode downloaded font: https://onvio.com.br/staff/SourceSans3-Regular.114f93b5f3b7d159.otf @ https://onvio.com.br/staff/:0
[   15924ms] [WARNING] OTS parsing error: bad table directory searchRange
bad table directory entrySelector
bad table directory rangeShift
Invalid table tag: 0x604241
 `BA: misaligned table @ https://onvio.com.br/staff/:0
[   15924ms] [WARNING] Failed to decode downloaded font: https://onvio.com.br/staff/SourceSans3-Regular.ab920762075b81fb.ttf @ https://onvio.com.br/staff/:0
[   15924ms] [WARNING] OTS parsing error: BASE: invalid table offset @ https://onvio.com.br/staff/:0
[   15924ms] [WARNING] Failed to decode downloaded font: https://onvio.com.br/staff/SourceSans3VF-Upright.ttf.e7f20fc9b00b0e8a.woff2 @ https://onvio.com.br/staff/:0
[   15924ms] [WARNING] OTS parsing error: Failed to convert WOFF 2.0 font to SFNT @ https://onvio.com.br/staff/:0
[   15924ms] [WARNING] Failed to decode downloaded font: https://onvio.com.br/staff/SourceSans3-Regular.ttf.dab9805cb7eb3d8f.woff @ https://onvio.com.br/staff/:0
[   15925ms] [WARNING] OTS parsing error: incorrect file size in WOFF header @ https://onvio.com.br/staff/:0
[   15925ms] [WARNING] Failed to decode downloaded font: https://onvio.com.br/staff/SourceSans3-Regular.114f93b5f3b7d159.otf @ https://onvio.com.br/staff/:0
[   15925ms] [WARNING] OTS parsing error: bad table directory searchRange
bad table directory entrySelector
bad table directory rangeShift
Invalid table tag: 0x604241
 `BA: misaligned table @ https://onvio.com.br/staff/:0
[   15925ms] [WARNING] Failed to decode downloaded font: https://onvio.com.br/staff/SourceSans3-Regular.ab920762075b81fb.ttf @ https://onvio.com.br/staff/:0
[   15925ms] [WARNING] OTS parsing error: BASE: invalid table offset @ https://onvio.com.br/staff/:0
[   15926ms] [WARNING] Failed to decode downloaded font: https://onvio.com.br/staff/SourceSans3VF-Upright.ttf.e7f20fc9b00b0e8a.woff2 @ https://onvio.com.br/staff/:0
[   15926ms] [WARNING] OTS parsing error: Failed to convert WOFF 2.0 font to SFNT @ https://onvio.com.br/staff/:0
[   15926ms] [WARNING] Failed to decode downloaded font: https://onvio.com.br/staff/SourceSans3-Regular.ttf.dab9805cb7eb3d8f.woff @ https://onvio.com.br/staff/:0
[   15926ms] [WARNING] OTS parsing error: incorrect file size in WOFF header @ https://onvio.com.br/staff/:0
[   15926ms] [WARNING] Failed to decode downloaded font: https://onvio.com.br/staff/SourceSans3-Regular.114f93b5f3b7d159.otf @ https://onvio.com.br/staff/:0
[   15926ms] [WARNING] OTS parsing error: bad table directory searchRange
bad table directory entrySelector
bad table directory rangeShift
Invalid table tag: 0x604241
 `BA: misaligned table @ https://onvio.com.br/staff/:0
[   15926ms] [WARNING] Failed to decode downloaded font: https://onvio.com.br/staff/SourceSans3-Regular.ab920762075b81fb.ttf @ https://onvio.com.br/staff/:0
[   15926ms] [WARNING] OTS parsing error: BASE: invalid table offset @ https://onvio.com.br/staff/:0
[   15926ms] [WARNING] Failed to decode downloaded font: https://onvio.com.br/staff/SourceSans3VF-Upright.ttf.e7f20fc9b00b0e8a.woff2 @ https://onvio.com.br/staff/:0
[   15927ms] [WARNING] OTS parsing error: Failed to convert WOFF 2.0 font to SFNT @ https://onvio.com.br/staff/:0
[   15927ms] [WARNING] Failed to decode downloaded font: https://onvio.com.br/staff/SourceSans3-Regular.ttf.dab9805cb7eb3d8f.woff @ https://onvio.com.br/staff/:0
[   15927ms] [WARNING] OTS parsing error: incorrect file size in WOFF header @ https://onvio.com.br/staff/:0
[   15927ms] [WARNING] Failed to decode downloaded font: https://onvio.com.br/staff/SourceSans3-Regular.114f93b5f3b7d159.otf @ https://onvio.com.br/staff/:0
[   15927ms] [WARNING] OTS parsing error: bad table directory searchRange
bad table directory entrySelector
bad table directory rangeShift
Invalid table tag: 0x604241
 `BA: misaligned table @ https://onvio.com.br/staff/:0
[   15927ms] [WARNING] Failed to decode downloaded font: https://onvio.com.br/staff/SourceSans3-Regular.ab920762075b81fb.ttf @ https://onvio.com.br/staff/:0
[   15927ms] [WARNING] OTS parsing error: BASE: invalid table offset @ https://onvio.com.br/staff/:0
[   15927ms] [WARNING] Failed to decode downloaded font: https://onvio.com.br/staff/SourceSans3VF-Upright.ttf.e7f20fc9b00b0e8a.woff2 @ https://onvio.com.br/staff/:0
[   15927ms] [WARNING] OTS parsing error: Failed to convert WOFF 2.0 font to SFNT @ https://onvio.com.br/staff/:0
[   15928ms] [WARNING] Failed to decode downloaded font: https://onvio.com.br/staff/SourceSans3-Regular.ttf.dab9805cb7eb3d8f.woff @ https://onvio.com.br/staff/:0
[   15928ms] [WARNING] OTS parsing error: incorrect file size in WOFF header @ https://onvio.com.br/staff/:0
[   15928ms] [WARNING] Failed to decode downloaded font: https://onvio.com.br/staff/SourceSans3-Regular.114f93b5f3b7d159.otf @ https://onvio.com.br/staff/:0
[   15928ms] [WARNING] OTS parsing error: bad table directory searchRange
bad table directory entrySelector
bad table directory rangeShift
Invalid table tag: 0x604241
 `BA: misaligned table @ https://onvio.com.br/staff/:0
[   15928ms] [WARNING] Failed to decode downloaded font: https://onvio.com.br/staff/SourceSans3-Regular.ab920762075b81fb.ttf @ https://onvio.com.br/staff/:0
[   15928ms] [WARNING] OTS parsing error: BASE: invalid table offset @ https://onvio.com.br/staff/:0
[   15928ms] [WARNING] Failed to decode downloaded font: https://onvio.com.br/staff/SourceSans3VF-Upright.ttf.e7f20fc9b00b0e8a.woff2 @ https://onvio.com.br/staff/:0
[   15928ms] [WARNING] OTS parsing error: Failed to convert WOFF 2.0 font to SFNT @ https://onvio.com.br/staff/:0
[   15929ms] [WARNING] Failed to decode downloaded font: https://onvio.com.br/staff/SourceSans3-Regular.ttf.dab9805cb7eb3d8f.woff @ https://onvio.com.br/staff/:0
[   15929ms] [WARNING] OTS parsing error: incorrect file size in WOFF header @ https://onvio.com.br/staff/:0
[   15929ms] [WARNING] Failed to decode downloaded font: https://onvio.com.br/staff/SourceSans3-Regular.114f93b5f3b7d159.otf @ https://onvio.com.br/staff/:0
[   15929ms] [WARNING] OTS parsing error: bad table directory searchRange
bad table directory entrySelector
bad table directory rangeShift
Invalid table tag: 0x604241
 `BA: misaligned table @ https://onvio.com.br/staff/:0
[   15929ms] [WARNING] Failed to decode downloaded font: https://onvio.com.br/staff/SourceSans3-Regular.ab920762075b81fb.ttf @ https://onvio.com.br/staff/:0
[   15929ms] [WARNING] OTS parsing error: BASE: invalid table offset @ https://onvio.com.br/staff/:0
[   15929ms] [WARNING] Failed to decode downloaded font: https://onvio.com.br/staff/SourceSans3VF-Upright.ttf.e7f20fc9b00b0e8a.woff2 @ https://onvio.com.br/staff/:0
[   15929ms] [WARNING] OTS parsing error: Failed to convert WOFF 2.0 font to SFNT @ https://onvio.com.br/staff/:0
[   15929ms] [WARNING] Failed to decode downloaded font: https://onvio.com.br/staff/SourceSans3-Regular.ttf.dab9805cb7eb3d8f.woff @ https://onvio.com.br/staff/:0
[   15929ms] [WARNING] OTS parsing error: incorrect file size in WOFF header @ https://onvio.com.br/staff/:0
[   15929ms] [WARNING] Failed to decode downloaded font: https://onvio.com.br/staff/SourceSans3-Regular.114f93b5f3b7d159.otf @ https://onvio.com.br/staff/:0
[   15930ms] [WARNING] OTS parsing error: bad table directory searchRange
bad table directory entrySelector
bad table directory rangeShift
Invalid table tag: 0x604241
 `BA: misaligned table @ https://onvio.com.br/staff/:0
[   15930ms] [WARNING] Failed to decode downloaded font: https://onvio.com.br/staff/SourceSans3-Regular.ab920762075b81fb.ttf @ https://onvio.com.br/staff/:0
[   15930ms] [WARNING] OTS parsing error: BASE: invalid table offset @ https://onvio.com.br/staff/:0
[   15930ms] [WARNING] Failed to decode downloaded font: https://onvio.com.br/staff/SourceSans3VF-Upright.ttf.e7f20fc9b00b0e8a.woff2 @ https://onvio.com.br/staff/:0
[   15930ms] [WARNING] OTS parsing error: Failed to convert WOFF 2.0 font to SFNT @ https://onvio.com.br/staff/:0
[   15930ms] [WARNING] Failed to decode downloaded font: https://onvio.com.br/staff/SourceSans3-Regular.ttf.dab9805cb7eb3d8f.woff @ https://onvio.com.br/staff/:0
[   15930ms] [WARNING] OTS parsing error: incorrect file size in WOFF header @ https://onvio.com.br/staff/:0
[   15930ms] [WARNING] Failed to decode downloaded font: https://onvio.com.br/staff/SourceSans3-Regular.114f93b5f3b7d159.otf @ https://onvio.com.br/staff/:0
[   15930ms] [WARNING] OTS parsing error: bad table directory searchRange
bad table directory entrySelector
bad table directory rangeShift
Invalid table tag: 0x604241
 `BA: misaligned table @ https://onvio.com.br/staff/:0
[   15931ms] [WARNING] Failed to decode downloaded font: https://onvio.com.br/staff/SourceSans3-Regular.ab920762075b81fb.ttf @ https://onvio.com.br/staff/:0
[   15931ms] [WARNING] OTS parsing error: BASE: invalid table offset @ https://onvio.com.br/staff/:0
[   15931ms] [WARNING] Failed to decode downloaded font: https://onvio.com.br/staff/SourceSans3VF-Upright.ttf.e7f20fc9b00b0e8a.woff2 @ https://onvio.com.br/staff/:0
[   15931ms] [WARNING] OTS parsing error: Failed to convert WOFF 2.0 font to SFNT @ https://onvio.com.br/staff/:0
[   15932ms] [WARNING] Failed to decode downloaded font: https://onvio.com.br/staff/SourceSans3-Regular.114f93b5f3b7d159.otf @ https://onvio.com.br/staff/:0
[   15932ms] [WARNING] OTS parsing error: bad table directory searchRange
bad table directory entrySelector
bad table directory rangeShift
Invalid table tag: 0x604241
 `BA: misaligned table @ https://onvio.com.br/staff/:0
[   15932ms] [WARNING] Failed to decode downloaded font: https://onvio.com.br/staff/SourceSans3-Regular.ttf.dab9805cb7eb3d8f.woff @ https://onvio.com.br/staff/:0
[   15932ms] [WARNING] OTS parsing error: incorrect file size in WOFF header @ https://onvio.com.br/staff/:0
[   15932ms] [WARNING] Failed to decode downloaded font: https://onvio.com.br/staff/SourceSans3-Regular.ab920762075b81fb.ttf @ https://onvio.com.br/staff/:0
[   15933ms] [WARNING] OTS parsing error: BASE: invalid table offset @ https://onvio.com.br/staff/:0
[   15933ms] [WARNING] Failed to decode downloaded font: https://onvio.com.br/staff/SourceSans3VF-Upright.ttf.e7f20fc9b00b0e8a.woff2 @ https://onvio.com.br/staff/:0
[   15933ms] [WARNING] OTS parsing error: Failed to convert WOFF 2.0 font to SFNT @ https://onvio.com.br/staff/:0
[   15933ms] [WARNING] Failed to decode downloaded font: https://onvio.com.br/staff/SourceSans3-Regular.ttf.dab9805cb7eb3d8f.woff @ https://onvio.com.br/staff/:0
[   15933ms] [WARNING] OTS parsing error: incorrect file size in WOFF header @ https://onvio.com.br/staff/:0
[   15933ms] [WARNING] Failed to decode downloaded font: https://onvio.com.br/staff/SourceSans3-Regular.114f93b5f3b7d159.otf @ https://onvio.com.br/staff/:0
[   15933ms] [WARNING] OTS parsing error: bad table directory searchRange
bad table directory entrySelector
bad table directory rangeShift
Invalid table tag: 0x604241
 `BA: misaligned table @ https://onvio.com.br/staff/:0
[   15934ms] [WARNING] Failed to decode downloaded font: https://onvio.com.br/staff/SourceSans3-Regular.ab920762075b81fb.ttf @ https://onvio.com.br/staff/:0
[   15934ms] [WARNING] OTS parsing error: BASE: invalid table offset @ https://onvio.com.br/staff/:0
[   15934ms] [WARNING] Failed to decode downloaded font: https://onvio.com.br/staff/SourceSans3VF-Upright.ttf.e7f20fc9b00b0e8a.woff2 @ https://onvio.com.br/staff/:0
[   15934ms] [WARNING] OTS parsing error: Failed to convert WOFF 2.0 font to SFNT @ https://onvio.com.br/staff/:0
[   15934ms] [WARNING] Failed to decode downloaded font: https://onvio.com.br/staff/SourceSans3-Regular.ttf.dab9805cb7eb3d8f.woff @ https://onvio.com.br/staff/:0
[   15934ms] [WARNING] OTS parsing error: incorrect file size in WOFF header @ https://onvio.com.br/staff/:0
[   15934ms] [WARNING] Failed to decode downloaded font: https://onvio.com.br/staff/SourceSans3-Regular.114f93b5f3b7d159.otf @ https://onvio.com.br/staff/:0
[   15934ms] [WARNING] OTS parsing error: bad table directory searchRange
bad table directory entrySelector
bad table directory rangeShift
Invalid table tag: 0x604241
 `BA: misaligned table @ https://onvio.com.br/staff/:0
[   15935ms] [WARNING] Failed to decode downloaded font: https://onvio.com.br/staff/SourceSans3-Regular.ab920762075b81fb.ttf @ https://onvio.com.br/staff/:0
[   15935ms] [WARNING] OTS parsing error: BASE: invalid table offset @ https://onvio.com.br/staff/:0
[   15935ms] [WARNING] Failed to decode downloaded font: https://onvio.com.br/staff/SourceSans3VF-Upright.ttf.e7f20fc9b00b0e8a.woff2 @ https://onvio.com.br/staff/:0
[   15935ms] [WARNING] OTS parsing error: Failed to convert WOFF 2.0 font to SFNT @ https://onvio.com.br/staff/:0
[   15935ms] [WARNING] Failed to decode downloaded font: https://onvio.com.br/staff/SourceSans3-Regular.ttf.dab9805cb7eb3d8f.woff @ https://onvio.com.br/staff/:0
[   15935ms] [WARNING] OTS parsing error: incorrect file size in WOFF header @ https://onvio.com.br/staff/:0
[   15935ms] [WARNING] Failed to decode downloaded font: https://onvio.com.br/staff/SourceSans3-Regular.114f93b5f3b7d159.otf @ https://onvio.com.br/staff/:0
[   15935ms] [WARNING] OTS parsing error: bad table directory searchRange
bad table directory entrySelector
bad table directory rangeShift
Invalid table tag: 0x604241
 `BA: misaligned table @ https://onvio.com.br/staff/:0
[   15935ms] [WARNING] Failed to decode downloaded font: https://onvio.com.br/staff/SourceSans3-Regular.ab920762075b81fb.ttf @ https://onvio.com.br/staff/:0
[   15935ms] [WARNING] OTS parsing error: BASE: invalid table offset @ https://onvio.com.br/staff/:0
[   15935ms] [WARNING] Failed to decode downloaded font: https://onvio.com.br/staff/SourceSans3VF-Upright.ttf.e7f20fc9b00b0e8a.woff2 @ https://onvio.com.br/staff/:0
[   15936ms] [WARNING] OTS parsing error: Failed to convert WOFF 2.0 font to SFNT @ https://onvio.com.br/staff/:0
[   15936ms] [WARNING] Failed to decode downloaded font: https://onvio.com.br/staff/SourceSans3-Regular.ttf.dab9805cb7eb3d8f.woff @ https://onvio.com.br/staff/:0
[   15936ms] [WARNING] OTS parsing error: incorrect file size in WOFF header @ https://onvio.com.br/staff/:0
[   15936ms] [WARNING] Failed to decode downloaded font: https://onvio.com.br/staff/SourceSans3-Regular.114f93b5f3b7d159.otf @ https://onvio.com.br/staff/:0
[   15936ms] [WARNING] OTS parsing error: bad table directory searchRange
bad table directory entrySelector
bad table directory rangeShift
Invalid table tag: 0x604241
 `BA: misaligned table @ https://onvio.com.br/staff/:0
[   15936ms] [WARNING] Failed to decode downloaded font: https://onvio.com.br/staff/SourceSans3-Regular.ab920762075b81fb.ttf @ https://onvio.com.br/staff/:0
[   15936ms] [WARNING] OTS parsing error: BASE: invalid table offset @ https://onvio.com.br/staff/:0
[   16193ms] [WARNING] This environment does not allow for usage of the WebComponent version of WebViewer: NotSupportedError: Failed to execute 'define' on 'CustomElementRegistry': the name "apryse-webviewer" has already been used with this registry @ https://onvio.com.br/staff/4888.e62af6d7ff1a20c1.js:0
[   16194ms] [WARNING] Custom element bm-icon is already registered and the constructors are not the same function R(){var k,L;(0,d.default)(this,R);for(var $=arguments.length,B=new Array($),K=0;K<$;K++)B[K]=arguments[K];return(L=T.call.apply(T,(0,f.default)(k=[this]).call(k,B))).type=void 0,L} function R(){var k,L;(0,d.default)(this,R);for(var $=arguments.length,B=new Array($),K=0;K<$;K++)B[K]=arguments[K];return(L=T.call.apply(T,(0,f.default)(k=[this]).call(k,B))).type=void 0,L} @ https://onvio.com.br/staff/4888.e62af6d7ff1a20c1.js:0
[   16210ms] [WARNING] Custom element bm-alert is already registered and the constructors are not the same function g(){var T,R;(0,v.default)(this,g);for(var k=arguments.length,L=new Array(k),$=0;$<k;$++)L[$]=arguments[$];return(R=p.call.apply(p,(0,d.default)(T=[this]).call(T,L))).type="info",R.closeable=!1,R} function g(){var T,R;(0,v.default)(this,g);for(var k=arguments.length,L=new Array(k),$=0;$<k;$++)L[$]=arguments[$];return(R=p.call.apply(p,(0,d.default)(T=[this]).call(T,L))).type="info",R.closeable=!1,R} @ https://onvio.com.br/staff/4888.e62af6d7ff1a20c1.js:0
[   16210ms] [WARNING] Custom element bm-alert is already registered and the constructors are not the same function g(){var T,R;(0,v.default)(this,g);for(var k=arguments.length,L=new Array(k),$=0;$<k;$++)L[$]=arguments[$];return(R=p.call.apply(p,(0,d.default)(T=[this]).call(T,L))).type="info",R.closeable=!1,R} function g(){var T,R;(0,v.default)(this,g);for(var k=arguments.length,L=new Array(k),$=0;$<k;$++)L[$]=arguments[$];return(R=p.call.apply(p,(0,d.default)(T=[this]).call(T,L))).type="info",R.closeable=!1,R} @ https://onvio.com.br/staff/4888.e62af6d7ff1a20c1.js:0
[   16211ms] [WARNING] Custom element bm-alert is already registered and the constructors are not the same function g(){var T,R;(0,v.default)(this,g);for(var k=arguments.length,L=new Array(k),$=0;$<k;$++)L[$]=arguments[$];return(R=p.call.apply(p,(0,d.default)(T=[this]).call(T,L))).type="info",R.closeable=!1,R} function g(){var T,R;(0,v.default)(this,g);for(var k=arguments.length,L=new Array(k),$=0;$<k;$++)L[$]=arguments[$];return(R=p.call.apply(p,(0,d.default)(T=[this]).call(T,L))).type="info",R.closeable=!1,R} @ https://onvio.com.br/staff/4888.e62af6d7ff1a20c1.js:0
[   16211ms] [WARNING] Custom element bm-alert is already registered and the constructors are not the same function g(){var T,R;(0,v.default)(this,g);for(var k=arguments.length,L=new Array(k),$=0;$<k;$++)L[$]=arguments[$];return(R=p.call.apply(p,(0,d.default)(T=[this]).call(T,L))).type="info",R.closeable=!1,R} function g(){var T,R;(0,v.default)(this,g);for(var k=arguments.length,L=new Array(k),$=0;$<k;$++)L[$]=arguments[$];return(R=p.call.apply(p,(0,d.default)(T=[this]).call(T,L))).type="info",R.closeable=!1,R} @ https://onvio.com.br/staff/4888.e62af6d7ff1a20c1.js:0
[   16212ms] [WARNING] Custom element bm-alert is already registered and the constructors are not the same function g(){var T,R;(0,v.default)(this,g);for(var k=arguments.length,L=new Array(k),$=0;$<k;$++)L[$]=arguments[$];return(R=p.call.apply(p,(0,d.default)(T=[this]).call(T,L))).type="info",R.closeable=!1,R} function g(){var T,R;(0,v.default)(this,g);for(var k=arguments.length,L=new Array(k),$=0;$<k;$++)L[$]=arguments[$];return(R=p.call.apply(p,(0,d.default)(T=[this]).call(T,L))).type="info",R.closeable=!1,R} @ https://onvio.com.br/staff/4888.e62af6d7ff1a20c1.js:0
[   16212ms] [WARNING] Custom element bm-alert is already registered and the constructors are not the same function g(){var T,R;(0,v.default)(this,g);for(var k=arguments.length,L=new Array(k),$=0;$<k;$++)L[$]=arguments[$];return(R=p.call.apply(p,(0,d.default)(T=[this]).call(T,L))).type="info",R.closeable=!1,R} function g(){var T,R;(0,v.default)(this,g);for(var k=arguments.length,L=new Array(k),$=0;$<k;$++)L[$]=arguments[$];return(R=p.call.apply(p,(0,d.default)(T=[this]).call(T,L))).type="info",R.closeable=!1,R} @ https://onvio.com.br/staff/4888.e62af6d7ff1a20c1.js:0
[   16212ms] [WARNING] Custom element bm-alert is already registered and the constructors are not the same function g(){var T,R;(0,v.default)(this,g);for(var k=arguments.length,L=new Array(k),$=0;$<k;$++)L[$]=arguments[$];return(R=p.call.apply(p,(0,d.default)(T=[this]).call(T,L))).type="info",R.closeable=!1,R} function g(){var T,R;(0,v.default)(this,g);for(var k=arguments.length,L=new Array(k),$=0;$<k;$++)L[$]=arguments[$];return(R=p.call.apply(p,(0,d.default)(T=[this]).call(T,L))).type="info",R.closeable=!1,R} @ https://onvio.com.br/staff/4888.e62af6d7ff1a20c1.js:0
[   16213ms] [WARNING] Custom element bm-alert is already registered and the constructors are not the same function g(){var T,R;(0,v.default)(this,g);for(var k=arguments.length,L=new Array(k),$=0;$<k;$++)L[$]=arguments[$];return(R=p.call.apply(p,(0,d.default)(T=[this]).call(T,L))).type="info",R.closeable=!1,R} function g(){var T,R;(0,v.default)(this,g);for(var k=arguments.length,L=new Array(k),$=0;$<k;$++)L[$]=arguments[$];return(R=p.call.apply(p,(0,d.default)(T=[this]).call(T,L))).type="info",R.closeable=!1,R} @ https://onvio.com.br/staff/4888.e62af6d7ff1a20c1.js:0
[   16272ms] [WARNING] Failed to decode downloaded font: https://onvio.com.br/staff/SourceSans3VF-Upright.ttf.e7f20fc9b00b0e8a.woff2 @ https://onvio.com.br/staff/#/:0
[   16272ms] [WARNING] OTS parsing error: Failed to convert WOFF 2.0 font to SFNT @ https://onvio.com.br/staff/#/:0
[   16273ms] [WARNING] Failed to decode downloaded font: https://onvio.com.br/staff/SourceSans3-Regular.ttf.dab9805cb7eb3d8f.woff @ https://onvio.com.br/staff/#/:0
[   16273ms] [WARNING] OTS parsing error: incorrect file size in WOFF header @ https://onvio.com.br/staff/#/:0
[   16273ms] [WARNING] Failed to decode downloaded font: https://onvio.com.br/staff/SourceSans3-Regular.114f93b5f3b7d159.otf @ https://onvio.com.br/staff/#/:0
[   16273ms] [WARNING] OTS parsing error: bad table directory searchRange
bad table directory entrySelector
bad table directory rangeShift
Invalid table tag: 0x604241
 `BA: misaligned table @ https://onvio.com.br/staff/#/:0
[   16274ms] [WARNING] Failed to decode downloaded font: https://onvio.com.br/staff/SourceSans3-Regular.ab920762075b81fb.ttf @ https://onvio.com.br/staff/#/:0
[   16274ms] [WARNING] OTS parsing error: BASE: invalid table offset @ https://onvio.com.br/staff/#/:0
[   16274ms] [WARNING] Failed to decode downloaded font: https://onvio.com.br/staff/SourceSans3VF-Upright.ttf.e7f20fc9b00b0e8a.woff2 @ https://onvio.com.br/staff/#/:0
[   16274ms] [WARNING] OTS parsing error: Failed to convert WOFF 2.0 font to SFNT @ https://onvio.com.br/staff/#/:0
[   16274ms] [WARNING] Failed to decode downloaded font: https://onvio.com.br/staff/SourceSans3-Regular.ttf.dab9805cb7eb3d8f.woff @ https://onvio.com.br/staff/#/:0
[   16275ms] [WARNING] OTS parsing error: incorrect file size in WOFF header @ https://onvio.com.br/staff/#/:0
[   16275ms] [WARNING] Failed to decode downloaded font: https://onvio.com.br/staff/SourceSans3-Regular.114f93b5f3b7d159.otf @ https://onvio.com.br/staff/#/:0
[   16275ms] [WARNING] OTS parsing error: bad table directory searchRange
bad table directory entrySelector
bad table directory rangeShift
Invalid table tag: 0x604241
 `BA: misaligned table @ https://onvio.com.br/staff/#/:0
[   16275ms] [WARNING] Failed to decode downloaded font: https://onvio.com.br/staff/SourceSans3-Regular.ab920762075b81fb.ttf @ https://onvio.com.br/staff/#/:0
[   16275ms] [WARNING] OTS parsing error: BASE: invalid table offset @ https://onvio.com.br/staff/#/:0
[   16276ms] [WARNING] Failed to decode downloaded font: https://onvio.com.br/staff/SourceSans3VF-Upright.ttf.e7f20fc9b00b0e8a.woff2 @ https://onvio.com.br/staff/#/:0
[   16276ms] [WARNING] OTS parsing error: Failed to convert WOFF 2.0 font to SFNT @ https://onvio.com.br/staff/#/:0
[   16276ms] [WARNING] Failed to decode downloaded font: https://onvio.com.br/staff/SourceSans3-Regular.ttf.dab9805cb7eb3d8f.woff @ https://onvio.com.br/staff/#/:0
[   16276ms] [WARNING] OTS parsing error: incorrect file size in WOFF header @ https://onvio.com.br/staff/#/:0
[   16276ms] [WARNING] Failed to decode downloaded font: https://onvio.com.br/staff/SourceSans3-Regular.114f93b5f3b7d159.otf @ https://onvio.com.br/staff/#/:0
[   16276ms] [WARNING] OTS parsing error: bad table directory searchRange
bad table directory entrySelector
bad table directory rangeShift
Invalid table tag: 0x604241
 `BA: misaligned table @ https://onvio.com.br/staff/#/:0
[   16276ms] [WARNING] Failed to decode downloaded font: https://onvio.com.br/staff/SourceSans3-Regular.ab920762075b81fb.ttf @ https://onvio.com.br/staff/#/:0
[   16277ms] [WARNING] OTS parsing error: BASE: invalid table offset @ https://onvio.com.br/staff/#/:0
[   16277ms] [WARNING] Failed to decode downloaded font: https://onvio.com.br/staff/SourceSans3VF-Upright.ttf.e7f20fc9b00b0e8a.woff2 @ https://onvio.com.br/staff/#/:0
[   16277ms] [WARNING] OTS parsing error: Failed to convert WOFF 2.0 font to SFNT @ https://onvio.com.br/staff/#/:0
[   16277ms] [WARNING] Failed to decode downloaded font: https://onvio.com.br/staff/SourceSans3-Regular.ttf.dab9805cb7eb3d8f.woff @ https://onvio.com.br/staff/#/:0
[   16277ms] [WARNING] OTS parsing error: incorrect file size in WOFF header @ https://onvio.com.br/staff/#/:0
[   16277ms] [WARNING] Failed to decode downloaded font: https://onvio.com.br/staff/SourceSans3-Regular.114f93b5f3b7d159.otf @ https://onvio.com.br/staff/#/:0
[   16277ms] [WARNING] OTS parsing error: bad table directory searchRange
bad table directory entrySelector
bad table directory rangeShift
Invalid table tag: 0x604241
 `BA: misaligned table @ https://onvio.com.br/staff/#/:0
[   16277ms] [WARNING] Failed to decode downloaded font: https://onvio.com.br/staff/SourceSans3-Regular.ab920762075b81fb.ttf @ https://onvio.com.br/staff/#/:0
[   16277ms] [WARNING] OTS parsing error: BASE: invalid table offset @ https://onvio.com.br/staff/#/:0
[   16278ms] [WARNING] Failed to decode downloaded font: https://onvio.com.br/staff/SourceSans3VF-Upright.ttf.e7f20fc9b00b0e8a.woff2 @ https://onvio.com.br/staff/#/:0
[   16278ms] [WARNING] OTS parsing error: Failed to convert WOFF 2.0 font to SFNT @ https://onvio.com.br/staff/#/:0
[   16278ms] [WARNING] Failed to decode downloaded font: https://onvio.com.br/staff/SourceSans3-Regular.ttf.dab9805cb7eb3d8f.woff @ https://onvio.com.br/staff/#/:0
[   16278ms] [WARNING] OTS parsing error: incorrect file size in WOFF header @ https://onvio.com.br/staff/#/:0
[   16278ms] [WARNING] Failed to decode downloaded font: https://onvio.com.br/staff/SourceSans3-Regular.114f93b5f3b7d159.otf @ https://onvio.com.br/staff/#/:0
[   16278ms] [WARNING] OTS parsing error: bad table directory searchRange
bad table directory entrySelector
bad table directory rangeShift
Invalid table tag: 0x604241
 `BA: misaligned table @ https://onvio.com.br/staff/#/:0
[   16278ms] [WARNING] Failed to decode downloaded font: https://onvio.com.br/staff/SourceSans3-Regular.ab920762075b81fb.ttf @ https://onvio.com.br/staff/#/:0
[   16278ms] [WARNING] OTS parsing error: BASE: invalid table offset @ https://onvio.com.br/staff/#/:0
[   16278ms] [WARNING] Failed to decode downloaded font: https://onvio.com.br/staff/SourceSans3VF-Upright.ttf.e7f20fc9b00b0e8a.woff2 @ https://onvio.com.br/staff/#/:0
[   16278ms] [WARNING] OTS parsing error: Failed to convert WOFF 2.0 font to SFNT @ https://onvio.com.br/staff/#/:0
[   16278ms] [WARNING] Failed to decode downloaded font: https://onvio.com.br/staff/SourceSans3VF-Upright.ttf.e7f20fc9b00b0e8a.woff2 @ https://onvio.com.br/staff/#/:0
[   16278ms] [WARNING] OTS parsing error: Failed to convert WOFF 2.0 font to SFNT @ https://onvio.com.br/staff/#/:0
[   16278ms] [WARNING] Failed to decode downloaded font: https://onvio.com.br/staff/SourceSans3VF-Upright.ttf.e7f20fc9b00b0e8a.woff2 @ https://onvio.com.br/staff/#/:0
[   16279ms] [WARNING] OTS parsing error: Failed to convert WOFF 2.0 font to SFNT @ https://onvio.com.br/staff/#/:0
[   16279ms] [WARNING] Failed to decode downloaded font: https://onvio.com.br/staff/SourceSans3VF-Upright.ttf.e7f20fc9b00b0e8a.woff2 @ https://onvio.com.br/staff/#/:0
[   16279ms] [WARNING] OTS parsing error: Failed to convert WOFF 2.0 font to SFNT @ https://onvio.com.br/staff/#/:0
[   16279ms] [WARNING] Failed to decode downloaded font: https://onvio.com.br/staff/SourceSans3VF-Upright.ttf.e7f20fc9b00b0e8a.woff2 @ https://onvio.com.br/staff/#/:0
[   16279ms] [WARNING] OTS parsing error: Failed to convert WOFF 2.0 font to SFNT @ https://onvio.com.br/staff/#/:0
[   16279ms] [WARNING] Failed to decode downloaded font: https://onvio.com.br/staff/SourceSans3VF-Upright.ttf.e7f20fc9b00b0e8a.woff2 @ https://onvio.com.br/staff/#/:0
[   16279ms] [WARNING] OTS parsing error: Failed to convert WOFF 2.0 font to SFNT @ https://onvio.com.br/staff/#/:0
[   16279ms] [WARNING] Failed to decode downloaded font: https://onvio.com.br/staff/SourceSans3VF-Upright.ttf.e7f20fc9b00b0e8a.woff2 @ https://onvio.com.br/staff/#/:0
[   16279ms] [WARNING] OTS parsing error: Failed to convert WOFF 2.0 font to SFNT @ https://onvio.com.br/staff/#/:0
[   16279ms] [WARNING] Failed to decode downloaded font: https://onvio.com.br/staff/SourceSans3VF-Upright.ttf.e7f20fc9b00b0e8a.woff2 @ https://onvio.com.br/staff/#/:0
[   16279ms] [WARNING] OTS parsing error: Failed to convert WOFF 2.0 font to SFNT @ https://onvio.com.br/staff/#/:0
[   16279ms] [WARNING] Failed to decode downloaded font: https://onvio.com.br/staff/SourceSans3VF-Upright.ttf.e7f20fc9b00b0e8a.woff2 @ https://onvio.com.br/staff/#/:0
[   16280ms] [WARNING] OTS parsing error: Failed to convert WOFF 2.0 font to SFNT @ https://onvio.com.br/staff/#/:0
[   16280ms] [WARNING] Failed to decode downloaded font: https://onvio.com.br/staff/SourceSans3-Regular.ttf.dab9805cb7eb3d8f.woff @ https://onvio.com.br/staff/#/:0
[   16280ms] [WARNING] OTS parsing error: incorrect file size in WOFF header @ https://onvio.com.br/staff/#/:0
[   16280ms] [WARNING] Failed to decode downloaded font: https://onvio.com.br/staff/SourceSans3-Regular.114f93b5f3b7d159.otf @ https://onvio.com.br/staff/#/:0
[   16280ms] [WARNING] OTS parsing error: bad table directory searchRange
bad table directory entrySelector
bad table directory rangeShift
Invalid table tag: 0x604241
 `BA: misaligned table @ https://onvio.com.br/staff/#/:0
[   16281ms] [WARNING] Failed to decode downloaded font: https://onvio.com.br/staff/SourceSans3-Regular.ab920762075b81fb.ttf @ https://onvio.com.br/staff/#/:0
[   16281ms] [WARNING] OTS parsing error: BASE: invalid table offset @ https://onvio.com.br/staff/#/:0
[   16281ms] [WARNING] Failed to decode downloaded font: https://onvio.com.br/staff/SourceSans3VF-Upright.ttf.e7f20fc9b00b0e8a.woff2 @ https://onvio.com.br/staff/#/:0
[   16281ms] [WARNING] OTS parsing error: Failed to convert WOFF 2.0 font to SFNT @ https://onvio.com.br/staff/#/:0
[   16281ms] [WARNING] Failed to decode downloaded font: https://onvio.com.br/staff/SourceSans3-Regular.ttf.dab9805cb7eb3d8f.woff @ https://onvio.com.br/staff/#/:0
[   16281ms] [WARNING] OTS parsing error: incorrect file size in WOFF header @ https://onvio.com.br/staff/#/:0
[   16281ms] [WARNING] Failed to decode downloaded font: https://onvio.com.br/staff/SourceSans3-Regular.114f93b5f3b7d159.otf @ https://onvio.com.br/staff/#/:0
[   16281ms] [WARNING] OTS parsing error: bad table directory searchRange
bad table directory entrySelector
bad table directory rangeShift
Invalid table tag: 0x604241
 `BA: misaligned table @ https://onvio.com.br/staff/#/:0
[   16282ms] [WARNING] Failed to decode downloaded font: https://onvio.com.br/staff/SourceSans3-Regular.ab920762075b81fb.ttf @ https://onvio.com.br/staff/#/:0
[   16282ms] [WARNING] OTS parsing error: BASE: invalid table offset @ https://onvio.com.br/staff/#/:0
[   16282ms] [WARNING] Failed to decode downloaded font: https://onvio.com.br/staff/SourceSans3VF-Upright.ttf.e7f20fc9b00b0e8a.woff2 @ https://onvio.com.br/staff/#/:0
[   16282ms] [WARNING] OTS parsing error: Failed to convert WOFF 2.0 font to SFNT @ https://onvio.com.br/staff/#/:0
[   16282ms] [WARNING] Failed to decode downloaded font: https://onvio.com.br/staff/SourceSans3-Regular.ttf.dab9805cb7eb3d8f.woff @ https://onvio.com.br/staff/#/:0
[   16282ms] [WARNING] OTS parsing error: incorrect file size in WOFF header @ https://onvio.com.br/staff/#/:0
[   16282ms] [WARNING] Failed to decode downloaded font: https://onvio.com.br/staff/SourceSans3-Regular.114f93b5f3b7d159.otf @ https://onvio.com.br/staff/#/:0
[   16282ms] [WARNING] OTS parsing error: bad table directory searchRange
bad table directory entrySelector
bad table directory rangeShift
Invalid table tag: 0x604241
 `BA: misaligned table @ https://onvio.com.br/staff/#/:0
[   16282ms] [WARNING] Failed to decode downloaded font: https://onvio.com.br/staff/SourceSans3-Regular.ab920762075b81fb.ttf @ https://onvio.com.br/staff/#/:0
[   16282ms] [WARNING] OTS parsing error: BASE: invalid table offset @ https://onvio.com.br/staff/#/:0
[   16282ms] [WARNING] Failed to decode downloaded font: https://onvio.com.br/staff/SourceSans3VF-Upright.ttf.e7f20fc9b00b0e8a.woff2 @ https://onvio.com.br/staff/#/:0
[   16283ms] [WARNING] OTS parsing error: Failed to convert WOFF 2.0 font to SFNT @ https://onvio.com.br/staff/#/:0
[   16283ms] [WARNING] Failed to decode downloaded font: https://onvio.com.br/staff/SourceSans3-Regular.ttf.dab9805cb7eb3d8f.woff @ https://onvio.com.br/staff/#/:0
[   16283ms] [WARNING] OTS parsing error: incorrect file size in WOFF header @ https://onvio.com.br/staff/#/:0
[   16283ms] [WARNING] Failed to decode downloaded font: https://onvio.com.br/staff/SourceSans3-Regular.114f93b5f3b7d159.otf @ https://onvio.com.br/staff/#/:0
[   16283ms] [WARNING] OTS parsing error: bad table directory searchRange
bad table directory entrySelector
bad table directory rangeShift
Invalid table tag: 0x604241
 `BA: misaligned table @ https://onvio.com.br/staff/#/:0
[   16283ms] [WARNING] Failed to decode downloaded font: https://onvio.com.br/staff/SourceSans3-Regular.ab920762075b81fb.ttf @ https://onvio.com.br/staff/#/:0
[   16284ms] [WARNING] OTS parsing error: BASE: invalid table offset @ https://onvio.com.br/staff/#/:0
[   16284ms] [WARNING] Failed to decode downloaded font: https://onvio.com.br/staff/SourceSans3VF-Upright.ttf.e7f20fc9b00b0e8a.woff2 @ https://onvio.com.br/staff/#/:0
[   16284ms] [WARNING] OTS parsing error: Failed to convert WOFF 2.0 font to SFNT @ https://onvio.com.br/staff/#/:0
[   16284ms] [WARNING] Failed to decode downloaded font: https://onvio.com.br/staff/SourceSans3-Regular.ttf.dab9805cb7eb3d8f.woff @ https://onvio.com.br/staff/#/:0
[   16284ms] [WARNING] OTS parsing error: incorrect file size in WOFF header @ https://onvio.com.br/staff/#/:0
[   16284ms] [WARNING] Failed to decode downloaded font: https://onvio.com.br/staff/SourceSans3-Regular.114f93b5f3b7d159.otf @ https://onvio.com.br/staff/#/:0
[   16284ms] [WARNING] OTS parsing error: bad table directory searchRange
bad table directory entrySelector
bad table directory rangeShift
Invalid table tag: 0x604241
 `BA: misaligned table @ https://onvio.com.br/staff/#/:0
[   16284ms] [WARNING] Failed to decode downloaded font: https://onvio.com.br/staff/SourceSans3-Regular.ab920762075b81fb.ttf @ https://onvio.com.br/staff/#/:0
[   16284ms] [WARNING] OTS parsing error: BASE: invalid table offset @ https://onvio.com.br/staff/#/:0
[   16285ms] [WARNING] Failed to decode downloaded font: https://onvio.com.br/staff/SourceSans3VF-Upright.ttf.e7f20fc9b00b0e8a.woff2 @ https://onvio.com.br/staff/#/:0
[   16285ms] [WARNING] OTS parsing error: Failed to convert WOFF 2.0 font to SFNT @ https://onvio.com.br/staff/#/:0
[   16285ms] [WARNING] Failed to decode downloaded font: https://onvio.com.br/staff/SourceSans3-Regular.ttf.dab9805cb7eb3d8f.woff @ https://onvio.com.br/staff/#/:0
[   16285ms] [WARNING] OTS parsing error: incorrect file size in WOFF header @ https://onvio.com.br/staff/#/:0
[   16285ms] [WARNING] Failed to decode downloaded font: https://onvio.com.br/staff/SourceSans3-Regular.114f93b5f3b7d159.otf @ https://onvio.com.br/staff/#/:0
[   16285ms] [WARNING] OTS parsing error: bad table directory searchRange
bad table directory entrySelector
bad table directory rangeShift
Invalid table tag: 0x604241
 `BA: misaligned table @ https://onvio.com.br/staff/#/:0
[   16285ms] [WARNING] Failed to decode downloaded font: https://onvio.com.br/staff/SourceSans3-Regular.ab920762075b81fb.ttf @ https://onvio.com.br/staff/#/:0
[   16286ms] [WARNING] OTS parsing error: BASE: invalid table offset @ https://onvio.com.br/staff/#/:0
[   16286ms] [WARNING] Failed to decode downloaded font: https://onvio.com.br/staff/SourceSans3VF-Upright.ttf.e7f20fc9b00b0e8a.woff2 @ https://onvio.com.br/staff/#/:0
[   16286ms] [WARNING] OTS parsing error: Failed to convert WOFF 2.0 font to SFNT @ https://onvio.com.br/staff/#/:0
[   16286ms] [WARNING] Failed to decode downloaded font: https://onvio.com.br/staff/SourceSans3-Regular.ttf.dab9805cb7eb3d8f.woff @ https://onvio.com.br/staff/#/:0
[   16286ms] [WARNING] OTS parsing error: incorrect file size in WOFF header @ https://onvio.com.br/staff/#/:0
[   16286ms] [WARNING] Failed to decode downloaded font: https://onvio.com.br/staff/SourceSans3-Regular.114f93b5f3b7d159.otf @ https://onvio.com.br/staff/#/:0
[   16286ms] [WARNING] OTS parsing error: bad table directory searchRange
bad table directory entrySelector
bad table directory rangeShift
Invalid table tag: 0x604241
 `BA: misaligned table @ https://onvio.com.br/staff/#/:0
[   16286ms] [WARNING] Failed to decode downloaded font: https://onvio.com.br/staff/SourceSans3-Regular.ab920762075b81fb.ttf @ https://onvio.com.br/staff/#/:0
[   16286ms] [WARNING] OTS parsing error: BASE: invalid table offset @ https://onvio.com.br/staff/#/:0
[   16287ms] [WARNING] Failed to decode downloaded font: https://onvio.com.br/staff/SourceSans3VF-Upright.ttf.e7f20fc9b00b0e8a.woff2 @ https://onvio.com.br/staff/#/:0
[   16287ms] [WARNING] OTS parsing error: Failed to convert WOFF 2.0 font to SFNT @ https://onvio.com.br/staff/#/:0
[   16287ms] [WARNING] Failed to decode downloaded font: https://onvio.com.br/staff/SourceSans3-Regular.ttf.dab9805cb7eb3d8f.woff @ https://onvio.com.br/staff/#/:0
[   16287ms] [WARNING] OTS parsing error: incorrect file size in WOFF header @ https://onvio.com.br/staff/#/:0
[   16287ms] [WARNING] Failed to decode downloaded font: https://onvio.com.br/staff/SourceSans3-Regular.114f93b5f3b7d159.otf @ https://onvio.com.br/staff/#/:0
[   16287ms] [WARNING] OTS parsing error: bad table directory searchRange
bad table directory entrySelector
bad table directory rangeShift
Invalid table tag: 0x604241
 `BA: misaligned table @ https://onvio.com.br/staff/#/:0
[   16288ms] [WARNING] Failed to decode downloaded font: https://onvio.com.br/staff/SourceSans3-Regular.ab920762075b81fb.ttf @ https://onvio.com.br/staff/#/:0
[   16288ms] [WARNING] OTS parsing error: BASE: invalid table offset @ https://onvio.com.br/staff/#/:0
[   16288ms] [WARNING] Failed to decode downloaded font: https://onvio.com.br/staff/SourceSans3VF-Upright.ttf.e7f20fc9b00b0e8a.woff2 @ https://onvio.com.br/staff/#/:0
[   16288ms] [WARNING] OTS parsing error: Failed to convert WOFF 2.0 font to SFNT @ https://onvio.com.br/staff/#/:0
[   16288ms] [WARNING] Failed to decode downloaded font: https://onvio.com.br/staff/SourceSans3-Regular.114f93b5f3b7d159.otf @ https://onvio.com.br/staff/#/:0
[   16289ms] [WARNING] OTS parsing error: bad table directory searchRange
bad table directory entrySelector
bad table directory rangeShift
Invalid table tag: 0x604241
 `BA: misaligned table @ https://onvio.com.br/staff/#/:0
[   16289ms] [WARNING] Failed to decode downloaded font: https://onvio.com.br/staff/SourceSans3-Regular.ttf.dab9805cb7eb3d8f.woff @ https://onvio.com.br/staff/#/:0
[   16289ms] [WARNING] OTS parsing error: incorrect file size in WOFF header @ https://onvio.com.br/staff/#/:0
[   16289ms] [WARNING] Failed to decode downloaded font: https://onvio.com.br/staff/SourceSans3-Regular.ab920762075b81fb.ttf @ https://onvio.com.br/staff/#/:0
[   16289ms] [WARNING] OTS parsing error: BASE: invalid table offset @ https://onvio.com.br/staff/#/:0
[   16289ms] [WARNING] Failed to decode downloaded font: https://onvio.com.br/staff/SourceSans3VF-Upright.ttf.e7f20fc9b00b0e8a.woff2 @ https://onvio.com.br/staff/#/:0
[   16289ms] [WARNING] OTS parsing error: Failed to convert WOFF 2.0 font to SFNT @ https://onvio.com.br/staff/#/:0
[   16289ms] [WARNING] Failed to decode downloaded font: https://onvio.com.br/staff/SourceSans3-Regular.ttf.dab9805cb7eb3d8f.woff @ https://onvio.com.br/staff/#/:0
[   16289ms] [WARNING] OTS parsing error: incorrect file size in WOFF header @ https://onvio.com.br/staff/#/:0
[   16289ms] [WARNING] Failed to decode downloaded font: https://onvio.com.br/staff/SourceSans3-Regular.114f93b5f3b7d159.otf @ https://onvio.com.br/staff/#/:0
[   16289ms] [WARNING] OTS parsing error: bad table directory searchRange
bad table directory entrySelector
bad table directory rangeShift
Invalid table tag: 0x604241
 `BA: misaligned table @ https://onvio.com.br/staff/#/:0
[   16290ms] [WARNING] Failed to decode downloaded font: https://onvio.com.br/staff/SourceSans3-Regular.ab920762075b81fb.ttf @ https://onvio.com.br/staff/#/:0
[   16290ms] [WARNING] OTS parsing error: BASE: invalid table offset @ https://onvio.com.br/staff/#/:0
[   16290ms] [WARNING] Failed to decode downloaded font: https://onvio.com.br/staff/SourceSans3VF-Upright.ttf.e7f20fc9b00b0e8a.woff2 @ https://onvio.com.br/staff/#/:0
[   16290ms] [WARNING] OTS parsing error: Failed to convert WOFF 2.0 font to SFNT @ https://onvio.com.br/staff/#/:0
[   16290ms] [WARNING] Failed to decode downloaded font: https://onvio.com.br/staff/SourceSans3-Regular.ttf.dab9805cb7eb3d8f.woff @ https://onvio.com.br/staff/#/:0
[   16290ms] [WARNING] OTS parsing error: incorrect file size in WOFF header @ https://onvio.com.br/staff/#/:0
[   16290ms] [WARNING] Failed to decode downloaded font: https://onvio.com.br/staff/SourceSans3-Regular.114f93b5f3b7d159.otf @ https://onvio.com.br/staff/#/:0
[   16290ms] [WARNING] OTS parsing error: bad table directory searchRange
bad table directory entrySelector
bad table directory rangeShift
Invalid table tag: 0x604241
 `BA: misaligned table @ https://onvio.com.br/staff/#/:0
[   16291ms] [WARNING] Failed to decode downloaded font: https://onvio.com.br/staff/SourceSans3-Regular.ab920762075b81fb.ttf @ https://onvio.com.br/staff/#/:0
[   16291ms] [WARNING] OTS parsing error: BASE: invalid table offset @ https://onvio.com.br/staff/#/:0
[   16291ms] [WARNING] Failed to decode downloaded font: https://onvio.com.br/staff/SourceSans3VF-Upright.ttf.e7f20fc9b00b0e8a.woff2 @ https://onvio.com.br/staff/#/:0
[   16291ms] [WARNING] OTS parsing error: Failed to convert WOFF 2.0 font to SFNT @ https://onvio.com.br/staff/#/:0
[   16291ms] [WARNING] Failed to decode downloaded font: https://onvio.com.br/staff/SourceSans3-Regular.ttf.dab9805cb7eb3d8f.woff @ https://onvio.com.br/staff/#/:0
[   16291ms] [WARNING] OTS parsing error: incorrect file size in WOFF header @ https://onvio.com.br/staff/#/:0
[   16291ms] [WARNING] Failed to decode downloaded font: https://onvio.com.br/staff/SourceSans3-Regular.114f93b5f3b7d159.otf @ https://onvio.com.br/staff/#/:0
[   16292ms] [WARNING] OTS parsing error: bad table directory searchRange
bad table directory entrySelector
bad table directory rangeShift
Invalid table tag: 0x604241
 `BA: misaligned table @ https://onvio.com.br/staff/#/:0
[   16292ms] [WARNING] Failed to decode downloaded font: https://onvio.com.br/staff/SourceSans3-Regular.ab920762075b81fb.ttf @ https://onvio.com.br/staff/#/:0
[   16292ms] [WARNING] OTS parsing error: BASE: invalid table offset @ https://onvio.com.br/staff/#/:0
[   16292ms] [WARNING] Failed to decode downloaded font: https://onvio.com.br/staff/SourceSans3VF-Upright.ttf.e7f20fc9b00b0e8a.woff2 @ https://onvio.com.br/staff/#/:0
[   16292ms] [WARNING] OTS parsing error: Failed to convert WOFF 2.0 font to SFNT @ https://onvio.com.br/staff/#/:0
[   16292ms] [WARNING] Failed to decode downloaded font: https://onvio.com.br/staff/SourceSans3-Regular.ttf.dab9805cb7eb3d8f.woff @ https://onvio.com.br/staff/#/:0
[   16293ms] [WARNING] OTS parsing error: incorrect file size in WOFF header @ https://onvio.com.br/staff/#/:0
[   16293ms] [WARNING] Failed to decode downloaded font: https://onvio.com.br/staff/SourceSans3-Regular.114f93b5f3b7d159.otf @ https://onvio.com.br/staff/#/:0
[   16293ms] [WARNING] OTS parsing error: bad table directory searchRange
bad table directory entrySelector
bad table directory rangeShift
Invalid table tag: 0x604241
 `BA: misaligned table @ https://onvio.com.br/staff/#/:0
[   16293ms] [WARNING] Failed to decode downloaded font: https://onvio.com.br/staff/SourceSans3-Regular.ab920762075b81fb.ttf @ https://onvio.com.br/staff/#/:0
[   16293ms] [WARNING] OTS parsing error: BASE: invalid table offset @ https://onvio.com.br/staff/#/:0
[   16294ms] [WARNING] Failed to decode downloaded font: https://onvio.com.br/staff/SourceSans3VF-Upright.ttf.e7f20fc9b00b0e8a.woff2 @ https://onvio.com.br/staff/#/:0
[   16294ms] [WARNING] OTS parsing error: Failed to convert WOFF 2.0 font to SFNT @ https://onvio.com.br/staff/#/:0
[   16294ms] [WARNING] Failed to decode downloaded font: https://onvio.com.br/staff/SourceSans3-Regular.ttf.dab9805cb7eb3d8f.woff @ https://onvio.com.br/staff/#/:0
[   16294ms] [WARNING] OTS parsing error: incorrect file size in WOFF header @ https://onvio.com.br/staff/#/:0
[   16294ms] [WARNING] Failed to decode downloaded font: https://onvio.com.br/staff/SourceSans3-Regular.114f93b5f3b7d159.otf @ https://onvio.com.br/staff/#/:0
[   16294ms] [WARNING] OTS parsing error: bad table directory searchRange
bad table directory entrySelector
bad table directory rangeShift
Invalid table tag: 0x604241
 `BA: misaligned table @ https://onvio.com.br/staff/#/:0
[   16294ms] [WARNING] Failed to decode downloaded font: https://onvio.com.br/staff/SourceSans3-Regular.ab920762075b81fb.ttf @ https://onvio.com.br/staff/#/:0
[   16294ms] [WARNING] OTS parsing error: BASE: invalid table offset @ https://onvio.com.br/staff/#/:0
[   16294ms] [WARNING] Failed to decode downloaded font: https://onvio.com.br/staff/SourceSans3VF-Upright.ttf.e7f20fc9b00b0e8a.woff2 @ https://onvio.com.br/staff/#/:0
[   16294ms] [WARNING] OTS parsing error: Failed to convert WOFF 2.0 font to SFNT @ https://onvio.com.br/staff/#/:0
[   16294ms] [WARNING] Failed to decode downloaded font: https://onvio.com.br/staff/SourceSans3-Regular.ttf.dab9805cb7eb3d8f.woff @ https://onvio.com.br/staff/#/:0
[   16295ms] [WARNING] OTS parsing error: incorrect file size in WOFF header @ https://onvio.com.br/staff/#/:0
[   16295ms] [WARNING] Failed to decode downloaded font: https://onvio.com.br/staff/SourceSans3-Regular.114f93b5f3b7d159.otf @ https://onvio.com.br/staff/#/:0
[   16295ms] [WARNING] OTS parsing error: bad table directory searchRange
bad table directory entrySelector
bad table directory rangeShift
Invalid table tag: 0x604241
 `BA: misaligned table @ https://onvio.com.br/staff/#/:0
[   16295ms] [WARNING] Failed to decode downloaded font: https://onvio.com.br/staff/SourceSans3-Regular.ab920762075b81fb.ttf @ https://onvio.com.br/staff/#/:0
[   16295ms] [WARNING] OTS parsing error: BASE: invalid table offset @ https://onvio.com.br/staff/#/:0
[   16295ms] [WARNING] Failed to decode downloaded font: https://onvio.com.br/staff/SourceSans3VF-Upright.ttf.e7f20fc9b00b0e8a.woff2 @ https://onvio.com.br/staff/#/:0
[   16295ms] [WARNING] OTS parsing error: Failed to convert WOFF 2.0 font to SFNT @ https://onvio.com.br/staff/#/:0
[   16296ms] [WARNING] Failed to decode downloaded font: https://onvio.com.br/staff/SourceSans3-Regular.ttf.dab9805cb7eb3d8f.woff @ https://onvio.com.br/staff/#/:0
[   16296ms] [WARNING] OTS parsing error: incorrect file size in WOFF header @ https://onvio.com.br/staff/#/:0
[   16296ms] [WARNING] Failed to decode downloaded font: https://onvio.com.br/staff/SourceSans3-Regular.114f93b5f3b7d159.otf @ https://onvio.com.br/staff/#/:0
[   16296ms] [WARNING] OTS parsing error: bad table directory searchRange
bad table directory entrySelector
bad table directory rangeShift
Invalid table tag: 0x604241
 `BA: misaligned table @ https://onvio.com.br/staff/#/:0
[   16296ms] [WARNING] Failed to decode downloaded font: https://onvio.com.br/staff/SourceSans3-Regular.ab920762075b81fb.ttf @ https://onvio.com.br/staff/#/:0
[   16296ms] [WARNING] OTS parsing error: BASE: invalid table offset @ https://onvio.com.br/staff/#/:0
[   16296ms] [WARNING] Failed to decode downloaded font: https://onvio.com.br/staff/SourceSans3VF-Upright.ttf.e7f20fc9b00b0e8a.woff2 @ https://onvio.com.br/staff/#/:0
[   16296ms] [WARNING] OTS parsing error: Failed to convert WOFF 2.0 font to SFNT @ https://onvio.com.br/staff/#/:0
[   16297ms] [WARNING] Failed to decode downloaded font: https://onvio.com.br/staff/SourceSans3-Regular.ttf.dab9805cb7eb3d8f.woff @ https://onvio.com.br/staff/#/:0
[   16297ms] [WARNING] OTS parsing error: incorrect file size in WOFF header @ https://onvio.com.br/staff/#/:0
[   16297ms] [WARNING] Failed to decode downloaded font: https://onvio.com.br/staff/SourceSans3-Regular.114f93b5f3b7d159.otf @ https://onvio.com.br/staff/#/:0
[   16297ms] [WARNING] OTS parsing error: bad table directory searchRange
bad table directory entrySelector
bad table directory rangeShift
Invalid table tag: 0x604241
 `BA: misaligned table @ https://onvio.com.br/staff/#/:0
[   16297ms] [WARNING] Failed to decode downloaded font: https://onvio.com.br/staff/SourceSans3-Regular.ab920762075b81fb.ttf @ https://onvio.com.br/staff/#/:0
[   16297ms] [WARNING] OTS parsing error: BASE: invalid table offset @ https://onvio.com.br/staff/#/:0
[   16298ms] [WARNING] Failed to decode downloaded font: https://onvio.com.br/staff/SourceSans3VF-Upright.ttf.e7f20fc9b00b0e8a.woff2 @ https://onvio.com.br/staff/#/:0
[   16298ms] [WARNING] OTS parsing error: Failed to convert WOFF 2.0 font to SFNT @ https://onvio.com.br/staff/#/:0
[   16298ms] [WARNING] Failed to decode downloaded font: https://onvio.com.br/staff/SourceSans3-Regular.ttf.dab9805cb7eb3d8f.woff @ https://onvio.com.br/staff/#/:0
[   16298ms] [WARNING] OTS parsing error: incorrect file size in WOFF header @ https://onvio.com.br/staff/#/:0
[   16298ms] [WARNING] Failed to decode downloaded font: https://onvio.com.br/staff/SourceSans3-Regular.114f93b5f3b7d159.otf @ https://onvio.com.br/staff/#/:0
[   16299ms] [WARNING] OTS parsing error: bad table directory searchRange
bad table directory entrySelector
bad table directory rangeShift
Invalid table tag: 0x604241
 `BA: misaligned table @ https://onvio.com.br/staff/#/:0
[   16299ms] [WARNING] Failed to decode downloaded font: https://onvio.com.br/staff/SourceSans3-Regular.ab920762075b81fb.ttf @ https://onvio.com.br/staff/#/:0
[   16299ms] [WARNING] OTS parsing error: BASE: invalid table offset @ https://onvio.com.br/staff/#/:0
[   16299ms] [WARNING] Failed to decode downloaded font: https://onvio.com.br/staff/SourceSans3VF-Upright.ttf.e7f20fc9b00b0e8a.woff2 @ https://onvio.com.br/staff/#/:0
[   16299ms] [WARNING] OTS parsing error: Failed to convert WOFF 2.0 font to SFNT @ https://onvio.com.br/staff/#/:0
[   16299ms] [WARNING] Failed to decode downloaded font: https://onvio.com.br/staff/SourceSans3VF-Upright.ttf.e7f20fc9b00b0e8a.woff2 @ https://onvio.com.br/staff/#/:0
[   16299ms] [WARNING] OTS parsing error: Failed to convert WOFF 2.0 font to SFNT @ https://onvio.com.br/staff/#/:0
[   16299ms] [WARNING] Failed to decode downloaded font: https://onvio.com.br/staff/SourceSans3VF-Upright.ttf.e7f20fc9b00b0e8a.woff2 @ https://onvio.com.br/staff/#/:0
[   16299ms] [WARNING] OTS parsing error: Failed to convert WOFF 2.0 font to SFNT @ https://onvio.com.br/staff/#/:0
[   16299ms] [WARNING] Failed to decode downloaded font: https://onvio.com.br/staff/SourceSans3VF-Upright.ttf.e7f20fc9b00b0e8a.woff2 @ https://onvio.com.br/staff/#/:0
[   16299ms] [WARNING] OTS parsing error: Failed to convert WOFF 2.0 font to SFNT @ https://onvio.com.br/staff/#/:0
[   16299ms] [WARNING] Failed to decode downloaded font: https://onvio.com.br/staff/SourceSans3VF-Upright.ttf.e7f20fc9b00b0e8a.woff2 @ https://onvio.com.br/staff/#/:0
[   16299ms] [WARNING] OTS parsing error: Failed to convert WOFF 2.0 font to SFNT @ https://onvio.com.br/staff/#/:0
[   16300ms] [WARNING] Failed to decode downloaded font: https://onvio.com.br/staff/SourceSans3VF-Upright.ttf.e7f20fc9b00b0e8a.woff2 @ https://onvio.com.br/staff/#/:0
[   16300ms] [WARNING] OTS parsing error: Failed to convert WOFF 2.0 font to SFNT @ https://onvio.com.br/staff/#/:0
[   16300ms] [WARNING] Failed to decode downloaded font: https://onvio.com.br/staff/SourceSans3VF-Upright.ttf.e7f20fc9b00b0e8a.woff2 @ https://onvio.com.br/staff/#/:0
[   16300ms] [WARNING] OTS parsing error: Failed to convert WOFF 2.0 font to SFNT @ https://onvio.com.br/staff/#/:0
[   16300ms] [WARNING] Failed to decode downloaded font: https://onvio.com.br/staff/SourceSans3VF-Upright.ttf.e7f20fc9b00b0e8a.woff2 @ https://onvio.com.br/staff/#/:0
[   16300ms] [WARNING] OTS parsing error: Failed to convert WOFF 2.0 font to SFNT @ https://onvio.com.br/staff/#/:0
[   16300ms] [WARNING] Failed to decode downloaded font: https://onvio.com.br/staff/SourceSans3VF-Upright.ttf.e7f20fc9b00b0e8a.woff2 @ https://onvio.com.br/staff/#/:0
[   16301ms] [WARNING] OTS parsing error: Failed to convert WOFF 2.0 font to SFNT @ https://onvio.com.br/staff/#/:0
[   16301ms] [WARNING] Failed to decode downloaded font: https://onvio.com.br/staff/SourceSans3-Regular.ttf.dab9805cb7eb3d8f.woff @ https://onvio.com.br/staff/#/:0
[   16301ms] [WARNING] OTS parsing error: incorrect file size in WOFF header @ https://onvio.com.br/staff/#/:0
[   16301ms] [WARNING] Failed to decode downloaded font: https://onvio.com.br/staff/SourceSans3-Regular.114f93b5f3b7d159.otf @ https://onvio.com.br/staff/#/:0
[   16301ms] [WARNING] OTS parsing error: bad table directory searchRange
bad table directory entrySelector
bad table directory rangeShift
Invalid table tag: 0x604241
 `BA: misaligned table @ https://onvio.com.br/staff/#/:0
[   16301ms] [WARNING] Failed to decode downloaded font: https://onvio.com.br/staff/SourceSans3-Regular.ab920762075b81fb.ttf @ https://onvio.com.br/staff/#/:0
[   16301ms] [WARNING] OTS parsing error: BASE: invalid table offset @ https://onvio.com.br/staff/#/:0
[   16301ms] [WARNING] Failed to decode downloaded font: https://onvio.com.br/staff/SourceSans3VF-Upright.ttf.e7f20fc9b00b0e8a.woff2 @ https://onvio.com.br/staff/#/:0
[   16301ms] [WARNING] OTS parsing error: Failed to convert WOFF 2.0 font to SFNT @ https://onvio.com.br/staff/#/:0
[   16301ms] [WARNING] Failed to decode downloaded font: https://onvio.com.br/staff/SourceSans3-Regular.ttf.dab9805cb7eb3d8f.woff @ https://onvio.com.br/staff/#/:0
[   16301ms] [WARNING] OTS parsing error: incorrect file size in WOFF header @ https://onvio.com.br/staff/#/:0
[   16302ms] [WARNING] Failed to decode downloaded font: https://onvio.com.br/staff/SourceSans3-Regular.114f93b5f3b7d159.otf @ https://onvio.com.br/staff/#/:0
[   16302ms] [WARNING] OTS parsing error: bad table directory searchRange
bad table directory entrySelector
bad table directory rangeShift
Invalid table tag: 0x604241
 `BA: misaligned table @ https://onvio.com.br/staff/#/:0
[   16302ms] [WARNING] Failed to decode downloaded font: https://onvio.com.br/staff/SourceSans3-Regular.ab920762075b81fb.ttf @ https://onvio.com.br/staff/#/:0
[   16302ms] [WARNING] OTS parsing error: BASE: invalid table offset @ https://onvio.com.br/staff/#/:0
[   16302ms] [WARNING] Failed to decode downloaded font: https://onvio.com.br/staff/SourceSans3VF-Upright.ttf.e7f20fc9b00b0e8a.woff2 @ https://onvio.com.br/staff/#/:0
[   16302ms] [WARNING] OTS parsing error: Failed to convert WOFF 2.0 font to SFNT @ https://onvio.com.br/staff/#/:0
[   16302ms] [WARNING] Failed to decode downloaded font: https://onvio.com.br/staff/SourceSans3-Regular.ttf.dab9805cb7eb3d8f.woff @ https://onvio.com.br/staff/#/:0
[   16302ms] [WARNING] OTS parsing error: incorrect file size in WOFF header @ https://onvio.com.br/staff/#/:0
[   16303ms] [WARNING] Failed to decode downloaded font: https://onvio.com.br/staff/SourceSans3-Regular.114f93b5f3b7d159.otf @ https://onvio.com.br/staff/#/:0
[   16303ms] [WARNING] OTS parsing error: bad table directory searchRange
bad table directory entrySelector
bad table directory rangeShift
Invalid table tag: 0x604241
 `BA: misaligned table @ https://onvio.com.br/staff/#/:0
[   16303ms] [WARNING] Failed to decode downloaded font: https://onvio.com.br/staff/SourceSans3-Regular.ab920762075b81fb.ttf @ https://onvio.com.br/staff/#/:0
[   16303ms] [WARNING] OTS parsing error: BASE: invalid table offset @ https://onvio.com.br/staff/#/:0
[   16303ms] [WARNING] Failed to decode downloaded font: https://onvio.com.br/staff/SourceSans3VF-Upright.ttf.e7f20fc9b00b0e8a.woff2 @ https://onvio.com.br/staff/#/:0
[   16303ms] [WARNING] OTS parsing error: Failed to convert WOFF 2.0 font to SFNT @ https://onvio.com.br/staff/#/:0
[   16303ms] [WARNING] Failed to decode downloaded font: https://onvio.com.br/staff/SourceSans3-Regular.ttf.dab9805cb7eb3d8f.woff @ https://onvio.com.br/staff/#/:0
[   16303ms] [WARNING] OTS parsing error: incorrect file size in WOFF header @ https://onvio.com.br/staff/#/:0
[   16303ms] [WARNING] Failed to decode downloaded font: https://onvio.com.br/staff/SourceSans3-Regular.114f93b5f3b7d159.otf @ https://onvio.com.br/staff/#/:0
[   16303ms] [WARNING] OTS parsing error: bad table directory searchRange
bad table directory entrySelector
bad table directory rangeShift
Invalid table tag: 0x604241
 `BA: misaligned table @ https://onvio.com.br/staff/#/:0
[   16304ms] [WARNING] Failed to decode downloaded font: https://onvio.com.br/staff/SourceSans3-Regular.ab920762075b81fb.ttf @ https://onvio.com.br/staff/#/:0
[   16304ms] [WARNING] OTS parsing error: BASE: invalid table offset @ https://onvio.com.br/staff/#/:0
[   16304ms] [WARNING] Failed to decode downloaded font: https://onvio.com.br/staff/SourceSans3VF-Upright.ttf.e7f20fc9b00b0e8a.woff2 @ https://onvio.com.br/staff/#/:0
[   16304ms] [WARNING] OTS parsing error: Failed to convert WOFF 2.0 font to SFNT @ https://onvio.com.br/staff/#/:0
[   16304ms] [WARNING] Failed to decode downloaded font: https://onvio.com.br/staff/SourceSans3-Regular.ttf.dab9805cb7eb3d8f.woff @ https://onvio.com.br/staff/#/:0
[   16304ms] [WARNING] OTS parsing error: incorrect file size in WOFF header @ https://onvio.com.br/staff/#/:0
[   16304ms] [WARNING] Failed to decode downloaded font: https://onvio.com.br/staff/SourceSans3-Regular.114f93b5f3b7d159.otf @ https://onvio.com.br/staff/#/:0
[   16304ms] [WARNING] OTS parsing error: bad table directory searchRange
bad table directory entrySelector
bad table directory rangeShift
Invalid table tag: 0x604241
 `BA: misaligned table @ https://onvio.com.br/staff/#/:0
[   16304ms] [WARNING] Failed to decode downloaded font: https://onvio.com.br/staff/SourceSans3-Regular.ab920762075b81fb.ttf @ https://onvio.com.br/staff/#/:0
[   16304ms] [WARNING] OTS parsing error: BASE: invalid table offset @ https://onvio.com.br/staff/#/:0
[   16305ms] [WARNING] Failed to decode downloaded font: https://onvio.com.br/staff/SourceSans3VF-Upright.ttf.e7f20fc9b00b0e8a.woff2 @ https://onvio.com.br/staff/#/:0
[   16305ms] [WARNING] OTS parsing error: Failed to convert WOFF 2.0 font to SFNT @ https://onvio.com.br/staff/#/:0
[   16305ms] [WARNING] Failed to decode downloaded font: https://onvio.com.br/staff/SourceSans3-Regular.ttf.dab9805cb7eb3d8f.woff @ https://onvio.com.br/staff/#/:0
[   16305ms] [WARNING] OTS parsing error: incorrect file size in WOFF header @ https://onvio.com.br/staff/#/:0
[   16305ms] [WARNING] Failed to decode downloaded font: https://onvio.com.br/staff/SourceSans3-Regular.114f93b5f3b7d159.otf @ https://onvio.com.br/staff/#/:0
[   16305ms] [WARNING] OTS parsing error: bad table directory searchRange
bad table directory entrySelector
bad table directory rangeShift
Invalid table tag: 0x604241
 `BA: misaligned table @ https://onvio.com.br/staff/#/:0
[   16305ms] [WARNING] Failed to decode downloaded font: https://onvio.com.br/staff/SourceSans3-Regular.ab920762075b81fb.ttf @ https://onvio.com.br/staff/#/:0
[   16305ms] [WARNING] OTS parsing error: BASE: invalid table offset @ https://onvio.com.br/staff/#/:0
[   16305ms] [WARNING] Failed to decode downloaded font: https://onvio.com.br/staff/SourceSans3VF-Upright.ttf.e7f20fc9b00b0e8a.woff2 @ https://onvio.com.br/staff/#/:0
[   16306ms] [WARNING] OTS parsing error: Failed to convert WOFF 2.0 font to SFNT @ https://onvio.com.br/staff/#/:0
[   16306ms] [WARNING] Failed to decode downloaded font: https://onvio.com.br/staff/SourceSans3-Regular.ttf.dab9805cb7eb3d8f.woff @ https://onvio.com.br/staff/#/:0
[   16306ms] [WARNING] OTS parsing error: incorrect file size in WOFF header @ https://onvio.com.br/staff/#/:0
[   16306ms] [WARNING] Failed to decode downloaded font: https://onvio.com.br/staff/SourceSans3-Regular.114f93b5f3b7d159.otf @ https://onvio.com.br/staff/#/:0
[   16306ms] [WARNING] OTS parsing error: bad table directory searchRange
bad table directory entrySelector
bad table directory rangeShift
Invalid table tag: 0x604241
 `BA: misaligned table @ https://onvio.com.br/staff/#/:0
[   16306ms] [WARNING] Failed to decode downloaded font: https://onvio.com.br/staff/SourceSans3-Regular.ab920762075b81fb.ttf @ https://onvio.com.br/staff/#/:0
[   16306ms] [WARNING] OTS parsing error: BASE: invalid table offset @ https://onvio.com.br/staff/#/:0
[   16306ms] [WARNING] Failed to decode downloaded font: https://onvio.com.br/staff/SourceSans3VF-Upright.ttf.e7f20fc9b00b0e8a.woff2 @ https://onvio.com.br/staff/#/:0
[   16306ms] [WARNING] OTS parsing error: Failed to convert WOFF 2.0 font to SFNT @ https://onvio.com.br/staff/#/:0
[   16306ms] [WARNING] Failed to decode downloaded font: https://onvio.com.br/staff/SourceSans3-Regular.ttf.dab9805cb7eb3d8f.woff @ https://onvio.com.br/staff/#/:0
[   16306ms] [WARNING] OTS parsing error: incorrect file size in WOFF header @ https://onvio.com.br/staff/#/:0
[   16306ms] [WARNING] Failed to decode downloaded font: https://onvio.com.br/staff/SourceSans3-Regular.114f93b5f3b7d159.otf @ https://onvio.com.br/staff/#/:0
[   16306ms] [WARNING] OTS parsing error: bad table directory searchRange
bad table directory entrySelector
bad table directory rangeShift
Invalid table tag: 0x604241
 `BA: misaligned table @ https://onvio.com.br/staff/#/:0
[   16307ms] [WARNING] Failed to decode downloaded font: https://onvio.com.br/staff/SourceSans3-Regular.ab920762075b81fb.ttf @ https://onvio.com.br/staff/#/:0
[   16307ms] [WARNING] OTS parsing error: BASE: invalid table offset @ https://onvio.com.br/staff/#/:0
[   16307ms] [WARNING] Failed to decode downloaded font: https://onvio.com.br/staff/SourceSans3VF-Upright.ttf.e7f20fc9b00b0e8a.woff2 @ https://onvio.com.br/staff/#/:0
[   16307ms] [WARNING] OTS parsing error: Failed to convert WOFF 2.0 font to SFNT @ https://onvio.com.br/staff/#/:0
[   16307ms] [WARNING] Failed to decode downloaded font: https://onvio.com.br/staff/SourceSans3-Regular.114f93b5f3b7d159.otf @ https://onvio.com.br/staff/#/:0
[   16307ms] [WARNING] OTS parsing error: bad table directory searchRange
bad table directory entrySelector
bad table directory rangeShift
Invalid table tag: 0x604241
 `BA: misaligned table @ https://onvio.com.br/staff/#/:0
[   16307ms] [WARNING] Failed to decode downloaded font: https://onvio.com.br/staff/SourceSans3-Regular.ttf.dab9805cb7eb3d8f.woff @ https://onvio.com.br/staff/#/:0
[   16308ms] [WARNING] OTS parsing error: incorrect file size in WOFF header @ https://onvio.com.br/staff/#/:0
[   16308ms] [WARNING] Failed to decode downloaded font: https://onvio.com.br/staff/SourceSans3-Regular.ab920762075b81fb.ttf @ https://onvio.com.br/staff/#/:0
[   16308ms] [WARNING] OTS parsing error: BASE: invalid table offset @ https://onvio.com.br/staff/#/:0
[   16308ms] [WARNING] Failed to decode downloaded font: https://onvio.com.br/staff/SourceSans3VF-Upright.ttf.e7f20fc9b00b0e8a.woff2 @ https://onvio.com.br/staff/#/:0
[   16308ms] [WARNING] OTS parsing error: Failed to convert WOFF 2.0 font to SFNT @ https://onvio.com.br/staff/#/:0
[   16308ms] [WARNING] Failed to decode downloaded font: https://onvio.com.br/staff/SourceSans3-Regular.ttf.dab9805cb7eb3d8f.woff @ https://onvio.com.br/staff/#/:0
[   16308ms] [WARNING] OTS parsing error: incorrect file size in WOFF header @ https://onvio.com.br/staff/#/:0
[   16309ms] [WARNING] Failed to decode downloaded font: https://onvio.com.br/staff/SourceSans3-Regular.114f93b5f3b7d159.otf @ https://onvio.com.br/staff/#/:0
[   16309ms] [WARNING] OTS parsing error: bad table directory searchRange
bad table directory entrySelector
bad table directory rangeShift
Invalid table tag: 0x604241
 `BA: misaligned table @ https://onvio.com.br/staff/#/:0
[   16309ms] [WARNING] Failed to decode downloaded font: https://onvio.com.br/staff/SourceSans3-Regular.ab920762075b81fb.ttf @ https://onvio.com.br/staff/#/:0
[   16309ms] [WARNING] OTS parsing error: BASE: invalid table offset @ https://onvio.com.br/staff/#/:0
[   16309ms] [WARNING] Failed to decode downloaded font: https://onvio.com.br/staff/SourceSans3VF-Upright.ttf.e7f20fc9b00b0e8a.woff2 @ https://onvio.com.br/staff/#/:0
[   16309ms] [WARNING] OTS parsing error: Failed to convert WOFF 2.0 font to SFNT @ https://onvio.com.br/staff/#/:0
[   16309ms] [WARNING] Failed to decode downloaded font: https://onvio.com.br/staff/SourceSans3-Regular.ttf.dab9805cb7eb3d8f.woff @ https://onvio.com.br/staff/#/:0
[   16310ms] [WARNING] OTS parsing error: incorrect file size in WOFF header @ https://onvio.com.br/staff/#/:0
[   16310ms] [WARNING] Failed to decode downloaded font: https://onvio.com.br/staff/SourceSans3-Regular.114f93b5f3b7d159.otf @ https://onvio.com.br/staff/#/:0
[   16310ms] [WARNING] OTS parsing error: bad table directory searchRange
bad table directory entrySelector
bad table directory rangeShift
Invalid table tag: 0x604241
 `BA: misaligned table @ https://onvio.com.br/staff/#/:0
[   16311ms] [WARNING] Failed to decode downloaded font: https://onvio.com.br/staff/SourceSans3-Regular.ab920762075b81fb.ttf @ https://onvio.com.br/staff/#/:0
[   16311ms] [WARNING] OTS parsing error: BASE: invalid table offset @ https://onvio.com.br/staff/#/:0
[   16311ms] [WARNING] Failed to decode downloaded font: https://onvio.com.br/staff/SourceSans3VF-Upright.ttf.e7f20fc9b00b0e8a.woff2 @ https://onvio.com.br/staff/#/:0
[   16311ms] [WARNING] OTS parsing error: Failed to convert WOFF 2.0 font to SFNT @ https://onvio.com.br/staff/#/:0
[   16312ms] [WARNING] Failed to decode downloaded font: https://onvio.com.br/staff/SourceSans3-Regular.ttf.dab9805cb7eb3d8f.woff @ https://onvio.com.br/staff/#/:0
[   16312ms] [WARNING] OTS parsing error: incorrect file size in WOFF header @ https://onvio.com.br/staff/#/:0
[   16312ms] [WARNING] Failed to decode downloaded font: https://onvio.com.br/staff/SourceSans3-Regular.114f93b5f3b7d159.otf @ https://onvio.com.br/staff/#/:0
[   16312ms] [WARNING] OTS parsing error: bad table directory searchRange
bad table directory entrySelector
bad table directory rangeShift
Invalid table tag: 0x604241
 `BA: misaligned table @ https://onvio.com.br/staff/#/:0
[   16312ms] [WARNING] Failed to decode downloaded font: https://onvio.com.br/staff/SourceSans3-Regular.ab920762075b81fb.ttf @ https://onvio.com.br/staff/#/:0
[   16312ms] [WARNING] OTS parsing error: BASE: invalid table offset @ https://onvio.com.br/staff/#/:0
[   16313ms] [WARNING] Failed to decode downloaded font: https://onvio.com.br/staff/SourceSans3VF-Upright.ttf.e7f20fc9b00b0e8a.woff2 @ https://onvio.com.br/staff/#/:0
[   16313ms] [WARNING] OTS parsing error: Failed to convert WOFF 2.0 font to SFNT @ https://onvio.com.br/staff/#/:0
[   16313ms] [WARNING] Failed to decode downloaded font: https://onvio.com.br/staff/SourceSans3-Regular.ttf.dab9805cb7eb3d8f.woff @ https://onvio.com.br/staff/#/:0
[   16313ms] [WARNING] OTS parsing error: incorrect file size in WOFF header @ https://onvio.com.br/staff/#/:0
[   16313ms] [WARNING] Failed to decode downloaded font: https://onvio.com.br/staff/SourceSans3-Regular.114f93b5f3b7d159.otf @ https://onvio.com.br/staff/#/:0
[   16313ms] [WARNING] OTS parsing error: bad table directory searchRange
bad table directory entrySelector
bad table directory rangeShift
Invalid table tag: 0x604241
 `BA: misaligned table @ https://onvio.com.br/staff/#/:0
[   16314ms] [WARNING] Failed to decode downloaded font: https://onvio.com.br/staff/SourceSans3-Regular.ab920762075b81fb.ttf @ https://onvio.com.br/staff/#/:0
[   16314ms] [WARNING] OTS parsing error: BASE: invalid table offset @ https://onvio.com.br/staff/#/:0
[   16322ms] Error: AppConfig not defined
    at ir (https://onvio.com.br/staff/4888.e62af6d7ff1a20c1.js:1:1623251)
    at https://onvio.com.br/staff/4888.e62af6d7ff1a20c1.js:1:1623286
    at ye.invokeTask (https://onvio.com.br/staff/polyfills.8d6b19594cef5236.js:1:949225)
    at T.runTask (https://onvio.com.br/staff/polyfills.8d6b19594cef5236.js:1:944564)
    at Ae.invokeTask [as invoke] (https://onvio.com.br/staff/polyfills.8d6b19594cef5236.js:1:950285)
    at Ge (https://onvio.com.br/staff/polyfills.8d6b19594cef5236.js:1:963449)
    at je (https://onvio.com.br/staff/polyfills.8d6b19594cef5236.js:1:963896)
    at Je (https://onvio.com.br/staff/polyfills.8d6b19594cef5236.js:1:964080)
[   16322ms] Error: AppConfig was not configured yet
    at f (https://onvio.com.br/staff/4888.e62af6d7ff1a20c1.js:1:5668728)
    at b (https://onvio.com.br/staff/4888.e62af6d7ff1a20c1.js:1:5668783)
    at https://onvio.com.br/staff/4888.e62af6d7ff1a20c1.js:1:5669861
    at ye.invokeTask (https://onvio.com.br/staff/polyfills.8d6b19594cef5236.js:1:949225)
    at T.runTask (https://onvio.com.br/staff/polyfills.8d6b19594cef5236.js:1:944564)
    at Ae.invokeTask [as invoke] (https://onvio.com.br/staff/polyfills.8d6b19594cef5236.js:1:950285)
    at Ge (https://onvio.com.br/staff/polyfills.8d6b19594cef5236.js:1:963449)
    at je (https://onvio.com.br/staff/polyfills.8d6b19594cef5236.js:1:963896)
    at Je (https://onvio.com.br/staff/polyfills.8d6b19594cef5236.js:1:964080)
[   16392ms] [ERROR] Refused to execute script from 'https://onvio.com.br/staff/node_modules/angular-i18n/angular-locale_pt-br.js' because its MIME type ('text/html') is not executable, and strict MIME type checking is enabled. @ https://onvio.com.br/staff/#/:0
[   16393ms] [ERROR] Possibly unhandled rejection: pt-br undefined @ https://onvio.com.br/staff/8672.f47112ec8d1c8694.js:0
[   16533ms] [WARNING] Failed to decode downloaded font: https://onvio.com.br/staff/SourceSans3VF-Upright.ttf.e7f20fc9b00b0e8a.woff2 @ https://onvio.com.br/staff/#/:0
[   16534ms] [WARNING] OTS parsing error: Failed to convert WOFF 2.0 font to SFNT @ https://onvio.com.br/staff/#/:0
[   16535ms] [WARNING] Failed to decode downloaded font: https://onvio.com.br/staff/SourceSans3-Regular.ttf.dab9805cb7eb3d8f.woff @ https://onvio.com.br/staff/#/:0
[   16535ms] [WARNING] OTS parsing error: incorrect file size in WOFF header @ https://onvio.com.br/staff/#/:0
[   16536ms] [WARNING] Failed to decode downloaded font: https://onvio.com.br/staff/SourceSans3-Regular.114f93b5f3b7d159.otf @ https://onvio.com.br/staff/#/:0
[   16536ms] [WARNING] OTS parsing error: bad table directory searchRange
bad table directory entrySelector
bad table directory rangeShift
Invalid table tag: 0x604241
 `BA: misaligned table @ https://onvio.com.br/staff/#/:0
[   16536ms] [WARNING] Failed to decode downloaded font: https://onvio.com.br/staff/SourceSans3-Regular.ab920762075b81fb.ttf @ https://onvio.com.br/staff/#/:0
[   16536ms] [WARNING] OTS parsing error: BASE: invalid table offset @ https://onvio.com.br/staff/#/:0
[   16536ms] [WARNING] Failed to decode downloaded font: https://onvio.com.br/staff/SourceSans3VF-Upright.ttf.e7f20fc9b00b0e8a.woff2 @ https://onvio.com.br/staff/#/:0
[   16537ms] [WARNING] OTS parsing error: Failed to convert WOFF 2.0 font to SFNT @ https://onvio.com.br/staff/#/:0
[   16537ms] [WARNING] Failed to decode downloaded font: https://onvio.com.br/staff/SourceSans3-Regular.ttf.dab9805cb7eb3d8f.woff @ https://onvio.com.br/staff/#/:0
[   16537ms] [WARNING] OTS parsing error: incorrect file size in WOFF header @ https://onvio.com.br/staff/#/:0
[   16537ms] [WARNING] Failed to decode downloaded font: https://onvio.com.br/staff/SourceSans3-Regular.114f93b5f3b7d159.otf @ https://onvio.com.br/staff/#/:0
[   16537ms] [WARNING] OTS parsing error: bad table directory searchRange
bad table directory entrySelector
bad table directory rangeShift
Invalid table tag: 0x604241
 `BA: misaligned table @ https://onvio.com.br/staff/#/:0
[   16538ms] [WARNING] Failed to decode downloaded font: https://onvio.com.br/staff/SourceSans3-Regular.ab920762075b81fb.ttf @ https://onvio.com.br/staff/#/:0
[   16538ms] [WARNING] OTS parsing error: BASE: invalid table offset @ https://onvio.com.br/staff/#/:0
[   16538ms] [WARNING] Failed to decode downloaded font: https://onvio.com.br/staff/SourceSans3VF-Upright.ttf.e7f20fc9b00b0e8a.woff2 @ https://onvio.com.br/staff/#/:0
[   16538ms] [WARNING] OTS parsing error: Failed to convert WOFF 2.0 font to SFNT @ https://onvio.com.br/staff/#/:0
[   16538ms] [WARNING] Failed to decode downloaded font: https://onvio.com.br/staff/SourceSans3-Regular.ttf.dab9805cb7eb3d8f.woff @ https://onvio.com.br/staff/#/:0
[   16538ms] [WARNING] OTS parsing error: incorrect file size in WOFF header @ https://onvio.com.br/staff/#/:0
[   16538ms] [WARNING] Failed to decode downloaded font: https://onvio.com.br/staff/SourceSans3-Regular.114f93b5f3b7d159.otf @ https://onvio.com.br/staff/#/:0
[   16539ms] [WARNING] OTS parsing error: bad table directory searchRange
bad table directory entrySelector
bad table directory rangeShift
Invalid table tag: 0x604241
 `BA: misaligned table @ https://onvio.com.br/staff/#/:0
[   16539ms] [WARNING] Failed to decode downloaded font: https://onvio.com.br/staff/SourceSans3-Regular.ab920762075b81fb.ttf @ https://onvio.com.br/staff/#/:0
[   16540ms] [WARNING] OTS parsing error: BASE: invalid table offset @ https://onvio.com.br/staff/#/:0
[   16540ms] [WARNING] Failed to decode downloaded font: https://onvio.com.br/staff/SourceSans3VF-Upright.ttf.e7f20fc9b00b0e8a.woff2 @ https://onvio.com.br/staff/#/:0
[   16541ms] [WARNING] OTS parsing error: Failed to convert WOFF 2.0 font to SFNT @ https://onvio.com.br/staff/#/:0
[   16542ms] [WARNING] Failed to decode downloaded font: https://onvio.com.br/staff/SourceSans3-Regular.ttf.dab9805cb7eb3d8f.woff @ https://onvio.com.br/staff/#/:0
[   16542ms] [WARNING] OTS parsing error: incorrect file size in WOFF header @ https://onvio.com.br/staff/#/:0
[   16543ms] [WARNING] Failed to decode downloaded font: https://onvio.com.br/staff/SourceSans3-Regular.114f93b5f3b7d159.otf @ https://onvio.com.br/staff/#/:0
[   16543ms] [WARNING] OTS parsing error: bad table directory searchRange
bad table directory entrySelector
bad table directory rangeShift
Invalid table tag: 0x604241
 `BA: misaligned table @ https://onvio.com.br/staff/#/:0
[   16543ms] [WARNING] Failed to decode downloaded font: https://onvio.com.br/staff/SourceSans3-Regular.ab920762075b81fb.ttf @ https://onvio.com.br/staff/#/:0
[   16544ms] [WARNING] OTS parsing error: BASE: invalid table offset @ https://onvio.com.br/staff/#/:0
[   16544ms] [WARNING] Failed to decode downloaded font: https://onvio.com.br/staff/SourceSans3VF-Upright.ttf.e7f20fc9b00b0e8a.woff2 @ https://onvio.com.br/staff/#/:0
[   16544ms] [WARNING] OTS parsing error: Failed to convert WOFF 2.0 font to SFNT @ https://onvio.com.br/staff/#/:0
[   16545ms] [WARNING] Failed to decode downloaded font: https://onvio.com.br/staff/SourceSans3-Regular.ttf.dab9805cb7eb3d8f.woff @ https://onvio.com.br/staff/#/:0
[   16545ms] [WARNING] OTS parsing error: incorrect file size in WOFF header @ https://onvio.com.br/staff/#/:0
[   16546ms] [WARNING] Failed to decode downloaded font: https://onvio.com.br/staff/SourceSans3-Regular.114f93b5f3b7d159.otf @ https://onvio.com.br/staff/#/:0
[   16546ms] [WARNING] OTS parsing error: bad table directory searchRange
bad table directory entrySelector
bad table directory rangeShift
Invalid table tag: 0x604241
 `BA: misaligned table @ https://onvio.com.br/staff/#/:0
[   16546ms] [WARNING] Failed to decode downloaded font: https://onvio.com.br/staff/SourceSans3-Regular.ab920762075b81fb.ttf @ https://onvio.com.br/staff/#/:0
[   16546ms] [WARNING] OTS parsing error: BASE: invalid table offset @ https://onvio.com.br/staff/#/:0
[   16547ms] [WARNING] Failed to decode downloaded font: https://onvio.com.br/staff/SourceSans3VF-Upright.ttf.e7f20fc9b00b0e8a.woff2 @ https://onvio.com.br/staff/#/:0
[   16547ms] [WARNING] OTS parsing error: Failed to convert WOFF 2.0 font to SFNT @ https://onvio.com.br/staff/#/:0
[   16548ms] [WARNING] Failed to decode downloaded font: https://onvio.com.br/staff/SourceSans3VF-Upright.ttf.e7f20fc9b00b0e8a.woff2 @ https://onvio.com.br/staff/#/:0
[   16549ms] [WARNING] OTS parsing error: Failed to convert WOFF 2.0 font to SFNT @ https://onvio.com.br/staff/#/:0
[   16550ms] [WARNING] Failed to decode downloaded font: https://onvio.com.br/staff/SourceSans3VF-Upright.ttf.e7f20fc9b00b0e8a.woff2 @ https://onvio.com.br/staff/#/:0
[   16550ms] [WARNING] OTS parsing error: Failed to convert WOFF 2.0 font to SFNT @ https://onvio.com.br/staff/#/:0
[   16550ms] [WARNING] Failed to decode downloaded font: https://onvio.com.br/staff/SourceSans3VF-Upright.ttf.e7f20fc9b00b0e8a.woff2 @ https://onvio.com.br/staff/#/:0
[   16550ms] [WARNING] OTS parsing error: Failed to convert WOFF 2.0 font to SFNT @ https://onvio.com.br/staff/#/:0
[   16550ms] [WARNING] Failed to decode downloaded font: https://onvio.com.br/staff/SourceSans3VF-Upright.ttf.e7f20fc9b00b0e8a.woff2 @ https://onvio.com.br/staff/#/:0
[   16550ms] [WARNING] OTS parsing error: Failed to convert WOFF 2.0 font to SFNT @ https://onvio.com.br/staff/#/:0
[   16551ms] [WARNING] Failed to decode downloaded font: https://onvio.com.br/staff/SourceSans3VF-Upright.ttf.e7f20fc9b00b0e8a.woff2 @ https://onvio.com.br/staff/#/:0
[   16551ms] [WARNING] OTS parsing error: Failed to convert WOFF 2.0 font to SFNT @ https://onvio.com.br/staff/#/:0
[   16551ms] [WARNING] Failed to decode downloaded font: https://onvio.com.br/staff/SourceSans3VF-Upright.ttf.e7f20fc9b00b0e8a.woff2 @ https://onvio.com.br/staff/#/:0
[   16551ms] [WARNING] OTS parsing error: Failed to convert WOFF 2.0 font to SFNT @ https://onvio.com.br/staff/#/:0
[   16551ms] [WARNING] Failed to decode downloaded font: https://onvio.com.br/staff/SourceSans3VF-Upright.ttf.e7f20fc9b00b0e8a.woff2 @ https://onvio.com.br/staff/#/:0
[   16552ms] [WARNING] OTS parsing error: Failed to convert WOFF 2.0 font to SFNT @ https://onvio.com.br/staff/#/:0
[   16552ms] [WARNING] Failed to decode downloaded font: https://onvio.com.br/staff/SourceSans3VF-Upright.ttf.e7f20fc9b00b0e8a.woff2 @ https://onvio.com.br/staff/#/:0
[   16552ms] [WARNING] OTS parsing error: Failed to convert WOFF 2.0 font to SFNT @ https://onvio.com.br/staff/#/:0
[   16552ms] [WARNING] Failed to decode downloaded font: https://onvio.com.br/staff/SourceSans3-Regular.ttf.dab9805cb7eb3d8f.woff @ https://onvio.com.br/staff/#/:0
[   16552ms] [WARNING] OTS parsing error: incorrect file size in WOFF header @ https://onvio.com.br/staff/#/:0
[   16552ms] [WARNING] Failed to decode downloaded font: https://onvio.com.br/staff/SourceSans3-Regular.114f93b5f3b7d159.otf @ https://onvio.com.br/staff/#/:0
[   16553ms] [WARNING] OTS parsing error: bad table directory searchRange
bad table directory entrySelector
bad table directory rangeShift
Invalid table tag: 0x604241
 `BA: misaligned table @ https://onvio.com.br/staff/#/:0
[   16553ms] [WARNING] Failed to decode downloaded font: https://onvio.com.br/staff/SourceSans3-Regular.ab920762075b81fb.ttf @ https://onvio.com.br/staff/#/:0
[   16553ms] [WARNING] OTS parsing error: BASE: invalid table offset @ https://onvio.com.br/staff/#/:0
[   16553ms] [WARNING] Failed to decode downloaded font: https://onvio.com.br/staff/SourceSans3VF-Upright.ttf.e7f20fc9b00b0e8a.woff2 @ https://onvio.com.br/staff/#/:0
[   16553ms] [WARNING] OTS parsing error: Failed to convert WOFF 2.0 font to SFNT @ https://onvio.com.br/staff/#/:0
[   16553ms] [WARNING] Failed to decode downloaded font: https://onvio.com.br/staff/SourceSans3-Regular.ttf.dab9805cb7eb3d8f.woff @ https://onvio.com.br/staff/#/:0
[   16553ms] [WARNING] OTS parsing error: incorrect file size in WOFF header @ https://onvio.com.br/staff/#/:0
[   16554ms] [WARNING] Failed to decode downloaded font: https://onvio.com.br/staff/SourceSans3-Regular.114f93b5f3b7d159.otf @ https://onvio.com.br/staff/#/:0
[   16554ms] [WARNING] OTS parsing error: bad table directory searchRange
bad table directory entrySelector
bad table directory rangeShift
Invalid table tag: 0x604241
 `BA: misaligned table @ https://onvio.com.br/staff/#/:0
[   16554ms] [WARNING] Failed to decode downloaded font: https://onvio.com.br/staff/SourceSans3-Regular.ab920762075b81fb.ttf @ https://onvio.com.br/staff/#/:0
[   16554ms] [WARNING] OTS parsing error: BASE: invalid table offset @ https://onvio.com.br/staff/#/:0
[   16554ms] [WARNING] Failed to decode downloaded font: https://onvio.com.br/staff/SourceSans3VF-Upright.ttf.e7f20fc9b00b0e8a.woff2 @ https://onvio.com.br/staff/#/:0
[   16554ms] [WARNING] OTS parsing error: Failed to convert WOFF 2.0 font to SFNT @ https://onvio.com.br/staff/#/:0
[   16554ms] [WARNING] Failed to decode downloaded font: https://onvio.com.br/staff/SourceSans3-Regular.ttf.dab9805cb7eb3d8f.woff @ https://onvio.com.br/staff/#/:0
[   16555ms] [WARNING] OTS parsing error: incorrect file size in WOFF header @ https://onvio.com.br/staff/#/:0
[   16555ms] [WARNING] Failed to decode downloaded font: https://onvio.com.br/staff/SourceSans3-Regular.114f93b5f3b7d159.otf @ https://onvio.com.br/staff/#/:0
[   16555ms] [WARNING] OTS parsing error: bad table directory searchRange
bad table directory entrySelector
bad table directory rangeShift
Invalid table tag: 0x604241
 `BA: misaligned table @ https://onvio.com.br/staff/#/:0
[   16555ms] [WARNING] Failed to decode downloaded font: https://onvio.com.br/staff/SourceSans3-Regular.ab920762075b81fb.ttf @ https://onvio.com.br/staff/#/:0
[   16556ms] [WARNING] OTS parsing error: BASE: invalid table offset @ https://onvio.com.br/staff/#/:0
[   16556ms] [WARNING] Failed to decode downloaded font: https://onvio.com.br/staff/SourceSans3VF-Upright.ttf.e7f20fc9b00b0e8a.woff2 @ https://onvio.com.br/staff/#/:0
[   16556ms] [WARNING] OTS parsing error: Failed to convert WOFF 2.0 font to SFNT @ https://onvio.com.br/staff/#/:0
[   16556ms] [WARNING] Failed to decode downloaded font: https://onvio.com.br/staff/SourceSans3-Regular.ttf.dab9805cb7eb3d8f.woff @ https://onvio.com.br/staff/#/:0
[   16556ms] [WARNING] OTS parsing error: incorrect file size in WOFF header @ https://onvio.com.br/staff/#/:0
[   16557ms] [WARNING] Failed to decode downloaded font: https://onvio.com.br/staff/SourceSans3-Regular.114f93b5f3b7d159.otf @ https://onvio.com.br/staff/#/:0
[   16557ms] [WARNING] OTS parsing error: bad table directory searchRange
bad table directory entrySelector
bad table directory rangeShift
Invalid table tag: 0x604241
 `BA: misaligned table @ https://onvio.com.br/staff/#/:0
[   16557ms] [WARNING] Failed to decode downloaded font: https://onvio.com.br/staff/SourceSans3-Regular.ab920762075b81fb.ttf @ https://onvio.com.br/staff/#/:0
[   16557ms] [WARNING] OTS parsing error: BASE: invalid table offset @ https://onvio.com.br/staff/#/:0
[   16557ms] [WARNING] Failed to decode downloaded font: https://onvio.com.br/staff/SourceSans3VF-Upright.ttf.e7f20fc9b00b0e8a.woff2 @ https://onvio.com.br/staff/#/:0
[   16558ms] [WARNING] OTS parsing error: Failed to convert WOFF 2.0 font to SFNT @ https://onvio.com.br/staff/#/:0
[   16558ms] [WARNING] Failed to decode downloaded font: https://onvio.com.br/staff/SourceSans3-Regular.ttf.dab9805cb7eb3d8f.woff @ https://onvio.com.br/staff/#/:0
[   16558ms] [WARNING] OTS parsing error: incorrect file size in WOFF header @ https://onvio.com.br/staff/#/:0
[   16558ms] [WARNING] Failed to decode downloaded font: https://onvio.com.br/staff/SourceSans3-Regular.114f93b5f3b7d159.otf @ https://onvio.com.br/staff/#/:0
[   16558ms] [WARNING] OTS parsing error: bad table directory searchRange
bad table directory entrySelector
bad table directory rangeShift
Invalid table tag: 0x604241
 `BA: misaligned table @ https://onvio.com.br/staff/#/:0
[   16558ms] [WARNING] Failed to decode downloaded font: https://onvio.com.br/staff/SourceSans3-Regular.ab920762075b81fb.ttf @ https://onvio.com.br/staff/#/:0
[   16558ms] [WARNING] OTS parsing error: BASE: invalid table offset @ https://onvio.com.br/staff/#/:0
[   16558ms] [WARNING] Failed to decode downloaded font: https://onvio.com.br/staff/SourceSans3VF-Upright.ttf.e7f20fc9b00b0e8a.woff2 @ https://onvio.com.br/staff/#/:0
[   16558ms] [WARNING] OTS parsing error: Failed to convert WOFF 2.0 font to SFNT @ https://onvio.com.br/staff/#/:0
[   16559ms] [WARNING] Failed to decode downloaded font: https://onvio.com.br/staff/SourceSans3-Regular.ttf.dab9805cb7eb3d8f.woff @ https://onvio.com.br/staff/#/:0
[   16559ms] [WARNING] OTS parsing error: incorrect file size in WOFF header @ https://onvio.com.br/staff/#/:0
[   16559ms] [WARNING] Failed to decode downloaded font: https://onvio.com.br/staff/SourceSans3-Regular.114f93b5f3b7d159.otf @ https://onvio.com.br/staff/#/:0
[   16559ms] [WARNING] OTS parsing error: bad table directory searchRange
bad table directory entrySelector
bad table directory rangeShift
Invalid table tag: 0x604241
 `BA: misaligned table @ https://onvio.com.br/staff/#/:0
[   16559ms] [WARNING] Failed to decode downloaded font: https://onvio.com.br/staff/SourceSans3-Regular.ab920762075b81fb.ttf @ https://onvio.com.br/staff/#/:0
[   16559ms] [WARNING] OTS parsing error: BASE: invalid table offset @ https://onvio.com.br/staff/#/:0
[   16559ms] [WARNING] Failed to decode downloaded font: https://onvio.com.br/staff/SourceSans3VF-Upright.ttf.e7f20fc9b00b0e8a.woff2 @ https://onvio.com.br/staff/#/:0
[   16560ms] [WARNING] OTS parsing error: Failed to convert WOFF 2.0 font to SFNT @ https://onvio.com.br/staff/#/:0
[   16560ms] [WARNING] Failed to decode downloaded font: https://onvio.com.br/staff/SourceSans3-Regular.ttf.dab9805cb7eb3d8f.woff @ https://onvio.com.br/staff/#/:0
[   16560ms] [WARNING] OTS parsing error: incorrect file size in WOFF header @ https://onvio.com.br/staff/#/:0
[   16560ms] [WARNING] Failed to decode downloaded font: https://onvio.com.br/staff/SourceSans3-Regular.114f93b5f3b7d159.otf @ https://onvio.com.br/staff/#/:0
[   16560ms] [WARNING] OTS parsing error: bad table directory searchRange
bad table directory entrySelector
bad table directory rangeShift
Invalid table tag: 0x604241
 `BA: misaligned table @ https://onvio.com.br/staff/#/:0
[   16560ms] [WARNING] Failed to decode downloaded font: https://onvio.com.br/staff/SourceSans3-Regular.ab920762075b81fb.ttf @ https://onvio.com.br/staff/#/:0
[   16560ms] [WARNING] OTS parsing error: BASE: invalid table offset @ https://onvio.com.br/staff/#/:0
[   16560ms] [WARNING] Failed to decode downloaded font: https://onvio.com.br/staff/SourceSans3VF-Upright.ttf.e7f20fc9b00b0e8a.woff2 @ https://onvio.com.br/staff/#/:0
[   16560ms] [WARNING] OTS parsing error: Failed to convert WOFF 2.0 font to SFNT @ https://onvio.com.br/staff/#/:0
[   16560ms] [WARNING] Failed to decode downloaded font: https://onvio.com.br/staff/SourceSans3-Regular.ttf.dab9805cb7eb3d8f.woff @ https://onvio.com.br/staff/#/:0
[   16561ms] [WARNING] OTS parsing error: incorrect file size in WOFF header @ https://onvio.com.br/staff/#/:0
[   16561ms] [WARNING] Failed to decode downloaded font: https://onvio.com.br/staff/SourceSans3-Regular.114f93b5f3b7d159.otf @ https://onvio.com.br/staff/#/:0
[   16561ms] [WARNING] OTS parsing error: bad table directory searchRange
bad table directory entrySelector
bad table directory rangeShift
Invalid table tag: 0x604241
 `BA: misaligned table @ https://onvio.com.br/staff/#/:0
[   16561ms] [WARNING] Failed to decode downloaded font: https://onvio.com.br/staff/SourceSans3-Regular.ab920762075b81fb.ttf @ https://onvio.com.br/staff/#/:0
[   16561ms] [WARNING] OTS parsing error: BASE: invalid table offset @ https://onvio.com.br/staff/#/:0
[   16561ms] [WARNING] Failed to decode downloaded font: https://onvio.com.br/staff/SourceSans3VF-Upright.ttf.e7f20fc9b00b0e8a.woff2 @ https://onvio.com.br/staff/#/:0
[   16561ms] [WARNING] OTS parsing error: Failed to convert WOFF 2.0 font to SFNT @ https://onvio.com.br/staff/#/:0
[   16561ms] [WARNING] Failed to decode downloaded font: https://onvio.com.br/staff/SourceSans3-Regular.114f93b5f3b7d159.otf @ https://onvio.com.br/staff/#/:0
[   16562ms] [WARNING] OTS parsing error: bad table directory searchRange
bad table directory entrySelector
bad table directory rangeShift
Invalid table tag: 0x604241
 `BA: misaligned table @ https://onvio.com.br/staff/#/:0
[   16562ms] [WARNING] Failed to decode downloaded font: https://onvio.com.br/staff/SourceSans3-Regular.ttf.dab9805cb7eb3d8f.woff @ https://onvio.com.br/staff/#/:0
[   16562ms] [WARNING] OTS parsing error: incorrect file size in WOFF header @ https://onvio.com.br/staff/#/:0
[   16562ms] [WARNING] Failed to decode downloaded font: https://onvio.com.br/staff/SourceSans3-Regular.ab920762075b81fb.ttf @ https://onvio.com.br/staff/#/:0
[   16562ms] [WARNING] OTS parsing error: BASE: invalid table offset @ https://onvio.com.br/staff/#/:0
[   16562ms] [WARNING] Failed to decode downloaded font: https://onvio.com.br/staff/SourceSans3VF-Upright.ttf.e7f20fc9b00b0e8a.woff2 @ https://onvio.com.br/staff/#/:0
[   16562ms] [WARNING] OTS parsing error: Failed to convert WOFF 2.0 font to SFNT @ https://onvio.com.br/staff/#/:0
[   16563ms] [WARNING] Failed to decode downloaded font: https://onvio.com.br/staff/SourceSans3-Regular.ttf.dab9805cb7eb3d8f.woff @ https://onvio.com.br/staff/#/:0
[   16563ms] [WARNING] OTS parsing error: incorrect file size in WOFF header @ https://onvio.com.br/staff/#/:0
[   16563ms] [WARNING] Failed to decode downloaded font: https://onvio.com.br/staff/SourceSans3-Regular.114f93b5f3b7d159.otf @ https://onvio.com.br/staff/#/:0
[   16563ms] [WARNING] OTS parsing error: bad table directory searchRange
bad table directory entrySelector
bad table directory rangeShift
Invalid table tag: 0x604241
 `BA: misaligned table @ https://onvio.com.br/staff/#/:0
[   16563ms] [WARNING] Failed to decode downloaded font: https://onvio.com.br/staff/SourceSans3-Regular.ab920762075b81fb.ttf @ https://onvio.com.br/staff/#/:0
[   16563ms] [WARNING] OTS parsing error: BASE: invalid table offset @ https://onvio.com.br/staff/#/:0
[   16563ms] [WARNING] Failed to decode downloaded font: https://onvio.com.br/staff/SourceSans3VF-Upright.ttf.e7f20fc9b00b0e8a.woff2 @ https://onvio.com.br/staff/#/:0
[   16564ms] [WARNING] OTS parsing error: Failed to convert WOFF 2.0 font to SFNT @ https://onvio.com.br/staff/#/:0
[   16564ms] [WARNING] Failed to decode downloaded font: https://onvio.com.br/staff/SourceSans3-Regular.ttf.dab9805cb7eb3d8f.woff @ https://onvio.com.br/staff/#/:0
[   16564ms] [WARNING] OTS parsing error: incorrect file size in WOFF header @ https://onvio.com.br/staff/#/:0
[   16564ms] [WARNING] Failed to decode downloaded font: https://onvio.com.br/staff/SourceSans3-Regular.114f93b5f3b7d159.otf @ https://onvio.com.br/staff/#/:0
[   16564ms] [WARNING] OTS parsing error: bad table directory searchRange
bad table directory entrySelector
bad table directory rangeShift
Invalid table tag: 0x604241
 `BA: misaligned table @ https://onvio.com.br/staff/#/:0
[   16565ms] [WARNING] Failed to decode downloaded font: https://onvio.com.br/staff/SourceSans3-Regular.ab920762075b81fb.ttf @ https://onvio.com.br/staff/#/:0
[   16565ms] [WARNING] OTS parsing error: BASE: invalid table offset @ https://onvio.com.br/staff/#/:0
[   16565ms] [WARNING] Failed to decode downloaded font: https://onvio.com.br/staff/SourceSans3VF-Upright.ttf.e7f20fc9b00b0e8a.woff2 @ https://onvio.com.br/staff/#/:0
[   16565ms] [WARNING] OTS parsing error: Failed to convert WOFF 2.0 font to SFNT @ https://onvio.com.br/staff/#/:0
[   16565ms] [WARNING] Failed to decode downloaded font: https://onvio.com.br/staff/SourceSans3-Regular.ttf.dab9805cb7eb3d8f.woff @ https://onvio.com.br/staff/#/:0
[   16565ms] [WARNING] OTS parsing error: incorrect file size in WOFF header @ https://onvio.com.br/staff/#/:0
[   16565ms] [WARNING] Failed to decode downloaded font: https://onvio.com.br/staff/SourceSans3-Regular.114f93b5f3b7d159.otf @ https://onvio.com.br/staff/#/:0
[   16566ms] [WARNING] OTS parsing error: bad table directory searchRange
bad table directory entrySelector
bad table directory rangeShift
Invalid table tag: 0x604241
 `BA: misaligned table @ https://onvio.com.br/staff/#/:0
[   16566ms] [WARNING] Failed to decode downloaded font: https://onvio.com.br/staff/SourceSans3-Regular.ab920762075b81fb.ttf @ https://onvio.com.br/staff/#/:0
[   16566ms] [WARNING] OTS parsing error: BASE: invalid table offset @ https://onvio.com.br/staff/#/:0
[   16566ms] [WARNING] Failed to decode downloaded font: https://onvio.com.br/staff/SourceSans3VF-Upright.ttf.e7f20fc9b00b0e8a.woff2 @ https://onvio.com.br/staff/#/:0
[   16566ms] [WARNING] OTS parsing error: Failed to convert WOFF 2.0 font to SFNT @ https://onvio.com.br/staff/#/:0
[   16566ms] [WARNING] Failed to decode downloaded font: https://onvio.com.br/staff/SourceSans3-Regular.ttf.dab9805cb7eb3d8f.woff @ https://onvio.com.br/staff/#/:0
[   16566ms] [WARNING] OTS parsing error: incorrect file size in WOFF header @ https://onvio.com.br/staff/#/:0
[   16566ms] [WARNING] Failed to decode downloaded font: https://onvio.com.br/staff/SourceSans3-Regular.114f93b5f3b7d159.otf @ https://onvio.com.br/staff/#/:0
[   16566ms] [WARNING] OTS parsing error: bad table directory searchRange
bad table directory entrySelector
bad table directory rangeShift
Invalid table tag: 0x604241
 `BA: misaligned table @ https://onvio.com.br/staff/#/:0
[   16566ms] [WARNING] Failed to decode downloaded font: https://onvio.com.br/staff/SourceSans3-Regular.ab920762075b81fb.ttf @ https://onvio.com.br/staff/#/:0
[   16567ms] [WARNING] OTS parsing error: BASE: invalid table offset @ https://onvio.com.br/staff/#/:0
[   16774ms] Error: AppConfig not defined
    at ir (https://onvio.com.br/staff/4888.e62af6d7ff1a20c1.js:1:1623251)
    at https://onvio.com.br/staff/4888.e62af6d7ff1a20c1.js:1:1623286
    at ye.invokeTask (https://onvio.com.br/staff/polyfills.8d6b19594cef5236.js:1:949225)
    at T.runTask (https://onvio.com.br/staff/polyfills.8d6b19594cef5236.js:1:944564)
    at Ae.invokeTask [as invoke] (https://onvio.com.br/staff/polyfills.8d6b19594cef5236.js:1:950285)
    at Ge (https://onvio.com.br/staff/polyfills.8d6b19594cef5236.js:1:963449)
    at je (https://onvio.com.br/staff/polyfills.8d6b19594cef5236.js:1:963896)
    at Je (https://onvio.com.br/staff/polyfills.8d6b19594cef5236.js:1:964080)
[   16774ms] Error: AppConfig was not configured yet
    at f (https://onvio.com.br/staff/4888.e62af6d7ff1a20c1.js:1:5668728)
    at b (https://onvio.com.br/staff/4888.e62af6d7ff1a20c1.js:1:5668783)
    at https://onvio.com.br/staff/4888.e62af6d7ff1a20c1.js:1:5669861
    at ye.invokeTask (https://onvio.com.br/staff/polyfills.8d6b19594cef5236.js:1:949225)
    at T.runTask (https://onvio.com.br/staff/polyfills.8d6b19594cef5236.js:1:944564)
    at Ae.invokeTask [as invoke] (https://onvio.com.br/staff/polyfills.8d6b19594cef5236.js:1:950285)
    at Ge (https://onvio.com.br/staff/polyfills.8d6b19594cef5236.js:1:963449)
    at je (https://onvio.com.br/staff/polyfills.8d6b19594cef5236.js:1:963896)
    at Je (https://onvio.com.br/staff/polyfills.8d6b19594cef5236.js:1:964080)
[   16833ms] [ERROR] Could not find translation file: ./assets/external-integration/i18n/pt-BR.json @ https://onvio.com.br/staff/8672.f47112ec8d1c8694.js:0
[   16846ms] [WARNING] Custom element bm-alert is already registered and the constructors are not the same function g(){var T,R;(0,v.default)(this,g);for(var k=arguments.length,L=new Array(k),$=0;$<k;$++)L[$]=arguments[$];return(R=p.call.apply(p,(0,d.default)(T=[this]).call(T,L))).type="info",R.closeable=!1,R} function g(){var T,R;(0,v.default)(this,g);for(var k=arguments.length,L=new Array(k),$=0;$<k;$++)L[$]=arguments[$];return(R=p.call.apply(p,(0,d.default)(T=[this]).call(T,L))).type="info",R.closeable=!1,R} @ https://onvio.com.br/staff/4888.e62af6d7ff1a20c1.js:0
[   16847ms] [WARNING] Custom element bm-select is already registered and the constructors are not the same function L(){var $,B,K,ce;return(0,_.default)(this,L),(ce=k.call(this)).onSlotChange=(0,b.default)($=ce.onSlotChange).call($,(0,y.default)(ce)),ce.onSelectFocus=(0,b.default)(B=ce.onSelectFocus).call(B,(0,y.default)(ce)),ce.onSelectBlur=(0,b.default)(K=ce.onSelectBlur).call(K,(0,y.default)(ce)),ce} function L(){var $,B,K,ce;return(0,_.default)(this,L),(ce=k.call(this)).onSlotChange=(0,b.default)($=ce.onSlotChange).call($,(0,y.default)(ce)),ce.onSelectFocus=(0,b.default)(B=ce.onSelectFocus).call(B,(0,y.default)(ce)),ce.onSelectBlur=(0,b.default)(K=ce.onSelectBlur).call(K,(0,y.default)(ce)),ce} @ https://onvio.com.br/staff/4888.e62af6d7ff1a20c1.js:0
[   16847ms] [WARNING] Custom element bm-alert is already registered and the constructors are not the same function g(){var T,R;(0,v.default)(this,g);for(var k=arguments.length,L=new Array(k),$=0;$<k;$++)L[$]=arguments[$];return(R=p.call.apply(p,(0,d.default)(T=[this]).call(T,L))).type="info",R.closeable=!1,R} function g(){var T,R;(0,v.default)(this,g);for(var k=arguments.length,L=new Array(k),$=0;$<k;$++)L[$]=arguments[$];return(R=p.call.apply(p,(0,d.default)(T=[this]).call(T,L))).type="info",R.closeable=!1,R} @ https://onvio.com.br/staff/4888.e62af6d7ff1a20c1.js:0
[   16848ms] [WARNING] Custom element bm-modal is already registered and the constructors are not the same function $(){var B,K;(0,v.default)(this,$);for(var ce=arguments.length,Y=new Array(ce),se=0;se<ce;se++)Y[se]=arguments[se];return(K=L.call.apply(L,(0,d.default)(B=[this]).call(B,Y))).modalTitle=void 0,K.modalSize="medium",K.backdropClose=!0,K.focusModal=!0,K.focusCloseBtn=!1,K.closeButtonQeId=void 0,K} function $(){var B,K;(0,v.default)(this,$);for(var ce=arguments.length,Y=new Array(ce),se=0;se<ce;se++)Y[se]=arguments[se];return(K=L.call.apply(L,(0,d.default)(B=[this]).call(B,Y))).modalTitle=void 0,K.modalSize="medium",K.backdropClose=!0,K.focusModal=!0,K.focusCloseBtn=!1,K.closeButtonQeId=void 0,K} @ https://onvio.com.br/staff/4888.e62af6d7ff1a20c1.js:0
[   16848ms] [WARNING] Custom element bm-alert is already registered and the constructors are not the same function g(){var T,R;(0,v.default)(this,g);for(var k=arguments.length,L=new Array(k),$=0;$<k;$++)L[$]=arguments[$];return(R=p.call.apply(p,(0,d.default)(T=[this]).call(T,L))).type="info",R.closeable=!1,R} function g(){var T,R;(0,v.default)(this,g);for(var k=arguments.length,L=new Array(k),$=0;$<k;$++)L[$]=arguments[$];return(R=p.call.apply(p,(0,d.default)(T=[this]).call(T,L))).type="info",R.closeable=!1,R} @ https://onvio.com.br/staff/4888.e62af6d7ff1a20c1.js:0
[   16849ms] [WARNING] Custom element bm-modal is already registered and the constructors are not the same function $(){var B,K;(0,v.default)(this,$);for(var ce=arguments.length,Y=new Array(ce),se=0;se<ce;se++)Y[se]=arguments[se];return(K=L.call.apply(L,(0,d.default)(B=[this]).call(B,Y))).modalTitle=void 0,K.modalSize="medium",K.backdropClose=!0,K.focusModal=!0,K.focusCloseBtn=!1,K.closeButtonQeId=void 0,K} function $(){var B,K;(0,v.default)(this,$);for(var ce=arguments.length,Y=new Array(ce),se=0;se<ce;se++)Y[se]=arguments[se];return(K=L.call.apply(L,(0,d.default)(B=[this]).call(B,Y))).modalTitle=void 0,K.modalSize="medium",K.backdropClose=!0,K.focusModal=!0,K.focusCloseBtn=!1,K.closeButtonQeId=void 0,K} @ https://onvio.com.br/staff/4888.e62af6d7ff1a20c1.js:0
[   16849ms] [WARNING] Custom element bm-alert is already registered and the constructors are not the same function g(){var T,R;(0,v.default)(this,g);for(var k=arguments.length,L=new Array(k),$=0;$<k;$++)L[$]=arguments[$];return(R=p.call.apply(p,(0,d.default)(T=[this]).call(T,L))).type="info",R.closeable=!1,R} function g(){var T,R;(0,v.default)(this,g);for(var k=arguments.length,L=new Array(k),$=0;$<k;$++)L[$]=arguments[$];return(R=p.call.apply(p,(0,d.default)(T=[this]).call(T,L))).type="info",R.closeable=!1,R} @ https://onvio.com.br/staff/4888.e62af6d7ff1a20c1.js:0
[   16849ms] [WARNING] Custom element bm-modal is already registered and the constructors are not the same function $(){var B,K;(0,v.default)(this,$);for(var ce=arguments.length,Y=new Array(ce),se=0;se<ce;se++)Y[se]=arguments[se];return(K=L.call.apply(L,(0,d.default)(B=[this]).call(B,Y))).modalTitle=void 0,K.modalSize="medium",K.backdropClose=!0,K.focusModal=!0,K.focusCloseBtn=!1,K.closeButtonQeId=void 0,K} function $(){var B,K;(0,v.default)(this,$);for(var ce=arguments.length,Y=new Array(ce),se=0;se<ce;se++)Y[se]=arguments[se];return(K=L.call.apply(L,(0,d.default)(B=[this]).call(B,Y))).modalTitle=void 0,K.modalSize="medium",K.backdropClose=!0,K.focusModal=!0,K.focusCloseBtn=!1,K.closeButtonQeId=void 0,K} @ https://onvio.com.br/staff/4888.e62af6d7ff1a20c1.js:0
[   16849ms] [WARNING] Custom element bm-alert is already registered and the constructors are not the same function g(){var T,R;(0,v.default)(this,g);for(var k=arguments.length,L=new Array(k),$=0;$<k;$++)L[$]=arguments[$];return(R=p.call.apply(p,(0,d.default)(T=[this]).call(T,L))).type="info",R.closeable=!1,R} function g(){var T,R;(0,v.default)(this,g);for(var k=arguments.length,L=new Array(k),$=0;$<k;$++)L[$]=arguments[$];return(R=p.call.apply(p,(0,d.default)(T=[this]).call(T,L))).type="info",R.closeable=!1,R} @ https://onvio.com.br/staff/4888.e62af6d7ff1a20c1.js:0
[   16850ms] [WARNING] Custom element bm-modal is already registered and the constructors are not the same function $(){var B,K;(0,v.default)(this,$);for(var ce=arguments.length,Y=new Array(ce),se=0;se<ce;se++)Y[se]=arguments[se];return(K=L.call.apply(L,(0,d.default)(B=[this]).call(B,Y))).modalTitle=void 0,K.modalSize="medium",K.backdropClose=!0,K.focusModal=!0,K.focusCloseBtn=!1,K.closeButtonQeId=void 0,K} function $(){var B,K;(0,v.default)(this,$);for(var ce=arguments.length,Y=new Array(ce),se=0;se<ce;se++)Y[se]=arguments[se];return(K=L.call.apply(L,(0,d.default)(B=[this]).call(B,Y))).modalTitle=void 0,K.modalSize="medium",K.backdropClose=!0,K.focusModal=!0,K.focusCloseBtn=!1,K.closeButtonQeId=void 0,K} @ https://onvio.com.br/staff/4888.e62af6d7ff1a20c1.js:0
[   16850ms] [WARNING] Custom element bm-alert is already registered and the constructors are not the same function g(){var T,R;(0,v.default)(this,g);for(var k=arguments.length,L=new Array(k),$=0;$<k;$++)L[$]=arguments[$];return(R=p.call.apply(p,(0,d.default)(T=[this]).call(T,L))).type="info",R.closeable=!1,R} function g(){var T,R;(0,v.default)(this,g);for(var k=arguments.length,L=new Array(k),$=0;$<k;$++)L[$]=arguments[$];return(R=p.call.apply(p,(0,d.default)(T=[this]).call(T,L))).type="info",R.closeable=!1,R} @ https://onvio.com.br/staff/4888.e62af6d7ff1a20c1.js:0
[   16850ms] [WARNING] Custom element bm-alert is already registered and the constructors are not the same function g(){var T,R;(0,v.default)(this,g);for(var k=arguments.length,L=new Array(k),$=0;$<k;$++)L[$]=arguments[$];return(R=p.call.apply(p,(0,d.default)(T=[this]).call(T,L))).type="info",R.closeable=!1,R} function g(){var T,R;(0,v.default)(this,g);for(var k=arguments.length,L=new Array(k),$=0;$<k;$++)L[$]=arguments[$];return(R=p.call.apply(p,(0,d.default)(T=[this]).call(T,L))).type="info",R.closeable=!1,R} @ https://onvio.com.br/staff/4888.e62af6d7ff1a20c1.js:0
[   16850ms] [WARNING] Custom element bm-modal is already registered and the constructors are not the same function $(){var B,K;(0,v.default)(this,$);for(var ce=arguments.length,Y=new Array(ce),se=0;se<ce;se++)Y[se]=arguments[se];return(K=L.call.apply(L,(0,d.default)(B=[this]).call(B,Y))).modalTitle=void 0,K.modalSize="medium",K.backdropClose=!0,K.focusModal=!0,K.focusCloseBtn=!1,K.closeButtonQeId=void 0,K} function $(){var B,K;(0,v.default)(this,$);for(var ce=arguments.length,Y=new Array(ce),se=0;se<ce;se++)Y[se]=arguments[se];return(K=L.call.apply(L,(0,d.default)(B=[this]).call(B,Y))).modalTitle=void 0,K.modalSize="medium",K.backdropClose=!0,K.focusModal=!0,K.focusCloseBtn=!1,K.closeButtonQeId=void 0,K} @ https://onvio.com.br/staff/4888.e62af6d7ff1a20c1.js:0
[   16851ms] [WARNING] Custom element bm-alert is already registered and the constructors are not the same function g(){var T,R;(0,v.default)(this,g);for(var k=arguments.length,L=new Array(k),$=0;$<k;$++)L[$]=arguments[$];return(R=p.call.apply(p,(0,d.default)(T=[this]).call(T,L))).type="info",R.closeable=!1,R} function g(){var T,R;(0,v.default)(this,g);for(var k=arguments.length,L=new Array(k),$=0;$<k;$++)L[$]=arguments[$];return(R=p.call.apply(p,(0,d.default)(T=[this]).call(T,L))).type="info",R.closeable=!1,R} @ https://onvio.com.br/staff/4888.e62af6d7ff1a20c1.js:0
[   16855ms] [WARNING] Failed to decode downloaded font: https://onvio.com.br/staff/SourceSans3VF-Upright.ttf.e7f20fc9b00b0e8a.woff2 @ https://onvio.com.br/staff/#/dashboard-core-center:0
[   16855ms] [WARNING] OTS parsing error: Failed to convert WOFF 2.0 font to SFNT @ https://onvio.com.br/staff/#/dashboard-core-center:0
[   16855ms] [WARNING] Failed to decode downloaded font: https://onvio.com.br/staff/SourceSans3-Regular.ttf.dab9805cb7eb3d8f.woff @ https://onvio.com.br/staff/#/dashboard-core-center:0
[   16855ms] [WARNING] OTS parsing error: incorrect file size in WOFF header @ https://onvio.com.br/staff/#/dashboard-core-center:0
[   16856ms] [WARNING] Failed to decode downloaded font: https://onvio.com.br/staff/SourceSans3-Regular.114f93b5f3b7d159.otf @ https://onvio.com.br/staff/#/dashboard-core-center:0
[   16856ms] [WARNING] OTS parsing error: bad table directory searchRange
bad table directory entrySelector
bad table directory rangeShift
Invalid table tag: 0x604241
 `BA: misaligned table @ https://onvio.com.br/staff/#/dashboard-core-center:0
[   16856ms] [WARNING] Failed to decode downloaded font: https://onvio.com.br/staff/SourceSans3-Regular.ab920762075b81fb.ttf @ https://onvio.com.br/staff/#/dashboard-core-center:0
[   16856ms] [WARNING] OTS parsing error: BASE: invalid table offset @ https://onvio.com.br/staff/#/dashboard-core-center:0
[   16856ms] [WARNING] Failed to decode downloaded font: https://onvio.com.br/staff/SourceSans3VF-Upright.ttf.e7f20fc9b00b0e8a.woff2 @ https://onvio.com.br/staff/#/dashboard-core-center:0
[   16856ms] [WARNING] OTS parsing error: Failed to convert WOFF 2.0 font to SFNT @ https://onvio.com.br/staff/#/dashboard-core-center:0
[   16856ms] [WARNING] Failed to decode downloaded font: https://onvio.com.br/staff/SourceSans3-Regular.ttf.dab9805cb7eb3d8f.woff @ https://onvio.com.br/staff/#/dashboard-core-center:0
[   16857ms] [WARNING] OTS parsing error: incorrect file size in WOFF header @ https://onvio.com.br/staff/#/dashboard-core-center:0
[   16857ms] [WARNING] Failed to decode downloaded font: https://onvio.com.br/staff/SourceSans3-Regular.114f93b5f3b7d159.otf @ https://onvio.com.br/staff/#/dashboard-core-center:0
[   16857ms] [WARNING] OTS parsing error: bad table directory searchRange
bad table directory entrySelector
bad table directory rangeShift
Invalid table tag: 0x604241
 `BA: misaligned table @ https://onvio.com.br/staff/#/dashboard-core-center:0
[   16857ms] [WARNING] Failed to decode downloaded font: https://onvio.com.br/staff/SourceSans3-Regular.ab920762075b81fb.ttf @ https://onvio.com.br/staff/#/dashboard-core-center:0
[   16858ms] [WARNING] OTS parsing error: BASE: invalid table offset @ https://onvio.com.br/staff/#/dashboard-core-center:0
[   16858ms] [WARNING] Failed to decode downloaded font: https://onvio.com.br/staff/SourceSans3VF-Upright.ttf.e7f20fc9b00b0e8a.woff2 @ https://onvio.com.br/staff/#/dashboard-core-center:0
[   16858ms] [WARNING] OTS parsing error: Failed to convert WOFF 2.0 font to SFNT @ https://onvio.com.br/staff/#/dashboard-core-center:0
[   16858ms] [WARNING] Failed to decode downloaded font: https://onvio.com.br/staff/SourceSans3-Regular.ttf.dab9805cb7eb3d8f.woff @ https://onvio.com.br/staff/#/dashboard-core-center:0
[   16858ms] [WARNING] OTS parsing error: incorrect file size in WOFF header @ https://onvio.com.br/staff/#/dashboard-core-center:0
[   16858ms] [WARNING] Failed to decode downloaded font: https://onvio.com.br/staff/SourceSans3-Regular.114f93b5f3b7d159.otf @ https://onvio.com.br/staff/#/dashboard-core-center:0
[   16858ms] [WARNING] OTS parsing error: bad table directory searchRange
bad table directory entrySelector
bad table directory rangeShift
Invalid table tag: 0x604241
 `BA: misaligned table @ https://onvio.com.br/staff/#/dashboard-core-center:0
[   16859ms] [WARNING] Failed to decode downloaded font: https://onvio.com.br/staff/SourceSans3-Regular.ab920762075b81fb.ttf @ https://onvio.com.br/staff/#/dashboard-core-center:0
[   16859ms] [WARNING] OTS parsing error: BASE: invalid table offset @ https://onvio.com.br/staff/#/dashboard-core-center:0
[   16859ms] [WARNING] Failed to decode downloaded font: https://onvio.com.br/staff/SourceSans3VF-Upright.ttf.e7f20fc9b00b0e8a.woff2 @ https://onvio.com.br/staff/#/dashboard-core-center:0
[   16859ms] [WARNING] OTS parsing error: Failed to convert WOFF 2.0 font to SFNT @ https://onvio.com.br/staff/#/dashboard-core-center:0
[   16860ms] [WARNING] Failed to decode downloaded font: https://onvio.com.br/staff/SourceSans3-Regular.ttf.dab9805cb7eb3d8f.woff @ https://onvio.com.br/staff/#/dashboard-core-center:0
[   16860ms] [WARNING] OTS parsing error: incorrect file size in WOFF header @ https://onvio.com.br/staff/#/dashboard-core-center:0
[   16860ms] [WARNING] Failed to decode downloaded font: https://onvio.com.br/staff/SourceSans3-Regular.114f93b5f3b7d159.otf @ https://onvio.com.br/staff/#/dashboard-core-center:0
[   16860ms] [WARNING] OTS parsing error: bad table directory searchRange
bad table directory entrySelector
bad table directory rangeShift
Invalid table tag: 0x604241
 `BA: misaligned table @ https://onvio.com.br/staff/#/dashboard-core-center:0
[   16860ms] [WARNING] Failed to decode downloaded font: https://onvio.com.br/staff/SourceSans3-Regular.ab920762075b81fb.ttf @ https://onvio.com.br/staff/#/dashboard-core-center:0
[   16860ms] [WARNING] OTS parsing error: BASE: invalid table offset @ https://onvio.com.br/staff/#/dashboard-core-center:0
[   16860ms] [WARNING] Failed to decode downloaded font: https://onvio.com.br/staff/SourceSans3VF-Upright.ttf.e7f20fc9b00b0e8a.woff2 @ https://onvio.com.br/staff/#/dashboard-core-center:0
[   16860ms] [WARNING] OTS parsing error: Failed to convert WOFF 2.0 font to SFNT @ https://onvio.com.br/staff/#/dashboard-core-center:0
[   16861ms] [WARNING] Failed to decode downloaded font: https://onvio.com.br/staff/SourceSans3-Regular.ttf.dab9805cb7eb3d8f.woff @ https://onvio.com.br/staff/#/dashboard-core-center:0
[   16861ms] [WARNING] OTS parsing error: incorrect file size in WOFF header @ https://onvio.com.br/staff/#/dashboard-core-center:0
[   16861ms] [WARNING] Failed to decode downloaded font: https://onvio.com.br/staff/SourceSans3-Regular.114f93b5f3b7d159.otf @ https://onvio.com.br/staff/#/dashboard-core-center:0
[   16861ms] [WARNING] OTS parsing error: bad table directory searchRange
bad table directory entrySelector
bad table directory rangeShift
Invalid table tag: 0x604241
 `BA: misaligned table @ https://onvio.com.br/staff/#/dashboard-core-center:0
[   16861ms] [WARNING] Failed to decode downloaded font: https://onvio.com.br/staff/SourceSans3-Regular.ab920762075b81fb.ttf @ https://onvio.com.br/staff/#/dashboard-core-center:0
[   16861ms] [WARNING] OTS parsing error: BASE: invalid table offset @ https://onvio.com.br/staff/#/dashboard-core-center:0
[   16861ms] [WARNING] Failed to decode downloaded font: https://onvio.com.br/staff/SourceSans3VF-Upright.ttf.e7f20fc9b00b0e8a.woff2 @ https://onvio.com.br/staff/#/dashboard-core-center:0
[   16861ms] [WARNING] OTS parsing error: Failed to convert WOFF 2.0 font to SFNT @ https://onvio.com.br/staff/#/dashboard-core-center:0
[   16861ms] [WARNING] Failed to decode downloaded font: https://onvio.com.br/staff/SourceSans3VF-Upright.ttf.e7f20fc9b00b0e8a.woff2 @ https://onvio.com.br/staff/#/dashboard-core-center:0
[   16861ms] [WARNING] OTS parsing error: Failed to convert WOFF 2.0 font to SFNT @ https://onvio.com.br/staff/#/dashboard-core-center:0
[   16861ms] [WARNING] Failed to decode downloaded font: https://onvio.com.br/staff/SourceSans3VF-Upright.ttf.e7f20fc9b00b0e8a.woff2 @ https://onvio.com.br/staff/#/dashboard-core-center:0
[   16862ms] [WARNING] OTS parsing error: Failed to convert WOFF 2.0 font to SFNT @ https://onvio.com.br/staff/#/dashboard-core-center:0
[   16862ms] [WARNING] Failed to decode downloaded font: https://onvio.com.br/staff/SourceSans3VF-Upright.ttf.e7f20fc9b00b0e8a.woff2 @ https://onvio.com.br/staff/#/dashboard-core-center:0
[   16862ms] [WARNING] OTS parsing error: Failed to convert WOFF 2.0 font to SFNT @ https://onvio.com.br/staff/#/dashboard-core-center:0
[   16862ms] [WARNING] Failed to decode downloaded font: https://onvio.com.br/staff/SourceSans3VF-Upright.ttf.e7f20fc9b00b0e8a.woff2 @ https://onvio.com.br/staff/#/dashboard-core-center:0
[   16862ms] [WARNING] OTS parsing error: Failed to convert WOFF 2.0 font to SFNT @ https://onvio.com.br/staff/#/dashboard-core-center:0
[   16862ms] [WARNING] Failed to decode downloaded font: https://onvio.com.br/staff/SourceSans3VF-Upright.ttf.e7f20fc9b00b0e8a.woff2 @ https://onvio.com.br/staff/#/dashboard-core-center:0
[   16862ms] [WARNING] OTS parsing error: Failed to convert WOFF 2.0 font to SFNT @ https://onvio.com.br/staff/#/dashboard-core-center:0
[   16862ms] [WARNING] Failed to decode downloaded font: https://onvio.com.br/staff/SourceSans3VF-Upright.ttf.e7f20fc9b00b0e8a.woff2 @ https://onvio.com.br/staff/#/dashboard-core-center:0
[   16862ms] [WARNING] OTS parsing error: Failed to convert WOFF 2.0 font to SFNT @ https://onvio.com.br/staff/#/dashboard-core-center:0
[   16862ms] [WARNING] Failed to decode downloaded font: https://onvio.com.br/staff/SourceSans3VF-Upright.ttf.e7f20fc9b00b0e8a.woff2 @ https://onvio.com.br/staff/#/dashboard-core-center:0
[   16862ms] [WARNING] OTS parsing error: Failed to convert WOFF 2.0 font to SFNT @ https://onvio.com.br/staff/#/dashboard-core-center:0
[   16862ms] [WARNING] Failed to decode downloaded font: https://onvio.com.br/staff/SourceSans3VF-Upright.ttf.e7f20fc9b00b0e8a.woff2 @ https://onvio.com.br/staff/#/dashboard-core-center:0
[   16862ms] [WARNING] OTS parsing error: Failed to convert WOFF 2.0 font to SFNT @ https://onvio.com.br/staff/#/dashboard-core-center:0
[   16862ms] [WARNING] Failed to decode downloaded font: https://onvio.com.br/staff/SourceSans3-Regular.ttf.dab9805cb7eb3d8f.woff @ https://onvio.com.br/staff/#/dashboard-core-center:0
[   16862ms] [WARNING] OTS parsing error: incorrect file size in WOFF header @ https://onvio.com.br/staff/#/dashboard-core-center:0
[   16862ms] [WARNING] Failed to decode downloaded font: https://onvio.com.br/staff/SourceSans3-Regular.114f93b5f3b7d159.otf @ https://onvio.com.br/staff/#/dashboard-core-center:0
[   16863ms] [WARNING] OTS parsing error: bad table directory searchRange
bad table directory entrySelector
bad table directory rangeShift
Invalid table tag: 0x604241
 `BA: misaligned table @ https://onvio.com.br/staff/#/dashboard-core-center:0
[   16863ms] [WARNING] Failed to decode downloaded font: https://onvio.com.br/staff/SourceSans3-Regular.ab920762075b81fb.ttf @ https://onvio.com.br/staff/#/dashboard-core-center:0
[   16863ms] [WARNING] OTS parsing error: BASE: invalid table offset @ https://onvio.com.br/staff/#/dashboard-core-center:0
[   16863ms] [WARNING] Failed to decode downloaded font: https://onvio.com.br/staff/SourceSans3VF-Upright.ttf.e7f20fc9b00b0e8a.woff2 @ https://onvio.com.br/staff/#/dashboard-core-center:0
[   16864ms] [WARNING] OTS parsing error: Failed to convert WOFF 2.0 font to SFNT @ https://onvio.com.br/staff/#/dashboard-core-center:0
[   16864ms] [WARNING] Failed to decode downloaded font: https://onvio.com.br/staff/SourceSans3-Regular.ttf.dab9805cb7eb3d8f.woff @ https://onvio.com.br/staff/#/dashboard-core-center:0
[   16864ms] [WARNING] OTS parsing error: incorrect file size in WOFF header @ https://onvio.com.br/staff/#/dashboard-core-center:0
[   16864ms] [WARNING] Failed to decode downloaded font: https://onvio.com.br/staff/SourceSans3-Regular.114f93b5f3b7d159.otf @ https://onvio.com.br/staff/#/dashboard-core-center:0
[   16864ms] [WARNING] OTS parsing error: bad table directory searchRange
bad table directory entrySelector
bad table directory rangeShift
Invalid table tag: 0x604241
 `BA: misaligned table @ https://onvio.com.br/staff/#/dashboard-core-center:0
[   16864ms] [WARNING] Failed to decode downloaded font: https://onvio.com.br/staff/SourceSans3-Regular.ab920762075b81fb.ttf @ https://onvio.com.br/staff/#/dashboard-core-center:0
[   16864ms] [WARNING] OTS parsing error: BASE: invalid table offset @ https://onvio.com.br/staff/#/dashboard-core-center:0
[   16864ms] [WARNING] Failed to decode downloaded font: https://onvio.com.br/staff/SourceSans3VF-Upright.ttf.e7f20fc9b00b0e8a.woff2 @ https://onvio.com.br/staff/#/dashboard-core-center:0
[   16864ms] [WARNING] OTS parsing error: Failed to convert WOFF 2.0 font to SFNT @ https://onvio.com.br/staff/#/dashboard-core-center:0
[   16865ms] [WARNING] Failed to decode downloaded font: https://onvio.com.br/staff/SourceSans3-Regular.ttf.dab9805cb7eb3d8f.woff @ https://onvio.com.br/staff/#/dashboard-core-center:0
[   16865ms] [WARNING] OTS parsing error: incorrect file size in WOFF header @ https://onvio.com.br/staff/#/dashboard-core-center:0
[   16865ms] [WARNING] Failed to decode downloaded font: https://onvio.com.br/staff/SourceSans3-Regular.114f93b5f3b7d159.otf @ https://onvio.com.br/staff/#/dashboard-core-center:0
[   16865ms] [WARNING] OTS parsing error: bad table directory searchRange
bad table directory entrySelector
bad table directory rangeShift
Invalid table tag: 0x604241
 `BA: misaligned table @ https://onvio.com.br/staff/#/dashboard-core-center:0
[   16865ms] [WARNING] Failed to decode downloaded font: https://onvio.com.br/staff/SourceSans3-Regular.ab920762075b81fb.ttf @ https://onvio.com.br/staff/#/dashboard-core-center:0
[   16865ms] [WARNING] OTS parsing error: BASE: invalid table offset @ https://onvio.com.br/staff/#/dashboard-core-center:0
[   16865ms] [WARNING] Failed to decode downloaded font: https://onvio.com.br/staff/SourceSans3VF-Upright.ttf.e7f20fc9b00b0e8a.woff2 @ https://onvio.com.br/staff/#/dashboard-core-center:0
[   16865ms] [WARNING] OTS parsing error: Failed to convert WOFF 2.0 font to SFNT @ https://onvio.com.br/staff/#/dashboard-core-center:0
[   16865ms] [WARNING] Failed to decode downloaded font: https://onvio.com.br/staff/SourceSans3-Regular.ttf.dab9805cb7eb3d8f.woff @ https://onvio.com.br/staff/#/dashboard-core-center:0
[   16866ms] [WARNING] OTS parsing error: incorrect file size in WOFF header @ https://onvio.com.br/staff/#/dashboard-core-center:0
[   16866ms] [WARNING] Failed to decode downloaded font: https://onvio.com.br/staff/SourceSans3-Regular.114f93b5f3b7d159.otf @ https://onvio.com.br/staff/#/dashboard-core-center:0
[   16866ms] [WARNING] OTS parsing error: bad table directory searchRange
bad table directory entrySelector
bad table directory rangeShift
Invalid table tag: 0x604241
 `BA: misaligned table @ https://onvio.com.br/staff/#/dashboard-core-center:0
[   16866ms] [WARNING] Failed to decode downloaded font: https://onvio.com.br/staff/SourceSans3-Regular.ab920762075b81fb.ttf @ https://onvio.com.br/staff/#/dashboard-core-center:0
[   16867ms] [WARNING] OTS parsing error: BASE: invalid table offset @ https://onvio.com.br/staff/#/dashboard-core-center:0
[   16867ms] [WARNING] Failed to decode downloaded font: https://onvio.com.br/staff/SourceSans3VF-Upright.ttf.e7f20fc9b00b0e8a.woff2 @ https://onvio.com.br/staff/#/dashboard-core-center:0
[   16867ms] [WARNING] OTS parsing error: Failed to convert WOFF 2.0 font to SFNT @ https://onvio.com.br/staff/#/dashboard-core-center:0
[   16867ms] [WARNING] Failed to decode downloaded font: https://onvio.com.br/staff/SourceSans3-Regular.ttf.dab9805cb7eb3d8f.woff @ https://onvio.com.br/staff/#/dashboard-core-center:0
[   16867ms] [WARNING] OTS parsing error: incorrect file size in WOFF header @ https://onvio.com.br/staff/#/dashboard-core-center:0
[   16867ms] [WARNING] Failed to decode downloaded font: https://onvio.com.br/staff/SourceSans3-Regular.114f93b5f3b7d159.otf @ https://onvio.com.br/staff/#/dashboard-core-center:0
[   16867ms] [WARNING] OTS parsing error: bad table directory searchRange
bad table directory entrySelector
bad table directory rangeShift
Invalid table tag: 0x604241
 `BA: misaligned table @ https://onvio.com.br/staff/#/dashboard-core-center:0
[   16867ms] [WARNING] Failed to decode downloaded font: https://onvio.com.br/staff/SourceSans3-Regular.ab920762075b81fb.ttf @ https://onvio.com.br/staff/#/dashboard-core-center:0
[   16867ms] [WARNING] OTS parsing error: BASE: invalid table offset @ https://onvio.com.br/staff/#/dashboard-core-center:0
[   16867ms] [WARNING] Failed to decode downloaded font: https://onvio.com.br/staff/SourceSans3VF-Upright.ttf.e7f20fc9b00b0e8a.woff2 @ https://onvio.com.br/staff/#/dashboard-core-center:0
[   16867ms] [WARNING] OTS parsing error: Failed to convert WOFF 2.0 font to SFNT @ https://onvio.com.br/staff/#/dashboard-core-center:0
[   16868ms] [WARNING] Failed to decode downloaded font: https://onvio.com.br/staff/SourceSans3-Regular.ttf.dab9805cb7eb3d8f.woff @ https://onvio.com.br/staff/#/dashboard-core-center:0
[   16868ms] [WARNING] OTS parsing error: incorrect file size in WOFF header @ https://onvio.com.br/staff/#/dashboard-core-center:0
[   16868ms] [WARNING] Failed to decode downloaded font: https://onvio.com.br/staff/SourceSans3-Regular.114f93b5f3b7d159.otf @ https://onvio.com.br/staff/#/dashboard-core-center:0
[   16868ms] [WARNING] OTS parsing error: bad table directory searchRange
bad table directory entrySelector
bad table directory rangeShift
Invalid table tag: 0x604241
 `BA: misaligned table @ https://onvio.com.br/staff/#/dashboard-core-center:0
[   16868ms] [WARNING] Failed to decode downloaded font: https://onvio.com.br/staff/SourceSans3-Regular.ab920762075b81fb.ttf @ https://onvio.com.br/staff/#/dashboard-core-center:0
[   16868ms] [WARNING] OTS parsing error: BASE: invalid table offset @ https://onvio.com.br/staff/#/dashboard-core-center:0
[   16868ms] [WARNING] Failed to decode downloaded font: https://onvio.com.br/staff/SourceSans3VF-Upright.ttf.e7f20fc9b00b0e8a.woff2 @ https://onvio.com.br/staff/#/dashboard-core-center:0
[   16868ms] [WARNING] OTS parsing error: Failed to convert WOFF 2.0 font to SFNT @ https://onvio.com.br/staff/#/dashboard-core-center:0
[   16868ms] [WARNING] Failed to decode downloaded font: https://onvio.com.br/staff/SourceSans3-Regular.ttf.dab9805cb7eb3d8f.woff @ https://onvio.com.br/staff/#/dashboard-core-center:0
[   16868ms] [WARNING] OTS parsing error: incorrect file size in WOFF header @ https://onvio.com.br/staff/#/dashboard-core-center:0
[   16869ms] [WARNING] Failed to decode downloaded font: https://onvio.com.br/staff/SourceSans3-Regular.114f93b5f3b7d159.otf @ https://onvio.com.br/staff/#/dashboard-core-center:0
[   16869ms] [WARNING] OTS parsing error: bad table directory searchRange
bad table directory entrySelector
bad table directory rangeShift
Invalid table tag: 0x604241
 `BA: misaligned table @ https://onvio.com.br/staff/#/dashboard-core-center:0
[   16869ms] [WARNING] Failed to decode downloaded font: https://onvio.com.br/staff/SourceSans3-Regular.ab920762075b81fb.ttf @ https://onvio.com.br/staff/#/dashboard-core-center:0
[   16869ms] [WARNING] OTS parsing error: BASE: invalid table offset @ https://onvio.com.br/staff/#/dashboard-core-center:0
[   16869ms] [WARNING] Failed to decode downloaded font: https://onvio.com.br/staff/SourceSans3VF-Upright.ttf.e7f20fc9b00b0e8a.woff2 @ https://onvio.com.br/staff/#/dashboard-core-center:0
[   16869ms] [WARNING] OTS parsing error: Failed to convert WOFF 2.0 font to SFNT @ https://onvio.com.br/staff/#/dashboard-core-center:0
[   16869ms] [WARNING] Failed to decode downloaded font: https://onvio.com.br/staff/SourceSans3-Regular.ttf.dab9805cb7eb3d8f.woff @ https://onvio.com.br/staff/#/dashboard-core-center:0
[   16869ms] [WARNING] OTS parsing error: incorrect file size in WOFF header @ https://onvio.com.br/staff/#/dashboard-core-center:0
[   16869ms] [WARNING] Failed to decode downloaded font: https://onvio.com.br/staff/SourceSans3-Regular.114f93b5f3b7d159.otf @ https://onvio.com.br/staff/#/dashboard-core-center:0
[   16870ms] [WARNING] OTS parsing error: bad table directory searchRange
bad table directory entrySelector
bad table directory rangeShift
Invalid table tag: 0x604241
 `BA: misaligned table @ https://onvio.com.br/staff/#/dashboard-core-center:0
[   16870ms] [WARNING] Failed to decode downloaded font: https://onvio.com.br/staff/SourceSans3-Regular.ab920762075b81fb.ttf @ https://onvio.com.br/staff/#/dashboard-core-center:0
[   16870ms] [WARNING] OTS parsing error: BASE: invalid table offset @ https://onvio.com.br/staff/#/dashboard-core-center:0
[   16870ms] [WARNING] Failed to decode downloaded font: https://onvio.com.br/staff/SourceSans3VF-Upright.ttf.e7f20fc9b00b0e8a.woff2 @ https://onvio.com.br/staff/#/dashboard-core-center:0
[   16870ms] [WARNING] OTS parsing error: Failed to convert WOFF 2.0 font to SFNT @ https://onvio.com.br/staff/#/dashboard-core-center:0
[   16870ms] [WARNING] Failed to decode downloaded font: https://onvio.com.br/staff/SourceSans3-Regular.114f93b5f3b7d159.otf @ https://onvio.com.br/staff/#/dashboard-core-center:0
[   16870ms] [WARNING] OTS parsing error: bad table directory searchRange
bad table directory entrySelector
bad table directory rangeShift
Invalid table tag: 0x604241
 `BA: misaligned table @ https://onvio.com.br/staff/#/dashboard-core-center:0
[   16870ms] [WARNING] Failed to decode downloaded font: https://onvio.com.br/staff/SourceSans3-Regular.ttf.dab9805cb7eb3d8f.woff @ https://onvio.com.br/staff/#/dashboard-core-center:0
[   16870ms] [WARNING] OTS parsing error: incorrect file size in WOFF header @ https://onvio.com.br/staff/#/dashboard-core-center:0
[   16871ms] [WARNING] Failed to decode downloaded font: https://onvio.com.br/staff/SourceSans3-Regular.ab920762075b81fb.ttf @ https://onvio.com.br/staff/#/dashboard-core-center:0
[   16871ms] [WARNING] OTS parsing error: BASE: invalid table offset @ https://onvio.com.br/staff/#/dashboard-core-center:0
[   16871ms] [WARNING] Failed to decode downloaded font: https://onvio.com.br/staff/SourceSans3VF-Upright.ttf.e7f20fc9b00b0e8a.woff2 @ https://onvio.com.br/staff/#/dashboard-core-center:0
[   16871ms] [WARNING] OTS parsing error: Failed to convert WOFF 2.0 font to SFNT @ https://onvio.com.br/staff/#/dashboard-core-center:0
[   16871ms] [WARNING] Failed to decode downloaded font: https://onvio.com.br/staff/SourceSans3-Regular.ttf.dab9805cb7eb3d8f.woff @ https://onvio.com.br/staff/#/dashboard-core-center:0
[   16871ms] [WARNING] OTS parsing error: incorrect file size in WOFF header @ https://onvio.com.br/staff/#/dashboard-core-center:0
[   16871ms] [WARNING] Failed to decode downloaded font: https://onvio.com.br/staff/SourceSans3-Regular.114f93b5f3b7d159.otf @ https://onvio.com.br/staff/#/dashboard-core-center:0
[   16871ms] [WARNING] OTS parsing error: bad table directory searchRange
bad table directory entrySelector
bad table directory rangeShift
Invalid table tag: 0x604241
 `BA: misaligned table @ https://onvio.com.br/staff/#/dashboard-core-center:0
[   16871ms] [WARNING] Failed to decode downloaded font: https://onvio.com.br/staff/SourceSans3-Regular.ab920762075b81fb.ttf @ https://onvio.com.br/staff/#/dashboard-core-center:0
[   16871ms] [WARNING] OTS parsing error: BASE: invalid table offset @ https://onvio.com.br/staff/#/dashboard-core-center:0
[   16871ms] [WARNING] Failed to decode downloaded font: https://onvio.com.br/staff/SourceSans3VF-Upright.ttf.e7f20fc9b00b0e8a.woff2 @ https://onvio.com.br/staff/#/dashboard-core-center:0
[   16871ms] [WARNING] OTS parsing error: Failed to convert WOFF 2.0 font to SFNT @ https://onvio.com.br/staff/#/dashboard-core-center:0
[   16871ms] [WARNING] Failed to decode downloaded font: https://onvio.com.br/staff/SourceSans3-Regular.ttf.dab9805cb7eb3d8f.woff @ https://onvio.com.br/staff/#/dashboard-core-center:0
[   16872ms] [WARNING] OTS parsing error: incorrect file size in WOFF header @ https://onvio.com.br/staff/#/dashboard-core-center:0
[   16872ms] [WARNING] Failed to decode downloaded font: https://onvio.com.br/staff/SourceSans3-Regular.114f93b5f3b7d159.otf @ https://onvio.com.br/staff/#/dashboard-core-center:0
[   16872ms] [WARNING] OTS parsing error: bad table directory searchRange
bad table directory entrySelector
bad table directory rangeShift
Invalid table tag: 0x604241
 `BA: misaligned table @ https://onvio.com.br/staff/#/dashboard-core-center:0
[   16872ms] [WARNING] Failed to decode downloaded font: https://onvio.com.br/staff/SourceSans3-Regular.ab920762075b81fb.ttf @ https://onvio.com.br/staff/#/dashboard-core-center:0
[   16872ms] [WARNING] OTS parsing error: BASE: invalid table offset @ https://onvio.com.br/staff/#/dashboard-core-center:0
[   16872ms] [WARNING] Failed to decode downloaded font: https://onvio.com.br/staff/SourceSans3VF-Upright.ttf.e7f20fc9b00b0e8a.woff2 @ https://onvio.com.br/staff/#/dashboard-core-center:0
[   16872ms] [WARNING] OTS parsing error: Failed to convert WOFF 2.0 font to SFNT @ https://onvio.com.br/staff/#/dashboard-core-center:0
[   16872ms] [WARNING] Failed to decode downloaded font: https://onvio.com.br/staff/SourceSans3-Regular.ttf.dab9805cb7eb3d8f.woff @ https://onvio.com.br/staff/#/dashboard-core-center:0
[   16872ms] [WARNING] OTS parsing error: incorrect file size in WOFF header @ https://onvio.com.br/staff/#/dashboard-core-center:0
[   16872ms] [WARNING] Failed to decode downloaded font: https://onvio.com.br/staff/SourceSans3-Regular.114f93b5f3b7d159.otf @ https://onvio.com.br/staff/#/dashboard-core-center:0
[   16872ms] [WARNING] OTS parsing error: bad table directory searchRange
bad table directory entrySelector
bad table directory rangeShift
Invalid table tag: 0x604241
 `BA: misaligned table @ https://onvio.com.br/staff/#/dashboard-core-center:0
[   16873ms] [WARNING] Failed to decode downloaded font: https://onvio.com.br/staff/SourceSans3-Regular.ab920762075b81fb.ttf @ https://onvio.com.br/staff/#/dashboard-core-center:0
[   16873ms] [WARNING] OTS parsing error: BASE: invalid table offset @ https://onvio.com.br/staff/#/dashboard-core-center:0
[   16873ms] [WARNING] Failed to decode downloaded font: https://onvio.com.br/staff/SourceSans3VF-Upright.ttf.e7f20fc9b00b0e8a.woff2 @ https://onvio.com.br/staff/#/dashboard-core-center:0
[   16873ms] [WARNING] OTS parsing error: Failed to convert WOFF 2.0 font to SFNT @ https://onvio.com.br/staff/#/dashboard-core-center:0
[   16873ms] [WARNING] Failed to decode downloaded font: https://onvio.com.br/staff/SourceSans3-Regular.ttf.dab9805cb7eb3d8f.woff @ https://onvio.com.br/staff/#/dashboard-core-center:0
[   16873ms] [WARNING] OTS parsing error: incorrect file size in WOFF header @ https://onvio.com.br/staff/#/dashboard-core-center:0
[   16873ms] [WARNING] Failed to decode downloaded font: https://onvio.com.br/staff/SourceSans3-Regular.114f93b5f3b7d159.otf @ https://onvio.com.br/staff/#/dashboard-core-center:0
[   16873ms] [WARNING] OTS parsing error: bad table directory searchRange
bad table directory entrySelector
bad table directory rangeShift
Invalid table tag: 0x604241
 `BA: misaligned table @ https://onvio.com.br/staff/#/dashboard-core-center:0
[   16873ms] [WARNING] Failed to decode downloaded font: https://onvio.com.br/staff/SourceSans3-Regular.ab920762075b81fb.ttf @ https://onvio.com.br/staff/#/dashboard-core-center:0
[   16873ms] [WARNING] OTS parsing error: BASE: invalid table offset @ https://onvio.com.br/staff/#/dashboard-core-center:0
[   16874ms] [WARNING] Unsatisfied version 13.4.0 from @onvio/staff of shared singleton module @angular/core (required ^11.2.14) @ https://onvio.com.br/notification/remote-entry.js:0
[   16874ms] [WARNING] Unsatisfied version 13.4.0 from @onvio/staff of shared singleton module @angular/common (required ^11.2.14) @ https://onvio.com.br/notification/remote-entry.js:0
[   16875ms] [WARNING] Unsatisfied version 13.4.0 from @onvio/staff of shared singleton module @angular/router (required ^11.2.14) @ https://onvio.com.br/notification/remote-entry.js:0
[   16875ms] [WARNING] Unsatisfied version 12.1.2 from @onvio/staff of shared singleton module @ngx-translate/core (required ^13.0.0) @ https://onvio.com.br/notification/remote-entry.js:0
[   16883ms] [WARNING] Custom element bm-alert is already registered and the constructors are not the same function n(){var t,r;(0,i.default)(this,n);for(var a=arguments.length,s=new Array(a),l=0;l<a;l++)s[l]=arguments[l];return(r=e.call.apply(e,(0,o.default)(t=[this]).call(t,s))).type="info",r.closeable=!1,r} function g(){var T,R;(0,v.default)(this,g);for(var k=arguments.length,L=new Array(k),$=0;$<k;$++)L[$]=arguments[$];return(R=p.call.apply(p,(0,d.default)(T=[this]).call(T,L))).type="info",R.closeable=!1,R} @ https://onvio.com.br/notification/default-node_modules_onviobr_profile-screen_index_js.d2d5fd91d2f1fa84a995.js:0
[   16884ms] [WARNING] Custom element bm-alerts is already registered and the constructors are not the same function n(){var t,r;(0,v.default)(this,n);for(var a=arguments.length,o=new Array(a),i=0;i<a;i++)o[i]=arguments[i];return(r=e.call.apply(e,(0,f.default)(t=[this]).call(t,o))).alerts=[],r} function re(){var U,q;(0,E.default)(this,re);for(var ie=arguments.length,J=new Array(ie),G=0;G<ie;G++)J[G]=arguments[G];return(q=se.call.apply(se,(0,O.default)(U=[this]).call(U,J))).alerts=[],q} @ https://onvio.com.br/notification/default-node_modules_onviobr_profile-screen_index_js.d2d5fd91d2f1fa84a995.js:0
[   16884ms] [WARNING] Custom element bm-alert is already registered and the constructors are not the same function n(){var t,r;(0,i.default)(this,n);for(var a=arguments.length,s=new Array(a),l=0;l<a;l++)s[l]=arguments[l];return(r=e.call.apply(e,(0,o.default)(t=[this]).call(t,s))).type="info",r.closeable=!1,r} function g(){var T,R;(0,v.default)(this,g);for(var k=arguments.length,L=new Array(k),$=0;$<k;$++)L[$]=arguments[$];return(R=p.call.apply(p,(0,d.default)(T=[this]).call(T,L))).type="info",R.closeable=!1,R} @ https://onvio.com.br/notification/default-node_modules_onviobr_profile-screen_index_js.d2d5fd91d2f1fa84a995.js:0
[   16884ms] [WARNING] Custom element bm-alerts is already registered and the constructors are not the same function n(){var t,r;(0,v.default)(this,n);for(var a=arguments.length,o=new Array(a),i=0;i<a;i++)o[i]=arguments[i];return(r=e.call.apply(e,(0,f.default)(t=[this]).call(t,o))).alerts=[],r} function re(){var U,q;(0,E.default)(this,re);for(var ie=arguments.length,J=new Array(ie),G=0;G<ie;G++)J[G]=arguments[G];return(q=se.call.apply(se,(0,O.default)(U=[this]).call(U,J))).alerts=[],q} @ https://onvio.com.br/notification/default-node_modules_onviobr_profile-screen_index_js.d2d5fd91d2f1fa84a995.js:0
[   16884ms] [WARNING] Custom element bm-alert is already registered and the constructors are not the same function n(){var t,r;(0,i.default)(this,n);for(var a=arguments.length,s=new Array(a),l=0;l<a;l++)s[l]=arguments[l];return(r=e.call.apply(e,(0,o.default)(t=[this]).call(t,s))).type="info",r.closeable=!1,r} function g(){var T,R;(0,v.default)(this,g);for(var k=arguments.length,L=new Array(k),$=0;$<k;$++)L[$]=arguments[$];return(R=p.call.apply(p,(0,d.default)(T=[this]).call(T,L))).type="info",R.closeable=!1,R} @ https://onvio.com.br/notification/default-node_modules_onviobr_profile-screen_index_js.d2d5fd91d2f1fa84a995.js:0
[   16884ms] [WARNING] Custom element bm-alerts is already registered and the constructors are not the same function n(){var t,r;(0,v.default)(this,n);for(var a=arguments.length,o=new Array(a),i=0;i<a;i++)o[i]=arguments[i];return(r=e.call.apply(e,(0,f.default)(t=[this]).call(t,o))).alerts=[],r} function re(){var U,q;(0,E.default)(this,re);for(var ie=arguments.length,J=new Array(ie),G=0;G<ie;G++)J[G]=arguments[G];return(q=se.call.apply(se,(0,O.default)(U=[this]).call(U,J))).alerts=[],q} @ https://onvio.com.br/notification/default-node_modules_onviobr_profile-screen_index_js.d2d5fd91d2f1fa84a995.js:0
[   16885ms] [WARNING] Custom element bm-alert is already registered and the constructors are not the same function n(){var t,r;(0,i.default)(this,n);for(var a=arguments.length,s=new Array(a),l=0;l<a;l++)s[l]=arguments[l];return(r=e.call.apply(e,(0,o.default)(t=[this]).call(t,s))).type="info",r.closeable=!1,r} function g(){var T,R;(0,v.default)(this,g);for(var k=arguments.length,L=new Array(k),$=0;$<k;$++)L[$]=arguments[$];return(R=p.call.apply(p,(0,d.default)(T=[this]).call(T,L))).type="info",R.closeable=!1,R} @ https://onvio.com.br/notification/default-node_modules_onviobr_profile-screen_index_js.d2d5fd91d2f1fa84a995.js:0
[   16885ms] [WARNING] Custom element bm-alerts is already registered and the constructors are not the same function n(){var t,r;(0,v.default)(this,n);for(var a=arguments.length,o=new Array(a),i=0;i<a;i++)o[i]=arguments[i];return(r=e.call.apply(e,(0,f.default)(t=[this]).call(t,o))).alerts=[],r} function re(){var U,q;(0,E.default)(this,re);for(var ie=arguments.length,J=new Array(ie),G=0;G<ie;G++)J[G]=arguments[G];return(q=se.call.apply(se,(0,O.default)(U=[this]).call(U,J))).alerts=[],q} @ https://onvio.com.br/notification/default-node_modules_onviobr_profile-screen_index_js.d2d5fd91d2f1fa84a995.js:0
[   16885ms] [WARNING] Custom element bm-alert is already registered and the constructors are not the same function n(){var t,r;(0,i.default)(this,n);for(var a=arguments.length,s=new Array(a),l=0;l<a;l++)s[l]=arguments[l];return(r=e.call.apply(e,(0,o.default)(t=[this]).call(t,s))).type="info",r.closeable=!1,r} function g(){var T,R;(0,v.default)(this,g);for(var k=arguments.length,L=new Array(k),$=0;$<k;$++)L[$]=arguments[$];return(R=p.call.apply(p,(0,d.default)(T=[this]).call(T,L))).type="info",R.closeable=!1,R} @ https://onvio.com.br/notification/default-node_modules_onviobr_profile-screen_index_js.d2d5fd91d2f1fa84a995.js:0
[   16885ms] [WARNING] Custom element bm-alerts is already registered and the constructors are not the same function n(){var t,r;(0,v.default)(this,n);for(var a=arguments.length,o=new Array(a),i=0;i<a;i++)o[i]=arguments[i];return(r=e.call.apply(e,(0,f.default)(t=[this]).call(t,o))).alerts=[],r} function re(){var U,q;(0,E.default)(this,re);for(var ie=arguments.length,J=new Array(ie),G=0;G<ie;G++)J[G]=arguments[G];return(q=se.call.apply(se,(0,O.default)(U=[this]).call(U,J))).alerts=[],q} @ https://onvio.com.br/notification/default-node_modules_onviobr_profile-screen_index_js.d2d5fd91d2f1fa84a995.js:0
[   16885ms] [WARNING] Custom element bm-alert is already registered and the constructors are not the same function n(){var t,r;(0,i.default)(this,n);for(var a=arguments.length,s=new Array(a),l=0;l<a;l++)s[l]=arguments[l];return(r=e.call.apply(e,(0,o.default)(t=[this]).call(t,s))).type="info",r.closeable=!1,r} function g(){var T,R;(0,v.default)(this,g);for(var k=arguments.length,L=new Array(k),$=0;$<k;$++)L[$]=arguments[$];return(R=p.call.apply(p,(0,d.default)(T=[this]).call(T,L))).type="info",R.closeable=!1,R} @ https://onvio.com.br/notification/default-node_modules_onviobr_profile-screen_index_js.d2d5fd91d2f1fa84a995.js:0
[   16886ms] [WARNING] Custom element bm-alerts is already registered and the constructors are not the same function n(){var t,r;(0,v.default)(this,n);for(var a=arguments.length,o=new Array(a),i=0;i<a;i++)o[i]=arguments[i];return(r=e.call.apply(e,(0,f.default)(t=[this]).call(t,o))).alerts=[],r} function re(){var U,q;(0,E.default)(this,re);for(var ie=arguments.length,J=new Array(ie),G=0;G<ie;G++)J[G]=arguments[G];return(q=se.call.apply(se,(0,O.default)(U=[this]).call(U,J))).alerts=[],q} @ https://onvio.com.br/notification/default-node_modules_onviobr_profile-screen_index_js.d2d5fd91d2f1fa84a995.js:0
[   16886ms] [WARNING] Custom element bm-alert is already registered and the constructors are not the same function n(){var t,r;(0,i.default)(this,n);for(var a=arguments.length,s=new Array(a),l=0;l<a;l++)s[l]=arguments[l];return(r=e.call.apply(e,(0,o.default)(t=[this]).call(t,s))).type="info",r.closeable=!1,r} function g(){var T,R;(0,v.default)(this,g);for(var k=arguments.length,L=new Array(k),$=0;$<k;$++)L[$]=arguments[$];return(R=p.call.apply(p,(0,d.default)(T=[this]).call(T,L))).type="info",R.closeable=!1,R} @ https://onvio.com.br/notification/default-node_modules_onviobr_profile-screen_index_js.d2d5fd91d2f1fa84a995.js:0
[   16886ms] [WARNING] Custom element bm-alerts is already registered and the constructors are not the same function n(){var t,r;(0,v.default)(this,n);for(var a=arguments.length,o=new Array(a),i=0;i<a;i++)o[i]=arguments[i];return(r=e.call.apply(e,(0,f.default)(t=[this]).call(t,o))).alerts=[],r} function re(){var U,q;(0,E.default)(this,re);for(var ie=arguments.length,J=new Array(ie),G=0;G<ie;G++)J[G]=arguments[G];return(q=se.call.apply(se,(0,O.default)(U=[this]).call(U,J))).alerts=[],q} @ https://onvio.com.br/notification/default-node_modules_onviobr_profile-screen_index_js.d2d5fd91d2f1fa84a995.js:0
[   16886ms] [WARNING] Custom element bm-alert is already registered and the constructors are not the same function n(){var t,r;(0,i.default)(this,n);for(var a=arguments.length,s=new Array(a),l=0;l<a;l++)s[l]=arguments[l];return(r=e.call.apply(e,(0,o.default)(t=[this]).call(t,s))).type="info",r.closeable=!1,r} function g(){var T,R;(0,v.default)(this,g);for(var k=arguments.length,L=new Array(k),$=0;$<k;$++)L[$]=arguments[$];return(R=p.call.apply(p,(0,d.default)(T=[this]).call(T,L))).type="info",R.closeable=!1,R} @ https://onvio.com.br/notification/default-node_modules_onviobr_profile-screen_index_js.d2d5fd91d2f1fa84a995.js:0
[   16886ms] [WARNING] Custom element bm-alerts is already registered and the constructors are not the same function n(){var t,r;(0,v.default)(this,n);for(var a=arguments.length,o=new Array(a),i=0;i<a;i++)o[i]=arguments[i];return(r=e.call.apply(e,(0,f.default)(t=[this]).call(t,o))).alerts=[],r} function re(){var U,q;(0,E.default)(this,re);for(var ie=arguments.length,J=new Array(ie),G=0;G<ie;G++)J[G]=arguments[G];return(q=se.call.apply(se,(0,O.default)(U=[this]).call(U,J))).alerts=[],q} @ https://onvio.com.br/notification/default-node_modules_onviobr_profile-screen_index_js.d2d5fd91d2f1fa84a995.js:0
[   17036ms] [ERROR] Could not find translation file: https://onvio.com.br/notification/assets/onviobr/form/i18n/pt-BR.json @ https://onvio.com.br/staff/8672.f47112ec8d1c8694.js:0
[   17047ms] [WARNING] Custom element bm-alert is already registered and the constructors are not the same function n(){var t,r;(0,i.default)(this,n);for(var a=arguments.length,s=new Array(a),l=0;l<a;l++)s[l]=arguments[l];return(r=e.call.apply(e,(0,o.default)(t=[this]).call(t,s))).type="info",r.closeable=!1,r} function g(){var T,R;(0,v.default)(this,g);for(var k=arguments.length,L=new Array(k),$=0;$<k;$++)L[$]=arguments[$];return(R=p.call.apply(p,(0,d.default)(T=[this]).call(T,L))).type="info",R.closeable=!1,R} @ https://onvio.com.br/notification/default-node_modules_onviobr_profile-screen_index_js.d2d5fd91d2f1fa84a995.js:0
[   17048ms] [WARNING] Custom element bm-alerts is already registered and the constructors are not the same function n(){var t,r;(0,v.default)(this,n);for(var a=arguments.length,o=new Array(a),i=0;i<a;i++)o[i]=arguments[i];return(r=e.call.apply(e,(0,f.default)(t=[this]).call(t,o))).alerts=[],r} function re(){var U,q;(0,E.default)(this,re);for(var ie=arguments.length,J=new Array(ie),G=0;G<ie;G++)J[G]=arguments[G];return(q=se.call.apply(se,(0,O.default)(U=[this]).call(U,J))).alerts=[],q} @ https://onvio.com.br/notification/default-node_modules_onviobr_profile-screen_index_js.d2d5fd91d2f1fa84a995.js:0
[   17048ms] [WARNING] Custom element bm-select is already registered and the constructors are not the same function r(){var t,e,a,o;return(0,l.default)(this,r),(o=n.call(this)).onSlotChange=(0,s.default)(t=o.onSlotChange).call(t,(0,c.default)(o)),o.onSelectFocus=(0,s.default)(e=o.onSelectFocus).call(e,(0,c.default)(o)),o.onSelectBlur=(0,s.default)(a=o.onSelectBlur).call(a,(0,c.default)(o)),o} function L(){var $,B,K,ce;return(0,_.default)(this,L),(ce=k.call(this)).onSlotChange=(0,b.default)($=ce.onSlotChange).call($,(0,y.default)(ce)),ce.onSelectFocus=(0,b.default)(B=ce.onSelectFocus).call(B,(0,y.default)(ce)),ce.onSelectBlur=(0,b.default)(K=ce.onSelectBlur).call(K,(0,y.default)(ce)),ce} @ https://onvio.com.br/notification/default-node_modules_onviobr_profile-screen_index_js.d2d5fd91d2f1fa84a995.js:0
[   17048ms] [WARNING] Custom element bm-loading is already registered and the constructors are not the same function n(){var t;return(0,o.default)(this,n),(t=e.call(this)).delay=300,t.active=!1,t.createVisibilityChanger(),t} function R(){var k;return(0,f.default)(this,R),(k=T.call(this)).delay=300,k.active=!1,k.createVisibilityChanger(),k} @ https://onvio.com.br/notification/default-node_modules_onviobr_profile-screen_index_js.d2d5fd91d2f1fa84a995.js:0
[   17048ms] [WARNING] Custom element bm-settings-page-layout is already registered and the constructors are not the same function r(){var t;return(0,i.Z)(this,r),(t=n.call(this)).hideSave=!1,t.profileType=void 0,t.profile={},t._onSave=t._onSave.bind((0,G.Z)(t)),t._onKeyup=t._onKeyup.bind((0,G.Z)(t)),t} function j(){var ge;return(0,Xl.Z)(this,j),(ge=Ft.call(this)).hideSave=!1,ge.profileType=void 0,ge.profile={},ge._onSave=ge._onSave.bind((0,gc.Z)(ge)),ge._onKeyup=ge._onKeyup.bind((0,gc.Z)(ge)),ge} @ https://onvio.com.br/notification/default-node_modules_onviobr_profile-screen_index_js.d2d5fd91d2f1fa84a995.js:0
[   17049ms] [WARNING] Custom element bm-alert is already registered and the constructors are not the same function n(){var t,r;(0,i.default)(this,n);for(var a=arguments.length,s=new Array(a),l=0;l<a;l++)s[l]=arguments[l];return(r=e.call.apply(e,(0,o.default)(t=[this]).call(t,s))).type="info",r.closeable=!1,r} function g(){var T,R;(0,v.default)(this,g);for(var k=arguments.length,L=new Array(k),$=0;$<k;$++)L[$]=arguments[$];return(R=p.call.apply(p,(0,d.default)(T=[this]).call(T,L))).type="info",R.closeable=!1,R} @ https://onvio.com.br/notification/default-node_modules_onviobr_profile-screen_index_js.d2d5fd91d2f1fa84a995.js:0
[   17049ms] [WARNING] Custom element bm-alerts is already registered and the constructors are not the same function n(){var t,r;(0,v.default)(this,n);for(var a=arguments.length,o=new Array(a),i=0;i<a;i++)o[i]=arguments[i];return(r=e.call.apply(e,(0,f.default)(t=[this]).call(t,o))).alerts=[],r} function re(){var U,q;(0,E.default)(this,re);for(var ie=arguments.length,J=new Array(ie),G=0;G<ie;G++)J[G]=arguments[G];return(q=se.call.apply(se,(0,O.default)(U=[this]).call(U,J))).alerts=[],q} @ https://onvio.com.br/notification/default-node_modules_onviobr_profile-screen_index_js.d2d5fd91d2f1fa84a995.js:0
[   17049ms] [WARNING] Custom element bm-modal is already registered and the constructors are not the same function n(){var t,r;(0,s.default)(this,n);for(var a=arguments.length,o=new Array(a),l=0;l<a;l++)o[l]=arguments[l];return(r=e.call.apply(e,(0,i.default)(t=[this]).call(t,o))).modalTitle=void 0,r.modalSize="medium",r.backdropClose=!0,r.focusModal=!0,r.focusCloseBtn=!1,r.closeButtonQeId=void 0,r} function $(){var B,K;(0,v.default)(this,$);for(var ce=arguments.length,Y=new Array(ce),se=0;se<ce;se++)Y[se]=arguments[se];return(K=L.call.apply(L,(0,d.default)(B=[this]).call(B,Y))).modalTitle=void 0,K.modalSize="medium",K.backdropClose=!0,K.focusModal=!0,K.focusCloseBtn=!1,K.closeButtonQeId=void 0,K} @ https://onvio.com.br/notification/default-node_modules_onviobr_profile-screen_index_js.d2d5fd91d2f1fa84a995.js:0
[   17049ms] [WARNING] Custom element bm-loading is already registered and the constructors are not the same function n(){var t;return(0,o.default)(this,n),(t=e.call(this)).delay=300,t.active=!1,t.createVisibilityChanger(),t} function R(){var k;return(0,f.default)(this,R),(k=T.call(this)).delay=300,k.active=!1,k.createVisibilityChanger(),k} @ https://onvio.com.br/notification/default-node_modules_onviobr_profile-screen_index_js.d2d5fd91d2f1fa84a995.js:0
[   17050ms] [WARNING] Custom element bm-settings-terms is already registered and the constructors are not the same function r(){var t;return(0,i.Z)(this,r),(t=n.call(this)).useNewTheme=!1,t.readOnly=!1,t.terms=void 0,t.signatory=void 0,t.onAgree=t.onAgree.bind((0,G.Z)(t)),t.onDisagree=t.onDisagree.bind((0,G.Z)(t)),t.onClose=t.onClose.bind((0,G.Z)(t)),t} function j(){var ge;return(0,Xl.Z)(this,j),(ge=Ft.call(this)).useNewTheme=!1,ge.readOnly=!1,ge.terms=void 0,ge.signatory=void 0,ge.onAgree=ge.onAgree.bind((0,gc.Z)(ge)),ge.onDisagree=ge.onDisagree.bind((0,gc.Z)(ge)),ge.onClose=ge.onClose.bind((0,gc.Z)(ge)),ge} @ https://onvio.com.br/notification/default-node_modules_onviobr_profile-screen_index_js.d2d5fd91d2f1fa84a995.js:0
[   17050ms] [WARNING] Custom element bm-settings-account-information is already registered and the constructors are not the same function E(){var t,e;(0,i.Z)(this,E);for(var n=arguments.length,r=new Array(n),a=0;a<n;a++)r[a]=arguments[a];return(e=S.call.apply(S,y()(t=[this]).call(t,r))).mode=void 0,e.hideLanguage=!1,e.hideMiddleName=!1,e.profileType=void 0,e.working=!1,e.isClient=!1,e.hideProfileMiddleNameToBr=!1,e.languages=[],e.profile={},e.terms=void 0,e.signatory=void 0,e.initialEmail=void 0,e.initialLanguage=void 0,e} function j(){var ge,$e;(0,Xl.Z)(this,j);for(var Rt=arguments.length,bn=new Array(Rt),Vn=0;Vn<Rt;Vn++)bn[Vn]=arguments[Vn];return($e=Ft.call.apply(Ft,da()(ge=[this]).call(ge,bn))).mode=void 0,$e.hideLanguage=!1,$e.hideMiddleName=!1,$e.profileType=void 0,$e.working=!1,$e.isClient=!1,$e.hideProfileMiddleNameToBr=!1,$e.languages=[],$e.profile={},$e.terms=void 0,$e.signatory=void 0,$e.initialEmail=void 0,$e.initialLanguage=void 0,$e} @ https://onvio.com.br/notification/default-node_modules_onviobr_profile-screen_index_js.d2d5fd91d2f1fa84a995.js:0
[   17050ms] [WARNING] Custom element bm-alert is already registered and the constructors are not the same function n(){var t,r;(0,i.default)(this,n);for(var a=arguments.length,s=new Array(a),l=0;l<a;l++)s[l]=arguments[l];return(r=e.call.apply(e,(0,o.default)(t=[this]).call(t,s))).type="info",r.closeable=!1,r} function g(){var T,R;(0,v.default)(this,g);for(var k=arguments.length,L=new Array(k),$=0;$<k;$++)L[$]=arguments[$];return(R=p.call.apply(p,(0,d.default)(T=[this]).call(T,L))).type="info",R.closeable=!1,R} @ https://onvio.com.br/notification/default-node_modules_onviobr_profile-screen_index_js.d2d5fd91d2f1fa84a995.js:0
[   17051ms] [WARNING] Custom element bm-alerts is already registered and the constructors are not the same function n(){var t,r;(0,v.default)(this,n);for(var a=arguments.length,o=new Array(a),i=0;i<a;i++)o[i]=arguments[i];return(r=e.call.apply(e,(0,f.default)(t=[this]).call(t,o))).alerts=[],r} function re(){var U,q;(0,E.default)(this,re);for(var ie=arguments.length,J=new Array(ie),G=0;G<ie;G++)J[G]=arguments[G];return(q=se.call.apply(se,(0,O.default)(U=[this]).call(U,J))).alerts=[],q} @ https://onvio.com.br/notification/default-node_modules_onviobr_profile-screen_index_js.d2d5fd91d2f1fa84a995.js:0
[   17051ms] [WARNING] Custom element bm-modal is already registered and the constructors are not the same function n(){var t,r;(0,s.default)(this,n);for(var a=arguments.length,o=new Array(a),l=0;l<a;l++)o[l]=arguments[l];return(r=e.call.apply(e,(0,i.default)(t=[this]).call(t,o))).modalTitle=void 0,r.modalSize="medium",r.backdropClose=!0,r.focusModal=!0,r.focusCloseBtn=!1,r.closeButtonQeId=void 0,r} function $(){var B,K;(0,v.default)(this,$);for(var ce=arguments.length,Y=new Array(ce),se=0;se<ce;se++)Y[se]=arguments[se];return(K=L.call.apply(L,(0,d.default)(B=[this]).call(B,Y))).modalTitle=void 0,K.modalSize="medium",K.backdropClose=!0,K.focusModal=!0,K.focusCloseBtn=!1,K.closeButtonQeId=void 0,K} @ https://onvio.com.br/notification/default-node_modules_onviobr_profile-screen_index_js.d2d5fd91d2f1fa84a995.js:0
[   17051ms] [WARNING] Custom element bm-toggle is already registered and the constructors are not the same function n(){var t,r;(0,o.default)(this,n);for(var i=arguments.length,s=new Array(i),l=0;l<i;l++)s[l]=arguments[l];return(r=e.call.apply(e,(0,a.default)(t=[this]).call(t,s))).on=!1,r} function g(){var T,R;(0,d.default)(this,g);for(var k=arguments.length,L=new Array(k),$=0;$<k;$++)L[$]=arguments[$];return(R=p.call.apply(p,(0,f.default)(T=[this]).call(T,L))).on=!1,R} @ https://onvio.com.br/notification/default-node_modules_onviobr_profile-screen_index_js.d2d5fd91d2f1fa84a995.js:0
[   17052ms] [WARNING] Custom element bm-popover-element is already registered and the constructors are not the same function n(){return(0,l.default)(this,n),e.apply(this,arguments)} function $(){return(0,_.default)(this,$),L.apply(this,arguments)} @ https://onvio.com.br/notification/default-node_modules_onviobr_profile-screen_index_js.d2d5fd91d2f1fa84a995.js:0
[   17052ms] [WARNING] Custom element bm-popover is already registered and the constructors are not the same function n(){var t,r;return(0,l.default)(this,n),(r=e.call(this)).placement=b.Top,r.trigger="click",r.pop=document.createElement("bm-popover-element"),r.popper=void 0,r.onDocumentClick=(0,a.default)(t=r.onDocumentClick).call(t,(0,o.default)(r)),r} function $(){var B,K;return(0,_.default)(this,$),(K=L.call(this)).placement=g.Top,K.trigger="click",K.pop=document.createElement("bm-popover-element"),K.popper=void 0,K.onDocumentClick=(0,f.default)(B=K.onDocumentClick).call(B,(0,d.default)(K)),K} @ https://onvio.com.br/notification/default-node_modules_onviobr_profile-screen_index_js.d2d5fd91d2f1fa84a995.js:0
[   17052ms] [WARNING] Custom element bm-settings-page-layout is already registered and the constructors are not the same function r(){var t;return(0,i.Z)(this,r),(t=n.call(this)).hideSave=!1,t.profileType=void 0,t.profile={},t._onSave=t._onSave.bind((0,G.Z)(t)),t._onKeyup=t._onKeyup.bind((0,G.Z)(t)),t} function j(){var ge;return(0,Xl.Z)(this,j),(ge=Ft.call(this)).hideSave=!1,ge.profileType=void 0,ge.profile={},ge._onSave=ge._onSave.bind((0,gc.Z)(ge)),ge._onKeyup=ge._onKeyup.bind((0,gc.Z)(ge)),ge} @ https://onvio.com.br/notification/default-node_modules_onviobr_profile-screen_index_js.d2d5fd91d2f1fa84a995.js:0
[   17052ms] [WARNING] Custom element bm-linked-account-detail is already registered and the constructors are not the same function n(){var t,r;(0,i.Z)(this,n);for(var a=arguments.length,o=new Array(a),s=0;s<a;s++)o[s]=arguments[s];return(r=e.call.apply(e,y()(t=[this]).call(t,o))).account={},r} function j(){var ge,$e;(0,Xl.Z)(this,j);for(var Rt=arguments.length,bn=new Array(Rt),Vn=0;Vn<Rt;Vn++)bn[Vn]=arguments[Vn];return($e=Ft.call.apply(Ft,da()(ge=[this]).call(ge,bn))).account={},$e} @ https://onvio.com.br/notification/default-node_modules_onviobr_profile-screen_index_js.d2d5fd91d2f1fa84a995.js:0
[   17052ms] [WARNING] Custom element bm-alert is already registered and the constructors are not the same function n(){var t,r;(0,i.default)(this,n);for(var a=arguments.length,s=new Array(a),l=0;l<a;l++)s[l]=arguments[l];return(r=e.call.apply(e,(0,o.default)(t=[this]).call(t,s))).type="info",r.closeable=!1,r} function g(){var T,R;(0,v.default)(this,g);for(var k=arguments.length,L=new Array(k),$=0;$<k;$++)L[$]=arguments[$];return(R=p.call.apply(p,(0,d.default)(T=[this]).call(T,L))).type="info",R.closeable=!1,R} @ https://onvio.com.br/notification/default-node_modules_onviobr_profile-screen_index_js.d2d5fd91d2f1fa84a995.js:0
[   17053ms] [WARNING] Custom element bm-alerts is already registered and the constructors are not the same function n(){var t,r;(0,v.default)(this,n);for(var a=arguments.length,o=new Array(a),i=0;i<a;i++)o[i]=arguments[i];return(r=e.call.apply(e,(0,f.default)(t=[this]).call(t,o))).alerts=[],r} function re(){var U,q;(0,E.default)(this,re);for(var ie=arguments.length,J=new Array(ie),G=0;G<ie;G++)J[G]=arguments[G];return(q=se.call.apply(se,(0,O.default)(U=[this]).call(U,J))).alerts=[],q} @ https://onvio.com.br/notification/default-node_modules_onviobr_profile-screen_index_js.d2d5fd91d2f1fa84a995.js:0
[   17053ms] [WARNING] Custom element bm-modal is already registered and the constructors are not the same function n(){var t,r;(0,s.default)(this,n);for(var a=arguments.length,o=new Array(a),l=0;l<a;l++)o[l]=arguments[l];return(r=e.call.apply(e,(0,i.default)(t=[this]).call(t,o))).modalTitle=void 0,r.modalSize="medium",r.backdropClose=!0,r.focusModal=!0,r.focusCloseBtn=!1,r.closeButtonQeId=void 0,r} function $(){var B,K;(0,v.default)(this,$);for(var ce=arguments.length,Y=new Array(ce),se=0;se<ce;se++)Y[se]=arguments[se];return(K=L.call.apply(L,(0,d.default)(B=[this]).call(B,Y))).modalTitle=void 0,K.modalSize="medium",K.backdropClose=!0,K.focusModal=!0,K.focusCloseBtn=!1,K.closeButtonQeId=void 0,K} @ https://onvio.com.br/notification/default-node_modules_onviobr_profile-screen_index_js.d2d5fd91d2f1fa84a995.js:0
[   17053ms] [WARNING] Custom element bm-loading is already registered and the constructors are not the same function n(){var t;return(0,o.default)(this,n),(t=e.call(this)).delay=300,t.active=!1,t.createVisibilityChanger(),t} function R(){var k;return(0,f.default)(this,R),(k=T.call(this)).delay=300,k.active=!1,k.createVisibilityChanger(),k} @ https://onvio.com.br/notification/default-node_modules_onviobr_profile-screen_index_js.d2d5fd91d2f1fa84a995.js:0
[   17053ms] [WARNING] Custom element bm-linked-account-detail is already registered and the constructors are not the same function n(){var t,r;(0,i.Z)(this,n);for(var a=arguments.length,o=new Array(a),s=0;s<a;s++)o[s]=arguments[s];return(r=e.call.apply(e,y()(t=[this]).call(t,o))).account={},r} function j(){var ge,$e;(0,Xl.Z)(this,j);for(var Rt=arguments.length,bn=new Array(Rt),Vn=0;Vn<Rt;Vn++)bn[Vn]=arguments[Vn];return($e=Ft.call.apply(Ft,da()(ge=[this]).call(ge,bn))).account={},$e} @ https://onvio.com.br/notification/default-node_modules_onviobr_profile-screen_index_js.d2d5fd91d2f1fa84a995.js:0
[   17053ms] [WARNING] Custom element bm-linked-account-add is already registered and the constructors are not the same function r(){var t,e;(0,i.Z)(this,r);for(var a=arguments.length,o=new Array(a),s=0;s<a;s++)o[s]=arguments[s];return(e=n.call.apply(n,y()(t=[this]).call(t,o))).email="",e.password="",e.working=!1,e} function j(){var ge,$e;(0,Xl.Z)(this,j);for(var Rt=arguments.length,bn=new Array(Rt),Vn=0;Vn<Rt;Vn++)bn[Vn]=arguments[Vn];return($e=Ft.call.apply(Ft,da()(ge=[this]).call(ge,bn))).email="",$e.password="",$e.working=!1,$e} @ https://onvio.com.br/notification/default-node_modules_onviobr_profile-screen_index_js.d2d5fd91d2f1fa84a995.js:0
[   17054ms] [WARNING] Custom element bm-alert is already registered and the constructors are not the same function n(){var t,r;(0,i.default)(this,n);for(var a=arguments.length,s=new Array(a),l=0;l<a;l++)s[l]=arguments[l];return(r=e.call.apply(e,(0,o.default)(t=[this]).call(t,s))).type="info",r.closeable=!1,r} function g(){var T,R;(0,v.default)(this,g);for(var k=arguments.length,L=new Array(k),$=0;$<k;$++)L[$]=arguments[$];return(R=p.call.apply(p,(0,d.default)(T=[this]).call(T,L))).type="info",R.closeable=!1,R} @ https://onvio.com.br/notification/default-node_modules_onviobr_profile-screen_index_js.d2d5fd91d2f1fa84a995.js:0
[   17054ms] [WARNING] Custom element bm-alerts is already registered and the constructors are not the same function n(){var t,r;(0,v.default)(this,n);for(var a=arguments.length,o=new Array(a),i=0;i<a;i++)o[i]=arguments[i];return(r=e.call.apply(e,(0,f.default)(t=[this]).call(t,o))).alerts=[],r} function re(){var U,q;(0,E.default)(this,re);for(var ie=arguments.length,J=new Array(ie),G=0;G<ie;G++)J[G]=arguments[G];return(q=se.call.apply(se,(0,O.default)(U=[this]).call(U,J))).alerts=[],q} @ https://onvio.com.br/notification/default-node_modules_onviobr_profile-screen_index_js.d2d5fd91d2f1fa84a995.js:0
[   17054ms] [WARNING] Custom element bm-modal is already registered and the constructors are not the same function n(){var t,r;(0,s.default)(this,n);for(var a=arguments.length,o=new Array(a),l=0;l<a;l++)o[l]=arguments[l];return(r=e.call.apply(e,(0,i.default)(t=[this]).call(t,o))).modalTitle=void 0,r.modalSize="medium",r.backdropClose=!0,r.focusModal=!0,r.focusCloseBtn=!1,r.closeButtonQeId=void 0,r} function $(){var B,K;(0,v.default)(this,$);for(var ce=arguments.length,Y=new Array(ce),se=0;se<ce;se++)Y[se]=arguments[se];return(K=L.call.apply(L,(0,d.default)(B=[this]).call(B,Y))).modalTitle=void 0,K.modalSize="medium",K.backdropClose=!0,K.focusModal=!0,K.focusCloseBtn=!1,K.closeButtonQeId=void 0,K} @ https://onvio.com.br/notification/default-node_modules_onviobr_profile-screen_index_js.d2d5fd91d2f1fa84a995.js:0
[   17054ms] [WARNING] Custom element bm-loading is already registered and the constructors are not the same function n(){var t;return(0,o.default)(this,n),(t=e.call(this)).delay=300,t.active=!1,t.createVisibilityChanger(),t} function R(){var k;return(0,f.default)(this,R),(k=T.call(this)).delay=300,k.active=!1,k.createVisibilityChanger(),k} @ https://onvio.com.br/notification/default-node_modules_onviobr_profile-screen_index_js.d2d5fd91d2f1fa84a995.js:0
[   17055ms] [WARNING] Custom element bm-linked-account-detail is already registered and the constructors are not the same function n(){var t,r;(0,i.Z)(this,n);for(var a=arguments.length,o=new Array(a),s=0;s<a;s++)o[s]=arguments[s];return(r=e.call.apply(e,y()(t=[this]).call(t,o))).account={},r} function j(){var ge,$e;(0,Xl.Z)(this,j);for(var Rt=arguments.length,bn=new Array(Rt),Vn=0;Vn<Rt;Vn++)bn[Vn]=arguments[Vn];return($e=Ft.call.apply(Ft,da()(ge=[this]).call(ge,bn))).account={},$e} @ https://onvio.com.br/notification/default-node_modules_onviobr_profile-screen_index_js.d2d5fd91d2f1fa84a995.js:0
[   17055ms] [WARNING] Custom element bm-settings-linked-accounts-edit is already registered and the constructors are not the same function r(){var t,e;(0,i.Z)(this,r);for(var a=arguments.length,o=new Array(a),s=0;s<a;s++)o[s]=arguments[s];return(e=n.call.apply(n,y()(t=[this]).call(t,o))).account={},e.nickname="",e.working=!1,e} function j(){var ge,$e;(0,Xl.Z)(this,j);for(var Rt=arguments.length,bn=new Array(Rt),Vn=0;Vn<Rt;Vn++)bn[Vn]=arguments[Vn];return($e=Ft.call.apply(Ft,da()(ge=[this]).call(ge,bn))).account={},$e.nickname="",$e.working=!1,$e} @ https://onvio.com.br/notification/default-node_modules_onviobr_profile-screen_index_js.d2d5fd91d2f1fa84a995.js:0
[   17055ms] [WARNING] Custom element bm-settings-linked-accounts is already registered and the constructors are not the same function w(){var t;return(0,i.Z)(this,w),(t=b.call(this)).hideTitle=!1,t.product=rn.onvio,t.profileType=void 0,t.accounts=[],t.profile={},t.currentUser=null,t.isUnlinkButtonDisabled=!1,t.working=!1,t.commBus=void 0,t.commBus=(0,it.omnibus)("linked-account"),t} function j(){var ge;return(0,Xl.Z)(this,j),(ge=Ft.call(this)).hideTitle=!1,ge.product="onvio",ge.profileType=void 0,ge.accounts=[],ge.profile={},ge.currentUser=null,ge.isUnlinkButtonDisabled=!1,ge.working=!1,ge.commBus=void 0,ge.commBus=(0,tC.omnibus)("linked-account"),ge} @ https://onvio.com.br/notification/default-node_modules_onviobr_profile-screen_index_js.d2d5fd91d2f1fa84a995.js:0
[   17056ms] [WARNING] Custom element bm-settings-menu is already registered and the constructors are not the same function r(){var t;return(0,i.Z)(this,r),(t=n.call(this)).active="",t.isMenuOpen=!1,t.showMenu=!1,t.showMenu=tr.matches,t.onMediaQueryChange=t.onMediaQueryChange.bind((0,G.Z)(t)),t} function j(){var ge;return(0,Xl.Z)(this,j),(ge=Ft.call(this)).active="",ge.isMenuOpen=!1,ge.showMenu=!1,ge.showMenu=M0.matches,ge.onMediaQueryChange=ge.onMediaQueryChange.bind((0,gc.Z)(ge)),ge} @ https://onvio.com.br/notification/default-node_modules_onviobr_profile-screen_index_js.d2d5fd91d2f1fa84a995.js:0
[   17056ms] [WARNING] Custom element bm-alert is already registered and the constructors are not the same function n(){var t,r;(0,i.default)(this,n);for(var a=arguments.length,s=new Array(a),l=0;l<a;l++)s[l]=arguments[l];return(r=e.call.apply(e,(0,o.default)(t=[this]).call(t,s))).type="info",r.closeable=!1,r} function g(){var T,R;(0,v.default)(this,g);for(var k=arguments.length,L=new Array(k),$=0;$<k;$++)L[$]=arguments[$];return(R=p.call.apply(p,(0,d.default)(T=[this]).call(T,L))).type="info",R.closeable=!1,R} @ https://onvio.com.br/notification/default-node_modules_onviobr_profile-screen_index_js.d2d5fd91d2f1fa84a995.js:0
[   17056ms] [WARNING] Custom element bm-alerts is already registered and the constructors are not the same function n(){var t,r;(0,v.default)(this,n);for(var a=arguments.length,o=new Array(a),i=0;i<a;i++)o[i]=arguments[i];return(r=e.call.apply(e,(0,f.default)(t=[this]).call(t,o))).alerts=[],r} function re(){var U,q;(0,E.default)(this,re);for(var ie=arguments.length,J=new Array(ie),G=0;G<ie;G++)J[G]=arguments[G];return(q=se.call.apply(se,(0,O.default)(U=[this]).call(U,J))).alerts=[],q} @ https://onvio.com.br/notification/default-node_modules_onviobr_profile-screen_index_js.d2d5fd91d2f1fa84a995.js:0
[   17056ms] [WARNING] Custom element bm-loading is already registered and the constructors are not the same function n(){var t;return(0,o.default)(this,n),(t=e.call(this)).delay=300,t.active=!1,t.createVisibilityChanger(),t} function R(){var k;return(0,f.default)(this,R),(k=T.call(this)).delay=300,k.active=!1,k.createVisibilityChanger(),k} @ https://onvio.com.br/notification/default-node_modules_onviobr_profile-screen_index_js.d2d5fd91d2f1fa84a995.js:0
[   17056ms] [WARNING] Custom element bm-settings-page-layout is already registered and the constructors are not the same function r(){var t;return(0,i.Z)(this,r),(t=n.call(this)).hideSave=!1,t.profileType=void 0,t.profile={},t._onSave=t._onSave.bind((0,G.Z)(t)),t._onKeyup=t._onKeyup.bind((0,G.Z)(t)),t} function j(){var ge;return(0,Xl.Z)(this,j),(ge=Ft.call(this)).hideSave=!1,ge.profileType=void 0,ge.profile={},ge._onSave=ge._onSave.bind((0,gc.Z)(ge)),ge._onKeyup=ge._onKeyup.bind((0,gc.Z)(ge)),ge} @ https://onvio.com.br/notification/default-node_modules_onviobr_profile-screen_index_js.d2d5fd91d2f1fa84a995.js:0
[   17057ms] [WARNING] Custom element bm-alert is already registered and the constructors are not the same function n(){var t,r;(0,i.default)(this,n);for(var a=arguments.length,s=new Array(a),l=0;l<a;l++)s[l]=arguments[l];return(r=e.call.apply(e,(0,o.default)(t=[this]).call(t,s))).type="info",r.closeable=!1,r} function g(){var T,R;(0,v.default)(this,g);for(var k=arguments.length,L=new Array(k),$=0;$<k;$++)L[$]=arguments[$];return(R=p.call.apply(p,(0,d.default)(T=[this]).call(T,L))).type="info",R.closeable=!1,R} @ https://onvio.com.br/notification/default-node_modules_onviobr_profile-screen_index_js.d2d5fd91d2f1fa84a995.js:0
[   17057ms] [WARNING] Custom element bm-alerts is already registered and the constructors are not the same function n(){var t,r;(0,v.default)(this,n);for(var a=arguments.length,o=new Array(a),i=0;i<a;i++)o[i]=arguments[i];return(r=e.call.apply(e,(0,f.default)(t=[this]).call(t,o))).alerts=[],r} function re(){var U,q;(0,E.default)(this,re);for(var ie=arguments.length,J=new Array(ie),G=0;G<ie;G++)J[G]=arguments[G];return(q=se.call.apply(se,(0,O.default)(U=[this]).call(U,J))).alerts=[],q} @ https://onvio.com.br/notification/default-node_modules_onviobr_profile-screen_index_js.d2d5fd91d2f1fa84a995.js:0
[   17057ms] [WARNING] Custom element bm-modal is already registered and the constructors are not the same function n(){var t,r;(0,s.default)(this,n);for(var a=arguments.length,o=new Array(a),l=0;l<a;l++)o[l]=arguments[l];return(r=e.call.apply(e,(0,i.default)(t=[this]).call(t,o))).modalTitle=void 0,r.modalSize="medium",r.backdropClose=!0,r.focusModal=!0,r.focusCloseBtn=!1,r.closeButtonQeId=void 0,r} function $(){var B,K;(0,v.default)(this,$);for(var ce=arguments.length,Y=new Array(ce),se=0;se<ce;se++)Y[se]=arguments[se];return(K=L.call.apply(L,(0,d.default)(B=[this]).call(B,Y))).modalTitle=void 0,K.modalSize="medium",K.backdropClose=!0,K.focusModal=!0,K.focusCloseBtn=!1,K.closeButtonQeId=void 0,K} @ https://onvio.com.br/notification/default-node_modules_onviobr_profile-screen_index_js.d2d5fd91d2f1fa84a995.js:0
[   17058ms] [WARNING] Custom element bm-loading is already registered and the constructors are not the same function n(){var t;return(0,o.default)(this,n),(t=e.call(this)).delay=300,t.active=!1,t.createVisibilityChanger(),t} function R(){var k;return(0,f.default)(this,R),(k=T.call(this)).delay=300,k.active=!1,k.createVisibilityChanger(),k} @ https://onvio.com.br/notification/default-node_modules_onviobr_profile-screen_index_js.d2d5fd91d2f1fa84a995.js:0
[   17058ms] [WARNING] Custom element bm-settings-password-check is already registered and the constructors are not the same function r(){var t;return(0,i.Z)(this,r),(t=n.call(this)).password="",t.email="",t.description="password.check.description",t.confirmLabel="common.confirm",t.cancelLabel="common.cancel",t.working=!1,t.onSubmit=t.onSubmit.bind((0,G.Z)(t)),t} function j(){var ge;return(0,Xl.Z)(this,j),(ge=Ft.call(this)).password="",ge.email="",ge.description="password.check.description",ge.confirmLabel="common.confirm",ge.cancelLabel="common.cancel",ge.working=!1,ge.onSubmit=ge.onSubmit.bind((0,gc.Z)(ge)),ge} @ https://onvio.com.br/notification/default-node_modules_onviobr_profile-screen_index_js.d2d5fd91d2f1fa84a995.js:0
[   17059ms] [WARNING] Custom element bm-settings-mfa is already registered and the constructors are not the same function w(){var t,e;(0,i.Z)(this,w);for(var n=arguments.length,r=new Array(n),a=0;a<n;a++)r[a]=arguments[a];return(e=b.call.apply(b,y()(t=[this]).call(t,r))).mode=void 0,e.factors=[],e.required=!1,e.user={},e.working=!1,e.isClient=!1,e} function j(){var ge,$e;(0,Xl.Z)(this,j);for(var Rt=arguments.length,bn=new Array(Rt),Vn=0;Vn<Rt;Vn++)bn[Vn]=arguments[Vn];return($e=Ft.call.apply(Ft,da()(ge=[this]).call(ge,bn))).mode=void 0,$e.factors=[],$e.required=!1,$e.user={},$e.working=!1,$e.isClient=!1,$e} @ https://onvio.com.br/notification/default-node_modules_onviobr_profile-screen_index_js.d2d5fd91d2f1fa84a995.js:0
[   17059ms] [WARNING] Custom element bm-alert is already registered and the constructors are not the same function n(){var t,r;(0,i.default)(this,n);for(var a=arguments.length,s=new Array(a),l=0;l<a;l++)s[l]=arguments[l];return(r=e.call.apply(e,(0,o.default)(t=[this]).call(t,s))).type="info",r.closeable=!1,r} function g(){var T,R;(0,v.default)(this,g);for(var k=arguments.length,L=new Array(k),$=0;$<k;$++)L[$]=arguments[$];return(R=p.call.apply(p,(0,d.default)(T=[this]).call(T,L))).type="info",R.closeable=!1,R} @ https://onvio.com.br/notification/default-node_modules_onviobr_profile-screen_index_js.d2d5fd91d2f1fa84a995.js:0
[   17060ms] [WARNING] Custom element bm-alerts is already registered and the constructors are not the same function n(){var t,r;(0,v.default)(this,n);for(var a=arguments.length,o=new Array(a),i=0;i<a;i++)o[i]=arguments[i];return(r=e.call.apply(e,(0,f.default)(t=[this]).call(t,o))).alerts=[],r} function re(){var U,q;(0,E.default)(this,re);for(var ie=arguments.length,J=new Array(ie),G=0;G<ie;G++)J[G]=arguments[G];return(q=se.call.apply(se,(0,O.default)(U=[this]).call(U,J))).alerts=[],q} @ https://onvio.com.br/notification/default-node_modules_onviobr_profile-screen_index_js.d2d5fd91d2f1fa84a995.js:0
[   17060ms] [WARNING] Custom element bm-loading is already registered and the constructors are not the same function n(){var t;return(0,o.default)(this,n),(t=e.call(this)).delay=300,t.active=!1,t.createVisibilityChanger(),t} function R(){var k;return(0,f.default)(this,R),(k=T.call(this)).delay=300,k.active=!1,k.createVisibilityChanger(),k} @ https://onvio.com.br/notification/default-node_modules_onviobr_profile-screen_index_js.d2d5fd91d2f1fa84a995.js:0
[   17060ms] [WARNING] Custom element bm-settings-page-layout is already registered and the constructors are not the same function r(){var t;return(0,i.Z)(this,r),(t=n.call(this)).hideSave=!1,t.profileType=void 0,t.profile={},t._onSave=t._onSave.bind((0,G.Z)(t)),t._onKeyup=t._onKeyup.bind((0,G.Z)(t)),t} function j(){var ge;return(0,Xl.Z)(this,j),(ge=Ft.call(this)).hideSave=!1,ge.profileType=void 0,ge.profile={},ge._onSave=ge._onSave.bind((0,gc.Z)(ge)),ge._onKeyup=ge._onKeyup.bind((0,gc.Z)(ge)),ge} @ https://onvio.com.br/notification/default-node_modules_onviobr_profile-screen_index_js.d2d5fd91d2f1fa84a995.js:0
[   17060ms] [WARNING] Custom element bm-settings-password-validation is already registered and the constructors are not the same function a(){var t,e;(0,i.Z)(this,a);for(var n=arguments.length,o=new Array(n),s=0;s<n;s++)o[s]=arguments[s];return(e=r.call.apply(r,y()(t=[this]).call(t,o))).password="",e.rules=void 0,e} function j(){var ge,$e;(0,Xl.Z)(this,j);for(var Rt=arguments.length,bn=new Array(Rt),Vn=0;Vn<Rt;Vn++)bn[Vn]=arguments[Vn];return($e=Ft.call.apply(Ft,da()(ge=[this]).call(ge,bn))).password="",$e.rules=void 0,$e} @ https://onvio.com.br/notification/default-node_modules_onviobr_profile-screen_index_js.d2d5fd91d2f1fa84a995.js:0
[   17061ms] [WARNING] Custom element bm-settings-password is already registered and the constructors are not the same function f(){var t;return(0,i.Z)(this,f),(t=p.call(this)).email="",t.password={current:"",new:"",confirm:""},t.rules=void 0,t.working=!1,t.showTyping=!1,t.capsLockOn=!1,t.newPasswordCorrent=!1,t.onKeyDown=t.onKeyDown.bind((0,G.Z)(t)),t} function j(){var ge;return(0,Xl.Z)(this,j),(ge=Ft.call(this)).email="",ge.password={current:"",new:"",confirm:""},ge.rules=void 0,ge.working=!1,ge.showTyping=!1,ge.capsLockOn=!1,ge.newPasswordCorrent=!1,ge.onKeyDown=ge.onKeyDown.bind((0,gc.Z)(ge)),ge} @ https://onvio.com.br/notification/default-node_modules_onviobr_profile-screen_index_js.d2d5fd91d2f1fa84a995.js:0
[   17061ms] [WARNING] Custom element bm-settings-screen is already registered and the constructors are not the same function r(){var t;return(0,i.Z)(this,r),(t=n.call(this)).section=void 0,t.mode=void 0,t.product=void 0,t.language=(0,U.getCurrentLanguage)(),t.hideLanguage=!1,t.hideMiddleName=!1,t.profileType="auth0",t.section=pr.accountInfo.code,(0,U.changeLanguage)(t.language),t} function j(){var ge;return(0,Xl.Z)(this,j),(ge=Ft.call(this)).section=void 0,ge.mode=void 0,ge.product=void 0,ge.language=(0,aa.getCurrentLanguage)(),ge.hideLanguage=!1,ge.hideMiddleName=!1,ge.profileType="auth0",ge.section=hv.accountInfo.code,(0,aa.changeLanguage)(ge.language),ge} @ https://onvio.com.br/notification/default-node_modules_onviobr_profile-screen_index_js.d2d5fd91d2f1fa84a995.js:0
[   17061ms] [ERROR] SyntaxError: Unexpected token '<', "<!DOCTYPE "... is not valid JSON @ https://onvio.com.br/staff/8672.f47112ec8d1c8694.js:0
[   17062ms] [WARNING] Failed to decode downloaded font: https://onvio.com.br/staff/SourceSans3VF-Upright.ttf.e7f20fc9b00b0e8a.woff2 @ https://onvio.com.br/staff/#/dashboard-core-center:0
[   17062ms] [WARNING] OTS parsing error: Failed to convert WOFF 2.0 font to SFNT @ https://onvio.com.br/staff/#/dashboard-core-center:0
[   17062ms] [WARNING] Failed to decode downloaded font: https://onvio.com.br/staff/SourceSans3-Regular.ttf.dab9805cb7eb3d8f.woff @ https://onvio.com.br/staff/#/dashboard-core-center:0
[   17063ms] [WARNING] OTS parsing error: incorrect file size in WOFF header @ https://onvio.com.br/staff/#/dashboard-core-center:0
[   17063ms] [WARNING] Failed to decode downloaded font: https://onvio.com.br/staff/SourceSans3-Regular.114f93b5f3b7d159.otf @ https://onvio.com.br/staff/#/dashboard-core-center:0
[   17063ms] [WARNING] OTS parsing error: bad table directory searchRange
bad table directory entrySelector
bad table directory rangeShift
Invalid table tag: 0x604241
 `BA: misaligned table @ https://onvio.com.br/staff/#/dashboard-core-center:0
[   17063ms] [WARNING] Failed to decode downloaded font: https://onvio.com.br/staff/SourceSans3-Regular.ab920762075b81fb.ttf @ https://onvio.com.br/staff/#/dashboard-core-center:0
[   17063ms] [WARNING] OTS parsing error: BASE: invalid table offset @ https://onvio.com.br/staff/#/dashboard-core-center:0
[   17063ms] [WARNING] Failed to decode downloaded font: https://onvio.com.br/staff/SourceSans3VF-Upright.ttf.e7f20fc9b00b0e8a.woff2 @ https://onvio.com.br/staff/#/dashboard-core-center:0
[   17063ms] [WARNING] OTS parsing error: Failed to convert WOFF 2.0 font to SFNT @ https://onvio.com.br/staff/#/dashboard-core-center:0
[   17063ms] [WARNING] Failed to decode downloaded font: https://onvio.com.br/staff/SourceSans3-Regular.ttf.dab9805cb7eb3d8f.woff @ https://onvio.com.br/staff/#/dashboard-core-center:0
[   17063ms] [WARNING] OTS parsing error: incorrect file size in WOFF header @ https://onvio.com.br/staff/#/dashboard-core-center:0
[   17063ms] [WARNING] Failed to decode downloaded font: https://onvio.com.br/staff/SourceSans3-Regular.114f93b5f3b7d159.otf @ https://onvio.com.br/staff/#/dashboard-core-center:0
[   17063ms] [WARNING] OTS parsing error: bad table directory searchRange
bad table directory entrySelector
bad table directory rangeShift
Invalid table tag: 0x604241
 `BA: misaligned table @ https://onvio.com.br/staff/#/dashboard-core-center:0
[   17064ms] [WARNING] Failed to decode downloaded font: https://onvio.com.br/staff/SourceSans3-Regular.ab920762075b81fb.ttf @ https://onvio.com.br/staff/#/dashboard-core-center:0
[   17064ms] [WARNING] OTS parsing error: BASE: invalid table offset @ https://onvio.com.br/staff/#/dashboard-core-center:0
[   17064ms] [WARNING] Failed to decode downloaded font: https://onvio.com.br/staff/SourceSans3VF-Upright.ttf.e7f20fc9b00b0e8a.woff2 @ https://onvio.com.br/staff/#/dashboard-core-center:0
[   17064ms] [WARNING] OTS parsing error: Failed to convert WOFF 2.0 font to SFNT @ https://onvio.com.br/staff/#/dashboard-core-center:0
[   17064ms] [WARNING] Failed to decode downloaded font: https://onvio.com.br/staff/SourceSans3-Regular.ttf.dab9805cb7eb3d8f.woff @ https://onvio.com.br/staff/#/dashboard-core-center:0
[   17064ms] [WARNING] OTS parsing error: incorrect file size in WOFF header @ https://onvio.com.br/staff/#/dashboard-core-center:0
[   17064ms] [WARNING] Failed to decode downloaded font: https://onvio.com.br/staff/SourceSans3-Regular.114f93b5f3b7d159.otf @ https://onvio.com.br/staff/#/dashboard-core-center:0
[   17064ms] [WARNING] OTS parsing error: bad table directory searchRange
bad table directory entrySelector
bad table directory rangeShift
Invalid table tag: 0x604241
 `BA: misaligned table @ https://onvio.com.br/staff/#/dashboard-core-center:0
[   17064ms] [WARNING] Failed to decode downloaded font: https://onvio.com.br/staff/SourceSans3-Regular.ab920762075b81fb.ttf @ https://onvio.com.br/staff/#/dashboard-core-center:0
[   17065ms] [WARNING] OTS parsing error: BASE: invalid table offset @ https://onvio.com.br/staff/#/dashboard-core-center:0
[   17065ms] [WARNING] Failed to decode downloaded font: https://onvio.com.br/staff/SourceSans3VF-Upright.ttf.e7f20fc9b00b0e8a.woff2 @ https://onvio.com.br/staff/#/dashboard-core-center:0
[   17065ms] [WARNING] OTS parsing error: Failed to convert WOFF 2.0 font to SFNT @ https://onvio.com.br/staff/#/dashboard-core-center:0
[   17065ms] [WARNING] Failed to decode downloaded font: https://onvio.com.br/staff/SourceSans3-Regular.ttf.dab9805cb7eb3d8f.woff @ https://onvio.com.br/staff/#/dashboard-core-center:0
[   17065ms] [WARNING] OTS parsing error: incorrect file size in WOFF header @ https://onvio.com.br/staff/#/dashboard-core-center:0
[   17065ms] [WARNING] Failed to decode downloaded font: https://onvio.com.br/staff/SourceSans3-Regular.114f93b5f3b7d159.otf @ https://onvio.com.br/staff/#/dashboard-core-center:0
[   17065ms] [WARNING] OTS parsing error: bad table directory searchRange
bad table directory entrySelector
bad table directory rangeShift
Invalid table tag: 0x604241
 `BA: misaligned table @ https://onvio.com.br/staff/#/dashboard-core-center:0
[   17065ms] [WARNING] Failed to decode downloaded font: https://onvio.com.br/staff/SourceSans3-Regular.ab920762075b81fb.ttf @ https://onvio.com.br/staff/#/dashboard-core-center:0
[   17065ms] [WARNING] OTS parsing error: BASE: invalid table offset @ https://onvio.com.br/staff/#/dashboard-core-center:0
[   17065ms] [WARNING] Failed to decode downloaded font: https://onvio.com.br/staff/SourceSans3VF-Upright.ttf.e7f20fc9b00b0e8a.woff2 @ https://onvio.com.br/staff/#/dashboard-core-center:0
[   17065ms] [WARNING] OTS parsing error: Failed to convert WOFF 2.0 font to SFNT @ https://onvio.com.br/staff/#/dashboard-core-center:0
[   17065ms] [WARNING] Failed to decode downloaded font: https://onvio.com.br/staff/SourceSans3-Regular.ttf.dab9805cb7eb3d8f.woff @ https://onvio.com.br/staff/#/dashboard-core-center:0
[   17065ms] [WARNING] OTS parsing error: incorrect file size in WOFF header @ https://onvio.com.br/staff/#/dashboard-core-center:0
[   17065ms] [WARNING] Failed to decode downloaded font: https://onvio.com.br/staff/SourceSans3-Regular.114f93b5f3b7d159.otf @ https://onvio.com.br/staff/#/dashboard-core-center:0
[   17065ms] [WARNING] OTS parsing error: bad table directory searchRange
bad table directory entrySelector
bad table directory rangeShift
Invalid table tag: 0x604241
 `BA: misaligned table @ https://onvio.com.br/staff/#/dashboard-core-center:0
[   17066ms] [WARNING] Failed to decode downloaded font: https://onvio.com.br/staff/SourceSans3-Regular.ab920762075b81fb.ttf @ https://onvio.com.br/staff/#/dashboard-core-center:0
[   17066ms] [WARNING] OTS parsing error: BASE: invalid table offset @ https://onvio.com.br/staff/#/dashboard-core-center:0
[   17066ms] [WARNING] Failed to decode downloaded font: https://onvio.com.br/staff/SourceSans3VF-Upright.ttf.e7f20fc9b00b0e8a.woff2 @ https://onvio.com.br/staff/#/dashboard-core-center:0
[   17066ms] [WARNING] OTS parsing error: Failed to convert WOFF 2.0 font to SFNT @ https://onvio.com.br/staff/#/dashboard-core-center:0
[   17066ms] [WARNING] Failed to decode downloaded font: https://onvio.com.br/staff/SourceSans3VF-Upright.ttf.e7f20fc9b00b0e8a.woff2 @ https://onvio.com.br/staff/#/dashboard-core-center:0
[   17066ms] [WARNING] OTS parsing error: Failed to convert WOFF 2.0 font to SFNT @ https://onvio.com.br/staff/#/dashboard-core-center:0
[   17066ms] [WARNING] Failed to decode downloaded font: https://onvio.com.br/staff/SourceSans3VF-Upright.ttf.e7f20fc9b00b0e8a.woff2 @ https://onvio.com.br/staff/#/dashboard-core-center:0
[   17066ms] [WARNING] OTS parsing error: Failed to convert WOFF 2.0 font to SFNT @ https://onvio.com.br/staff/#/dashboard-core-center:0
[   17066ms] [WARNING] Failed to decode downloaded font: https://onvio.com.br/staff/SourceSans3VF-Upright.ttf.e7f20fc9b00b0e8a.woff2 @ https://onvio.com.br/staff/#/dashboard-core-center:0
[   17066ms] [WARNING] OTS parsing error: Failed to convert WOFF 2.0 font to SFNT @ https://onvio.com.br/staff/#/dashboard-core-center:0
[   17066ms] [WARNING] Failed to decode downloaded font: https://onvio.com.br/staff/SourceSans3VF-Upright.ttf.e7f20fc9b00b0e8a.woff2 @ https://onvio.com.br/staff/#/dashboard-core-center:0
[   17066ms] [WARNING] OTS parsing error: Failed to convert WOFF 2.0 font to SFNT @ https://onvio.com.br/staff/#/dashboard-core-center:0
[   17066ms] [WARNING] Failed to decode downloaded font: https://onvio.com.br/staff/SourceSans3VF-Upright.ttf.e7f20fc9b00b0e8a.woff2 @ https://onvio.com.br/staff/#/dashboard-core-center:0
[   17066ms] [WARNING] OTS parsing error: Failed to convert WOFF 2.0 font to SFNT @ https://onvio.com.br/staff/#/dashboard-core-center:0
[   17067ms] [WARNING] Failed to decode downloaded font: https://onvio.com.br/staff/SourceSans3VF-Upright.ttf.e7f20fc9b00b0e8a.woff2 @ https://onvio.com.br/staff/#/dashboard-core-center:0
[   17067ms] [WARNING] OTS parsing error: Failed to convert WOFF 2.0 font to SFNT @ https://onvio.com.br/staff/#/dashboard-core-center:0
[   17067ms] [WARNING] Failed to decode downloaded font: https://onvio.com.br/staff/SourceSans3VF-Upright.ttf.e7f20fc9b00b0e8a.woff2 @ https://onvio.com.br/staff/#/dashboard-core-center:0
[   17067ms] [WARNING] OTS parsing error: Failed to convert WOFF 2.0 font to SFNT @ https://onvio.com.br/staff/#/dashboard-core-center:0
[   17067ms] [WARNING] Failed to decode downloaded font: https://onvio.com.br/staff/SourceSans3VF-Upright.ttf.e7f20fc9b00b0e8a.woff2 @ https://onvio.com.br/staff/#/dashboard-core-center:0
[   17067ms] [WARNING] OTS parsing error: Failed to convert WOFF 2.0 font to SFNT @ https://onvio.com.br/staff/#/dashboard-core-center:0
[   17067ms] [WARNING] Failed to decode downloaded font: https://onvio.com.br/staff/SourceSans3-Regular.ttf.dab9805cb7eb3d8f.woff @ https://onvio.com.br/staff/#/dashboard-core-center:0
[   17067ms] [WARNING] OTS parsing error: incorrect file size in WOFF header @ https://onvio.com.br/staff/#/dashboard-core-center:0
[   17067ms] [WARNING] Failed to decode downloaded font: https://onvio.com.br/staff/SourceSans3-Regular.114f93b5f3b7d159.otf @ https://onvio.com.br/staff/#/dashboard-core-center:0
[   17067ms] [WARNING] OTS parsing error: bad table directory searchRange
bad table directory entrySelector
bad table directory rangeShift
Invalid table tag: 0x604241
 `BA: misaligned table @ https://onvio.com.br/staff/#/dashboard-core-center:0
[   17067ms] [WARNING] Failed to decode downloaded font: https://onvio.com.br/staff/SourceSans3-Regular.ab920762075b81fb.ttf @ https://onvio.com.br/staff/#/dashboard-core-center:0
[   17067ms] [WARNING] OTS parsing error: BASE: invalid table offset @ https://onvio.com.br/staff/#/dashboard-core-center:0
[   17067ms] [WARNING] Failed to decode downloaded font: https://onvio.com.br/staff/SourceSans3VF-Upright.ttf.e7f20fc9b00b0e8a.woff2 @ https://onvio.com.br/staff/#/dashboard-core-center:0
[   17067ms] [WARNING] OTS parsing error: Failed to convert WOFF 2.0 font to SFNT @ https://onvio.com.br/staff/#/dashboard-core-center:0
[   17067ms] [WARNING] Failed to decode downloaded font: https://onvio.com.br/staff/SourceSans3-Regular.ttf.dab9805cb7eb3d8f.woff @ https://onvio.com.br/staff/#/dashboard-core-center:0
[   17067ms] [WARNING] OTS parsing error: incorrect file size in WOFF header @ https://onvio.com.br/staff/#/dashboard-core-center:0
[   17067ms] [WARNING] Failed to decode downloaded font: https://onvio.com.br/staff/SourceSans3-Regular.114f93b5f3b7d159.otf @ https://onvio.com.br/staff/#/dashboard-core-center:0
[   17068ms] [WARNING] OTS parsing error: bad table directory searchRange
bad table directory entrySelector
bad table directory rangeShift
Invalid table tag: 0x604241
 `BA: misaligned table @ https://onvio.com.br/staff/#/dashboard-core-center:0
[   17068ms] [WARNING] Failed to decode downloaded font: https://onvio.com.br/staff/SourceSans3-Regular.ab920762075b81fb.ttf @ https://onvio.com.br/staff/#/dashboard-core-center:0
[   17068ms] [WARNING] OTS parsing error: BASE: invalid table offset @ https://onvio.com.br/staff/#/dashboard-core-center:0
[   17068ms] [WARNING] Failed to decode downloaded font: https://onvio.com.br/staff/SourceSans3VF-Upright.ttf.e7f20fc9b00b0e8a.woff2 @ https://onvio.com.br/staff/#/dashboard-core-center:0
[   17068ms] [WARNING] OTS parsing error: Failed to convert WOFF 2.0 font to SFNT @ https://onvio.com.br/staff/#/dashboard-core-center:0
[   17068ms] [WARNING] Failed to decode downloaded font: https://onvio.com.br/staff/SourceSans3-Regular.ttf.dab9805cb7eb3d8f.woff @ https://onvio.com.br/staff/#/dashboard-core-center:0
[   17068ms] [WARNING] OTS parsing error: incorrect file size in WOFF header @ https://onvio.com.br/staff/#/dashboard-core-center:0
[   17068ms] [WARNING] Failed to decode downloaded font: https://onvio.com.br/staff/SourceSans3-Regular.114f93b5f3b7d159.otf @ https://onvio.com.br/staff/#/dashboard-core-center:0
[   17068ms] [WARNING] OTS parsing error: bad table directory searchRange
bad table directory entrySelector
bad table directory rangeShift
Invalid table tag: 0x604241
 `BA: misaligned table @ https://onvio.com.br/staff/#/dashboard-core-center:0
[   17068ms] [WARNING] Failed to decode downloaded font: https://onvio.com.br/staff/SourceSans3-Regular.ab920762075b81fb.ttf @ https://onvio.com.br/staff/#/dashboard-core-center:0
[   17068ms] [WARNING] OTS parsing error: BASE: invalid table offset @ https://onvio.com.br/staff/#/dashboard-core-center:0
[   17068ms] [WARNING] Failed to decode downloaded font: https://onvio.com.br/staff/SourceSans3VF-Upright.ttf.e7f20fc9b00b0e8a.woff2 @ https://onvio.com.br/staff/#/dashboard-core-center:0
[   17068ms] [WARNING] OTS parsing error: Failed to convert WOFF 2.0 font to SFNT @ https://onvio.com.br/staff/#/dashboard-core-center:0
[   17068ms] [WARNING] Failed to decode downloaded font: https://onvio.com.br/staff/SourceSans3-Regular.ttf.dab9805cb7eb3d8f.woff @ https://onvio.com.br/staff/#/dashboard-core-center:0
[   17068ms] [WARNING] OTS parsing error: incorrect file size in WOFF header @ https://onvio.com.br/staff/#/dashboard-core-center:0
[   17068ms] [WARNING] Failed to decode downloaded font: https://onvio.com.br/staff/SourceSans3-Regular.114f93b5f3b7d159.otf @ https://onvio.com.br/staff/#/dashboard-core-center:0
[   17068ms] [WARNING] OTS parsing error: bad table directory searchRange
bad table directory entrySelector
bad table directory rangeShift
Invalid table tag: 0x604241
 `BA: misaligned table @ https://onvio.com.br/staff/#/dashboard-core-center:0
[   17068ms] [WARNING] Failed to decode downloaded font: https://onvio.com.br/staff/SourceSans3-Regular.ab920762075b81fb.ttf @ https://onvio.com.br/staff/#/dashboard-core-center:0
[   17069ms] [WARNING] OTS parsing error: BASE: invalid table offset @ https://onvio.com.br/staff/#/dashboard-core-center:0
[   17069ms] [WARNING] Failed to decode downloaded font: https://onvio.com.br/staff/SourceSans3VF-Upright.ttf.e7f20fc9b00b0e8a.woff2 @ https://onvio.com.br/staff/#/dashboard-core-center:0
[   17069ms] [WARNING] OTS parsing error: Failed to convert WOFF 2.0 font to SFNT @ https://onvio.com.br/staff/#/dashboard-core-center:0
[   17069ms] [WARNING] Failed to decode downloaded font: https://onvio.com.br/staff/SourceSans3-Regular.ttf.dab9805cb7eb3d8f.woff @ https://onvio.com.br/staff/#/dashboard-core-center:0
[   17069ms] [WARNING] OTS parsing error: incorrect file size in WOFF header @ https://onvio.com.br/staff/#/dashboard-core-center:0
[   17069ms] [WARNING] Failed to decode downloaded font: https://onvio.com.br/staff/SourceSans3-Regular.114f93b5f3b7d159.otf @ https://onvio.com.br/staff/#/dashboard-core-center:0
[   17069ms] [WARNING] OTS parsing error: bad table directory searchRange
bad table directory entrySelector
bad table directory rangeShift
Invalid table tag: 0x604241
 `BA: misaligned table @ https://onvio.com.br/staff/#/dashboard-core-center:0
[   17069ms] [WARNING] Failed to decode downloaded font: https://onvio.com.br/staff/SourceSans3-Regular.ab920762075b81fb.ttf @ https://onvio.com.br/staff/#/dashboard-core-center:0
[   17069ms] [WARNING] OTS parsing error: BASE: invalid table offset @ https://onvio.com.br/staff/#/dashboard-core-center:0
[   17069ms] [WARNING] Failed to decode downloaded font: https://onvio.com.br/staff/SourceSans3VF-Upright.ttf.e7f20fc9b00b0e8a.woff2 @ https://onvio.com.br/staff/#/dashboard-core-center:0
[   17069ms] [WARNING] OTS parsing error: Failed to convert WOFF 2.0 font to SFNT @ https://onvio.com.br/staff/#/dashboard-core-center:0
[   17069ms] [WARNING] Failed to decode downloaded font: https://onvio.com.br/staff/SourceSans3-Regular.ttf.dab9805cb7eb3d8f.woff @ https://onvio.com.br/staff/#/dashboard-core-center:0
[   17069ms] [WARNING] OTS parsing error: incorrect file size in WOFF header @ https://onvio.com.br/staff/#/dashboard-core-center:0
[   17069ms] [WARNING] Failed to decode downloaded font: https://onvio.com.br/staff/SourceSans3-Regular.114f93b5f3b7d159.otf @ https://onvio.com.br/staff/#/dashboard-core-center:0
[   17069ms] [WARNING] OTS parsing error: bad table directory searchRange
bad table directory entrySelector
bad table directory rangeShift
Invalid table tag: 0x604241
 `BA: misaligned table @ https://onvio.com.br/staff/#/dashboard-core-center:0
[   17069ms] [WARNING] Failed to decode downloaded font: https://onvio.com.br/staff/SourceSans3-Regular.ab920762075b81fb.ttf @ https://onvio.com.br/staff/#/dashboard-core-center:0
[   17069ms] [WARNING] OTS parsing error: BASE: invalid table offset @ https://onvio.com.br/staff/#/dashboard-core-center:0
[   17069ms] [WARNING] Failed to decode downloaded font: https://onvio.com.br/staff/SourceSans3VF-Upright.ttf.e7f20fc9b00b0e8a.woff2 @ https://onvio.com.br/staff/#/dashboard-core-center:0
[   17070ms] [WARNING] OTS parsing error: Failed to convert WOFF 2.0 font to SFNT @ https://onvio.com.br/staff/#/dashboard-core-center:0
[   17070ms] [WARNING] Failed to decode downloaded font: https://onvio.com.br/staff/SourceSans3-Regular.ttf.dab9805cb7eb3d8f.woff @ https://onvio.com.br/staff/#/dashboard-core-center:0
[   17070ms] [WARNING] OTS parsing error: incorrect file size in WOFF header @ https://onvio.com.br/staff/#/dashboard-core-center:0
[   17070ms] [WARNING] Failed to decode downloaded font: https://onvio.com.br/staff/SourceSans3-Regular.114f93b5f3b7d159.otf @ https://onvio.com.br/staff/#/dashboard-core-center:0
[   17070ms] [WARNING] OTS parsing error: bad table directory searchRange
bad table directory entrySelector
bad table directory rangeShift
Invalid table tag: 0x604241
 `BA: misaligned table @ https://onvio.com.br/staff/#/dashboard-core-center:0
[   17070ms] [WARNING] Failed to decode downloaded font: https://onvio.com.br/staff/SourceSans3-Regular.ab920762075b81fb.ttf @ https://onvio.com.br/staff/#/dashboard-core-center:0
[   17070ms] [WARNING] OTS parsing error: BASE: invalid table offset @ https://onvio.com.br/staff/#/dashboard-core-center:0
[   17070ms] [WARNING] Failed to decode downloaded font: https://onvio.com.br/staff/SourceSans3VF-Upright.ttf.e7f20fc9b00b0e8a.woff2 @ https://onvio.com.br/staff/#/dashboard-core-center:0
[   17070ms] [WARNING] OTS parsing error: Failed to convert WOFF 2.0 font to SFNT @ https://onvio.com.br/staff/#/dashboard-core-center:0
[   17070ms] [WARNING] Failed to decode downloaded font: https://onvio.com.br/staff/SourceSans3-Regular.ttf.dab9805cb7eb3d8f.woff @ https://onvio.com.br/staff/#/dashboard-core-center:0
[   17070ms] [WARNING] OTS parsing error: incorrect file size in WOFF header @ https://onvio.com.br/staff/#/dashboard-core-center:0
[   17070ms] [WARNING] Failed to decode downloaded font: https://onvio.com.br/staff/SourceSans3-Regular.114f93b5f3b7d159.otf @ https://onvio.com.br/staff/#/dashboard-core-center:0
[   17070ms] [WARNING] OTS parsing error: bad table directory searchRange
bad table directory entrySelector
bad table directory rangeShift
Invalid table tag: 0x604241
 `BA: misaligned table @ https://onvio.com.br/staff/#/dashboard-core-center:0
[   17070ms] [WARNING] Failed to decode downloaded font: https://onvio.com.br/staff/SourceSans3-Regular.ab920762075b81fb.ttf @ https://onvio.com.br/staff/#/dashboard-core-center:0
[   17070ms] [WARNING] OTS parsing error: BASE: invalid table offset @ https://onvio.com.br/staff/#/dashboard-core-center:0
[   17070ms] [WARNING] Failed to decode downloaded font: https://onvio.com.br/staff/SourceSans3VF-Upright.ttf.e7f20fc9b00b0e8a.woff2 @ https://onvio.com.br/staff/#/dashboard-core-center:0
[   17070ms] [WARNING] OTS parsing error: Failed to convert WOFF 2.0 font to SFNT @ https://onvio.com.br/staff/#/dashboard-core-center:0
[   17070ms] [WARNING] Failed to decode downloaded font: https://onvio.com.br/staff/SourceSans3-Regular.114f93b5f3b7d159.otf @ https://onvio.com.br/staff/#/dashboard-core-center:0
[   17071ms] [WARNING] OTS parsing error: bad table directory searchRange
bad table directory entrySelector
bad table directory rangeShift
Invalid table tag: 0x604241
 `BA: misaligned table @ https://onvio.com.br/staff/#/dashboard-core-center:0
[   17071ms] [WARNING] Failed to decode downloaded font: https://onvio.com.br/staff/SourceSans3-Regular.ttf.dab9805cb7eb3d8f.woff @ https://onvio.com.br/staff/#/dashboard-core-center:0
[   17071ms] [WARNING] OTS parsing error: incorrect file size in WOFF header @ https://onvio.com.br/staff/#/dashboard-core-center:0
[   17071ms] [WARNING] Failed to decode downloaded font: https://onvio.com.br/staff/SourceSans3-Regular.ab920762075b81fb.ttf @ https://onvio.com.br/staff/#/dashboard-core-center:0
[   17071ms] [WARNING] OTS parsing error: BASE: invalid table offset @ https://onvio.com.br/staff/#/dashboard-core-center:0
[   17071ms] [WARNING] Failed to decode downloaded font: https://onvio.com.br/staff/SourceSans3VF-Upright.ttf.e7f20fc9b00b0e8a.woff2 @ https://onvio.com.br/staff/#/dashboard-core-center:0
[   17071ms] [WARNING] OTS parsing error: Failed to convert WOFF 2.0 font to SFNT @ https://onvio.com.br/staff/#/dashboard-core-center:0
[   17071ms] [WARNING] Failed to decode downloaded font: https://onvio.com.br/staff/SourceSans3-Regular.ttf.dab9805cb7eb3d8f.woff @ https://onvio.com.br/staff/#/dashboard-core-center:0
[   17071ms] [WARNING] OTS parsing error: incorrect file size in WOFF header @ https://onvio.com.br/staff/#/dashboard-core-center:0
[   17071ms] [WARNING] Failed to decode downloaded font: https://onvio.com.br/staff/SourceSans3-Regular.114f93b5f3b7d159.otf @ https://onvio.com.br/staff/#/dashboard-core-center:0
[   17072ms] [WARNING] OTS parsing error: bad table directory searchRange
bad table directory entrySelector
bad table directory rangeShift
Invalid table tag: 0x604241
 `BA: misaligned table @ https://onvio.com.br/staff/#/dashboard-core-center:0
[   17072ms] [WARNING] Failed to decode downloaded font: https://onvio.com.br/staff/SourceSans3-Regular.ab920762075b81fb.ttf @ https://onvio.com.br/staff/#/dashboard-core-center:0
[   17072ms] [WARNING] OTS parsing error: BASE: invalid table offset @ https://onvio.com.br/staff/#/dashboard-core-center:0
[   17072ms] [WARNING] Failed to decode downloaded font: https://onvio.com.br/staff/SourceSans3VF-Upright.ttf.e7f20fc9b00b0e8a.woff2 @ https://onvio.com.br/staff/#/dashboard-core-center:0
[   17072ms] [WARNING] OTS parsing error: Failed to convert WOFF 2.0 font to SFNT @ https://onvio.com.br/staff/#/dashboard-core-center:0
[   17072ms] [WARNING] Failed to decode downloaded font: https://onvio.com.br/staff/SourceSans3-Regular.ttf.dab9805cb7eb3d8f.woff @ https://onvio.com.br/staff/#/dashboard-core-center:0
[   17072ms] [WARNING] OTS parsing error: incorrect file size in WOFF header @ https://onvio.com.br/staff/#/dashboard-core-center:0
[   17072ms] [WARNING] Failed to decode downloaded font: https://onvio.com.br/staff/SourceSans3-Regular.114f93b5f3b7d159.otf @ https://onvio.com.br/staff/#/dashboard-core-center:0
[   17072ms] [WARNING] OTS parsing error: bad table directory searchRange
bad table directory entrySelector
bad table directory rangeShift
Invalid table tag: 0x604241
 `BA: misaligned table @ https://onvio.com.br/staff/#/dashboard-core-center:0
[   17072ms] [WARNING] Failed to decode downloaded font: https://onvio.com.br/staff/SourceSans3-Regular.ab920762075b81fb.ttf @ https://onvio.com.br/staff/#/dashboard-core-center:0
[   17072ms] [WARNING] OTS parsing error: BASE: invalid table offset @ https://onvio.com.br/staff/#/dashboard-core-center:0
[   17073ms] [WARNING] Failed to decode downloaded font: https://onvio.com.br/staff/SourceSans3VF-Upright.ttf.e7f20fc9b00b0e8a.woff2 @ https://onvio.com.br/staff/#/dashboard-core-center:0
[   17073ms] [WARNING] OTS parsing error: Failed to convert WOFF 2.0 font to SFNT @ https://onvio.com.br/staff/#/dashboard-core-center:0
[   17073ms] [WARNING] Failed to decode downloaded font: https://onvio.com.br/staff/SourceSans3-Regular.ttf.dab9805cb7eb3d8f.woff @ https://onvio.com.br/staff/#/dashboard-core-center:0
[   17073ms] [WARNING] OTS parsing error: incorrect file size in WOFF header @ https://onvio.com.br/staff/#/dashboard-core-center:0
[   17073ms] [WARNING] Failed to decode downloaded font: https://onvio.com.br/staff/SourceSans3-Regular.114f93b5f3b7d159.otf @ https://onvio.com.br/staff/#/dashboard-core-center:0
[   17073ms] [WARNING] OTS parsing error: bad table directory searchRange
bad table directory entrySelector
bad table directory rangeShift
Invalid table tag: 0x604241
 `BA: misaligned table @ https://onvio.com.br/staff/#/dashboard-core-center:0
[   17073ms] [WARNING] Failed to decode downloaded font: https://onvio.com.br/staff/SourceSans3-Regular.ab920762075b81fb.ttf @ https://onvio.com.br/staff/#/dashboard-core-center:0
[   17073ms] [WARNING] OTS parsing error: BASE: invalid table offset @ https://onvio.com.br/staff/#/dashboard-core-center:0
[   17073ms] [WARNING] Failed to decode downloaded font: https://onvio.com.br/staff/SourceSans3VF-Upright.ttf.e7f20fc9b00b0e8a.woff2 @ https://onvio.com.br/staff/#/dashboard-core-center:0
[   17073ms] [WARNING] OTS parsing error: Failed to convert WOFF 2.0 font to SFNT @ https://onvio.com.br/staff/#/dashboard-core-center:0
[   17073ms] [WARNING] Failed to decode downloaded font: https://onvio.com.br/staff/SourceSans3-Regular.ttf.dab9805cb7eb3d8f.woff @ https://onvio.com.br/staff/#/dashboard-core-center:0
[   17073ms] [WARNING] OTS parsing error: incorrect file size in WOFF header @ https://onvio.com.br/staff/#/dashboard-core-center:0
[   17073ms] [WARNING] Failed to decode downloaded font: https://onvio.com.br/staff/SourceSans3-Regular.114f93b5f3b7d159.otf @ https://onvio.com.br/staff/#/dashboard-core-center:0
[   17073ms] [WARNING] OTS parsing error: bad table directory searchRange
bad table directory entrySelector
bad table directory rangeShift
Invalid table tag: 0x604241
 `BA: misaligned table @ https://onvio.com.br/staff/#/dashboard-core-center:0
[   17074ms] [WARNING] Failed to decode downloaded font: https://onvio.com.br/staff/SourceSans3-Regular.ab920762075b81fb.ttf @ https://onvio.com.br/staff/#/dashboard-core-center:0
[   17074ms] [WARNING] OTS parsing error: BASE: invalid table offset @ https://onvio.com.br/staff/#/dashboard-core-center:0
[   17175ms] [ERROR] Could not find translation file: https://onvio.com.br/notification/assets/onviobr/form/i18n/pt-BR.json @ https://onvio.com.br/staff/8672.f47112ec8d1c8694.js:0
[   17178ms] [WARNING] Custom element bm-alert is already registered and the constructors are not the same function n(){var t,r;(0,i.default)(this,n);for(var a=arguments.length,s=new Array(a),l=0;l<a;l++)s[l]=arguments[l];return(r=e.call.apply(e,(0,o.default)(t=[this]).call(t,s))).type="info",r.closeable=!1,r} function g(){var T,R;(0,v.default)(this,g);for(var k=arguments.length,L=new Array(k),$=0;$<k;$++)L[$]=arguments[$];return(R=p.call.apply(p,(0,d.default)(T=[this]).call(T,L))).type="info",R.closeable=!1,R} @ https://onvio.com.br/notification/default-node_modules_onviobr_profile-screen_index_js.d2d5fd91d2f1fa84a995.js:0
[   17178ms] [WARNING] Custom element bm-alerts is already registered and the constructors are not the same function n(){var t,r;(0,v.default)(this,n);for(var a=arguments.length,o=new Array(a),i=0;i<a;i++)o[i]=arguments[i];return(r=e.call.apply(e,(0,f.default)(t=[this]).call(t,o))).alerts=[],r} function re(){var U,q;(0,E.default)(this,re);for(var ie=arguments.length,J=new Array(ie),G=0;G<ie;G++)J[G]=arguments[G];return(q=se.call.apply(se,(0,O.default)(U=[this]).call(U,J))).alerts=[],q} @ https://onvio.com.br/notification/default-node_modules_onviobr_profile-screen_index_js.d2d5fd91d2f1fa84a995.js:0
[   17178ms] [WARNING] Custom element bm-select is already registered and the constructors are not the same function r(){var t,e,a,o;return(0,l.default)(this,r),(o=n.call(this)).onSlotChange=(0,s.default)(t=o.onSlotChange).call(t,(0,c.default)(o)),o.onSelectFocus=(0,s.default)(e=o.onSelectFocus).call(e,(0,c.default)(o)),o.onSelectBlur=(0,s.default)(a=o.onSelectBlur).call(a,(0,c.default)(o)),o} function L(){var $,B,K,ce;return(0,_.default)(this,L),(ce=k.call(this)).onSlotChange=(0,b.default)($=ce.onSlotChange).call($,(0,y.default)(ce)),ce.onSelectFocus=(0,b.default)(B=ce.onSelectFocus).call(B,(0,y.default)(ce)),ce.onSelectBlur=(0,b.default)(K=ce.onSelectBlur).call(K,(0,y.default)(ce)),ce} @ https://onvio.com.br/notification/default-node_modules_onviobr_profile-screen_index_js.d2d5fd91d2f1fa84a995.js:0
[   17178ms] [WARNING] Custom element bm-loading is already registered and the constructors are not the same function n(){var t;return(0,o.default)(this,n),(t=e.call(this)).delay=300,t.active=!1,t.createVisibilityChanger(),t} function R(){var k;return(0,f.default)(this,R),(k=T.call(this)).delay=300,k.active=!1,k.createVisibilityChanger(),k} @ https://onvio.com.br/notification/default-node_modules_onviobr_profile-screen_index_js.d2d5fd91d2f1fa84a995.js:0
[   17178ms] [WARNING] Custom element bm-settings-page-layout is already registered and the constructors are not the same function r(){var t;return(0,i.Z)(this,r),(t=n.call(this)).hideSave=!1,t.profileType=void 0,t.profile={},t._onSave=t._onSave.bind((0,G.Z)(t)),t._onKeyup=t._onKeyup.bind((0,G.Z)(t)),t} function j(){var ge;return(0,Xl.Z)(this,j),(ge=Ft.call(this)).hideSave=!1,ge.profileType=void 0,ge.profile={},ge._onSave=ge._onSave.bind((0,gc.Z)(ge)),ge._onKeyup=ge._onKeyup.bind((0,gc.Z)(ge)),ge} @ https://onvio.com.br/notification/default-node_modules_onviobr_profile-screen_index_js.d2d5fd91d2f1fa84a995.js:0
[   17178ms] [WARNING] Custom element bm-alert is already registered and the constructors are not the same function n(){var t,r;(0,i.default)(this,n);for(var a=arguments.length,s=new Array(a),l=0;l<a;l++)s[l]=arguments[l];return(r=e.call.apply(e,(0,o.default)(t=[this]).call(t,s))).type="info",r.closeable=!1,r} function g(){var T,R;(0,v.default)(this,g);for(var k=arguments.length,L=new Array(k),$=0;$<k;$++)L[$]=arguments[$];return(R=p.call.apply(p,(0,d.default)(T=[this]).call(T,L))).type="info",R.closeable=!1,R} @ https://onvio.com.br/notification/default-node_modules_onviobr_profile-screen_index_js.d2d5fd91d2f1fa84a995.js:0
[   17179ms] [WARNING] Custom element bm-alerts is already registered and the constructors are not the same function n(){var t,r;(0,v.default)(this,n);for(var a=arguments.length,o=new Array(a),i=0;i<a;i++)o[i]=arguments[i];return(r=e.call.apply(e,(0,f.default)(t=[this]).call(t,o))).alerts=[],r} function re(){var U,q;(0,E.default)(this,re);for(var ie=arguments.length,J=new Array(ie),G=0;G<ie;G++)J[G]=arguments[G];return(q=se.call.apply(se,(0,O.default)(U=[this]).call(U,J))).alerts=[],q} @ https://onvio.com.br/notification/default-node_modules_onviobr_profile-screen_index_js.d2d5fd91d2f1fa84a995.js:0
[   17179ms] [WARNING] Custom element bm-modal is already registered and the constructors are not the same function n(){var t,r;(0,s.default)(this,n);for(var a=arguments.length,o=new Array(a),l=0;l<a;l++)o[l]=arguments[l];return(r=e.call.apply(e,(0,i.default)(t=[this]).call(t,o))).modalTitle=void 0,r.modalSize="medium",r.backdropClose=!0,r.focusModal=!0,r.focusCloseBtn=!1,r.closeButtonQeId=void 0,r} function $(){var B,K;(0,v.default)(this,$);for(var ce=arguments.length,Y=new Array(ce),se=0;se<ce;se++)Y[se]=arguments[se];return(K=L.call.apply(L,(0,d.default)(B=[this]).call(B,Y))).modalTitle=void 0,K.modalSize="medium",K.backdropClose=!0,K.focusModal=!0,K.focusCloseBtn=!1,K.closeButtonQeId=void 0,K} @ https://onvio.com.br/notification/default-node_modules_onviobr_profile-screen_index_js.d2d5fd91d2f1fa84a995.js:0
[   17179ms] [WARNING] Custom element bm-loading is already registered and the constructors are not the same function n(){var t;return(0,o.default)(this,n),(t=e.call(this)).delay=300,t.active=!1,t.createVisibilityChanger(),t} function R(){var k;return(0,f.default)(this,R),(k=T.call(this)).delay=300,k.active=!1,k.createVisibilityChanger(),k} @ https://onvio.com.br/notification/default-node_modules_onviobr_profile-screen_index_js.d2d5fd91d2f1fa84a995.js:0
[   17179ms] [WARNING] Custom element bm-settings-terms is already registered and the constructors are not the same function r(){var t;return(0,i.Z)(this,r),(t=n.call(this)).useNewTheme=!1,t.readOnly=!1,t.terms=void 0,t.signatory=void 0,t.onAgree=t.onAgree.bind((0,G.Z)(t)),t.onDisagree=t.onDisagree.bind((0,G.Z)(t)),t.onClose=t.onClose.bind((0,G.Z)(t)),t} function j(){var ge;return(0,Xl.Z)(this,j),(ge=Ft.call(this)).useNewTheme=!1,ge.readOnly=!1,ge.terms=void 0,ge.signatory=void 0,ge.onAgree=ge.onAgree.bind((0,gc.Z)(ge)),ge.onDisagree=ge.onDisagree.bind((0,gc.Z)(ge)),ge.onClose=ge.onClose.bind((0,gc.Z)(ge)),ge} @ https://onvio.com.br/notification/default-node_modules_onviobr_profile-screen_index_js.d2d5fd91d2f1fa84a995.js:0
[   17180ms] [WARNING] Custom element bm-settings-account-information is already registered and the constructors are not the same function E(){var t,e;(0,i.Z)(this,E);for(var n=arguments.length,r=new Array(n),a=0;a<n;a++)r[a]=arguments[a];return(e=S.call.apply(S,y()(t=[this]).call(t,r))).mode=void 0,e.hideLanguage=!1,e.hideMiddleName=!1,e.profileType=void 0,e.working=!1,e.isClient=!1,e.hideProfileMiddleNameToBr=!1,e.languages=[],e.profile={},e.terms=void 0,e.signatory=void 0,e.initialEmail=void 0,e.initialLanguage=void 0,e} function j(){var ge,$e;(0,Xl.Z)(this,j);for(var Rt=arguments.length,bn=new Array(Rt),Vn=0;Vn<Rt;Vn++)bn[Vn]=arguments[Vn];return($e=Ft.call.apply(Ft,da()(ge=[this]).call(ge,bn))).mode=void 0,$e.hideLanguage=!1,$e.hideMiddleName=!1,$e.profileType=void 0,$e.working=!1,$e.isClient=!1,$e.hideProfileMiddleNameToBr=!1,$e.languages=[],$e.profile={},$e.terms=void 0,$e.signatory=void 0,$e.initialEmail=void 0,$e.initialLanguage=void 0,$e} @ https://onvio.com.br/notification/default-node_modules_onviobr_profile-screen_index_js.d2d5fd91d2f1fa84a995.js:0
[   17180ms] [WARNING] Custom element bm-alert is already registered and the constructors are not the same function n(){var t,r;(0,i.default)(this,n);for(var a=arguments.length,s=new Array(a),l=0;l<a;l++)s[l]=arguments[l];return(r=e.call.apply(e,(0,o.default)(t=[this]).call(t,s))).type="info",r.closeable=!1,r} function g(){var T,R;(0,v.default)(this,g);for(var k=arguments.length,L=new Array(k),$=0;$<k;$++)L[$]=arguments[$];return(R=p.call.apply(p,(0,d.default)(T=[this]).call(T,L))).type="info",R.closeable=!1,R} @ https://onvio.com.br/notification/default-node_modules_onviobr_profile-screen_index_js.d2d5fd91d2f1fa84a995.js:0
[   17180ms] [WARNING] Custom element bm-alerts is already registered and the constructors are not the same function n(){var t,r;(0,v.default)(this,n);for(var a=arguments.length,o=new Array(a),i=0;i<a;i++)o[i]=arguments[i];return(r=e.call.apply(e,(0,f.default)(t=[this]).call(t,o))).alerts=[],r} function re(){var U,q;(0,E.default)(this,re);for(var ie=arguments.length,J=new Array(ie),G=0;G<ie;G++)J[G]=arguments[G];return(q=se.call.apply(se,(0,O.default)(U=[this]).call(U,J))).alerts=[],q} @ https://onvio.com.br/notification/default-node_modules_onviobr_profile-screen_index_js.d2d5fd91d2f1fa84a995.js:0
[   17180ms] [WARNING] Custom element bm-modal is already registered and the constructors are not the same function n(){var t,r;(0,s.default)(this,n);for(var a=arguments.length,o=new Array(a),l=0;l<a;l++)o[l]=arguments[l];return(r=e.call.apply(e,(0,i.default)(t=[this]).call(t,o))).modalTitle=void 0,r.modalSize="medium",r.backdropClose=!0,r.focusModal=!0,r.focusCloseBtn=!1,r.closeButtonQeId=void 0,r} function $(){var B,K;(0,v.default)(this,$);for(var ce=arguments.length,Y=new Array(ce),se=0;se<ce;se++)Y[se]=arguments[se];return(K=L.call.apply(L,(0,d.default)(B=[this]).call(B,Y))).modalTitle=void 0,K.modalSize="medium",K.backdropClose=!0,K.focusModal=!0,K.focusCloseBtn=!1,K.closeButtonQeId=void 0,K} @ https://onvio.com.br/notification/default-node_modules_onviobr_profile-screen_index_js.d2d5fd91d2f1fa84a995.js:0
[   17181ms] [WARNING] Custom element bm-toggle is already registered and the constructors are not the same function n(){var t,r;(0,o.default)(this,n);for(var i=arguments.length,s=new Array(i),l=0;l<i;l++)s[l]=arguments[l];return(r=e.call.apply(e,(0,a.default)(t=[this]).call(t,s))).on=!1,r} function g(){var T,R;(0,d.default)(this,g);for(var k=arguments.length,L=new Array(k),$=0;$<k;$++)L[$]=arguments[$];return(R=p.call.apply(p,(0,f.default)(T=[this]).call(T,L))).on=!1,R} @ https://onvio.com.br/notification/default-node_modules_onviobr_profile-screen_index_js.d2d5fd91d2f1fa84a995.js:0
[   17181ms] [WARNING] Custom element bm-popover-element is already registered and the constructors are not the same function n(){return(0,l.default)(this,n),e.apply(this,arguments)} function $(){return(0,_.default)(this,$),L.apply(this,arguments)} @ https://onvio.com.br/notification/default-node_modules_onviobr_profile-screen_index_js.d2d5fd91d2f1fa84a995.js:0
[   17181ms] [WARNING] Custom element bm-popover is already registered and the constructors are not the same function n(){var t,r;return(0,l.default)(this,n),(r=e.call(this)).placement=b.Top,r.trigger="click",r.pop=document.createElement("bm-popover-element"),r.popper=void 0,r.onDocumentClick=(0,a.default)(t=r.onDocumentClick).call(t,(0,o.default)(r)),r} function $(){var B,K;return(0,_.default)(this,$),(K=L.call(this)).placement=g.Top,K.trigger="click",K.pop=document.createElement("bm-popover-element"),K.popper=void 0,K.onDocumentClick=(0,f.default)(B=K.onDocumentClick).call(B,(0,d.default)(K)),K} @ https://onvio.com.br/notification/default-node_modules_onviobr_profile-screen_index_js.d2d5fd91d2f1fa84a995.js:0
[   17182ms] [WARNING] Custom element bm-settings-page-layout is already registered and the constructors are not the same function r(){var t;return(0,i.Z)(this,r),(t=n.call(this)).hideSave=!1,t.profileType=void 0,t.profile={},t._onSave=t._onSave.bind((0,G.Z)(t)),t._onKeyup=t._onKeyup.bind((0,G.Z)(t)),t} function j(){var ge;return(0,Xl.Z)(this,j),(ge=Ft.call(this)).hideSave=!1,ge.profileType=void 0,ge.profile={},ge._onSave=ge._onSave.bind((0,gc.Z)(ge)),ge._onKeyup=ge._onKeyup.bind((0,gc.Z)(ge)),ge} @ https://onvio.com.br/notification/default-node_modules_onviobr_profile-screen_index_js.d2d5fd91d2f1fa84a995.js:0
[   17182ms] [WARNING] Custom element bm-linked-account-detail is already registered and the constructors are not the same function n(){var t,r;(0,i.Z)(this,n);for(var a=arguments.length,o=new Array(a),s=0;s<a;s++)o[s]=arguments[s];return(r=e.call.apply(e,y()(t=[this]).call(t,o))).account={},r} function j(){var ge,$e;(0,Xl.Z)(this,j);for(var Rt=arguments.length,bn=new Array(Rt),Vn=0;Vn<Rt;Vn++)bn[Vn]=arguments[Vn];return($e=Ft.call.apply(Ft,da()(ge=[this]).call(ge,bn))).account={},$e} @ https://onvio.com.br/notification/default-node_modules_onviobr_profile-screen_index_js.d2d5fd91d2f1fa84a995.js:0
[   17182ms] [WARNING] Custom element bm-alert is already registered and the constructors are not the same function n(){var t,r;(0,i.default)(this,n);for(var a=arguments.length,s=new Array(a),l=0;l<a;l++)s[l]=arguments[l];return(r=e.call.apply(e,(0,o.default)(t=[this]).call(t,s))).type="info",r.closeable=!1,r} function g(){var T,R;(0,v.default)(this,g);for(var k=arguments.length,L=new Array(k),$=0;$<k;$++)L[$]=arguments[$];return(R=p.call.apply(p,(0,d.default)(T=[this]).call(T,L))).type="info",R.closeable=!1,R} @ https://onvio.com.br/notification/default-node_modules_onviobr_profile-screen_index_js.d2d5fd91d2f1fa84a995.js:0
[   17182ms] [WARNING] Custom element bm-alerts is already registered and the constructors are not the same function n(){var t,r;(0,v.default)(this,n);for(var a=arguments.length,o=new Array(a),i=0;i<a;i++)o[i]=arguments[i];return(r=e.call.apply(e,(0,f.default)(t=[this]).call(t,o))).alerts=[],r} function re(){var U,q;(0,E.default)(this,re);for(var ie=arguments.length,J=new Array(ie),G=0;G<ie;G++)J[G]=arguments[G];return(q=se.call.apply(se,(0,O.default)(U=[this]).call(U,J))).alerts=[],q} @ https://onvio.com.br/notification/default-node_modules_onviobr_profile-screen_index_js.d2d5fd91d2f1fa84a995.js:0
[   17182ms] [WARNING] Custom element bm-modal is already registered and the constructors are not the same function n(){var t,r;(0,s.default)(this,n);for(var a=arguments.length,o=new Array(a),l=0;l<a;l++)o[l]=arguments[l];return(r=e.call.apply(e,(0,i.default)(t=[this]).call(t,o))).modalTitle=void 0,r.modalSize="medium",r.backdropClose=!0,r.focusModal=!0,r.focusCloseBtn=!1,r.closeButtonQeId=void 0,r} function $(){var B,K;(0,v.default)(this,$);for(var ce=arguments.length,Y=new Array(ce),se=0;se<ce;se++)Y[se]=arguments[se];return(K=L.call.apply(L,(0,d.default)(B=[this]).call(B,Y))).modalTitle=void 0,K.modalSize="medium",K.backdropClose=!0,K.focusModal=!0,K.focusCloseBtn=!1,K.closeButtonQeId=void 0,K} @ https://onvio.com.br/notification/default-node_modules_onviobr_profile-screen_index_js.d2d5fd91d2f1fa84a995.js:0
[   17182ms] [WARNING] Custom element bm-loading is already registered and the constructors are not the same function n(){var t;return(0,o.default)(this,n),(t=e.call(this)).delay=300,t.active=!1,t.createVisibilityChanger(),t} function R(){var k;return(0,f.default)(this,R),(k=T.call(this)).delay=300,k.active=!1,k.createVisibilityChanger(),k} @ https://onvio.com.br/notification/default-node_modules_onviobr_profile-screen_index_js.d2d5fd91d2f1fa84a995.js:0
[   17183ms] [WARNING] Custom element bm-linked-account-detail is already registered and the constructors are not the same function n(){var t,r;(0,i.Z)(this,n);for(var a=arguments.length,o=new Array(a),s=0;s<a;s++)o[s]=arguments[s];return(r=e.call.apply(e,y()(t=[this]).call(t,o))).account={},r} function j(){var ge,$e;(0,Xl.Z)(this,j);for(var Rt=arguments.length,bn=new Array(Rt),Vn=0;Vn<Rt;Vn++)bn[Vn]=arguments[Vn];return($e=Ft.call.apply(Ft,da()(ge=[this]).call(ge,bn))).account={},$e} @ https://onvio.com.br/notification/default-node_modules_onviobr_profile-screen_index_js.d2d5fd91d2f1fa84a995.js:0
[   17183ms] [WARNING] Custom element bm-linked-account-add is already registered and the constructors are not the same function r(){var t,e;(0,i.Z)(this,r);for(var a=arguments.length,o=new Array(a),s=0;s<a;s++)o[s]=arguments[s];return(e=n.call.apply(n,y()(t=[this]).call(t,o))).email="",e.password="",e.working=!1,e} function j(){var ge,$e;(0,Xl.Z)(this,j);for(var Rt=arguments.length,bn=new Array(Rt),Vn=0;Vn<Rt;Vn++)bn[Vn]=arguments[Vn];return($e=Ft.call.apply(Ft,da()(ge=[this]).call(ge,bn))).email="",$e.password="",$e.working=!1,$e} @ https://onvio.com.br/notification/default-node_modules_onviobr_profile-screen_index_js.d2d5fd91d2f1fa84a995.js:0
[   17183ms] [WARNING] Custom element bm-alert is already registered and the constructors are not the same function n(){var t,r;(0,i.default)(this,n);for(var a=arguments.length,s=new Array(a),l=0;l<a;l++)s[l]=arguments[l];return(r=e.call.apply(e,(0,o.default)(t=[this]).call(t,s))).type="info",r.closeable=!1,r} function g(){var T,R;(0,v.default)(this,g);for(var k=arguments.length,L=new Array(k),$=0;$<k;$++)L[$]=arguments[$];return(R=p.call.apply(p,(0,d.default)(T=[this]).call(T,L))).type="info",R.closeable=!1,R} @ https://onvio.com.br/notification/default-node_modules_onviobr_profile-screen_index_js.d2d5fd91d2f1fa84a995.js:0
[   17183ms] [WARNING] Custom element bm-alerts is already registered and the constructors are not the same function n(){var t,r;(0,v.default)(this,n);for(var a=arguments.length,o=new Array(a),i=0;i<a;i++)o[i]=arguments[i];return(r=e.call.apply(e,(0,f.default)(t=[this]).call(t,o))).alerts=[],r} function re(){var U,q;(0,E.default)(this,re);for(var ie=arguments.length,J=new Array(ie),G=0;G<ie;G++)J[G]=arguments[G];return(q=se.call.apply(se,(0,O.default)(U=[this]).call(U,J))).alerts=[],q} @ https://onvio.com.br/notification/default-node_modules_onviobr_profile-screen_index_js.d2d5fd91d2f1fa84a995.js:0
[   17183ms] [WARNING] Custom element bm-modal is already registered and the constructors are not the same function n(){var t,r;(0,s.default)(this,n);for(var a=arguments.length,o=new Array(a),l=0;l<a;l++)o[l]=arguments[l];return(r=e.call.apply(e,(0,i.default)(t=[this]).call(t,o))).modalTitle=void 0,r.modalSize="medium",r.backdropClose=!0,r.focusModal=!0,r.focusCloseBtn=!1,r.closeButtonQeId=void 0,r} function $(){var B,K;(0,v.default)(this,$);for(var ce=arguments.length,Y=new Array(ce),se=0;se<ce;se++)Y[se]=arguments[se];return(K=L.call.apply(L,(0,d.default)(B=[this]).call(B,Y))).modalTitle=void 0,K.modalSize="medium",K.backdropClose=!0,K.focusModal=!0,K.focusCloseBtn=!1,K.closeButtonQeId=void 0,K} @ https://onvio.com.br/notification/default-node_modules_onviobr_profile-screen_index_js.d2d5fd91d2f1fa84a995.js:0
[   17183ms] [WARNING] Custom element bm-loading is already registered and the constructors are not the same function n(){var t;return(0,o.default)(this,n),(t=e.call(this)).delay=300,t.active=!1,t.createVisibilityChanger(),t} function R(){var k;return(0,f.default)(this,R),(k=T.call(this)).delay=300,k.active=!1,k.createVisibilityChanger(),k} @ https://onvio.com.br/notification/default-node_modules_onviobr_profile-screen_index_js.d2d5fd91d2f1fa84a995.js:0
[   17184ms] [WARNING] Custom element bm-linked-account-detail is already registered and the constructors are not the same function n(){var t,r;(0,i.Z)(this,n);for(var a=arguments.length,o=new Array(a),s=0;s<a;s++)o[s]=arguments[s];return(r=e.call.apply(e,y()(t=[this]).call(t,o))).account={},r} function j(){var ge,$e;(0,Xl.Z)(this,j);for(var Rt=arguments.length,bn=new Array(Rt),Vn=0;Vn<Rt;Vn++)bn[Vn]=arguments[Vn];return($e=Ft.call.apply(Ft,da()(ge=[this]).call(ge,bn))).account={},$e} @ https://onvio.com.br/notification/default-node_modules_onviobr_profile-screen_index_js.d2d5fd91d2f1fa84a995.js:0
[   17184ms] [WARNING] Custom element bm-settings-linked-accounts-edit is already registered and the constructors are not the same function r(){var t,e;(0,i.Z)(this,r);for(var a=arguments.length,o=new Array(a),s=0;s<a;s++)o[s]=arguments[s];return(e=n.call.apply(n,y()(t=[this]).call(t,o))).account={},e.nickname="",e.working=!1,e} function j(){var ge,$e;(0,Xl.Z)(this,j);for(var Rt=arguments.length,bn=new Array(Rt),Vn=0;Vn<Rt;Vn++)bn[Vn]=arguments[Vn];return($e=Ft.call.apply(Ft,da()(ge=[this]).call(ge,bn))).account={},$e.nickname="",$e.working=!1,$e} @ https://onvio.com.br/notification/default-node_modules_onviobr_profile-screen_index_js.d2d5fd91d2f1fa84a995.js:0
[   17184ms] [WARNING] Custom element bm-settings-linked-accounts is already registered and the constructors are not the same function w(){var t;return(0,i.Z)(this,w),(t=b.call(this)).hideTitle=!1,t.product=rn.onvio,t.profileType=void 0,t.accounts=[],t.profile={},t.currentUser=null,t.isUnlinkButtonDisabled=!1,t.working=!1,t.commBus=void 0,t.commBus=(0,it.omnibus)("linked-account"),t} function j(){var ge;return(0,Xl.Z)(this,j),(ge=Ft.call(this)).hideTitle=!1,ge.product="onvio",ge.profileType=void 0,ge.accounts=[],ge.profile={},ge.currentUser=null,ge.isUnlinkButtonDisabled=!1,ge.working=!1,ge.commBus=void 0,ge.commBus=(0,tC.omnibus)("linked-account"),ge} @ https://onvio.com.br/notification/default-node_modules_onviobr_profile-screen_index_js.d2d5fd91d2f1fa84a995.js:0
[   17184ms] [WARNING] Custom element bm-settings-menu is already registered and the constructors are not the same function r(){var t;return(0,i.Z)(this,r),(t=n.call(this)).active="",t.isMenuOpen=!1,t.showMenu=!1,t.showMenu=tr.matches,t.onMediaQueryChange=t.onMediaQueryChange.bind((0,G.Z)(t)),t} function j(){var ge;return(0,Xl.Z)(this,j),(ge=Ft.call(this)).active="",ge.isMenuOpen=!1,ge.showMenu=!1,ge.showMenu=M0.matches,ge.onMediaQueryChange=ge.onMediaQueryChange.bind((0,gc.Z)(ge)),ge} @ https://onvio.com.br/notification/default-node_modules_onviobr_profile-screen_index_js.d2d5fd91d2f1fa84a995.js:0
[   17184ms] [WARNING] Custom element bm-alert is already registered and the constructors are not the same function n(){var t,r;(0,i.default)(this,n);for(var a=arguments.length,s=new Array(a),l=0;l<a;l++)s[l]=arguments[l];return(r=e.call.apply(e,(0,o.default)(t=[this]).call(t,s))).type="info",r.closeable=!1,r} function g(){var T,R;(0,v.default)(this,g);for(var k=arguments.length,L=new Array(k),$=0;$<k;$++)L[$]=arguments[$];return(R=p.call.apply(p,(0,d.default)(T=[this]).call(T,L))).type="info",R.closeable=!1,R} @ https://onvio.com.br/notification/default-node_modules_onviobr_profile-screen_index_js.d2d5fd91d2f1fa84a995.js:0
[   17185ms] [WARNING] Custom element bm-alerts is already registered and the constructors are not the same function n(){var t,r;(0,v.default)(this,n);for(var a=arguments.length,o=new Array(a),i=0;i<a;i++)o[i]=arguments[i];return(r=e.call.apply(e,(0,f.default)(t=[this]).call(t,o))).alerts=[],r} function re(){var U,q;(0,E.default)(this,re);for(var ie=arguments.length,J=new Array(ie),G=0;G<ie;G++)J[G]=arguments[G];return(q=se.call.apply(se,(0,O.default)(U=[this]).call(U,J))).alerts=[],q} @ https://onvio.com.br/notification/default-node_modules_onviobr_profile-screen_index_js.d2d5fd91d2f1fa84a995.js:0
[   17185ms] [WARNING] Custom element bm-loading is already registered and the constructors are not the same function n(){var t;return(0,o.default)(this,n),(t=e.call(this)).delay=300,t.active=!1,t.createVisibilityChanger(),t} function R(){var k;return(0,f.default)(this,R),(k=T.call(this)).delay=300,k.active=!1,k.createVisibilityChanger(),k} @ https://onvio.com.br/notification/default-node_modules_onviobr_profile-screen_index_js.d2d5fd91d2f1fa84a995.js:0
[   17185ms] [WARNING] Custom element bm-settings-page-layout is already registered and the constructors are not the same function r(){var t;return(0,i.Z)(this,r),(t=n.call(this)).hideSave=!1,t.profileType=void 0,t.profile={},t._onSave=t._onSave.bind((0,G.Z)(t)),t._onKeyup=t._onKeyup.bind((0,G.Z)(t)),t} function j(){var ge;return(0,Xl.Z)(this,j),(ge=Ft.call(this)).hideSave=!1,ge.profileType=void 0,ge.profile={},ge._onSave=ge._onSave.bind((0,gc.Z)(ge)),ge._onKeyup=ge._onKeyup.bind((0,gc.Z)(ge)),ge} @ https://onvio.com.br/notification/default-node_modules_onviobr_profile-screen_index_js.d2d5fd91d2f1fa84a995.js:0
[   17185ms] [WARNING] Custom element bm-alert is already registered and the constructors are not the same function n(){var t,r;(0,i.default)(this,n);for(var a=arguments.length,s=new Array(a),l=0;l<a;l++)s[l]=arguments[l];return(r=e.call.apply(e,(0,o.default)(t=[this]).call(t,s))).type="info",r.closeable=!1,r} function g(){var T,R;(0,v.default)(this,g);for(var k=arguments.length,L=new Array(k),$=0;$<k;$++)L[$]=arguments[$];return(R=p.call.apply(p,(0,d.default)(T=[this]).call(T,L))).type="info",R.closeable=!1,R} @ https://onvio.com.br/notification/default-node_modules_onviobr_profile-screen_index_js.d2d5fd91d2f1fa84a995.js:0
[   17186ms] [WARNING] Custom element bm-alerts is already registered and the constructors are not the same function n(){var t,r;(0,v.default)(this,n);for(var a=arguments.length,o=new Array(a),i=0;i<a;i++)o[i]=arguments[i];return(r=e.call.apply(e,(0,f.default)(t=[this]).call(t,o))).alerts=[],r} function re(){var U,q;(0,E.default)(this,re);for(var ie=arguments.length,J=new Array(ie),G=0;G<ie;G++)J[G]=arguments[G];return(q=se.call.apply(se,(0,O.default)(U=[this]).call(U,J))).alerts=[],q} @ https://onvio.com.br/notification/default-node_modules_onviobr_profile-screen_index_js.d2d5fd91d2f1fa84a995.js:0
[   17186ms] [WARNING] Custom element bm-modal is already registered and the constructors are not the same function n(){var t,r;(0,s.default)(this,n);for(var a=arguments.length,o=new Array(a),l=0;l<a;l++)o[l]=arguments[l];return(r=e.call.apply(e,(0,i.default)(t=[this]).call(t,o))).modalTitle=void 0,r.modalSize="medium",r.backdropClose=!0,r.focusModal=!0,r.focusCloseBtn=!1,r.closeButtonQeId=void 0,r} function $(){var B,K;(0,v.default)(this,$);for(var ce=arguments.length,Y=new Array(ce),se=0;se<ce;se++)Y[se]=arguments[se];return(K=L.call.apply(L,(0,d.default)(B=[this]).call(B,Y))).modalTitle=void 0,K.modalSize="medium",K.backdropClose=!0,K.focusModal=!0,K.focusCloseBtn=!1,K.closeButtonQeId=void 0,K} @ https://onvio.com.br/notification/default-node_modules_onviobr_profile-screen_index_js.d2d5fd91d2f1fa84a995.js:0
[   17186ms] [WARNING] Custom element bm-loading is already registered and the constructors are not the same function n(){var t;return(0,o.default)(this,n),(t=e.call(this)).delay=300,t.active=!1,t.createVisibilityChanger(),t} function R(){var k;return(0,f.default)(this,R),(k=T.call(this)).delay=300,k.active=!1,k.createVisibilityChanger(),k} @ https://onvio.com.br/notification/default-node_modules_onviobr_profile-screen_index_js.d2d5fd91d2f1fa84a995.js:0
[   17186ms] [WARNING] Custom element bm-settings-password-check is already registered and the constructors are not the same function r(){var t;return(0,i.Z)(this,r),(t=n.call(this)).password="",t.email="",t.description="password.check.description",t.confirmLabel="common.confirm",t.cancelLabel="common.cancel",t.working=!1,t.onSubmit=t.onSubmit.bind((0,G.Z)(t)),t} function j(){var ge;return(0,Xl.Z)(this,j),(ge=Ft.call(this)).password="",ge.email="",ge.description="password.check.description",ge.confirmLabel="common.confirm",ge.cancelLabel="common.cancel",ge.working=!1,ge.onSubmit=ge.onSubmit.bind((0,gc.Z)(ge)),ge} @ https://onvio.com.br/notification/default-node_modules_onviobr_profile-screen_index_js.d2d5fd91d2f1fa84a995.js:0
[   17186ms] [WARNING] Custom element bm-settings-mfa is already registered and the constructors are not the same function w(){var t,e;(0,i.Z)(this,w);for(var n=arguments.length,r=new Array(n),a=0;a<n;a++)r[a]=arguments[a];return(e=b.call.apply(b,y()(t=[this]).call(t,r))).mode=void 0,e.factors=[],e.required=!1,e.user={},e.working=!1,e.isClient=!1,e} function j(){var ge,$e;(0,Xl.Z)(this,j);for(var Rt=arguments.length,bn=new Array(Rt),Vn=0;Vn<Rt;Vn++)bn[Vn]=arguments[Vn];return($e=Ft.call.apply(Ft,da()(ge=[this]).call(ge,bn))).mode=void 0,$e.factors=[],$e.required=!1,$e.user={},$e.working=!1,$e.isClient=!1,$e} @ https://onvio.com.br/notification/default-node_modules_onviobr_profile-screen_index_js.d2d5fd91d2f1fa84a995.js:0
[   17186ms] [WARNING] Custom element bm-alert is already registered and the constructors are not the same function n(){var t,r;(0,i.default)(this,n);for(var a=arguments.length,s=new Array(a),l=0;l<a;l++)s[l]=arguments[l];return(r=e.call.apply(e,(0,o.default)(t=[this]).call(t,s))).type="info",r.closeable=!1,r} function g(){var T,R;(0,v.default)(this,g);for(var k=arguments.length,L=new Array(k),$=0;$<k;$++)L[$]=arguments[$];return(R=p.call.apply(p,(0,d.default)(T=[this]).call(T,L))).type="info",R.closeable=!1,R} @ https://onvio.com.br/notification/default-node_modules_onviobr_profile-screen_index_js.d2d5fd91d2f1fa84a995.js:0
[   17187ms] [WARNING] Custom element bm-alerts is already registered and the constructors are not the same function n(){var t,r;(0,v.default)(this,n);for(var a=arguments.length,o=new Array(a),i=0;i<a;i++)o[i]=arguments[i];return(r=e.call.apply(e,(0,f.default)(t=[this]).call(t,o))).alerts=[],r} function re(){var U,q;(0,E.default)(this,re);for(var ie=arguments.length,J=new Array(ie),G=0;G<ie;G++)J[G]=arguments[G];return(q=se.call.apply(se,(0,O.default)(U=[this]).call(U,J))).alerts=[],q} @ https://onvio.com.br/notification/default-node_modules_onviobr_profile-screen_index_js.d2d5fd91d2f1fa84a995.js:0
[   17187ms] [WARNING] Custom element bm-loading is already registered and the constructors are not the same function n(){var t;return(0,o.default)(this,n),(t=e.call(this)).delay=300,t.active=!1,t.createVisibilityChanger(),t} function R(){var k;return(0,f.default)(this,R),(k=T.call(this)).delay=300,k.active=!1,k.createVisibilityChanger(),k} @ https://onvio.com.br/notification/default-node_modules_onviobr_profile-screen_index_js.d2d5fd91d2f1fa84a995.js:0
[   17187ms] [WARNING] Custom element bm-settings-page-layout is already registered and the constructors are not the same function r(){var t;return(0,i.Z)(this,r),(t=n.call(this)).hideSave=!1,t.profileType=void 0,t.profile={},t._onSave=t._onSave.bind((0,G.Z)(t)),t._onKeyup=t._onKeyup.bind((0,G.Z)(t)),t} function j(){var ge;return(0,Xl.Z)(this,j),(ge=Ft.call(this)).hideSave=!1,ge.profileType=void 0,ge.profile={},ge._onSave=ge._onSave.bind((0,gc.Z)(ge)),ge._onKeyup=ge._onKeyup.bind((0,gc.Z)(ge)),ge} @ https://onvio.com.br/notification/default-node_modules_onviobr_profile-screen_index_js.d2d5fd91d2f1fa84a995.js:0
[   17187ms] [WARNING] Custom element bm-settings-password-validation is already registered and the constructors are not the same function a(){var t,e;(0,i.Z)(this,a);for(var n=arguments.length,o=new Array(n),s=0;s<n;s++)o[s]=arguments[s];return(e=r.call.apply(r,y()(t=[this]).call(t,o))).password="",e.rules=void 0,e} function j(){var ge,$e;(0,Xl.Z)(this,j);for(var Rt=arguments.length,bn=new Array(Rt),Vn=0;Vn<Rt;Vn++)bn[Vn]=arguments[Vn];return($e=Ft.call.apply(Ft,da()(ge=[this]).call(ge,bn))).password="",$e.rules=void 0,$e} @ https://onvio.com.br/notification/default-node_modules_onviobr_profile-screen_index_js.d2d5fd91d2f1fa84a995.js:0
[   17187ms] [WARNING] Custom element bm-settings-password is already registered and the constructors are not the same function f(){var t;return(0,i.Z)(this,f),(t=p.call(this)).email="",t.password={current:"",new:"",confirm:""},t.rules=void 0,t.working=!1,t.showTyping=!1,t.capsLockOn=!1,t.newPasswordCorrent=!1,t.onKeyDown=t.onKeyDown.bind((0,G.Z)(t)),t} function j(){var ge;return(0,Xl.Z)(this,j),(ge=Ft.call(this)).email="",ge.password={current:"",new:"",confirm:""},ge.rules=void 0,ge.working=!1,ge.showTyping=!1,ge.capsLockOn=!1,ge.newPasswordCorrent=!1,ge.onKeyDown=ge.onKeyDown.bind((0,gc.Z)(ge)),ge} @ https://onvio.com.br/notification/default-node_modules_onviobr_profile-screen_index_js.d2d5fd91d2f1fa84a995.js:0
[   17188ms] [WARNING] Custom element bm-settings-screen is already registered and the constructors are not the same function r(){var t;return(0,i.Z)(this,r),(t=n.call(this)).section=void 0,t.mode=void 0,t.product=void 0,t.language=(0,U.getCurrentLanguage)(),t.hideLanguage=!1,t.hideMiddleName=!1,t.profileType="auth0",t.section=pr.accountInfo.code,(0,U.changeLanguage)(t.language),t} function j(){var ge;return(0,Xl.Z)(this,j),(ge=Ft.call(this)).section=void 0,ge.mode=void 0,ge.product=void 0,ge.language=(0,aa.getCurrentLanguage)(),ge.hideLanguage=!1,ge.hideMiddleName=!1,ge.profileType="auth0",ge.section=hv.accountInfo.code,(0,aa.changeLanguage)(ge.language),ge} @ https://onvio.com.br/notification/default-node_modules_onviobr_profile-screen_index_js.d2d5fd91d2f1fa84a995.js:0
[   17231ms] [WARNING] Custom element bm-modal is already registered and the constructors are not the same function $(){var B,K;(0,v.default)(this,$);for(var ce=arguments.length,Y=new Array(ce),se=0;se<ce;se++)Y[se]=arguments[se];return(K=L.call.apply(L,(0,d.default)(B=[this]).call(B,Y))).modalTitle=void 0,K.modalSize="medium",K.backdropClose=!0,K.focusModal=!0,K.focusCloseBtn=!1,K.closeButtonQeId=void 0,K} function $(){var B,K;(0,v.default)(this,$);for(var ce=arguments.length,Y=new Array(ce),se=0;se<ce;se++)Y[se]=arguments[se];return(K=L.call.apply(L,(0,d.default)(B=[this]).call(B,Y))).modalTitle=void 0,K.modalSize="medium",K.backdropClose=!0,K.focusModal=!0,K.focusCloseBtn=!1,K.closeButtonQeId=void 0,K} @ https://onvio.com.br/staff/4888.e62af6d7ff1a20c1.js:0
[   17231ms] [WARNING] Custom element bm-alert is already registered and the constructors are not the same function g(){var T,R;(0,v.default)(this,g);for(var k=arguments.length,L=new Array(k),$=0;$<k;$++)L[$]=arguments[$];return(R=p.call.apply(p,(0,d.default)(T=[this]).call(T,L))).type="info",R.closeable=!1,R} function g(){var T,R;(0,v.default)(this,g);for(var k=arguments.length,L=new Array(k),$=0;$<k;$++)L[$]=arguments[$];return(R=p.call.apply(p,(0,d.default)(T=[this]).call(T,L))).type="info",R.closeable=!1,R} @ https://onvio.com.br/staff/4888.e62af6d7ff1a20c1.js:0
[   17246ms] [WARNING] Failed to decode downloaded font: https://onvio.com.br/staff/SourceSans3VF-Upright.ttf.e7f20fc9b00b0e8a.woff2 @ https://onvio.com.br/staff/assets/legacy-files.js:1
[   17246ms] [WARNING] OTS parsing error: Failed to convert WOFF 2.0 font to SFNT @ https://onvio.com.br/staff/assets/legacy-files.js:1
[   17247ms] [WARNING] Failed to decode downloaded font: https://onvio.com.br/staff/SourceSans3-Regular.ttf.dab9805cb7eb3d8f.woff @ https://onvio.com.br/staff/assets/legacy-files.js:1
[   17248ms] [WARNING] OTS parsing error: incorrect file size in WOFF header @ https://onvio.com.br/staff/assets/legacy-files.js:1
[   17248ms] [WARNING] Failed to decode downloaded font: https://onvio.com.br/staff/SourceSans3-Regular.114f93b5f3b7d159.otf @ https://onvio.com.br/staff/assets/legacy-files.js:1
[   17248ms] [WARNING] OTS parsing error: bad table directory searchRange
bad table directory entrySelector
bad table directory rangeShift
Invalid table tag: 0x604241
 `BA: misaligned table @ https://onvio.com.br/staff/assets/legacy-files.js:1
[   17249ms] [WARNING] Failed to decode downloaded font: https://onvio.com.br/staff/SourceSans3-Regular.ab920762075b81fb.ttf @ https://onvio.com.br/staff/assets/legacy-files.js:1
[   17249ms] [WARNING] OTS parsing error: BASE: invalid table offset @ https://onvio.com.br/staff/assets/legacy-files.js:1
[   17249ms] [WARNING] Failed to decode downloaded font: https://onvio.com.br/staff/SourceSans3VF-Upright.ttf.e7f20fc9b00b0e8a.woff2 @ https://onvio.com.br/staff/assets/legacy-files.js:1
[   17250ms] [WARNING] OTS parsing error: Failed to convert WOFF 2.0 font to SFNT @ https://onvio.com.br/staff/assets/legacy-files.js:1
[   17250ms] [WARNING] Failed to decode downloaded font: https://onvio.com.br/staff/SourceSans3-Regular.ttf.dab9805cb7eb3d8f.woff @ https://onvio.com.br/staff/assets/legacy-files.js:1
[   17250ms] [WARNING] OTS parsing error: incorrect file size in WOFF header @ https://onvio.com.br/staff/assets/legacy-files.js:1
[   17250ms] [WARNING] Failed to decode downloaded font: https://onvio.com.br/staff/SourceSans3-Regular.114f93b5f3b7d159.otf @ https://onvio.com.br/staff/assets/legacy-files.js:1
[   17251ms] [WARNING] OTS parsing error: bad table directory searchRange
bad table directory entrySelector
bad table directory rangeShift
Invalid table tag: 0x604241
 `BA: misaligned table @ https://onvio.com.br/staff/assets/legacy-files.js:1
[   17251ms] [WARNING] Failed to decode downloaded font: https://onvio.com.br/staff/SourceSans3-Regular.ab920762075b81fb.ttf @ https://onvio.com.br/staff/assets/legacy-files.js:1
[   17251ms] [WARNING] OTS parsing error: BASE: invalid table offset @ https://onvio.com.br/staff/assets/legacy-files.js:1
[   17251ms] [WARNING] Failed to decode downloaded font: https://onvio.com.br/staff/SourceSans3VF-Upright.ttf.e7f20fc9b00b0e8a.woff2 @ https://onvio.com.br/staff/assets/legacy-files.js:1
[   17251ms] [WARNING] OTS parsing error: Failed to convert WOFF 2.0 font to SFNT @ https://onvio.com.br/staff/assets/legacy-files.js:1
[   17252ms] [WARNING] Failed to decode downloaded font: https://onvio.com.br/staff/SourceSans3-Regular.ttf.dab9805cb7eb3d8f.woff @ https://onvio.com.br/staff/assets/legacy-files.js:1
[   17252ms] [WARNING] OTS parsing error: incorrect file size in WOFF header @ https://onvio.com.br/staff/assets/legacy-files.js:1
[   17252ms] [WARNING] Failed to decode downloaded font: https://onvio.com.br/staff/SourceSans3-Regular.114f93b5f3b7d159.otf @ https://onvio.com.br/staff/assets/legacy-files.js:1
[   17253ms] [WARNING] OTS parsing error: bad table directory searchRange
bad table directory entrySelector
bad table directory rangeShift
Invalid table tag: 0x604241
 `BA: misaligned table @ https://onvio.com.br/staff/assets/legacy-files.js:1
[   17253ms] [WARNING] Failed to decode downloaded font: https://onvio.com.br/staff/SourceSans3-Regular.ab920762075b81fb.ttf @ https://onvio.com.br/staff/assets/legacy-files.js:1
[   17253ms] [WARNING] OTS parsing error: BASE: invalid table offset @ https://onvio.com.br/staff/assets/legacy-files.js:1
[   17254ms] [WARNING] Failed to decode downloaded font: https://onvio.com.br/staff/SourceSans3VF-Upright.ttf.e7f20fc9b00b0e8a.woff2 @ https://onvio.com.br/staff/assets/legacy-files.js:1
[   17254ms] [WARNING] OTS parsing error: Failed to convert WOFF 2.0 font to SFNT @ https://onvio.com.br/staff/assets/legacy-files.js:1
[   17254ms] [WARNING] Failed to decode downloaded font: https://onvio.com.br/staff/SourceSans3-Regular.ttf.dab9805cb7eb3d8f.woff @ https://onvio.com.br/staff/assets/legacy-files.js:1
[   17254ms] [WARNING] OTS parsing error: incorrect file size in WOFF header @ https://onvio.com.br/staff/assets/legacy-files.js:1
[   17254ms] [WARNING] Failed to decode downloaded font: https://onvio.com.br/staff/SourceSans3-Regular.114f93b5f3b7d159.otf @ https://onvio.com.br/staff/assets/legacy-files.js:1
[   17254ms] [WARNING] OTS parsing error: bad table directory searchRange
bad table directory entrySelector
bad table directory rangeShift
Invalid table tag: 0x604241
 `BA: misaligned table @ https://onvio.com.br/staff/assets/legacy-files.js:1
[   17255ms] [WARNING] Failed to decode downloaded font: https://onvio.com.br/staff/SourceSans3-Regular.ab920762075b81fb.ttf @ https://onvio.com.br/staff/assets/legacy-files.js:1
[   17255ms] [WARNING] OTS parsing error: BASE: invalid table offset @ https://onvio.com.br/staff/assets/legacy-files.js:1
[   17255ms] [WARNING] Failed to decode downloaded font: https://onvio.com.br/staff/SourceSans3VF-Upright.ttf.e7f20fc9b00b0e8a.woff2 @ https://onvio.com.br/staff/assets/legacy-files.js:1
[   17255ms] [WARNING] OTS parsing error: Failed to convert WOFF 2.0 font to SFNT @ https://onvio.com.br/staff/assets/legacy-files.js:1
[   17256ms] [WARNING] Failed to decode downloaded font: https://onvio.com.br/staff/SourceSans3-Regular.ttf.dab9805cb7eb3d8f.woff @ https://onvio.com.br/staff/assets/legacy-files.js:1
[   17256ms] [WARNING] OTS parsing error: incorrect file size in WOFF header @ https://onvio.com.br/staff/assets/legacy-files.js:1
[   17256ms] [WARNING] Failed to decode downloaded font: https://onvio.com.br/staff/SourceSans3-Regular.114f93b5f3b7d159.otf @ https://onvio.com.br/staff/assets/legacy-files.js:1
[   17256ms] [WARNING] OTS parsing error: bad table directory searchRange
bad table directory entrySelector
bad table directory rangeShift
Invalid table tag: 0x604241
 `BA: misaligned table @ https://onvio.com.br/staff/assets/legacy-files.js:1
[   17256ms] [WARNING] Failed to decode downloaded font: https://onvio.com.br/staff/SourceSans3-Regular.ab920762075b81fb.ttf @ https://onvio.com.br/staff/assets/legacy-files.js:1
[   17256ms] [WARNING] OTS parsing error: BASE: invalid table offset @ https://onvio.com.br/staff/assets/legacy-files.js:1
[   17256ms] [WARNING] Failed to decode downloaded font: https://onvio.com.br/staff/SourceSans3VF-Upright.ttf.e7f20fc9b00b0e8a.woff2 @ https://onvio.com.br/staff/assets/legacy-files.js:1
[   17256ms] [WARNING] OTS parsing error: Failed to convert WOFF 2.0 font to SFNT @ https://onvio.com.br/staff/assets/legacy-files.js:1
[   17257ms] [WARNING] Failed to decode downloaded font: https://onvio.com.br/staff/SourceSans3VF-Upright.ttf.e7f20fc9b00b0e8a.woff2 @ https://onvio.com.br/staff/assets/legacy-files.js:1
[   17257ms] [WARNING] OTS parsing error: Failed to convert WOFF 2.0 font to SFNT @ https://onvio.com.br/staff/assets/legacy-files.js:1
[   17257ms] [WARNING] Failed to decode downloaded font: https://onvio.com.br/staff/SourceSans3VF-Upright.ttf.e7f20fc9b00b0e8a.woff2 @ https://onvio.com.br/staff/assets/legacy-files.js:1
[   17257ms] [WARNING] OTS parsing error: Failed to convert WOFF 2.0 font to SFNT @ https://onvio.com.br/staff/assets/legacy-files.js:1
[   17257ms] [WARNING] Failed to decode downloaded font: https://onvio.com.br/staff/SourceSans3VF-Upright.ttf.e7f20fc9b00b0e8a.woff2 @ https://onvio.com.br/staff/assets/legacy-files.js:1
[   17257ms] [WARNING] OTS parsing error: Failed to convert WOFF 2.0 font to SFNT @ https://onvio.com.br/staff/assets/legacy-files.js:1
[   17258ms] [WARNING] Failed to decode downloaded font: https://onvio.com.br/staff/SourceSans3VF-Upright.ttf.e7f20fc9b00b0e8a.woff2 @ https://onvio.com.br/staff/assets/legacy-files.js:1
[   17258ms] [WARNING] OTS parsing error: Failed to convert WOFF 2.0 font to SFNT @ https://onvio.com.br/staff/assets/legacy-files.js:1
[   17258ms] [WARNING] Failed to decode downloaded font: https://onvio.com.br/staff/SourceSans3VF-Upright.ttf.e7f20fc9b00b0e8a.woff2 @ https://onvio.com.br/staff/assets/legacy-files.js:1
[   17258ms] [WARNING] OTS parsing error: Failed to convert WOFF 2.0 font to SFNT @ https://onvio.com.br/staff/assets/legacy-files.js:1
[   17258ms] [WARNING] Failed to decode downloaded font: https://onvio.com.br/staff/SourceSans3VF-Upright.ttf.e7f20fc9b00b0e8a.woff2 @ https://onvio.com.br/staff/assets/legacy-files.js:1
[   17258ms] [WARNING] OTS parsing error: Failed to convert WOFF 2.0 font to SFNT @ https://onvio.com.br/staff/assets/legacy-files.js:1
[   17259ms] [WARNING] Failed to decode downloaded font: https://onvio.com.br/staff/SourceSans3VF-Upright.ttf.e7f20fc9b00b0e8a.woff2 @ https://onvio.com.br/staff/assets/legacy-files.js:1
[   17259ms] [WARNING] OTS parsing error: Failed to convert WOFF 2.0 font to SFNT @ https://onvio.com.br/staff/assets/legacy-files.js:1
[   17259ms] [WARNING] Failed to decode downloaded font: https://onvio.com.br/staff/SourceSans3VF-Upright.ttf.e7f20fc9b00b0e8a.woff2 @ https://onvio.com.br/staff/assets/legacy-files.js:1
[   17259ms] [WARNING] OTS parsing error: Failed to convert WOFF 2.0 font to SFNT @ https://onvio.com.br/staff/assets/legacy-files.js:1
[   17259ms] [WARNING] Failed to decode downloaded font: https://onvio.com.br/staff/SourceSans3-Regular.ttf.dab9805cb7eb3d8f.woff @ https://onvio.com.br/staff/assets/legacy-files.js:1
[   17260ms] [WARNING] OTS parsing error: incorrect file size in WOFF header @ https://onvio.com.br/staff/assets/legacy-files.js:1
[   17260ms] [WARNING] Failed to decode downloaded font: https://onvio.com.br/staff/SourceSans3-Regular.114f93b5f3b7d159.otf @ https://onvio.com.br/staff/assets/legacy-files.js:1
[   17260ms] [WARNING] OTS parsing error: bad table directory searchRange
bad table directory entrySelector
bad table directory rangeShift
Invalid table tag: 0x604241
 `BA: misaligned table @ https://onvio.com.br/staff/assets/legacy-files.js:1
[   17260ms] [WARNING] Failed to decode downloaded font: https://onvio.com.br/staff/SourceSans3-Regular.ab920762075b81fb.ttf @ https://onvio.com.br/staff/assets/legacy-files.js:1
[   17260ms] [WARNING] OTS parsing error: BASE: invalid table offset @ https://onvio.com.br/staff/assets/legacy-files.js:1
[   17261ms] [WARNING] Failed to decode downloaded font: https://onvio.com.br/staff/SourceSans3VF-Upright.ttf.e7f20fc9b00b0e8a.woff2 @ https://onvio.com.br/staff/assets/legacy-files.js:1
[   17261ms] [WARNING] OTS parsing error: Failed to convert WOFF 2.0 font to SFNT @ https://onvio.com.br/staff/assets/legacy-files.js:1
[   17261ms] [WARNING] Failed to decode downloaded font: https://onvio.com.br/staff/SourceSans3-Regular.ttf.dab9805cb7eb3d8f.woff @ https://onvio.com.br/staff/assets/legacy-files.js:1
[   17261ms] [WARNING] OTS parsing error: incorrect file size in WOFF header @ https://onvio.com.br/staff/assets/legacy-files.js:1
[   17261ms] [WARNING] Failed to decode downloaded font: https://onvio.com.br/staff/SourceSans3-Regular.114f93b5f3b7d159.otf @ https://onvio.com.br/staff/assets/legacy-files.js:1
[   17261ms] [WARNING] OTS parsing error: bad table directory searchRange
bad table directory entrySelector
bad table directory rangeShift
Invalid table tag: 0x604241
 `BA: misaligned table @ https://onvio.com.br/staff/assets/legacy-files.js:1
[   17262ms] [WARNING] Failed to decode downloaded font: https://onvio.com.br/staff/SourceSans3-Regular.ab920762075b81fb.ttf @ https://onvio.com.br/staff/assets/legacy-files.js:1
[   17262ms] [WARNING] OTS parsing error: BASE: invalid table offset @ https://onvio.com.br/staff/assets/legacy-files.js:1
[   17262ms] [WARNING] Failed to decode downloaded font: https://onvio.com.br/staff/SourceSans3VF-Upright.ttf.e7f20fc9b00b0e8a.woff2 @ https://onvio.com.br/staff/assets/legacy-files.js:1
[   17262ms] [WARNING] OTS parsing error: Failed to convert WOFF 2.0 font to SFNT @ https://onvio.com.br/staff/assets/legacy-files.js:1
[   17262ms] [WARNING] Failed to decode downloaded font: https://onvio.com.br/staff/SourceSans3-Regular.ttf.dab9805cb7eb3d8f.woff @ https://onvio.com.br/staff/assets/legacy-files.js:1
[   17263ms] [WARNING] OTS parsing error: incorrect file size in WOFF header @ https://onvio.com.br/staff/assets/legacy-files.js:1
[   17263ms] [WARNING] Failed to decode downloaded font: https://onvio.com.br/staff/SourceSans3-Regular.114f93b5f3b7d159.otf @ https://onvio.com.br/staff/assets/legacy-files.js:1
[   17263ms] [WARNING] OTS parsing error: bad table directory searchRange
bad table directory entrySelector
bad table directory rangeShift
Invalid table tag: 0x604241
 `BA: misaligned table @ https://onvio.com.br/staff/assets/legacy-files.js:1
[   17263ms] [WARNING] Failed to decode downloaded font: https://onvio.com.br/staff/SourceSans3-Regular.ab920762075b81fb.ttf @ https://onvio.com.br/staff/assets/legacy-files.js:1
[   17263ms] [WARNING] OTS parsing error: BASE: invalid table offset @ https://onvio.com.br/staff/assets/legacy-files.js:1
[   17263ms] [WARNING] Failed to decode downloaded font: https://onvio.com.br/staff/SourceSans3VF-Upright.ttf.e7f20fc9b00b0e8a.woff2 @ https://onvio.com.br/staff/assets/legacy-files.js:1
[   17264ms] [WARNING] OTS parsing error: Failed to convert WOFF 2.0 font to SFNT @ https://onvio.com.br/staff/assets/legacy-files.js:1
[   17264ms] [WARNING] Failed to decode downloaded font: https://onvio.com.br/staff/SourceSans3-Regular.ttf.dab9805cb7eb3d8f.woff @ https://onvio.com.br/staff/assets/legacy-files.js:1
[   17264ms] [WARNING] OTS parsing error: incorrect file size in WOFF header @ https://onvio.com.br/staff/assets/legacy-files.js:1
[   17264ms] [WARNING] Failed to decode downloaded font: https://onvio.com.br/staff/SourceSans3-Regular.114f93b5f3b7d159.otf @ https://onvio.com.br/staff/assets/legacy-files.js:1
[   17265ms] [WARNING] OTS parsing error: bad table directory searchRange
bad table directory entrySelector
bad table directory rangeShift
Invalid table tag: 0x604241
 `BA: misaligned table @ https://onvio.com.br/staff/assets/legacy-files.js:1
[   17265ms] [WARNING] Failed to decode downloaded font: https://onvio.com.br/staff/SourceSans3-Regular.ab920762075b81fb.ttf @ https://onvio.com.br/staff/assets/legacy-files.js:1
[   17265ms] [WARNING] OTS parsing error: BASE: invalid table offset @ https://onvio.com.br/staff/assets/legacy-files.js:1
[   17265ms] [WARNING] Failed to decode downloaded font: https://onvio.com.br/staff/SourceSans3VF-Upright.ttf.e7f20fc9b00b0e8a.woff2 @ https://onvio.com.br/staff/assets/legacy-files.js:1
[   17265ms] [WARNING] OTS parsing error: Failed to convert WOFF 2.0 font to SFNT @ https://onvio.com.br/staff/assets/legacy-files.js:1
[   17265ms] [WARNING] Failed to decode downloaded font: https://onvio.com.br/staff/SourceSans3-Regular.ttf.dab9805cb7eb3d8f.woff @ https://onvio.com.br/staff/assets/legacy-files.js:1
[   17265ms] [WARNING] OTS parsing error: incorrect file size in WOFF header @ https://onvio.com.br/staff/assets/legacy-files.js:1
[   17266ms] [WARNING] Failed to decode downloaded font: https://onvio.com.br/staff/SourceSans3-Regular.114f93b5f3b7d159.otf @ https://onvio.com.br/staff/assets/legacy-files.js:1
[   17266ms] [WARNING] OTS parsing error: bad table directory searchRange
bad table directory entrySelector
bad table directory rangeShift
Invalid table tag: 0x604241
 `BA: misaligned table @ https://onvio.com.br/staff/assets/legacy-files.js:1
[   17266ms] [WARNING] Failed to decode downloaded font: https://onvio.com.br/staff/SourceSans3-Regular.ab920762075b81fb.ttf @ https://onvio.com.br/staff/assets/legacy-files.js:1
[   17266ms] [WARNING] OTS parsing error: BASE: invalid table offset @ https://onvio.com.br/staff/assets/legacy-files.js:1
[   17266ms] [WARNING] Failed to decode downloaded font: https://onvio.com.br/staff/SourceSans3VF-Upright.ttf.e7f20fc9b00b0e8a.woff2 @ https://onvio.com.br/staff/assets/legacy-files.js:1
[   17266ms] [WARNING] OTS parsing error: Failed to convert WOFF 2.0 font to SFNT @ https://onvio.com.br/staff/assets/legacy-files.js:1
[   17266ms] [WARNING] Failed to decode downloaded font: https://onvio.com.br/staff/SourceSans3-Regular.ttf.dab9805cb7eb3d8f.woff @ https://onvio.com.br/staff/assets/legacy-files.js:1
[   17266ms] [WARNING] OTS parsing error: incorrect file size in WOFF header @ https://onvio.com.br/staff/assets/legacy-files.js:1
[   17266ms] [WARNING] Failed to decode downloaded font: https://onvio.com.br/staff/SourceSans3-Regular.114f93b5f3b7d159.otf @ https://onvio.com.br/staff/assets/legacy-files.js:1
[   17266ms] [WARNING] OTS parsing error: bad table directory searchRange
bad table directory entrySelector
bad table directory rangeShift
Invalid table tag: 0x604241
 `BA: misaligned table @ https://onvio.com.br/staff/assets/legacy-files.js:1
[   17267ms] [WARNING] Failed to decode downloaded font: https://onvio.com.br/staff/SourceSans3-Regular.ab920762075b81fb.ttf @ https://onvio.com.br/staff/assets/legacy-files.js:1
[   17267ms] [WARNING] OTS parsing error: BASE: invalid table offset @ https://onvio.com.br/staff/assets/legacy-files.js:1
[   17267ms] [WARNING] Failed to decode downloaded font: https://onvio.com.br/staff/SourceSans3VF-Upright.ttf.e7f20fc9b00b0e8a.woff2 @ https://onvio.com.br/staff/assets/legacy-files.js:1
[   17267ms] [WARNING] OTS parsing error: Failed to convert WOFF 2.0 font to SFNT @ https://onvio.com.br/staff/assets/legacy-files.js:1
[   17267ms] [WARNING] Failed to decode downloaded font: https://onvio.com.br/staff/SourceSans3-Regular.ttf.dab9805cb7eb3d8f.woff @ https://onvio.com.br/staff/assets/legacy-files.js:1
[   17267ms] [WARNING] OTS parsing error: incorrect file size in WOFF header @ https://onvio.com.br/staff/assets/legacy-files.js:1
[   17267ms] [WARNING] Failed to decode downloaded font: https://onvio.com.br/staff/SourceSans3-Regular.114f93b5f3b7d159.otf @ https://onvio.com.br/staff/assets/legacy-files.js:1
[   17268ms] [WARNING] OTS parsing error: bad table directory searchRange
bad table directory entrySelector
bad table directory rangeShift
Invalid table tag: 0x604241
 `BA: misaligned table @ https://onvio.com.br/staff/assets/legacy-files.js:1
[   17268ms] [WARNING] Failed to decode downloaded font: https://onvio.com.br/staff/SourceSans3-Regular.ab920762075b81fb.ttf @ https://onvio.com.br/staff/assets/legacy-files.js:1
[   17268ms] [WARNING] OTS parsing error: BASE: invalid table offset @ https://onvio.com.br/staff/assets/legacy-files.js:1
[   17268ms] [WARNING] Failed to decode downloaded font: https://onvio.com.br/staff/SourceSans3VF-Upright.ttf.e7f20fc9b00b0e8a.woff2 @ https://onvio.com.br/staff/assets/legacy-files.js:1
[   17269ms] [WARNING] OTS parsing error: Failed to convert WOFF 2.0 font to SFNT @ https://onvio.com.br/staff/assets/legacy-files.js:1
[   17269ms] [WARNING] Failed to decode downloaded font: https://onvio.com.br/staff/SourceSans3-Regular.ttf.dab9805cb7eb3d8f.woff @ https://onvio.com.br/staff/assets/legacy-files.js:1
[   17269ms] [WARNING] OTS parsing error: incorrect file size in WOFF header @ https://onvio.com.br/staff/assets/legacy-files.js:1
[   17269ms] [WARNING] Failed to decode downloaded font: https://onvio.com.br/staff/SourceSans3-Regular.114f93b5f3b7d159.otf @ https://onvio.com.br/staff/assets/legacy-files.js:1
[   17269ms] [WARNING] OTS parsing error: bad table directory searchRange
bad table directory entrySelector
bad table directory rangeShift
Invalid table tag: 0x604241
 `BA: misaligned table @ https://onvio.com.br/staff/assets/legacy-files.js:1
[   17270ms] [WARNING] Failed to decode downloaded font: https://onvio.com.br/staff/SourceSans3-Regular.ab920762075b81fb.ttf @ https://onvio.com.br/staff/assets/legacy-files.js:1
[   17270ms] [WARNING] OTS parsing error: BASE: invalid table offset @ https://onvio.com.br/staff/assets/legacy-files.js:1
[   17270ms] [WARNING] Failed to decode downloaded font: https://onvio.com.br/staff/SourceSans3VF-Upright.ttf.e7f20fc9b00b0e8a.woff2 @ https://onvio.com.br/staff/assets/legacy-files.js:1
[   17270ms] [WARNING] OTS parsing error: Failed to convert WOFF 2.0 font to SFNT @ https://onvio.com.br/staff/assets/legacy-files.js:1
[   17270ms] [WARNING] Failed to decode downloaded font: https://onvio.com.br/staff/SourceSans3-Regular.114f93b5f3b7d159.otf @ https://onvio.com.br/staff/assets/legacy-files.js:1
[   17271ms] [WARNING] OTS parsing error: bad table directory searchRange
bad table directory entrySelector
bad table directory rangeShift
Invalid table tag: 0x604241
 `BA: misaligned table @ https://onvio.com.br/staff/assets/legacy-files.js:1
[   17271ms] [WARNING] Failed to decode downloaded font: https://onvio.com.br/staff/SourceSans3-Regular.ttf.dab9805cb7eb3d8f.woff @ https://onvio.com.br/staff/assets/legacy-files.js:1
[   17271ms] [WARNING] OTS parsing error: incorrect file size in WOFF header @ https://onvio.com.br/staff/assets/legacy-files.js:1
[   17271ms] [WARNING] Failed to decode downloaded font: https://onvio.com.br/staff/SourceSans3-Regular.ab920762075b81fb.ttf @ https://onvio.com.br/staff/assets/legacy-files.js:1
[   17271ms] [WARNING] OTS parsing error: BASE: invalid table offset @ https://onvio.com.br/staff/assets/legacy-files.js:1
[   17272ms] [WARNING] Failed to decode downloaded font: https://onvio.com.br/staff/SourceSans3VF-Upright.ttf.e7f20fc9b00b0e8a.woff2 @ https://onvio.com.br/staff/assets/legacy-files.js:1
[   17272ms] [WARNING] OTS parsing error: Failed to convert WOFF 2.0 font to SFNT @ https://onvio.com.br/staff/assets/legacy-files.js:1
[   17272ms] [WARNING] Failed to decode downloaded font: https://onvio.com.br/staff/SourceSans3-Regular.ttf.dab9805cb7eb3d8f.woff @ https://onvio.com.br/staff/assets/legacy-files.js:1
[   17272ms] [WARNING] OTS parsing error: incorrect file size in WOFF header @ https://onvio.com.br/staff/assets/legacy-files.js:1
[   17273ms] [WARNING] Failed to decode downloaded font: https://onvio.com.br/staff/SourceSans3-Regular.114f93b5f3b7d159.otf @ https://onvio.com.br/staff/assets/legacy-files.js:1
[   17273ms] [WARNING] OTS parsing error: bad table directory searchRange
bad table directory entrySelector
bad table directory rangeShift
Invalid table tag: 0x604241
 `BA: misaligned table @ https://onvio.com.br/staff/assets/legacy-files.js:1
[   17273ms] [WARNING] Failed to decode downloaded font: https://onvio.com.br/staff/SourceSans3-Regular.ab920762075b81fb.ttf @ https://onvio.com.br/staff/assets/legacy-files.js:1
[   17273ms] [WARNING] OTS parsing error: BASE: invalid table offset @ https://onvio.com.br/staff/assets/legacy-files.js:1
[   17274ms] [WARNING] Failed to decode downloaded font: https://onvio.com.br/staff/SourceSans3VF-Upright.ttf.e7f20fc9b00b0e8a.woff2 @ https://onvio.com.br/staff/assets/legacy-files.js:1
[   17274ms] [WARNING] OTS parsing error: Failed to convert WOFF 2.0 font to SFNT @ https://onvio.com.br/staff/assets/legacy-files.js:1
[   17274ms] [WARNING] Failed to decode downloaded font: https://onvio.com.br/staff/SourceSans3-Regular.ttf.dab9805cb7eb3d8f.woff @ https://onvio.com.br/staff/assets/legacy-files.js:1
[   17274ms] [WARNING] OTS parsing error: incorrect file size in WOFF header @ https://onvio.com.br/staff/assets/legacy-files.js:1
[   17274ms] [WARNING] Failed to decode downloaded font: https://onvio.com.br/staff/SourceSans3-Regular.114f93b5f3b7d159.otf @ https://onvio.com.br/staff/assets/legacy-files.js:1
[   17275ms] [WARNING] OTS parsing error: bad table directory searchRange
bad table directory entrySelector
bad table directory rangeShift
Invalid table tag: 0x604241
 `BA: misaligned table @ https://onvio.com.br/staff/assets/legacy-files.js:1
[   17275ms] [WARNING] Failed to decode downloaded font: https://onvio.com.br/staff/SourceSans3-Regular.ab920762075b81fb.ttf @ https://onvio.com.br/staff/assets/legacy-files.js:1
[   17275ms] [WARNING] OTS parsing error: BASE: invalid table offset @ https://onvio.com.br/staff/assets/legacy-files.js:1
[   17275ms] [WARNING] Failed to decode downloaded font: https://onvio.com.br/staff/SourceSans3VF-Upright.ttf.e7f20fc9b00b0e8a.woff2 @ https://onvio.com.br/staff/assets/legacy-files.js:1
[   17276ms] [WARNING] OTS parsing error: Failed to convert WOFF 2.0 font to SFNT @ https://onvio.com.br/staff/assets/legacy-files.js:1
[   17276ms] [WARNING] Failed to decode downloaded font: https://onvio.com.br/staff/SourceSans3-Regular.ttf.dab9805cb7eb3d8f.woff @ https://onvio.com.br/staff/assets/legacy-files.js:1
[   17276ms] [WARNING] OTS parsing error: incorrect file size in WOFF header @ https://onvio.com.br/staff/assets/legacy-files.js:1
[   17276ms] [WARNING] Failed to decode downloaded font: https://onvio.com.br/staff/SourceSans3-Regular.114f93b5f3b7d159.otf @ https://onvio.com.br/staff/assets/legacy-files.js:1
[   17277ms] [WARNING] OTS parsing error: bad table directory searchRange
bad table directory entrySelector
bad table directory rangeShift
Invalid table tag: 0x604241
 `BA: misaligned table @ https://onvio.com.br/staff/assets/legacy-files.js:1
[   17277ms] [WARNING] Failed to decode downloaded font: https://onvio.com.br/staff/SourceSans3-Regular.ab920762075b81fb.ttf @ https://onvio.com.br/staff/assets/legacy-files.js:1
[   17277ms] [WARNING] OTS parsing error: BASE: invalid table offset @ https://onvio.com.br/staff/assets/legacy-files.js:1
[   17277ms] [WARNING] Failed to decode downloaded font: https://onvio.com.br/staff/SourceSans3VF-Upright.ttf.e7f20fc9b00b0e8a.woff2 @ https://onvio.com.br/staff/assets/legacy-files.js:1
[   17278ms] [WARNING] OTS parsing error: Failed to convert WOFF 2.0 font to SFNT @ https://onvio.com.br/staff/assets/legacy-files.js:1
[   17278ms] [WARNING] Failed to decode downloaded font: https://onvio.com.br/staff/SourceSans3-Regular.ttf.dab9805cb7eb3d8f.woff @ https://onvio.com.br/staff/assets/legacy-files.js:1
[   17278ms] [WARNING] OTS parsing error: incorrect file size in WOFF header @ https://onvio.com.br/staff/assets/legacy-files.js:1
[   17278ms] [WARNING] Failed to decode downloaded font: https://onvio.com.br/staff/SourceSans3-Regular.114f93b5f3b7d159.otf @ https://onvio.com.br/staff/assets/legacy-files.js:1
[   17279ms] [WARNING] OTS parsing error: bad table directory searchRange
bad table directory entrySelector
bad table directory rangeShift
Invalid table tag: 0x604241
 `BA: misaligned table @ https://onvio.com.br/staff/assets/legacy-files.js:1
[   17279ms] [WARNING] Failed to decode downloaded font: https://onvio.com.br/staff/SourceSans3-Regular.ab920762075b81fb.ttf @ https://onvio.com.br/staff/assets/legacy-files.js:1
[   17279ms] [WARNING] OTS parsing error: BASE: invalid table offset @ https://onvio.com.br/staff/assets/legacy-files.js:1
[   17287ms] [WARNING] Unsatisfied version 13.4.0 from @onvio/staff of shared singleton module @angular/core (required ^11.2.14) @ https://onvio.com.br/br-staff-dashboard/remote-entry.js:0
[   17288ms] [WARNING] Unsatisfied version 13.4.0 from @onvio/staff of shared singleton module @angular/common (required ^11.2.14) @ https://onvio.com.br/br-staff-dashboard/remote-entry.js:0
[   17288ms] [WARNING] Unsatisfied version 5.20242.30 from @onvio/staff of shared singleton module @grapecity/wijmo (required =5.20241.19) @ https://onvio.com.br/br-staff-dashboard/remote-entry.js:0
[   17289ms] [WARNING] Unsatisfied version 5.20242.30 from @onvio/staff of shared singleton module @grapecity/wijmo.grid (required =5.20241.19) @ https://onvio.com.br/br-staff-dashboard/remote-entry.js:0
[   17290ms] [WARNING] Unsatisfied version 13.4.0 from @onvio/staff of shared singleton module @angular/router (required ^11.2.14) @ https://onvio.com.br/br-staff-dashboard/remote-entry.js:0
[   17290ms] [WARNING] Unsatisfied version 12.1.2 from @onvio/staff of shared singleton module @ngx-translate/core (required ^13.0.0) @ https://onvio.com.br/br-staff-dashboard/remote-entry.js:0
[   17292ms] [WARNING] Unsatisfied version 5.20242.30 from @onvio/staff of shared singleton module @grapecity/wijmo.angular2.grid (required =5.20241.19) @ https://onvio.com.br/br-staff-dashboard/remote-entry.js:0
[   17292ms] [WARNING] Unsatisfied version 5.20242.30 from @onvio/staff of shared singleton module @grapecity/wijmo.angular2.input (required =5.20241.19) @ https://onvio.com.br/br-staff-dashboard/remote-entry.js:0
[   17293ms] [WARNING] Unsatisfied version 5.20242.30 from @onvio/staff of shared singleton module @grapecity/wijmo.angular2.grid.grouppanel (required =5.20241.19) @ https://onvio.com.br/br-staff-dashboard/remote-entry.js:0
[   17484ms] [WARNING] Failed to decode downloaded font: https://onvio.com.br/staff/SourceSans3VF-Upright.ttf.e7f20fc9b00b0e8a.woff2 @ https://onvio.com.br/br-staff-dashboard/default-node_modules_bento_bento-ng___ivy_ngcc___fesm2015_bento-bento-ng_js-node_modules_bent-2fe2f1.b12fafe2aca5803a519f.js:0
[   17484ms] [WARNING] OTS parsing error: Failed to convert WOFF 2.0 font to SFNT @ https://onvio.com.br/br-staff-dashboard/default-node_modules_bento_bento-ng___ivy_ngcc___fesm2015_bento-bento-ng_js-node_modules_bent-2fe2f1.b12fafe2aca5803a519f.js:0
[   17484ms] [WARNING] Failed to decode downloaded font: https://onvio.com.br/staff/SourceSans3-Regular.ttf.dab9805cb7eb3d8f.woff @ https://onvio.com.br/br-staff-dashboard/default-node_modules_bento_bento-ng___ivy_ngcc___fesm2015_bento-bento-ng_js-node_modules_bent-2fe2f1.b12fafe2aca5803a519f.js:0
[   17484ms] [WARNING] OTS parsing error: incorrect file size in WOFF header @ https://onvio.com.br/br-staff-dashboard/default-node_modules_bento_bento-ng___ivy_ngcc___fesm2015_bento-bento-ng_js-node_modules_bent-2fe2f1.b12fafe2aca5803a519f.js:0
[   17484ms] [WARNING] Failed to decode downloaded font: https://onvio.com.br/staff/SourceSans3-Regular.114f93b5f3b7d159.otf @ https://onvio.com.br/br-staff-dashboard/default-node_modules_bento_bento-ng___ivy_ngcc___fesm2015_bento-bento-ng_js-node_modules_bent-2fe2f1.b12fafe2aca5803a519f.js:0
[   17484ms] [WARNING] OTS parsing error: bad table directory searchRange
bad table directory entrySelector
bad table directory rangeShift
Invalid table tag: 0x604241
 `BA: misaligned table @ https://onvio.com.br/br-staff-dashboard/default-node_modules_bento_bento-ng___ivy_ngcc___fesm2015_bento-bento-ng_js-node_modules_bent-2fe2f1.b12fafe2aca5803a519f.js:0
[   17484ms] [WARNING] Failed to decode downloaded font: https://onvio.com.br/staff/SourceSans3-Regular.ab920762075b81fb.ttf @ https://onvio.com.br/br-staff-dashboard/default-node_modules_bento_bento-ng___ivy_ngcc___fesm2015_bento-bento-ng_js-node_modules_bent-2fe2f1.b12fafe2aca5803a519f.js:0
[   17484ms] [WARNING] OTS parsing error: BASE: invalid table offset @ https://onvio.com.br/br-staff-dashboard/default-node_modules_bento_bento-ng___ivy_ngcc___fesm2015_bento-bento-ng_js-node_modules_bent-2fe2f1.b12fafe2aca5803a519f.js:0
[   17484ms] [WARNING] Failed to decode downloaded font: https://onvio.com.br/staff/SourceSans3VF-Upright.ttf.e7f20fc9b00b0e8a.woff2 @ https://onvio.com.br/br-staff-dashboard/default-node_modules_bento_bento-ng___ivy_ngcc___fesm2015_bento-bento-ng_js-node_modules_bent-2fe2f1.b12fafe2aca5803a519f.js:0
[   17485ms] [WARNING] OTS parsing error: Failed to convert WOFF 2.0 font to SFNT @ https://onvio.com.br/br-staff-dashboard/default-node_modules_bento_bento-ng___ivy_ngcc___fesm2015_bento-bento-ng_js-node_modules_bent-2fe2f1.b12fafe2aca5803a519f.js:0
[   17485ms] [WARNING] Failed to decode downloaded font: https://onvio.com.br/staff/SourceSans3-Regular.ttf.dab9805cb7eb3d8f.woff @ https://onvio.com.br/br-staff-dashboard/default-node_modules_bento_bento-ng___ivy_ngcc___fesm2015_bento-bento-ng_js-node_modules_bent-2fe2f1.b12fafe2aca5803a519f.js:0
[   17485ms] [WARNING] OTS parsing error: incorrect file size in WOFF header @ https://onvio.com.br/br-staff-dashboard/default-node_modules_bento_bento-ng___ivy_ngcc___fesm2015_bento-bento-ng_js-node_modules_bent-2fe2f1.b12fafe2aca5803a519f.js:0
[   17485ms] [WARNING] Failed to decode downloaded font: https://onvio.com.br/staff/SourceSans3-Regular.114f93b5f3b7d159.otf @ https://onvio.com.br/br-staff-dashboard/default-node_modules_bento_bento-ng___ivy_ngcc___fesm2015_bento-bento-ng_js-node_modules_bent-2fe2f1.b12fafe2aca5803a519f.js:0
[   17485ms] [WARNING] OTS parsing error: bad table directory searchRange
bad table directory entrySelector
bad table directory rangeShift
Invalid table tag: 0x604241
 `BA: misaligned table @ https://onvio.com.br/br-staff-dashboard/default-node_modules_bento_bento-ng___ivy_ngcc___fesm2015_bento-bento-ng_js-node_modules_bent-2fe2f1.b12fafe2aca5803a519f.js:0
[   17486ms] [WARNING] Failed to decode downloaded font: https://onvio.com.br/staff/SourceSans3-Regular.ab920762075b81fb.ttf @ https://onvio.com.br/br-staff-dashboard/default-node_modules_bento_bento-ng___ivy_ngcc___fesm2015_bento-bento-ng_js-node_modules_bent-2fe2f1.b12fafe2aca5803a519f.js:0
[   17486ms] [WARNING] OTS parsing error: BASE: invalid table offset @ https://onvio.com.br/br-staff-dashboard/default-node_modules_bento_bento-ng___ivy_ngcc___fesm2015_bento-bento-ng_js-node_modules_bent-2fe2f1.b12fafe2aca5803a519f.js:0
[   17486ms] [WARNING] Failed to decode downloaded font: https://onvio.com.br/staff/SourceSans3VF-Upright.ttf.e7f20fc9b00b0e8a.woff2 @ https://onvio.com.br/br-staff-dashboard/default-node_modules_bento_bento-ng___ivy_ngcc___fesm2015_bento-bento-ng_js-node_modules_bent-2fe2f1.b12fafe2aca5803a519f.js:0
[   17486ms] [WARNING] OTS parsing error: Failed to convert WOFF 2.0 font to SFNT @ https://onvio.com.br/br-staff-dashboard/default-node_modules_bento_bento-ng___ivy_ngcc___fesm2015_bento-bento-ng_js-node_modules_bent-2fe2f1.b12fafe2aca5803a519f.js:0
[   17486ms] [WARNING] Failed to decode downloaded font: https://onvio.com.br/staff/SourceSans3-Regular.ttf.dab9805cb7eb3d8f.woff @ https://onvio.com.br/br-staff-dashboard/default-node_modules_bento_bento-ng___ivy_ngcc___fesm2015_bento-bento-ng_js-node_modules_bent-2fe2f1.b12fafe2aca5803a519f.js:0
[   17486ms] [WARNING] OTS parsing error: incorrect file size in WOFF header @ https://onvio.com.br/br-staff-dashboard/default-node_modules_bento_bento-ng___ivy_ngcc___fesm2015_bento-bento-ng_js-node_modules_bent-2fe2f1.b12fafe2aca5803a519f.js:0
[   17486ms] [WARNING] Failed to decode downloaded font: https://onvio.com.br/staff/SourceSans3-Regular.114f93b5f3b7d159.otf @ https://onvio.com.br/br-staff-dashboard/default-node_modules_bento_bento-ng___ivy_ngcc___fesm2015_bento-bento-ng_js-node_modules_bent-2fe2f1.b12fafe2aca5803a519f.js:0
[   17486ms] [WARNING] OTS parsing error: bad table directory searchRange
bad table directory entrySelector
bad table directory rangeShift
Invalid table tag: 0x604241
 `BA: misaligned table @ https://onvio.com.br/br-staff-dashboard/default-node_modules_bento_bento-ng___ivy_ngcc___fesm2015_bento-bento-ng_js-node_modules_bent-2fe2f1.b12fafe2aca5803a519f.js:0
[   17487ms] [WARNING] Failed to decode downloaded font: https://onvio.com.br/staff/SourceSans3-Regular.ab920762075b81fb.ttf @ https://onvio.com.br/br-staff-dashboard/default-node_modules_bento_bento-ng___ivy_ngcc___fesm2015_bento-bento-ng_js-node_modules_bent-2fe2f1.b12fafe2aca5803a519f.js:0
[   17487ms] [WARNING] OTS parsing error: BASE: invalid table offset @ https://onvio.com.br/br-staff-dashboard/default-node_modules_bento_bento-ng___ivy_ngcc___fesm2015_bento-bento-ng_js-node_modules_bent-2fe2f1.b12fafe2aca5803a519f.js:0
[   17487ms] [WARNING] Failed to decode downloaded font: https://onvio.com.br/staff/SourceSans3VF-Upright.ttf.e7f20fc9b00b0e8a.woff2 @ https://onvio.com.br/br-staff-dashboard/default-node_modules_bento_bento-ng___ivy_ngcc___fesm2015_bento-bento-ng_js-node_modules_bent-2fe2f1.b12fafe2aca5803a519f.js:0
[   17487ms] [WARNING] OTS parsing error: Failed to convert WOFF 2.0 font to SFNT @ https://onvio.com.br/br-staff-dashboard/default-node_modules_bento_bento-ng___ivy_ngcc___fesm2015_bento-bento-ng_js-node_modules_bent-2fe2f1.b12fafe2aca5803a519f.js:0
[   17487ms] [WARNING] Failed to decode downloaded font: https://onvio.com.br/staff/SourceSans3-Regular.ttf.dab9805cb7eb3d8f.woff @ https://onvio.com.br/br-staff-dashboard/default-node_modules_bento_bento-ng___ivy_ngcc___fesm2015_bento-bento-ng_js-node_modules_bent-2fe2f1.b12fafe2aca5803a519f.js:0
[   17487ms] [WARNING] OTS parsing error: incorrect file size in WOFF header @ https://onvio.com.br/br-staff-dashboard/default-node_modules_bento_bento-ng___ivy_ngcc___fesm2015_bento-bento-ng_js-node_modules_bent-2fe2f1.b12fafe2aca5803a519f.js:0
[   17488ms] [WARNING] Failed to decode downloaded font: https://onvio.com.br/staff/SourceSans3-Regular.114f93b5f3b7d159.otf @ https://onvio.com.br/br-staff-dashboard/default-node_modules_bento_bento-ng___ivy_ngcc___fesm2015_bento-bento-ng_js-node_modules_bent-2fe2f1.b12fafe2aca5803a519f.js:0
[   17488ms] [WARNING] OTS parsing error: bad table directory searchRange
bad table directory entrySelector
bad table directory rangeShift
Invalid table tag: 0x604241
 `BA: misaligned table @ https://onvio.com.br/br-staff-dashboard/default-node_modules_bento_bento-ng___ivy_ngcc___fesm2015_bento-bento-ng_js-node_modules_bent-2fe2f1.b12fafe2aca5803a519f.js:0
[   17488ms] [WARNING] Failed to decode downloaded font: https://onvio.com.br/staff/SourceSans3-Regular.ab920762075b81fb.ttf @ https://onvio.com.br/br-staff-dashboard/default-node_modules_bento_bento-ng___ivy_ngcc___fesm2015_bento-bento-ng_js-node_modules_bent-2fe2f1.b12fafe2aca5803a519f.js:0
[   17488ms] [WARNING] OTS parsing error: BASE: invalid table offset @ https://onvio.com.br/br-staff-dashboard/default-node_modules_bento_bento-ng___ivy_ngcc___fesm2015_bento-bento-ng_js-node_modules_bent-2fe2f1.b12fafe2aca5803a519f.js:0
[   17488ms] [WARNING] Failed to decode downloaded font: https://onvio.com.br/staff/SourceSans3VF-Upright.ttf.e7f20fc9b00b0e8a.woff2 @ https://onvio.com.br/br-staff-dashboard/default-node_modules_bento_bento-ng___ivy_ngcc___fesm2015_bento-bento-ng_js-node_modules_bent-2fe2f1.b12fafe2aca5803a519f.js:0
[   17488ms] [WARNING] OTS parsing error: Failed to convert WOFF 2.0 font to SFNT @ https://onvio.com.br/br-staff-dashboard/default-node_modules_bento_bento-ng___ivy_ngcc___fesm2015_bento-bento-ng_js-node_modules_bent-2fe2f1.b12fafe2aca5803a519f.js:0
[   17488ms] [WARNING] Failed to decode downloaded font: https://onvio.com.br/staff/SourceSans3-Regular.ttf.dab9805cb7eb3d8f.woff @ https://onvio.com.br/br-staff-dashboard/default-node_modules_bento_bento-ng___ivy_ngcc___fesm2015_bento-bento-ng_js-node_modules_bent-2fe2f1.b12fafe2aca5803a519f.js:0
[   17488ms] [WARNING] OTS parsing error: incorrect file size in WOFF header @ https://onvio.com.br/br-staff-dashboard/default-node_modules_bento_bento-ng___ivy_ngcc___fesm2015_bento-bento-ng_js-node_modules_bent-2fe2f1.b12fafe2aca5803a519f.js:0
[   17489ms] [WARNING] Failed to decode downloaded font: https://onvio.com.br/staff/SourceSans3-Regular.114f93b5f3b7d159.otf @ https://onvio.com.br/br-staff-dashboard/default-node_modules_bento_bento-ng___ivy_ngcc___fesm2015_bento-bento-ng_js-node_modules_bent-2fe2f1.b12fafe2aca5803a519f.js:0
[   17489ms] [WARNING] OTS parsing error: bad table directory searchRange
bad table directory entrySelector
bad table directory rangeShift
Invalid table tag: 0x604241
 `BA: misaligned table @ https://onvio.com.br/br-staff-dashboard/default-node_modules_bento_bento-ng___ivy_ngcc___fesm2015_bento-bento-ng_js-node_modules_bent-2fe2f1.b12fafe2aca5803a519f.js:0
[   17489ms] [WARNING] Failed to decode downloaded font: https://onvio.com.br/staff/SourceSans3-Regular.ab920762075b81fb.ttf @ https://onvio.com.br/br-staff-dashboard/default-node_modules_bento_bento-ng___ivy_ngcc___fesm2015_bento-bento-ng_js-node_modules_bent-2fe2f1.b12fafe2aca5803a519f.js:0
[   17489ms] [WARNING] OTS parsing error: BASE: invalid table offset @ https://onvio.com.br/br-staff-dashboard/default-node_modules_bento_bento-ng___ivy_ngcc___fesm2015_bento-bento-ng_js-node_modules_bent-2fe2f1.b12fafe2aca5803a519f.js:0
[   17489ms] [WARNING] Failed to decode downloaded font: https://onvio.com.br/staff/SourceSans3VF-Upright.ttf.e7f20fc9b00b0e8a.woff2 @ https://onvio.com.br/br-staff-dashboard/default-node_modules_bento_bento-ng___ivy_ngcc___fesm2015_bento-bento-ng_js-node_modules_bent-2fe2f1.b12fafe2aca5803a519f.js:0
[   17489ms] [WARNING] OTS parsing error: Failed to convert WOFF 2.0 font to SFNT @ https://onvio.com.br/br-staff-dashboard/default-node_modules_bento_bento-ng___ivy_ngcc___fesm2015_bento-bento-ng_js-node_modules_bent-2fe2f1.b12fafe2aca5803a519f.js:0
[   17489ms] [WARNING] Failed to decode downloaded font: https://onvio.com.br/staff/SourceSans3VF-Upright.ttf.e7f20fc9b00b0e8a.woff2 @ https://onvio.com.br/br-staff-dashboard/default-node_modules_bento_bento-ng___ivy_ngcc___fesm2015_bento-bento-ng_js-node_modules_bent-2fe2f1.b12fafe2aca5803a519f.js:0
[   17489ms] [WARNING] OTS parsing error: Failed to convert WOFF 2.0 font to SFNT @ https://onvio.com.br/br-staff-dashboard/default-node_modules_bento_bento-ng___ivy_ngcc___fesm2015_bento-bento-ng_js-node_modules_bent-2fe2f1.b12fafe2aca5803a519f.js:0
[   17490ms] [WARNING] Failed to decode downloaded font: https://onvio.com.br/staff/SourceSans3VF-Upright.ttf.e7f20fc9b00b0e8a.woff2 @ https://onvio.com.br/br-staff-dashboard/default-node_modules_bento_bento-ng___ivy_ngcc___fesm2015_bento-bento-ng_js-node_modules_bent-2fe2f1.b12fafe2aca5803a519f.js:0
[   17490ms] [WARNING] OTS parsing error: Failed to convert WOFF 2.0 font to SFNT @ https://onvio.com.br/br-staff-dashboard/default-node_modules_bento_bento-ng___ivy_ngcc___fesm2015_bento-bento-ng_js-node_modules_bent-2fe2f1.b12fafe2aca5803a519f.js:0
[   17490ms] [WARNING] Failed to decode downloaded font: https://onvio.com.br/staff/SourceSans3VF-Upright.ttf.e7f20fc9b00b0e8a.woff2 @ https://onvio.com.br/br-staff-dashboard/default-node_modules_bento_bento-ng___ivy_ngcc___fesm2015_bento-bento-ng_js-node_modules_bent-2fe2f1.b12fafe2aca5803a519f.js:0
[   17490ms] [WARNING] OTS parsing error: Failed to convert WOFF 2.0 font to SFNT @ https://onvio.com.br/br-staff-dashboard/default-node_modules_bento_bento-ng___ivy_ngcc___fesm2015_bento-bento-ng_js-node_modules_bent-2fe2f1.b12fafe2aca5803a519f.js:0
[   17490ms] [WARNING] Failed to decode downloaded font: https://onvio.com.br/staff/SourceSans3VF-Upright.ttf.e7f20fc9b00b0e8a.woff2 @ https://onvio.com.br/br-staff-dashboard/default-node_modules_bento_bento-ng___ivy_ngcc___fesm2015_bento-bento-ng_js-node_modules_bent-2fe2f1.b12fafe2aca5803a519f.js:0
[   17490ms] [WARNING] OTS parsing error: Failed to convert WOFF 2.0 font to SFNT @ https://onvio.com.br/br-staff-dashboard/default-node_modules_bento_bento-ng___ivy_ngcc___fesm2015_bento-bento-ng_js-node_modules_bent-2fe2f1.b12fafe2aca5803a519f.js:0
[   17490ms] [WARNING] Failed to decode downloaded font: https://onvio.com.br/staff/SourceSans3VF-Upright.ttf.e7f20fc9b00b0e8a.woff2 @ https://onvio.com.br/br-staff-dashboard/default-node_modules_bento_bento-ng___ivy_ngcc___fesm2015_bento-bento-ng_js-node_modules_bent-2fe2f1.b12fafe2aca5803a519f.js:0
[   17490ms] [WARNING] OTS parsing error: Failed to convert WOFF 2.0 font to SFNT @ https://onvio.com.br/br-staff-dashboard/default-node_modules_bento_bento-ng___ivy_ngcc___fesm2015_bento-bento-ng_js-node_modules_bent-2fe2f1.b12fafe2aca5803a519f.js:0
[   17490ms] [WARNING] Failed to decode downloaded font: https://onvio.com.br/staff/SourceSans3VF-Upright.ttf.e7f20fc9b00b0e8a.woff2 @ https://onvio.com.br/br-staff-dashboard/default-node_modules_bento_bento-ng___ivy_ngcc___fesm2015_bento-bento-ng_js-node_modules_bent-2fe2f1.b12fafe2aca5803a519f.js:0
[   17491ms] [WARNING] OTS parsing error: Failed to convert WOFF 2.0 font to SFNT @ https://onvio.com.br/br-staff-dashboard/default-node_modules_bento_bento-ng___ivy_ngcc___fesm2015_bento-bento-ng_js-node_modules_bent-2fe2f1.b12fafe2aca5803a519f.js:0
[   17491ms] [WARNING] Failed to decode downloaded font: https://onvio.com.br/staff/SourceSans3VF-Upright.ttf.e7f20fc9b00b0e8a.woff2 @ https://onvio.com.br/br-staff-dashboard/default-node_modules_bento_bento-ng___ivy_ngcc___fesm2015_bento-bento-ng_js-node_modules_bent-2fe2f1.b12fafe2aca5803a519f.js:0
[   17491ms] [WARNING] OTS parsing error: Failed to convert WOFF 2.0 font to SFNT @ https://onvio.com.br/br-staff-dashboard/default-node_modules_bento_bento-ng___ivy_ngcc___fesm2015_bento-bento-ng_js-node_modules_bent-2fe2f1.b12fafe2aca5803a519f.js:0
[   17491ms] [WARNING] Failed to decode downloaded font: https://onvio.com.br/staff/SourceSans3VF-Upright.ttf.e7f20fc9b00b0e8a.woff2 @ https://onvio.com.br/br-staff-dashboard/default-node_modules_bento_bento-ng___ivy_ngcc___fesm2015_bento-bento-ng_js-node_modules_bent-2fe2f1.b12fafe2aca5803a519f.js:0
[   17491ms] [WARNING] OTS parsing error: Failed to convert WOFF 2.0 font to SFNT @ https://onvio.com.br/br-staff-dashboard/default-node_modules_bento_bento-ng___ivy_ngcc___fesm2015_bento-bento-ng_js-node_modules_bent-2fe2f1.b12fafe2aca5803a519f.js:0
[   17491ms] [WARNING] Failed to decode downloaded font: https://onvio.com.br/staff/SourceSans3-Regular.ttf.dab9805cb7eb3d8f.woff @ https://onvio.com.br/br-staff-dashboard/default-node_modules_bento_bento-ng___ivy_ngcc___fesm2015_bento-bento-ng_js-node_modules_bent-2fe2f1.b12fafe2aca5803a519f.js:0
[   17491ms] [WARNING] OTS parsing error: incorrect file size in WOFF header @ https://onvio.com.br/br-staff-dashboard/default-node_modules_bento_bento-ng___ivy_ngcc___fesm2015_bento-bento-ng_js-node_modules_bent-2fe2f1.b12fafe2aca5803a519f.js:0
[   17492ms] [WARNING] Failed to decode downloaded font: https://onvio.com.br/staff/SourceSans3-Regular.114f93b5f3b7d159.otf @ https://onvio.com.br/br-staff-dashboard/default-node_modules_bento_bento-ng___ivy_ngcc___fesm2015_bento-bento-ng_js-node_modules_bent-2fe2f1.b12fafe2aca5803a519f.js:0
[   17492ms] [WARNING] OTS parsing error: bad table directory searchRange
bad table directory entrySelector
bad table directory rangeShift
Invalid table tag: 0x604241
 `BA: misaligned table @ https://onvio.com.br/br-staff-dashboard/default-node_modules_bento_bento-ng___ivy_ngcc___fesm2015_bento-bento-ng_js-node_modules_bent-2fe2f1.b12fafe2aca5803a519f.js:0
[   17492ms] [WARNING] Failed to decode downloaded font: https://onvio.com.br/staff/SourceSans3-Regular.ab920762075b81fb.ttf @ https://onvio.com.br/br-staff-dashboard/default-node_modules_bento_bento-ng___ivy_ngcc___fesm2015_bento-bento-ng_js-node_modules_bent-2fe2f1.b12fafe2aca5803a519f.js:0
[   17492ms] [WARNING] OTS parsing error: BASE: invalid table offset @ https://onvio.com.br/br-staff-dashboard/default-node_modules_bento_bento-ng___ivy_ngcc___fesm2015_bento-bento-ng_js-node_modules_bent-2fe2f1.b12fafe2aca5803a519f.js:0
[   17492ms] [WARNING] Failed to decode downloaded font: https://onvio.com.br/staff/SourceSans3VF-Upright.ttf.e7f20fc9b00b0e8a.woff2 @ https://onvio.com.br/br-staff-dashboard/default-node_modules_bento_bento-ng___ivy_ngcc___fesm2015_bento-bento-ng_js-node_modules_bent-2fe2f1.b12fafe2aca5803a519f.js:0
[   17492ms] [WARNING] OTS parsing error: Failed to convert WOFF 2.0 font to SFNT @ https://onvio.com.br/br-staff-dashboard/default-node_modules_bento_bento-ng___ivy_ngcc___fesm2015_bento-bento-ng_js-node_modules_bent-2fe2f1.b12fafe2aca5803a519f.js:0
[   17492ms] [WARNING] Failed to decode downloaded font: https://onvio.com.br/staff/SourceSans3-Regular.ttf.dab9805cb7eb3d8f.woff @ https://onvio.com.br/br-staff-dashboard/default-node_modules_bento_bento-ng___ivy_ngcc___fesm2015_bento-bento-ng_js-node_modules_bent-2fe2f1.b12fafe2aca5803a519f.js:0
[   17492ms] [WARNING] OTS parsing error: incorrect file size in WOFF header @ https://onvio.com.br/br-staff-dashboard/default-node_modules_bento_bento-ng___ivy_ngcc___fesm2015_bento-bento-ng_js-node_modules_bent-2fe2f1.b12fafe2aca5803a519f.js:0
[   17492ms] [WARNING] Failed to decode downloaded font: https://onvio.com.br/staff/SourceSans3-Regular.114f93b5f3b7d159.otf @ https://onvio.com.br/br-staff-dashboard/default-node_modules_bento_bento-ng___ivy_ngcc___fesm2015_bento-bento-ng_js-node_modules_bent-2fe2f1.b12fafe2aca5803a519f.js:0
[   17492ms] [WARNING] OTS parsing error: bad table directory searchRange
bad table directory entrySelector
bad table directory rangeShift
Invalid table tag: 0x604241
 `BA: misaligned table @ https://onvio.com.br/br-staff-dashboard/default-node_modules_bento_bento-ng___ivy_ngcc___fesm2015_bento-bento-ng_js-node_modules_bent-2fe2f1.b12fafe2aca5803a519f.js:0
[   17492ms] [WARNING] Failed to decode downloaded font: https://onvio.com.br/staff/SourceSans3-Regular.ab920762075b81fb.ttf @ https://onvio.com.br/br-staff-dashboard/default-node_modules_bento_bento-ng___ivy_ngcc___fesm2015_bento-bento-ng_js-node_modules_bent-2fe2f1.b12fafe2aca5803a519f.js:0
[   17492ms] [WARNING] OTS parsing error: BASE: invalid table offset @ https://onvio.com.br/br-staff-dashboard/default-node_modules_bento_bento-ng___ivy_ngcc___fesm2015_bento-bento-ng_js-node_modules_bent-2fe2f1.b12fafe2aca5803a519f.js:0
[   17493ms] [WARNING] Failed to decode downloaded font: https://onvio.com.br/staff/SourceSans3VF-Upright.ttf.e7f20fc9b00b0e8a.woff2 @ https://onvio.com.br/br-staff-dashboard/default-node_modules_bento_bento-ng___ivy_ngcc___fesm2015_bento-bento-ng_js-node_modules_bent-2fe2f1.b12fafe2aca5803a519f.js:0
[   17493ms] [WARNING] OTS parsing error: Failed to convert WOFF 2.0 font to SFNT @ https://onvio.com.br/br-staff-dashboard/default-node_modules_bento_bento-ng___ivy_ngcc___fesm2015_bento-bento-ng_js-node_modules_bent-2fe2f1.b12fafe2aca5803a519f.js:0
[   17493ms] [WARNING] Failed to decode downloaded font: https://onvio.com.br/staff/SourceSans3-Regular.ttf.dab9805cb7eb3d8f.woff @ https://onvio.com.br/br-staff-dashboard/default-node_modules_bento_bento-ng___ivy_ngcc___fesm2015_bento-bento-ng_js-node_modules_bent-2fe2f1.b12fafe2aca5803a519f.js:0
[   17493ms] [WARNING] OTS parsing error: incorrect file size in WOFF header @ https://onvio.com.br/br-staff-dashboard/default-node_modules_bento_bento-ng___ivy_ngcc___fesm2015_bento-bento-ng_js-node_modules_bent-2fe2f1.b12fafe2aca5803a519f.js:0
[   17493ms] [WARNING] Failed to decode downloaded font: https://onvio.com.br/staff/SourceSans3-Regular.114f93b5f3b7d159.otf @ https://onvio.com.br/br-staff-dashboard/default-node_modules_bento_bento-ng___ivy_ngcc___fesm2015_bento-bento-ng_js-node_modules_bent-2fe2f1.b12fafe2aca5803a519f.js:0
[   17493ms] [WARNING] OTS parsing error: bad table directory searchRange
bad table directory entrySelector
bad table directory rangeShift
Invalid table tag: 0x604241
 `BA: misaligned table @ https://onvio.com.br/br-staff-dashboard/default-node_modules_bento_bento-ng___ivy_ngcc___fesm2015_bento-bento-ng_js-node_modules_bent-2fe2f1.b12fafe2aca5803a519f.js:0
[   17493ms] [WARNING] Failed to decode downloaded font: https://onvio.com.br/staff/SourceSans3-Regular.ab920762075b81fb.ttf @ https://onvio.com.br/br-staff-dashboard/default-node_modules_bento_bento-ng___ivy_ngcc___fesm2015_bento-bento-ng_js-node_modules_bent-2fe2f1.b12fafe2aca5803a519f.js:0
[   17493ms] [WARNING] OTS parsing error: BASE: invalid table offset @ https://onvio.com.br/br-staff-dashboard/default-node_modules_bento_bento-ng___ivy_ngcc___fesm2015_bento-bento-ng_js-node_modules_bent-2fe2f1.b12fafe2aca5803a519f.js:0
[   17493ms] [WARNING] Failed to decode downloaded font: https://onvio.com.br/staff/SourceSans3VF-Upright.ttf.e7f20fc9b00b0e8a.woff2 @ https://onvio.com.br/br-staff-dashboard/default-node_modules_bento_bento-ng___ivy_ngcc___fesm2015_bento-bento-ng_js-node_modules_bent-2fe2f1.b12fafe2aca5803a519f.js:0
[   17493ms] [WARNING] OTS parsing error: Failed to convert WOFF 2.0 font to SFNT @ https://onvio.com.br/br-staff-dashboard/default-node_modules_bento_bento-ng___ivy_ngcc___fesm2015_bento-bento-ng_js-node_modules_bent-2fe2f1.b12fafe2aca5803a519f.js:0
[   17493ms] [WARNING] Failed to decode downloaded font: https://onvio.com.br/staff/SourceSans3-Regular.ttf.dab9805cb7eb3d8f.woff @ https://onvio.com.br/br-staff-dashboard/default-node_modules_bento_bento-ng___ivy_ngcc___fesm2015_bento-bento-ng_js-node_modules_bent-2fe2f1.b12fafe2aca5803a519f.js:0
[   17493ms] [WARNING] OTS parsing error: incorrect file size in WOFF header @ https://onvio.com.br/br-staff-dashboard/default-node_modules_bento_bento-ng___ivy_ngcc___fesm2015_bento-bento-ng_js-node_modules_bent-2fe2f1.b12fafe2aca5803a519f.js:0
[   17493ms] [WARNING] Failed to decode downloaded font: https://onvio.com.br/staff/SourceSans3-Regular.114f93b5f3b7d159.otf @ https://onvio.com.br/br-staff-dashboard/default-node_modules_bento_bento-ng___ivy_ngcc___fesm2015_bento-bento-ng_js-node_modules_bent-2fe2f1.b12fafe2aca5803a519f.js:0
[   17493ms] [WARNING] OTS parsing error: bad table directory searchRange
bad table directory entrySelector
bad table directory rangeShift
Invalid table tag: 0x604241
 `BA: misaligned table @ https://onvio.com.br/br-staff-dashboard/default-node_modules_bento_bento-ng___ivy_ngcc___fesm2015_bento-bento-ng_js-node_modules_bent-2fe2f1.b12fafe2aca5803a519f.js:0
[   17493ms] [WARNING] Failed to decode downloaded font: https://onvio.com.br/staff/SourceSans3-Regular.ab920762075b81fb.ttf @ https://onvio.com.br/br-staff-dashboard/default-node_modules_bento_bento-ng___ivy_ngcc___fesm2015_bento-bento-ng_js-node_modules_bent-2fe2f1.b12fafe2aca5803a519f.js:0
[   17494ms] [WARNING] OTS parsing error: BASE: invalid table offset @ https://onvio.com.br/br-staff-dashboard/default-node_modules_bento_bento-ng___ivy_ngcc___fesm2015_bento-bento-ng_js-node_modules_bent-2fe2f1.b12fafe2aca5803a519f.js:0
[   17494ms] [WARNING] Failed to decode downloaded font: https://onvio.com.br/staff/SourceSans3VF-Upright.ttf.e7f20fc9b00b0e8a.woff2 @ https://onvio.com.br/br-staff-dashboard/default-node_modules_bento_bento-ng___ivy_ngcc___fesm2015_bento-bento-ng_js-node_modules_bent-2fe2f1.b12fafe2aca5803a519f.js:0
[   17494ms] [WARNING] OTS parsing error: Failed to convert WOFF 2.0 font to SFNT @ https://onvio.com.br/br-staff-dashboard/default-node_modules_bento_bento-ng___ivy_ngcc___fesm2015_bento-bento-ng_js-node_modules_bent-2fe2f1.b12fafe2aca5803a519f.js:0
[   17494ms] [WARNING] Failed to decode downloaded font: https://onvio.com.br/staff/SourceSans3-Regular.ttf.dab9805cb7eb3d8f.woff @ https://onvio.com.br/br-staff-dashboard/default-node_modules_bento_bento-ng___ivy_ngcc___fesm2015_bento-bento-ng_js-node_modules_bent-2fe2f1.b12fafe2aca5803a519f.js:0
[   17494ms] [WARNING] OTS parsing error: incorrect file size in WOFF header @ https://onvio.com.br/br-staff-dashboard/default-node_modules_bento_bento-ng___ivy_ngcc___fesm2015_bento-bento-ng_js-node_modules_bent-2fe2f1.b12fafe2aca5803a519f.js:0
[   17494ms] [WARNING] Failed to decode downloaded font: https://onvio.com.br/staff/SourceSans3-Regular.114f93b5f3b7d159.otf @ https://onvio.com.br/br-staff-dashboard/default-node_modules_bento_bento-ng___ivy_ngcc___fesm2015_bento-bento-ng_js-node_modules_bent-2fe2f1.b12fafe2aca5803a519f.js:0
[   17494ms] [WARNING] OTS parsing error: bad table directory searchRange
bad table directory entrySelector
bad table directory rangeShift
Invalid table tag: 0x604241
 `BA: misaligned table @ https://onvio.com.br/br-staff-dashboard/default-node_modules_bento_bento-ng___ivy_ngcc___fesm2015_bento-bento-ng_js-node_modules_bent-2fe2f1.b12fafe2aca5803a519f.js:0
[   17494ms] [WARNING] Failed to decode downloaded font: https://onvio.com.br/staff/SourceSans3-Regular.ab920762075b81fb.ttf @ https://onvio.com.br/br-staff-dashboard/default-node_modules_bento_bento-ng___ivy_ngcc___fesm2015_bento-bento-ng_js-node_modules_bent-2fe2f1.b12fafe2aca5803a519f.js:0
[   17494ms] [WARNING] OTS parsing error: BASE: invalid table offset @ https://onvio.com.br/br-staff-dashboard/default-node_modules_bento_bento-ng___ivy_ngcc___fesm2015_bento-bento-ng_js-node_modules_bent-2fe2f1.b12fafe2aca5803a519f.js:0
[   17494ms] [WARNING] Failed to decode downloaded font: https://onvio.com.br/staff/SourceSans3VF-Upright.ttf.e7f20fc9b00b0e8a.woff2 @ https://onvio.com.br/br-staff-dashboard/default-node_modules_bento_bento-ng___ivy_ngcc___fesm2015_bento-bento-ng_js-node_modules_bent-2fe2f1.b12fafe2aca5803a519f.js:0
[   17494ms] [WARNING] OTS parsing error: Failed to convert WOFF 2.0 font to SFNT @ https://onvio.com.br/br-staff-dashboard/default-node_modules_bento_bento-ng___ivy_ngcc___fesm2015_bento-bento-ng_js-node_modules_bent-2fe2f1.b12fafe2aca5803a519f.js:0
[   17494ms] [WARNING] Failed to decode downloaded font: https://onvio.com.br/staff/SourceSans3-Regular.ttf.dab9805cb7eb3d8f.woff @ https://onvio.com.br/br-staff-dashboard/default-node_modules_bento_bento-ng___ivy_ngcc___fesm2015_bento-bento-ng_js-node_modules_bent-2fe2f1.b12fafe2aca5803a519f.js:0
[   17494ms] [WARNING] OTS parsing error: incorrect file size in WOFF header @ https://onvio.com.br/br-staff-dashboard/default-node_modules_bento_bento-ng___ivy_ngcc___fesm2015_bento-bento-ng_js-node_modules_bent-2fe2f1.b12fafe2aca5803a519f.js:0
[   17494ms] [WARNING] Failed to decode downloaded font: https://onvio.com.br/staff/SourceSans3-Regular.114f93b5f3b7d159.otf @ https://onvio.com.br/br-staff-dashboard/default-node_modules_bento_bento-ng___ivy_ngcc___fesm2015_bento-bento-ng_js-node_modules_bent-2fe2f1.b12fafe2aca5803a519f.js:0
[   17494ms] [WARNING] OTS parsing error: bad table directory searchRange
bad table directory entrySelector
bad table directory rangeShift
Invalid table tag: 0x604241
 `BA: misaligned table @ https://onvio.com.br/br-staff-dashboard/default-node_modules_bento_bento-ng___ivy_ngcc___fesm2015_bento-bento-ng_js-node_modules_bent-2fe2f1.b12fafe2aca5803a519f.js:0
[   17494ms] [WARNING] Failed to decode downloaded font: https://onvio.com.br/staff/SourceSans3-Regular.ab920762075b81fb.ttf @ https://onvio.com.br/br-staff-dashboard/default-node_modules_bento_bento-ng___ivy_ngcc___fesm2015_bento-bento-ng_js-node_modules_bent-2fe2f1.b12fafe2aca5803a519f.js:0
[   17494ms] [WARNING] OTS parsing error: BASE: invalid table offset @ https://onvio.com.br/br-staff-dashboard/default-node_modules_bento_bento-ng___ivy_ngcc___fesm2015_bento-bento-ng_js-node_modules_bent-2fe2f1.b12fafe2aca5803a519f.js:0
[   17495ms] [WARNING] Failed to decode downloaded font: https://onvio.com.br/staff/SourceSans3VF-Upright.ttf.e7f20fc9b00b0e8a.woff2 @ https://onvio.com.br/br-staff-dashboard/default-node_modules_bento_bento-ng___ivy_ngcc___fesm2015_bento-bento-ng_js-node_modules_bent-2fe2f1.b12fafe2aca5803a519f.js:0
[   17495ms] [WARNING] OTS parsing error: Failed to convert WOFF 2.0 font to SFNT @ https://onvio.com.br/br-staff-dashboard/default-node_modules_bento_bento-ng___ivy_ngcc___fesm2015_bento-bento-ng_js-node_modules_bent-2fe2f1.b12fafe2aca5803a519f.js:0
[   17495ms] [WARNING] Failed to decode downloaded font: https://onvio.com.br/staff/SourceSans3-Regular.ttf.dab9805cb7eb3d8f.woff @ https://onvio.com.br/br-staff-dashboard/default-node_modules_bento_bento-ng___ivy_ngcc___fesm2015_bento-bento-ng_js-node_modules_bent-2fe2f1.b12fafe2aca5803a519f.js:0
[   17495ms] [WARNING] OTS parsing error: incorrect file size in WOFF header @ https://onvio.com.br/br-staff-dashboard/default-node_modules_bento_bento-ng___ivy_ngcc___fesm2015_bento-bento-ng_js-node_modules_bent-2fe2f1.b12fafe2aca5803a519f.js:0
[   17495ms] [WARNING] Failed to decode downloaded font: https://onvio.com.br/staff/SourceSans3-Regular.114f93b5f3b7d159.otf @ https://onvio.com.br/br-staff-dashboard/default-node_modules_bento_bento-ng___ivy_ngcc___fesm2015_bento-bento-ng_js-node_modules_bent-2fe2f1.b12fafe2aca5803a519f.js:0
[   17495ms] [WARNING] OTS parsing error: bad table directory searchRange
bad table directory entrySelector
bad table directory rangeShift
Invalid table tag: 0x604241
 `BA: misaligned table @ https://onvio.com.br/br-staff-dashboard/default-node_modules_bento_bento-ng___ivy_ngcc___fesm2015_bento-bento-ng_js-node_modules_bent-2fe2f1.b12fafe2aca5803a519f.js:0
[   17495ms] [WARNING] Failed to decode downloaded font: https://onvio.com.br/staff/SourceSans3-Regular.ab920762075b81fb.ttf @ https://onvio.com.br/br-staff-dashboard/default-node_modules_bento_bento-ng___ivy_ngcc___fesm2015_bento-bento-ng_js-node_modules_bent-2fe2f1.b12fafe2aca5803a519f.js:0
[   17495ms] [WARNING] OTS parsing error: BASE: invalid table offset @ https://onvio.com.br/br-staff-dashboard/default-node_modules_bento_bento-ng___ivy_ngcc___fesm2015_bento-bento-ng_js-node_modules_bent-2fe2f1.b12fafe2aca5803a519f.js:0
[   17495ms] [WARNING] Failed to decode downloaded font: https://onvio.com.br/staff/SourceSans3VF-Upright.ttf.e7f20fc9b00b0e8a.woff2 @ https://onvio.com.br/br-staff-dashboard/default-node_modules_bento_bento-ng___ivy_ngcc___fesm2015_bento-bento-ng_js-node_modules_bent-2fe2f1.b12fafe2aca5803a519f.js:0
[   17495ms] [WARNING] OTS parsing error: Failed to convert WOFF 2.0 font to SFNT @ https://onvio.com.br/br-staff-dashboard/default-node_modules_bento_bento-ng___ivy_ngcc___fesm2015_bento-bento-ng_js-node_modules_bent-2fe2f1.b12fafe2aca5803a519f.js:0
[   17495ms] [WARNING] Failed to decode downloaded font: https://onvio.com.br/staff/SourceSans3-Regular.ttf.dab9805cb7eb3d8f.woff @ https://onvio.com.br/br-staff-dashboard/default-node_modules_bento_bento-ng___ivy_ngcc___fesm2015_bento-bento-ng_js-node_modules_bent-2fe2f1.b12fafe2aca5803a519f.js:0
[   17495ms] [WARNING] OTS parsing error: incorrect file size in WOFF header @ https://onvio.com.br/br-staff-dashboard/default-node_modules_bento_bento-ng___ivy_ngcc___fesm2015_bento-bento-ng_js-node_modules_bent-2fe2f1.b12fafe2aca5803a519f.js:0
[   17495ms] [WARNING] Failed to decode downloaded font: https://onvio.com.br/staff/SourceSans3-Regular.114f93b5f3b7d159.otf @ https://onvio.com.br/br-staff-dashboard/default-node_modules_bento_bento-ng___ivy_ngcc___fesm2015_bento-bento-ng_js-node_modules_bent-2fe2f1.b12fafe2aca5803a519f.js:0
[   17495ms] [WARNING] OTS parsing error: bad table directory searchRange
bad table directory entrySelector
bad table directory rangeShift
Invalid table tag: 0x604241
 `BA: misaligned table @ https://onvio.com.br/br-staff-dashboard/default-node_modules_bento_bento-ng___ivy_ngcc___fesm2015_bento-bento-ng_js-node_modules_bent-2fe2f1.b12fafe2aca5803a519f.js:0
[   17495ms] [WARNING] Failed to decode downloaded font: https://onvio.com.br/staff/SourceSans3-Regular.ab920762075b81fb.ttf @ https://onvio.com.br/br-staff-dashboard/default-node_modules_bento_bento-ng___ivy_ngcc___fesm2015_bento-bento-ng_js-node_modules_bent-2fe2f1.b12fafe2aca5803a519f.js:0
[   17495ms] [WARNING] OTS parsing error: BASE: invalid table offset @ https://onvio.com.br/br-staff-dashboard/default-node_modules_bento_bento-ng___ivy_ngcc___fesm2015_bento-bento-ng_js-node_modules_bent-2fe2f1.b12fafe2aca5803a519f.js:0
[   17496ms] [WARNING] Failed to decode downloaded font: https://onvio.com.br/staff/SourceSans3VF-Upright.ttf.e7f20fc9b00b0e8a.woff2 @ https://onvio.com.br/br-staff-dashboard/default-node_modules_bento_bento-ng___ivy_ngcc___fesm2015_bento-bento-ng_js-node_modules_bent-2fe2f1.b12fafe2aca5803a519f.js:0
[   17496ms] [WARNING] OTS parsing error: Failed to convert WOFF 2.0 font to SFNT @ https://onvio.com.br/br-staff-dashboard/default-node_modules_bento_bento-ng___ivy_ngcc___fesm2015_bento-bento-ng_js-node_modules_bent-2fe2f1.b12fafe2aca5803a519f.js:0
[   17496ms] [WARNING] Failed to decode downloaded font: https://onvio.com.br/staff/SourceSans3-Regular.114f93b5f3b7d159.otf @ https://onvio.com.br/br-staff-dashboard/default-node_modules_bento_bento-ng___ivy_ngcc___fesm2015_bento-bento-ng_js-node_modules_bent-2fe2f1.b12fafe2aca5803a519f.js:0
[   17496ms] [WARNING] OTS parsing error: bad table directory searchRange
bad table directory entrySelector
bad table directory rangeShift
Invalid table tag: 0x604241
 `BA: misaligned table @ https://onvio.com.br/br-staff-dashboard/default-node_modules_bento_bento-ng___ivy_ngcc___fesm2015_bento-bento-ng_js-node_modules_bent-2fe2f1.b12fafe2aca5803a519f.js:0
[   17496ms] [WARNING] Failed to decode downloaded font: https://onvio.com.br/staff/SourceSans3-Regular.ttf.dab9805cb7eb3d8f.woff @ https://onvio.com.br/br-staff-dashboard/default-node_modules_bento_bento-ng___ivy_ngcc___fesm2015_bento-bento-ng_js-node_modules_bent-2fe2f1.b12fafe2aca5803a519f.js:0
[   17496ms] [WARNING] OTS parsing error: incorrect file size in WOFF header @ https://onvio.com.br/br-staff-dashboard/default-node_modules_bento_bento-ng___ivy_ngcc___fesm2015_bento-bento-ng_js-node_modules_bent-2fe2f1.b12fafe2aca5803a519f.js:0
[   17496ms] [WARNING] Failed to decode downloaded font: https://onvio.com.br/staff/SourceSans3-Regular.ab920762075b81fb.ttf @ https://onvio.com.br/br-staff-dashboard/default-node_modules_bento_bento-ng___ivy_ngcc___fesm2015_bento-bento-ng_js-node_modules_bent-2fe2f1.b12fafe2aca5803a519f.js:0
[   17496ms] [WARNING] OTS parsing error: BASE: invalid table offset @ https://onvio.com.br/br-staff-dashboard/default-node_modules_bento_bento-ng___ivy_ngcc___fesm2015_bento-bento-ng_js-node_modules_bent-2fe2f1.b12fafe2aca5803a519f.js:0
[   17496ms] [WARNING] Failed to decode downloaded font: https://onvio.com.br/staff/SourceSans3VF-Upright.ttf.e7f20fc9b00b0e8a.woff2 @ https://onvio.com.br/br-staff-dashboard/default-node_modules_bento_bento-ng___ivy_ngcc___fesm2015_bento-bento-ng_js-node_modules_bent-2fe2f1.b12fafe2aca5803a519f.js:0
[   17496ms] [WARNING] OTS parsing error: Failed to convert WOFF 2.0 font to SFNT @ https://onvio.com.br/br-staff-dashboard/default-node_modules_bento_bento-ng___ivy_ngcc___fesm2015_bento-bento-ng_js-node_modules_bent-2fe2f1.b12fafe2aca5803a519f.js:0
[   17496ms] [WARNING] Failed to decode downloaded font: https://onvio.com.br/staff/SourceSans3-Regular.ttf.dab9805cb7eb3d8f.woff @ https://onvio.com.br/br-staff-dashboard/default-node_modules_bento_bento-ng___ivy_ngcc___fesm2015_bento-bento-ng_js-node_modules_bent-2fe2f1.b12fafe2aca5803a519f.js:0
[   17496ms] [WARNING] OTS parsing error: incorrect file size in WOFF header @ https://onvio.com.br/br-staff-dashboard/default-node_modules_bento_bento-ng___ivy_ngcc___fesm2015_bento-bento-ng_js-node_modules_bent-2fe2f1.b12fafe2aca5803a519f.js:0
[   17496ms] [WARNING] Failed to decode downloaded font: https://onvio.com.br/staff/SourceSans3-Regular.114f93b5f3b7d159.otf @ https://onvio.com.br/br-staff-dashboard/default-node_modules_bento_bento-ng___ivy_ngcc___fesm2015_bento-bento-ng_js-node_modules_bent-2fe2f1.b12fafe2aca5803a519f.js:0
[   17496ms] [WARNING] OTS parsing error: bad table directory searchRange
bad table directory entrySelector
bad table directory rangeShift
Invalid table tag: 0x604241
 `BA: misaligned table @ https://onvio.com.br/br-staff-dashboard/default-node_modules_bento_bento-ng___ivy_ngcc___fesm2015_bento-bento-ng_js-node_modules_bent-2fe2f1.b12fafe2aca5803a519f.js:0
[   17496ms] [WARNING] Failed to decode downloaded font: https://onvio.com.br/staff/SourceSans3-Regular.ab920762075b81fb.ttf @ https://onvio.com.br/br-staff-dashboard/default-node_modules_bento_bento-ng___ivy_ngcc___fesm2015_bento-bento-ng_js-node_modules_bent-2fe2f1.b12fafe2aca5803a519f.js:0
[   17497ms] [WARNING] OTS parsing error: BASE: invalid table offset @ https://onvio.com.br/br-staff-dashboard/default-node_modules_bento_bento-ng___ivy_ngcc___fesm2015_bento-bento-ng_js-node_modules_bent-2fe2f1.b12fafe2aca5803a519f.js:0
[   17497ms] [WARNING] Failed to decode downloaded font: https://onvio.com.br/staff/SourceSans3VF-Upright.ttf.e7f20fc9b00b0e8a.woff2 @ https://onvio.com.br/br-staff-dashboard/default-node_modules_bento_bento-ng___ivy_ngcc___fesm2015_bento-bento-ng_js-node_modules_bent-2fe2f1.b12fafe2aca5803a519f.js:0
[   17497ms] [WARNING] OTS parsing error: Failed to convert WOFF 2.0 font to SFNT @ https://onvio.com.br/br-staff-dashboard/default-node_modules_bento_bento-ng___ivy_ngcc___fesm2015_bento-bento-ng_js-node_modules_bent-2fe2f1.b12fafe2aca5803a519f.js:0
[   17497ms] [WARNING] Failed to decode downloaded font: https://onvio.com.br/staff/SourceSans3-Regular.ttf.dab9805cb7eb3d8f.woff @ https://onvio.com.br/br-staff-dashboard/default-node_modules_bento_bento-ng___ivy_ngcc___fesm2015_bento-bento-ng_js-node_modules_bent-2fe2f1.b12fafe2aca5803a519f.js:0
[   17498ms] [WARNING] OTS parsing error: incorrect file size in WOFF header @ https://onvio.com.br/br-staff-dashboard/default-node_modules_bento_bento-ng___ivy_ngcc___fesm2015_bento-bento-ng_js-node_modules_bent-2fe2f1.b12fafe2aca5803a519f.js:0
[   17498ms] [WARNING] Failed to decode downloaded font: https://onvio.com.br/staff/SourceSans3-Regular.114f93b5f3b7d159.otf @ https://onvio.com.br/br-staff-dashboard/default-node_modules_bento_bento-ng___ivy_ngcc___fesm2015_bento-bento-ng_js-node_modules_bent-2fe2f1.b12fafe2aca5803a519f.js:0
[   17498ms] [WARNING] OTS parsing error: bad table directory searchRange
bad table directory entrySelector
bad table directory rangeShift
Invalid table tag: 0x604241
 `BA: misaligned table @ https://onvio.com.br/br-staff-dashboard/default-node_modules_bento_bento-ng___ivy_ngcc___fesm2015_bento-bento-ng_js-node_modules_bent-2fe2f1.b12fafe2aca5803a519f.js:0
[   17498ms] [WARNING] Failed to decode downloaded font: https://onvio.com.br/staff/SourceSans3-Regular.ab920762075b81fb.ttf @ https://onvio.com.br/br-staff-dashboard/default-node_modules_bento_bento-ng___ivy_ngcc___fesm2015_bento-bento-ng_js-node_modules_bent-2fe2f1.b12fafe2aca5803a519f.js:0
[   17498ms] [WARNING] OTS parsing error: BASE: invalid table offset @ https://onvio.com.br/br-staff-dashboard/default-node_modules_bento_bento-ng___ivy_ngcc___fesm2015_bento-bento-ng_js-node_modules_bent-2fe2f1.b12fafe2aca5803a519f.js:0
[   17498ms] [WARNING] Failed to decode downloaded font: https://onvio.com.br/staff/SourceSans3VF-Upright.ttf.e7f20fc9b00b0e8a.woff2 @ https://onvio.com.br/br-staff-dashboard/default-node_modules_bento_bento-ng___ivy_ngcc___fesm2015_bento-bento-ng_js-node_modules_bent-2fe2f1.b12fafe2aca5803a519f.js:0
[   17498ms] [WARNING] OTS parsing error: Failed to convert WOFF 2.0 font to SFNT @ https://onvio.com.br/br-staff-dashboard/default-node_modules_bento_bento-ng___ivy_ngcc___fesm2015_bento-bento-ng_js-node_modules_bent-2fe2f1.b12fafe2aca5803a519f.js:0
[   17498ms] [WARNING] Failed to decode downloaded font: https://onvio.com.br/staff/SourceSans3-Regular.ttf.dab9805cb7eb3d8f.woff @ https://onvio.com.br/br-staff-dashboard/default-node_modules_bento_bento-ng___ivy_ngcc___fesm2015_bento-bento-ng_js-node_modules_bent-2fe2f1.b12fafe2aca5803a519f.js:0
[   17499ms] [WARNING] OTS parsing error: incorrect file size in WOFF header @ https://onvio.com.br/br-staff-dashboard/default-node_modules_bento_bento-ng___ivy_ngcc___fesm2015_bento-bento-ng_js-node_modules_bent-2fe2f1.b12fafe2aca5803a519f.js:0
[   17499ms] [WARNING] Failed to decode downloaded font: https://onvio.com.br/staff/SourceSans3-Regular.114f93b5f3b7d159.otf @ https://onvio.com.br/br-staff-dashboard/default-node_modules_bento_bento-ng___ivy_ngcc___fesm2015_bento-bento-ng_js-node_modules_bent-2fe2f1.b12fafe2aca5803a519f.js:0
[   17499ms] [WARNING] OTS parsing error: bad table directory searchRange
bad table directory entrySelector
bad table directory rangeShift
Invalid table tag: 0x604241
 `BA: misaligned table @ https://onvio.com.br/br-staff-dashboard/default-node_modules_bento_bento-ng___ivy_ngcc___fesm2015_bento-bento-ng_js-node_modules_bent-2fe2f1.b12fafe2aca5803a519f.js:0
[   17499ms] [WARNING] Failed to decode downloaded font: https://onvio.com.br/staff/SourceSans3-Regular.ab920762075b81fb.ttf @ https://onvio.com.br/br-staff-dashboard/default-node_modules_bento_bento-ng___ivy_ngcc___fesm2015_bento-bento-ng_js-node_modules_bent-2fe2f1.b12fafe2aca5803a519f.js:0
[   17499ms] [WARNING] OTS parsing error: BASE: invalid table offset @ https://onvio.com.br/br-staff-dashboard/default-node_modules_bento_bento-ng___ivy_ngcc___fesm2015_bento-bento-ng_js-node_modules_bent-2fe2f1.b12fafe2aca5803a519f.js:0
[   17499ms] [WARNING] Failed to decode downloaded font: https://onvio.com.br/staff/SourceSans3VF-Upright.ttf.e7f20fc9b00b0e8a.woff2 @ https://onvio.com.br/br-staff-dashboard/default-node_modules_bento_bento-ng___ivy_ngcc___fesm2015_bento-bento-ng_js-node_modules_bent-2fe2f1.b12fafe2aca5803a519f.js:0
[   17499ms] [WARNING] OTS parsing error: Failed to convert WOFF 2.0 font to SFNT @ https://onvio.com.br/br-staff-dashboard/default-node_modules_bento_bento-ng___ivy_ngcc___fesm2015_bento-bento-ng_js-node_modules_bent-2fe2f1.b12fafe2aca5803a519f.js:0
[   17499ms] [WARNING] Failed to decode downloaded font: https://onvio.com.br/staff/SourceSans3-Regular.ttf.dab9805cb7eb3d8f.woff @ https://onvio.com.br/br-staff-dashboard/default-node_modules_bento_bento-ng___ivy_ngcc___fesm2015_bento-bento-ng_js-node_modules_bent-2fe2f1.b12fafe2aca5803a519f.js:0
[   17499ms] [WARNING] OTS parsing error: incorrect file size in WOFF header @ https://onvio.com.br/br-staff-dashboard/default-node_modules_bento_bento-ng___ivy_ngcc___fesm2015_bento-bento-ng_js-node_modules_bent-2fe2f1.b12fafe2aca5803a519f.js:0
[   17499ms] [WARNING] Failed to decode downloaded font: https://onvio.com.br/staff/SourceSans3-Regular.114f93b5f3b7d159.otf @ https://onvio.com.br/br-staff-dashboard/default-node_modules_bento_bento-ng___ivy_ngcc___fesm2015_bento-bento-ng_js-node_modules_bent-2fe2f1.b12fafe2aca5803a519f.js:0
[   17499ms] [WARNING] OTS parsing error: bad table directory searchRange
bad table directory entrySelector
bad table directory rangeShift
Invalid table tag: 0x604241
 `BA: misaligned table @ https://onvio.com.br/br-staff-dashboard/default-node_modules_bento_bento-ng___ivy_ngcc___fesm2015_bento-bento-ng_js-node_modules_bent-2fe2f1.b12fafe2aca5803a519f.js:0
[   17499ms] [WARNING] Failed to decode downloaded font: https://onvio.com.br/staff/SourceSans3-Regular.ab920762075b81fb.ttf @ https://onvio.com.br/br-staff-dashboard/default-node_modules_bento_bento-ng___ivy_ngcc___fesm2015_bento-bento-ng_js-node_modules_bent-2fe2f1.b12fafe2aca5803a519f.js:0
[   17500ms] [WARNING] OTS parsing error: BASE: invalid table offset @ https://onvio.com.br/br-staff-dashboard/default-node_modules_bento_bento-ng___ivy_ngcc___fesm2015_bento-bento-ng_js-node_modules_bent-2fe2f1.b12fafe2aca5803a519f.js:0
[   17564ms] [ERROR] Failed to load resource: the server responded with a status of 401 () @ https://onvio.com.br/api/notification-async/v1/counters:0
[   17565ms] [ERROR] w Global error @ https://onvio.com.br/staff/8672.f47112ec8d1c8694.js:0
[   17566ms] w
[   17867ms] [WARNING] Failed to decode downloaded font: https://onvio.com.br/staff/SourceSans3VF-Upright.ttf.e7f20fc9b00b0e8a.woff2 @ https://onvio.com.br/br-staff-dashboard/default-node_modules_onviobr_dashboard___ivy_ngcc___fesm2015_onviobr-dashboard_js.461d50e799a85e32939d.js:0
[   17867ms] [WARNING] OTS parsing error: Failed to convert WOFF 2.0 font to SFNT @ https://onvio.com.br/br-staff-dashboard/default-node_modules_onviobr_dashboard___ivy_ngcc___fesm2015_onviobr-dashboard_js.461d50e799a85e32939d.js:0
[   17867ms] [WARNING] Failed to decode downloaded font: https://onvio.com.br/staff/SourceSans3-Regular.ttf.dab9805cb7eb3d8f.woff @ https://onvio.com.br/br-staff-dashboard/default-node_modules_onviobr_dashboard___ivy_ngcc___fesm2015_onviobr-dashboard_js.461d50e799a85e32939d.js:0
[   17867ms] [WARNING] OTS parsing error: incorrect file size in WOFF header @ https://onvio.com.br/br-staff-dashboard/default-node_modules_onviobr_dashboard___ivy_ngcc___fesm2015_onviobr-dashboard_js.461d50e799a85e32939d.js:0
[   17868ms] [WARNING] Failed to decode downloaded font: https://onvio.com.br/staff/SourceSans3-Regular.114f93b5f3b7d159.otf @ https://onvio.com.br/br-staff-dashboard/default-node_modules_onviobr_dashboard___ivy_ngcc___fesm2015_onviobr-dashboard_js.461d50e799a85e32939d.js:0
[   17868ms] [WARNING] OTS parsing error: bad table directory searchRange
bad table directory entrySelector
bad table directory rangeShift
Invalid table tag: 0x604241
 `BA: misaligned table @ https://onvio.com.br/br-staff-dashboard/default-node_modules_onviobr_dashboard___ivy_ngcc___fesm2015_onviobr-dashboard_js.461d50e799a85e32939d.js:0
[   17868ms] [WARNING] Failed to decode downloaded font: https://onvio.com.br/staff/SourceSans3-Regular.ab920762075b81fb.ttf @ https://onvio.com.br/br-staff-dashboard/default-node_modules_onviobr_dashboard___ivy_ngcc___fesm2015_onviobr-dashboard_js.461d50e799a85e32939d.js:0
[   17869ms] [WARNING] OTS parsing error: BASE: invalid table offset @ https://onvio.com.br/br-staff-dashboard/default-node_modules_onviobr_dashboard___ivy_ngcc___fesm2015_onviobr-dashboard_js.461d50e799a85e32939d.js:0
[   17869ms] [WARNING] Failed to decode downloaded font: https://onvio.com.br/staff/SourceSans3VF-Upright.ttf.e7f20fc9b00b0e8a.woff2 @ https://onvio.com.br/br-staff-dashboard/default-node_modules_onviobr_dashboard___ivy_ngcc___fesm2015_onviobr-dashboard_js.461d50e799a85e32939d.js:0
[   17869ms] [WARNING] OTS parsing error: Failed to convert WOFF 2.0 font to SFNT @ https://onvio.com.br/br-staff-dashboard/default-node_modules_onviobr_dashboard___ivy_ngcc___fesm2015_onviobr-dashboard_js.461d50e799a85e32939d.js:0
[   17870ms] [WARNING] Failed to decode downloaded font: https://onvio.com.br/staff/SourceSans3-Regular.ttf.dab9805cb7eb3d8f.woff @ https://onvio.com.br/br-staff-dashboard/default-node_modules_onviobr_dashboard___ivy_ngcc___fesm2015_onviobr-dashboard_js.461d50e799a85e32939d.js:0
[   17870ms] [WARNING] OTS parsing error: incorrect file size in WOFF header @ https://onvio.com.br/br-staff-dashboard/default-node_modules_onviobr_dashboard___ivy_ngcc___fesm2015_onviobr-dashboard_js.461d50e799a85e32939d.js:0
[   17870ms] [WARNING] Failed to decode downloaded font: https://onvio.com.br/staff/SourceSans3-Regular.114f93b5f3b7d159.otf @ https://onvio.com.br/br-staff-dashboard/default-node_modules_onviobr_dashboard___ivy_ngcc___fesm2015_onviobr-dashboard_js.461d50e799a85e32939d.js:0
[   17870ms] [WARNING] OTS parsing error: bad table directory searchRange
bad table directory entrySelector
bad table directory rangeShift
Invalid table tag: 0x604241
 `BA: misaligned table @ https://onvio.com.br/br-staff-dashboard/default-node_modules_onviobr_dashboard___ivy_ngcc___fesm2015_onviobr-dashboard_js.461d50e799a85e32939d.js:0
[   17871ms] [WARNING] Failed to decode downloaded font: https://onvio.com.br/staff/SourceSans3-Regular.ab920762075b81fb.ttf @ https://onvio.com.br/br-staff-dashboard/default-node_modules_onviobr_dashboard___ivy_ngcc___fesm2015_onviobr-dashboard_js.461d50e799a85e32939d.js:0
[   17872ms] [WARNING] OTS parsing error: BASE: invalid table offset @ https://onvio.com.br/br-staff-dashboard/default-node_modules_onviobr_dashboard___ivy_ngcc___fesm2015_onviobr-dashboard_js.461d50e799a85e32939d.js:0
[   17872ms] [WARNING] Failed to decode downloaded font: https://onvio.com.br/staff/SourceSans3VF-Upright.ttf.e7f20fc9b00b0e8a.woff2 @ https://onvio.com.br/br-staff-dashboard/default-node_modules_onviobr_dashboard___ivy_ngcc___fesm2015_onviobr-dashboard_js.461d50e799a85e32939d.js:0
[   17872ms] [WARNING] OTS parsing error: Failed to convert WOFF 2.0 font to SFNT @ https://onvio.com.br/br-staff-dashboard/default-node_modules_onviobr_dashboard___ivy_ngcc___fesm2015_onviobr-dashboard_js.461d50e799a85e32939d.js:0
[   17873ms] [WARNING] Failed to decode downloaded font: https://onvio.com.br/staff/SourceSans3-Regular.ttf.dab9805cb7eb3d8f.woff @ https://onvio.com.br/br-staff-dashboard/default-node_modules_onviobr_dashboard___ivy_ngcc___fesm2015_onviobr-dashboard_js.461d50e799a85e32939d.js:0
[   17873ms] [WARNING] OTS parsing error: incorrect file size in WOFF header @ https://onvio.com.br/br-staff-dashboard/default-node_modules_onviobr_dashboard___ivy_ngcc___fesm2015_onviobr-dashboard_js.461d50e799a85e32939d.js:0
[   17873ms] [WARNING] Failed to decode downloaded font: https://onvio.com.br/staff/SourceSans3-Regular.114f93b5f3b7d159.otf @ https://onvio.com.br/br-staff-dashboard/default-node_modules_onviobr_dashboard___ivy_ngcc___fesm2015_onviobr-dashboard_js.461d50e799a85e32939d.js:0
[   17873ms] [WARNING] OTS parsing error: bad table directory searchRange
bad table directory entrySelector
bad table directory rangeShift
Invalid table tag: 0x604241
 `BA: misaligned table @ https://onvio.com.br/br-staff-dashboard/default-node_modules_onviobr_dashboard___ivy_ngcc___fesm2015_onviobr-dashboard_js.461d50e799a85e32939d.js:0
[   17874ms] [WARNING] Failed to decode downloaded font: https://onvio.com.br/staff/SourceSans3-Regular.ab920762075b81fb.ttf @ https://onvio.com.br/br-staff-dashboard/default-node_modules_onviobr_dashboard___ivy_ngcc___fesm2015_onviobr-dashboard_js.461d50e799a85e32939d.js:0
[   17874ms] [WARNING] OTS parsing error: BASE: invalid table offset @ https://onvio.com.br/br-staff-dashboard/default-node_modules_onviobr_dashboard___ivy_ngcc___fesm2015_onviobr-dashboard_js.461d50e799a85e32939d.js:0
[   17875ms] [WARNING] Failed to decode downloaded font: https://onvio.com.br/staff/SourceSans3VF-Upright.ttf.e7f20fc9b00b0e8a.woff2 @ https://onvio.com.br/br-staff-dashboard/default-node_modules_onviobr_dashboard___ivy_ngcc___fesm2015_onviobr-dashboard_js.461d50e799a85e32939d.js:0
[   17875ms] [WARNING] OTS parsing error: Failed to convert WOFF 2.0 font to SFNT @ https://onvio.com.br/br-staff-dashboard/default-node_modules_onviobr_dashboard___ivy_ngcc___fesm2015_onviobr-dashboard_js.461d50e799a85e32939d.js:0
[   17875ms] [WARNING] Failed to decode downloaded font: https://onvio.com.br/staff/SourceSans3-Regular.ttf.dab9805cb7eb3d8f.woff @ https://onvio.com.br/br-staff-dashboard/default-node_modules_onviobr_dashboard___ivy_ngcc___fesm2015_onviobr-dashboard_js.461d50e799a85e32939d.js:0
[   17875ms] [WARNING] OTS parsing error: incorrect file size in WOFF header @ https://onvio.com.br/br-staff-dashboard/default-node_modules_onviobr_dashboard___ivy_ngcc___fesm2015_onviobr-dashboard_js.461d50e799a85e32939d.js:0
[   17875ms] [WARNING] Failed to decode downloaded font: https://onvio.com.br/staff/SourceSans3-Regular.114f93b5f3b7d159.otf @ https://onvio.com.br/br-staff-dashboard/default-node_modules_onviobr_dashboard___ivy_ngcc___fesm2015_onviobr-dashboard_js.461d50e799a85e32939d.js:0
[   17876ms] [WARNING] OTS parsing error: bad table directory searchRange
bad table directory entrySelector
bad table directory rangeShift
Invalid table tag: 0x604241
 `BA: misaligned table @ https://onvio.com.br/br-staff-dashboard/default-node_modules_onviobr_dashboard___ivy_ngcc___fesm2015_onviobr-dashboard_js.461d50e799a85e32939d.js:0
[   17876ms] [WARNING] Failed to decode downloaded font: https://onvio.com.br/staff/SourceSans3-Regular.ab920762075b81fb.ttf @ https://onvio.com.br/br-staff-dashboard/default-node_modules_onviobr_dashboard___ivy_ngcc___fesm2015_onviobr-dashboard_js.461d50e799a85e32939d.js:0
[   17876ms] [WARNING] OTS parsing error: BASE: invalid table offset @ https://onvio.com.br/br-staff-dashboard/default-node_modules_onviobr_dashboard___ivy_ngcc___fesm2015_onviobr-dashboard_js.461d50e799a85e32939d.js:0
[   17876ms] [WARNING] Failed to decode downloaded font: https://onvio.com.br/staff/SourceSans3VF-Upright.ttf.e7f20fc9b00b0e8a.woff2 @ https://onvio.com.br/br-staff-dashboard/default-node_modules_onviobr_dashboard___ivy_ngcc___fesm2015_onviobr-dashboard_js.461d50e799a85e32939d.js:0
[   17876ms] [WARNING] OTS parsing error: Failed to convert WOFF 2.0 font to SFNT @ https://onvio.com.br/br-staff-dashboard/default-node_modules_onviobr_dashboard___ivy_ngcc___fesm2015_onviobr-dashboard_js.461d50e799a85e32939d.js:0
[   17876ms] [WARNING] Failed to decode downloaded font: https://onvio.com.br/staff/SourceSans3-Regular.ttf.dab9805cb7eb3d8f.woff @ https://onvio.com.br/br-staff-dashboard/default-node_modules_onviobr_dashboard___ivy_ngcc___fesm2015_onviobr-dashboard_js.461d50e799a85e32939d.js:0
[   17876ms] [WARNING] OTS parsing error: incorrect file size in WOFF header @ https://onvio.com.br/br-staff-dashboard/default-node_modules_onviobr_dashboard___ivy_ngcc___fesm2015_onviobr-dashboard_js.461d50e799a85e32939d.js:0
[   17877ms] [WARNING] Failed to decode downloaded font: https://onvio.com.br/staff/SourceSans3-Regular.114f93b5f3b7d159.otf @ https://onvio.com.br/br-staff-dashboard/default-node_modules_onviobr_dashboard___ivy_ngcc___fesm2015_onviobr-dashboard_js.461d50e799a85e32939d.js:0
[   17877ms] [WARNING] OTS parsing error: bad table directory searchRange
bad table directory entrySelector
bad table directory rangeShift
Invalid table tag: 0x604241
 `BA: misaligned table @ https://onvio.com.br/br-staff-dashboard/default-node_modules_onviobr_dashboard___ivy_ngcc___fesm2015_onviobr-dashboard_js.461d50e799a85e32939d.js:0
[   17877ms] [WARNING] Failed to decode downloaded font: https://onvio.com.br/staff/SourceSans3-Regular.ab920762075b81fb.ttf @ https://onvio.com.br/br-staff-dashboard/default-node_modules_onviobr_dashboard___ivy_ngcc___fesm2015_onviobr-dashboard_js.461d50e799a85e32939d.js:0
[   17877ms] [WARNING] OTS parsing error: BASE: invalid table offset @ https://onvio.com.br/br-staff-dashboard/default-node_modules_onviobr_dashboard___ivy_ngcc___fesm2015_onviobr-dashboard_js.461d50e799a85e32939d.js:0
[   17877ms] [WARNING] Failed to decode downloaded font: https://onvio.com.br/staff/SourceSans3VF-Upright.ttf.e7f20fc9b00b0e8a.woff2 @ https://onvio.com.br/br-staff-dashboard/default-node_modules_onviobr_dashboard___ivy_ngcc___fesm2015_onviobr-dashboard_js.461d50e799a85e32939d.js:0
[   17877ms] [WARNING] OTS parsing error: Failed to convert WOFF 2.0 font to SFNT @ https://onvio.com.br/br-staff-dashboard/default-node_modules_onviobr_dashboard___ivy_ngcc___fesm2015_onviobr-dashboard_js.461d50e799a85e32939d.js:0
[   17877ms] [WARNING] Failed to decode downloaded font: https://onvio.com.br/staff/SourceSans3VF-Upright.ttf.e7f20fc9b00b0e8a.woff2 @ https://onvio.com.br/br-staff-dashboard/default-node_modules_onviobr_dashboard___ivy_ngcc___fesm2015_onviobr-dashboard_js.461d50e799a85e32939d.js:0
[   17878ms] [WARNING] OTS parsing error: Failed to convert WOFF 2.0 font to SFNT @ https://onvio.com.br/br-staff-dashboard/default-node_modules_onviobr_dashboard___ivy_ngcc___fesm2015_onviobr-dashboard_js.461d50e799a85e32939d.js:0
[   17878ms] [WARNING] Failed to decode downloaded font: https://onvio.com.br/staff/SourceSans3VF-Upright.ttf.e7f20fc9b00b0e8a.woff2 @ https://onvio.com.br/br-staff-dashboard/default-node_modules_onviobr_dashboard___ivy_ngcc___fesm2015_onviobr-dashboard_js.461d50e799a85e32939d.js:0
[   17878ms] [WARNING] OTS parsing error: Failed to convert WOFF 2.0 font to SFNT @ https://onvio.com.br/br-staff-dashboard/default-node_modules_onviobr_dashboard___ivy_ngcc___fesm2015_onviobr-dashboard_js.461d50e799a85e32939d.js:0
[   17878ms] [WARNING] Failed to decode downloaded font: https://onvio.com.br/staff/SourceSans3VF-Upright.ttf.e7f20fc9b00b0e8a.woff2 @ https://onvio.com.br/br-staff-dashboard/default-node_modules_onviobr_dashboard___ivy_ngcc___fesm2015_onviobr-dashboard_js.461d50e799a85e32939d.js:0
[   17878ms] [WARNING] OTS parsing error: Failed to convert WOFF 2.0 font to SFNT @ https://onvio.com.br/br-staff-dashboard/default-node_modules_onviobr_dashboard___ivy_ngcc___fesm2015_onviobr-dashboard_js.461d50e799a85e32939d.js:0
[   17879ms] [WARNING] Failed to decode downloaded font: https://onvio.com.br/staff/SourceSans3VF-Upright.ttf.e7f20fc9b00b0e8a.woff2 @ https://onvio.com.br/br-staff-dashboard/default-node_modules_onviobr_dashboard___ivy_ngcc___fesm2015_onviobr-dashboard_js.461d50e799a85e32939d.js:0
[   17879ms] [WARNING] OTS parsing error: Failed to convert WOFF 2.0 font to SFNT @ https://onvio.com.br/br-staff-dashboard/default-node_modules_onviobr_dashboard___ivy_ngcc___fesm2015_onviobr-dashboard_js.461d50e799a85e32939d.js:0
[   17879ms] [WARNING] Failed to decode downloaded font: https://onvio.com.br/staff/SourceSans3VF-Upright.ttf.e7f20fc9b00b0e8a.woff2 @ https://onvio.com.br/br-staff-dashboard/default-node_modules_onviobr_dashboard___ivy_ngcc___fesm2015_onviobr-dashboard_js.461d50e799a85e32939d.js:0
[   17880ms] [WARNING] OTS parsing error: Failed to convert WOFF 2.0 font to SFNT @ https://onvio.com.br/br-staff-dashboard/default-node_modules_onviobr_dashboard___ivy_ngcc___fesm2015_onviobr-dashboard_js.461d50e799a85e32939d.js:0
[   17880ms] [WARNING] Failed to decode downloaded font: https://onvio.com.br/staff/SourceSans3VF-Upright.ttf.e7f20fc9b00b0e8a.woff2 @ https://onvio.com.br/br-staff-dashboard/default-node_modules_onviobr_dashboard___ivy_ngcc___fesm2015_onviobr-dashboard_js.461d50e799a85e32939d.js:0
[   17880ms] [WARNING] OTS parsing error: Failed to convert WOFF 2.0 font to SFNT @ https://onvio.com.br/br-staff-dashboard/default-node_modules_onviobr_dashboard___ivy_ngcc___fesm2015_onviobr-dashboard_js.461d50e799a85e32939d.js:0
[   17880ms] [WARNING] Failed to decode downloaded font: https://onvio.com.br/staff/SourceSans3VF-Upright.ttf.e7f20fc9b00b0e8a.woff2 @ https://onvio.com.br/br-staff-dashboard/default-node_modules_onviobr_dashboard___ivy_ngcc___fesm2015_onviobr-dashboard_js.461d50e799a85e32939d.js:0
[   17881ms] [WARNING] OTS parsing error: Failed to convert WOFF 2.0 font to SFNT @ https://onvio.com.br/br-staff-dashboard/default-node_modules_onviobr_dashboard___ivy_ngcc___fesm2015_onviobr-dashboard_js.461d50e799a85e32939d.js:0
[   17881ms] [WARNING] Failed to decode downloaded font: https://onvio.com.br/staff/SourceSans3VF-Upright.ttf.e7f20fc9b00b0e8a.woff2 @ https://onvio.com.br/br-staff-dashboard/default-node_modules_onviobr_dashboard___ivy_ngcc___fesm2015_onviobr-dashboard_js.461d50e799a85e32939d.js:0
[   17881ms] [WARNING] OTS parsing error: Failed to convert WOFF 2.0 font to SFNT @ https://onvio.com.br/br-staff-dashboard/default-node_modules_onviobr_dashboard___ivy_ngcc___fesm2015_onviobr-dashboard_js.461d50e799a85e32939d.js:0
[   17881ms] [WARNING] Failed to decode downloaded font: https://onvio.com.br/staff/SourceSans3-Regular.ttf.dab9805cb7eb3d8f.woff @ https://onvio.com.br/br-staff-dashboard/default-node_modules_onviobr_dashboard___ivy_ngcc___fesm2015_onviobr-dashboard_js.461d50e799a85e32939d.js:0
[   17881ms] [WARNING] OTS parsing error: incorrect file size in WOFF header @ https://onvio.com.br/br-staff-dashboard/default-node_modules_onviobr_dashboard___ivy_ngcc___fesm2015_onviobr-dashboard_js.461d50e799a85e32939d.js:0
[   17881ms] [WARNING] Failed to decode downloaded font: https://onvio.com.br/staff/SourceSans3-Regular.114f93b5f3b7d159.otf @ https://onvio.com.br/br-staff-dashboard/default-node_modules_onviobr_dashboard___ivy_ngcc___fesm2015_onviobr-dashboard_js.461d50e799a85e32939d.js:0
[   17882ms] [WARNING] OTS parsing error: bad table directory searchRange
bad table directory entrySelector
bad table directory rangeShift
Invalid table tag: 0x604241
 `BA: misaligned table @ https://onvio.com.br/br-staff-dashboard/default-node_modules_onviobr_dashboard___ivy_ngcc___fesm2015_onviobr-dashboard_js.461d50e799a85e32939d.js:0
[   17882ms] [WARNING] Failed to decode downloaded font: https://onvio.com.br/staff/SourceSans3-Regular.ab920762075b81fb.ttf @ https://onvio.com.br/br-staff-dashboard/default-node_modules_onviobr_dashboard___ivy_ngcc___fesm2015_onviobr-dashboard_js.461d50e799a85e32939d.js:0
[   17882ms] [WARNING] OTS parsing error: BASE: invalid table offset @ https://onvio.com.br/br-staff-dashboard/default-node_modules_onviobr_dashboard___ivy_ngcc___fesm2015_onviobr-dashboard_js.461d50e799a85e32939d.js:0
[   17882ms] [WARNING] Failed to decode downloaded font: https://onvio.com.br/staff/SourceSans3VF-Upright.ttf.e7f20fc9b00b0e8a.woff2 @ https://onvio.com.br/br-staff-dashboard/default-node_modules_onviobr_dashboard___ivy_ngcc___fesm2015_onviobr-dashboard_js.461d50e799a85e32939d.js:0
[   17882ms] [WARNING] OTS parsing error: Failed to convert WOFF 2.0 font to SFNT @ https://onvio.com.br/br-staff-dashboard/default-node_modules_onviobr_dashboard___ivy_ngcc___fesm2015_onviobr-dashboard_js.461d50e799a85e32939d.js:0
[   17882ms] [WARNING] Failed to decode downloaded font: https://onvio.com.br/staff/SourceSans3-Regular.ttf.dab9805cb7eb3d8f.woff @ https://onvio.com.br/br-staff-dashboard/default-node_modules_onviobr_dashboard___ivy_ngcc___fesm2015_onviobr-dashboard_js.461d50e799a85e32939d.js:0
[   17882ms] [WARNING] OTS parsing error: incorrect file size in WOFF header @ https://onvio.com.br/br-staff-dashboard/default-node_modules_onviobr_dashboard___ivy_ngcc___fesm2015_onviobr-dashboard_js.461d50e799a85e32939d.js:0
[   17883ms] [WARNING] Failed to decode downloaded font: https://onvio.com.br/staff/SourceSans3-Regular.114f93b5f3b7d159.otf @ https://onvio.com.br/br-staff-dashboard/default-node_modules_onviobr_dashboard___ivy_ngcc___fesm2015_onviobr-dashboard_js.461d50e799a85e32939d.js:0
[   17883ms] [WARNING] OTS parsing error: bad table directory searchRange
bad table directory entrySelector
bad table directory rangeShift
Invalid table tag: 0x604241
 `BA: misaligned table @ https://onvio.com.br/br-staff-dashboard/default-node_modules_onviobr_dashboard___ivy_ngcc___fesm2015_onviobr-dashboard_js.461d50e799a85e32939d.js:0
[   17883ms] [WARNING] Failed to decode downloaded font: https://onvio.com.br/staff/SourceSans3-Regular.ab920762075b81fb.ttf @ https://onvio.com.br/br-staff-dashboard/default-node_modules_onviobr_dashboard___ivy_ngcc___fesm2015_onviobr-dashboard_js.461d50e799a85e32939d.js:0
[   17883ms] [WARNING] OTS parsing error: BASE: invalid table offset @ https://onvio.com.br/br-staff-dashboard/default-node_modules_onviobr_dashboard___ivy_ngcc___fesm2015_onviobr-dashboard_js.461d50e799a85e32939d.js:0
[   17883ms] [WARNING] Failed to decode downloaded font: https://onvio.com.br/staff/SourceSans3VF-Upright.ttf.e7f20fc9b00b0e8a.woff2 @ https://onvio.com.br/br-staff-dashboard/default-node_modules_onviobr_dashboard___ivy_ngcc___fesm2015_onviobr-dashboard_js.461d50e799a85e32939d.js:0
[   17883ms] [WARNING] OTS parsing error: Failed to convert WOFF 2.0 font to SFNT @ https://onvio.com.br/br-staff-dashboard/default-node_modules_onviobr_dashboard___ivy_ngcc___fesm2015_onviobr-dashboard_js.461d50e799a85e32939d.js:0
[   17884ms] [WARNING] Failed to decode downloaded font: https://onvio.com.br/staff/SourceSans3-Regular.ttf.dab9805cb7eb3d8f.woff @ https://onvio.com.br/br-staff-dashboard/default-node_modules_onviobr_dashboard___ivy_ngcc___fesm2015_onviobr-dashboard_js.461d50e799a85e32939d.js:0
[   17884ms] [WARNING] OTS parsing error: incorrect file size in WOFF header @ https://onvio.com.br/br-staff-dashboard/default-node_modules_onviobr_dashboard___ivy_ngcc___fesm2015_onviobr-dashboard_js.461d50e799a85e32939d.js:0
[   17884ms] [WARNING] Failed to decode downloaded font: https://onvio.com.br/staff/SourceSans3-Regular.114f93b5f3b7d159.otf @ https://onvio.com.br/br-staff-dashboard/default-node_modules_onviobr_dashboard___ivy_ngcc___fesm2015_onviobr-dashboard_js.461d50e799a85e32939d.js:0
[   17885ms] [WARNING] OTS parsing error: bad table directory searchRange
bad table directory entrySelector
bad table directory rangeShift
Invalid table tag: 0x604241
 `BA: misaligned table @ https://onvio.com.br/br-staff-dashboard/default-node_modules_onviobr_dashboard___ivy_ngcc___fesm2015_onviobr-dashboard_js.461d50e799a85e32939d.js:0
[   17885ms] [WARNING] Failed to decode downloaded font: https://onvio.com.br/staff/SourceSans3-Regular.ab920762075b81fb.ttf @ https://onvio.com.br/br-staff-dashboard/default-node_modules_onviobr_dashboard___ivy_ngcc___fesm2015_onviobr-dashboard_js.461d50e799a85e32939d.js:0
[   17885ms] [WARNING] OTS parsing error: BASE: invalid table offset @ https://onvio.com.br/br-staff-dashboard/default-node_modules_onviobr_dashboard___ivy_ngcc___fesm2015_onviobr-dashboard_js.461d50e799a85e32939d.js:0
[   17885ms] [WARNING] Failed to decode downloaded font: https://onvio.com.br/staff/SourceSans3VF-Upright.ttf.e7f20fc9b00b0e8a.woff2 @ https://onvio.com.br/br-staff-dashboard/default-node_modules_onviobr_dashboard___ivy_ngcc___fesm2015_onviobr-dashboard_js.461d50e799a85e32939d.js:0
[   17885ms] [WARNING] OTS parsing error: Failed to convert WOFF 2.0 font to SFNT @ https://onvio.com.br/br-staff-dashboard/default-node_modules_onviobr_dashboard___ivy_ngcc___fesm2015_onviobr-dashboard_js.461d50e799a85e32939d.js:0
[   17886ms] [WARNING] Failed to decode downloaded font: https://onvio.com.br/staff/SourceSans3-Regular.ttf.dab9805cb7eb3d8f.woff @ https://onvio.com.br/br-staff-dashboard/default-node_modules_onviobr_dashboard___ivy_ngcc___fesm2015_onviobr-dashboard_js.461d50e799a85e32939d.js:0
[   17886ms] [WARNING] OTS parsing error: incorrect file size in WOFF header @ https://onvio.com.br/br-staff-dashboard/default-node_modules_onviobr_dashboard___ivy_ngcc___fesm2015_onviobr-dashboard_js.461d50e799a85e32939d.js:0
[   17886ms] [WARNING] Failed to decode downloaded font: https://onvio.com.br/staff/SourceSans3-Regular.114f93b5f3b7d159.otf @ https://onvio.com.br/br-staff-dashboard/default-node_modules_onviobr_dashboard___ivy_ngcc___fesm2015_onviobr-dashboard_js.461d50e799a85e32939d.js:0
[   17887ms] [WARNING] OTS parsing error: bad table directory searchRange
bad table directory entrySelector
bad table directory rangeShift
Invalid table tag: 0x604241
 `BA: misaligned table @ https://onvio.com.br/br-staff-dashboard/default-node_modules_onviobr_dashboard___ivy_ngcc___fesm2015_onviobr-dashboard_js.461d50e799a85e32939d.js:0
[   17888ms] [WARNING] Failed to decode downloaded font: https://onvio.com.br/staff/SourceSans3-Regular.ab920762075b81fb.ttf @ https://onvio.com.br/br-staff-dashboard/default-node_modules_onviobr_dashboard___ivy_ngcc___fesm2015_onviobr-dashboard_js.461d50e799a85e32939d.js:0
[   17888ms] [WARNING] OTS parsing error: BASE: invalid table offset @ https://onvio.com.br/br-staff-dashboard/default-node_modules_onviobr_dashboard___ivy_ngcc___fesm2015_onviobr-dashboard_js.461d50e799a85e32939d.js:0
[   17890ms] [WARNING] Failed to decode downloaded font: https://onvio.com.br/staff/SourceSans3VF-Upright.ttf.e7f20fc9b00b0e8a.woff2 @ https://onvio.com.br/br-staff-dashboard/default-node_modules_onviobr_dashboard___ivy_ngcc___fesm2015_onviobr-dashboard_js.461d50e799a85e32939d.js:0
[   17890ms] [WARNING] OTS parsing error: Failed to convert WOFF 2.0 font to SFNT @ https://onvio.com.br/br-staff-dashboard/default-node_modules_onviobr_dashboard___ivy_ngcc___fesm2015_onviobr-dashboard_js.461d50e799a85e32939d.js:0
[   17891ms] [WARNING] Failed to decode downloaded font: https://onvio.com.br/staff/SourceSans3-Regular.ttf.dab9805cb7eb3d8f.woff @ https://onvio.com.br/br-staff-dashboard/default-node_modules_onviobr_dashboard___ivy_ngcc___fesm2015_onviobr-dashboard_js.461d50e799a85e32939d.js:0
[   17891ms] [WARNING] OTS parsing error: incorrect file size in WOFF header @ https://onvio.com.br/br-staff-dashboard/default-node_modules_onviobr_dashboard___ivy_ngcc___fesm2015_onviobr-dashboard_js.461d50e799a85e32939d.js:0
[   17891ms] [WARNING] Failed to decode downloaded font: https://onvio.com.br/staff/SourceSans3-Regular.114f93b5f3b7d159.otf @ https://onvio.com.br/br-staff-dashboard/default-node_modules_onviobr_dashboard___ivy_ngcc___fesm2015_onviobr-dashboard_js.461d50e799a85e32939d.js:0
[   17891ms] [WARNING] OTS parsing error: bad table directory searchRange
bad table directory entrySelector
bad table directory rangeShift
Invalid table tag: 0x604241
 `BA: misaligned table @ https://onvio.com.br/br-staff-dashboard/default-node_modules_onviobr_dashboard___ivy_ngcc___fesm2015_onviobr-dashboard_js.461d50e799a85e32939d.js:0
[   17891ms] [WARNING] Failed to decode downloaded font: https://onvio.com.br/staff/SourceSans3-Regular.ab920762075b81fb.ttf @ https://onvio.com.br/br-staff-dashboard/default-node_modules_onviobr_dashboard___ivy_ngcc___fesm2015_onviobr-dashboard_js.461d50e799a85e32939d.js:0
[   17892ms] [WARNING] OTS parsing error: BASE: invalid table offset @ https://onvio.com.br/br-staff-dashboard/default-node_modules_onviobr_dashboard___ivy_ngcc___fesm2015_onviobr-dashboard_js.461d50e799a85e32939d.js:0
[   17892ms] [WARNING] Failed to decode downloaded font: https://onvio.com.br/staff/SourceSans3VF-Upright.ttf.e7f20fc9b00b0e8a.woff2 @ https://onvio.com.br/br-staff-dashboard/default-node_modules_onviobr_dashboard___ivy_ngcc___fesm2015_onviobr-dashboard_js.461d50e799a85e32939d.js:0
[   17892ms] [WARNING] OTS parsing error: Failed to convert WOFF 2.0 font to SFNT @ https://onvio.com.br/br-staff-dashboard/default-node_modules_onviobr_dashboard___ivy_ngcc___fesm2015_onviobr-dashboard_js.461d50e799a85e32939d.js:0
[   17892ms] [WARNING] Failed to decode downloaded font: https://onvio.com.br/staff/SourceSans3-Regular.ttf.dab9805cb7eb3d8f.woff @ https://onvio.com.br/br-staff-dashboard/default-node_modules_onviobr_dashboard___ivy_ngcc___fesm2015_onviobr-dashboard_js.461d50e799a85e32939d.js:0
[   17892ms] [WARNING] OTS parsing error: incorrect file size in WOFF header @ https://onvio.com.br/br-staff-dashboard/default-node_modules_onviobr_dashboard___ivy_ngcc___fesm2015_onviobr-dashboard_js.461d50e799a85e32939d.js:0
[   17892ms] [WARNING] Failed to decode downloaded font: https://onvio.com.br/staff/SourceSans3-Regular.114f93b5f3b7d159.otf @ https://onvio.com.br/br-staff-dashboard/default-node_modules_onviobr_dashboard___ivy_ngcc___fesm2015_onviobr-dashboard_js.461d50e799a85e32939d.js:0
[   17892ms] [WARNING] OTS parsing error: bad table directory searchRange
bad table directory entrySelector
bad table directory rangeShift
Invalid table tag: 0x604241
 `BA: misaligned table @ https://onvio.com.br/br-staff-dashboard/default-node_modules_onviobr_dashboard___ivy_ngcc___fesm2015_onviobr-dashboard_js.461d50e799a85e32939d.js:0
[   17893ms] [WARNING] Failed to decode downloaded font: https://onvio.com.br/staff/SourceSans3-Regular.ab920762075b81fb.ttf @ https://onvio.com.br/br-staff-dashboard/default-node_modules_onviobr_dashboard___ivy_ngcc___fesm2015_onviobr-dashboard_js.461d50e799a85e32939d.js:0
[   17893ms] [WARNING] OTS parsing error: BASE: invalid table offset @ https://onvio.com.br/br-staff-dashboard/default-node_modules_onviobr_dashboard___ivy_ngcc___fesm2015_onviobr-dashboard_js.461d50e799a85e32939d.js:0
[   17893ms] [WARNING] Failed to decode downloaded font: https://onvio.com.br/staff/SourceSans3VF-Upright.ttf.e7f20fc9b00b0e8a.woff2 @ https://onvio.com.br/br-staff-dashboard/default-node_modules_onviobr_dashboard___ivy_ngcc___fesm2015_onviobr-dashboard_js.461d50e799a85e32939d.js:0
[   17893ms] [WARNING] OTS parsing error: Failed to convert WOFF 2.0 font to SFNT @ https://onvio.com.br/br-staff-dashboard/default-node_modules_onviobr_dashboard___ivy_ngcc___fesm2015_onviobr-dashboard_js.461d50e799a85e32939d.js:0
[   17893ms] [WARNING] Failed to decode downloaded font: https://onvio.com.br/staff/SourceSans3-Regular.ttf.dab9805cb7eb3d8f.woff @ https://onvio.com.br/br-staff-dashboard/default-node_modules_onviobr_dashboard___ivy_ngcc___fesm2015_onviobr-dashboard_js.461d50e799a85e32939d.js:0
[   17894ms] [WARNING] OTS parsing error: incorrect file size in WOFF header @ https://onvio.com.br/br-staff-dashboard/default-node_modules_onviobr_dashboard___ivy_ngcc___fesm2015_onviobr-dashboard_js.461d50e799a85e32939d.js:0
[   17894ms] [WARNING] Failed to decode downloaded font: https://onvio.com.br/staff/SourceSans3-Regular.114f93b5f3b7d159.otf @ https://onvio.com.br/br-staff-dashboard/default-node_modules_onviobr_dashboard___ivy_ngcc___fesm2015_onviobr-dashboard_js.461d50e799a85e32939d.js:0
[   17894ms] [WARNING] OTS parsing error: bad table directory searchRange
bad table directory entrySelector
bad table directory rangeShift
Invalid table tag: 0x604241
 `BA: misaligned table @ https://onvio.com.br/br-staff-dashboard/default-node_modules_onviobr_dashboard___ivy_ngcc___fesm2015_onviobr-dashboard_js.461d50e799a85e32939d.js:0
[   17894ms] [WARNING] Failed to decode downloaded font: https://onvio.com.br/staff/SourceSans3-Regular.ab920762075b81fb.ttf @ https://onvio.com.br/br-staff-dashboard/default-node_modules_onviobr_dashboard___ivy_ngcc___fesm2015_onviobr-dashboard_js.461d50e799a85e32939d.js:0
[   17894ms] [WARNING] OTS parsing error: BASE: invalid table offset @ https://onvio.com.br/br-staff-dashboard/default-node_modules_onviobr_dashboard___ivy_ngcc___fesm2015_onviobr-dashboard_js.461d50e799a85e32939d.js:0
[   17894ms] [WARNING] Failed to decode downloaded font: https://onvio.com.br/staff/SourceSans3VF-Upright.ttf.e7f20fc9b00b0e8a.woff2 @ https://onvio.com.br/br-staff-dashboard/default-node_modules_onviobr_dashboard___ivy_ngcc___fesm2015_onviobr-dashboard_js.461d50e799a85e32939d.js:0
[   17895ms] [WARNING] OTS parsing error: Failed to convert WOFF 2.0 font to SFNT @ https://onvio.com.br/br-staff-dashboard/default-node_modules_onviobr_dashboard___ivy_ngcc___fesm2015_onviobr-dashboard_js.461d50e799a85e32939d.js:0
[   17895ms] [WARNING] Failed to decode downloaded font: https://onvio.com.br/staff/SourceSans3-Regular.ttf.dab9805cb7eb3d8f.woff @ https://onvio.com.br/br-staff-dashboard/default-node_modules_onviobr_dashboard___ivy_ngcc___fesm2015_onviobr-dashboard_js.461d50e799a85e32939d.js:0
[   17895ms] [WARNING] OTS parsing error: incorrect file size in WOFF header @ https://onvio.com.br/br-staff-dashboard/default-node_modules_onviobr_dashboard___ivy_ngcc___fesm2015_onviobr-dashboard_js.461d50e799a85e32939d.js:0
[   17895ms] [WARNING] Failed to decode downloaded font: https://onvio.com.br/staff/SourceSans3-Regular.114f93b5f3b7d159.otf @ https://onvio.com.br/br-staff-dashboard/default-node_modules_onviobr_dashboard___ivy_ngcc___fesm2015_onviobr-dashboard_js.461d50e799a85e32939d.js:0
[   17895ms] [WARNING] OTS parsing error: bad table directory searchRange
bad table directory entrySelector
bad table directory rangeShift
Invalid table tag: 0x604241
 `BA: misaligned table @ https://onvio.com.br/br-staff-dashboard/default-node_modules_onviobr_dashboard___ivy_ngcc___fesm2015_onviobr-dashboard_js.461d50e799a85e32939d.js:0
[   17895ms] [WARNING] Failed to decode downloaded font: https://onvio.com.br/staff/SourceSans3-Regular.ab920762075b81fb.ttf @ https://onvio.com.br/br-staff-dashboard/default-node_modules_onviobr_dashboard___ivy_ngcc___fesm2015_onviobr-dashboard_js.461d50e799a85e32939d.js:0
[   17895ms] [WARNING] OTS parsing error: BASE: invalid table offset @ https://onvio.com.br/br-staff-dashboard/default-node_modules_onviobr_dashboard___ivy_ngcc___fesm2015_onviobr-dashboard_js.461d50e799a85e32939d.js:0
[   17895ms] [WARNING] Failed to decode downloaded font: https://onvio.com.br/staff/SourceSans3VF-Upright.ttf.e7f20fc9b00b0e8a.woff2 @ https://onvio.com.br/br-staff-dashboard/default-node_modules_onviobr_dashboard___ivy_ngcc___fesm2015_onviobr-dashboard_js.461d50e799a85e32939d.js:0
[   17895ms] [WARNING] OTS parsing error: Failed to convert WOFF 2.0 font to SFNT @ https://onvio.com.br/br-staff-dashboard/default-node_modules_onviobr_dashboard___ivy_ngcc___fesm2015_onviobr-dashboard_js.461d50e799a85e32939d.js:0
[   17896ms] [WARNING] Failed to decode downloaded font: https://onvio.com.br/staff/SourceSans3-Regular.114f93b5f3b7d159.otf @ https://onvio.com.br/br-staff-dashboard/default-node_modules_onviobr_dashboard___ivy_ngcc___fesm2015_onviobr-dashboard_js.461d50e799a85e32939d.js:0
[   17896ms] [WARNING] OTS parsing error: bad table directory searchRange
bad table directory entrySelector
bad table directory rangeShift
Invalid table tag: 0x604241
 `BA: misaligned table @ https://onvio.com.br/br-staff-dashboard/default-node_modules_onviobr_dashboard___ivy_ngcc___fesm2015_onviobr-dashboard_js.461d50e799a85e32939d.js:0
[   17896ms] [WARNING] Failed to decode downloaded font: https://onvio.com.br/staff/SourceSans3-Regular.ttf.dab9805cb7eb3d8f.woff @ https://onvio.com.br/br-staff-dashboard/default-node_modules_onviobr_dashboard___ivy_ngcc___fesm2015_onviobr-dashboard_js.461d50e799a85e32939d.js:0
[   17896ms] [WARNING] OTS parsing error: incorrect file size in WOFF header @ https://onvio.com.br/br-staff-dashboard/default-node_modules_onviobr_dashboard___ivy_ngcc___fesm2015_onviobr-dashboard_js.461d50e799a85e32939d.js:0
[   17896ms] [WARNING] Failed to decode downloaded font: https://onvio.com.br/staff/SourceSans3-Regular.ab920762075b81fb.ttf @ https://onvio.com.br/br-staff-dashboard/default-node_modules_onviobr_dashboard___ivy_ngcc___fesm2015_onviobr-dashboard_js.461d50e799a85e32939d.js:0
[   17896ms] [WARNING] OTS parsing error: BASE: invalid table offset @ https://onvio.com.br/br-staff-dashboard/default-node_modules_onviobr_dashboard___ivy_ngcc___fesm2015_onviobr-dashboard_js.461d50e799a85e32939d.js:0
[   17897ms] [WARNING] Failed to decode downloaded font: https://onvio.com.br/staff/SourceSans3VF-Upright.ttf.e7f20fc9b00b0e8a.woff2 @ https://onvio.com.br/br-staff-dashboard/default-node_modules_onviobr_dashboard___ivy_ngcc___fesm2015_onviobr-dashboard_js.461d50e799a85e32939d.js:0
[   17897ms] [WARNING] OTS parsing error: Failed to convert WOFF 2.0 font to SFNT @ https://onvio.com.br/br-staff-dashboard/default-node_modules_onviobr_dashboard___ivy_ngcc___fesm2015_onviobr-dashboard_js.461d50e799a85e32939d.js:0
[   17897ms] [WARNING] Failed to decode downloaded font: https://onvio.com.br/staff/SourceSans3-Regular.ttf.dab9805cb7eb3d8f.woff @ https://onvio.com.br/br-staff-dashboard/default-node_modules_onviobr_dashboard___ivy_ngcc___fesm2015_onviobr-dashboard_js.461d50e799a85e32939d.js:0
[   17897ms] [WARNING] OTS parsing error: incorrect file size in WOFF header @ https://onvio.com.br/br-staff-dashboard/default-node_modules_onviobr_dashboard___ivy_ngcc___fesm2015_onviobr-dashboard_js.461d50e799a85e32939d.js:0
[   17897ms] [WARNING] Failed to decode downloaded font: https://onvio.com.br/staff/SourceSans3-Regular.114f93b5f3b7d159.otf @ https://onvio.com.br/br-staff-dashboard/default-node_modules_onviobr_dashboard___ivy_ngcc___fesm2015_onviobr-dashboard_js.461d50e799a85e32939d.js:0
[   17897ms] [WARNING] OTS parsing error: bad table directory searchRange
bad table directory entrySelector
bad table directory rangeShift
Invalid table tag: 0x604241
 `BA: misaligned table @ https://onvio.com.br/br-staff-dashboard/default-node_modules_onviobr_dashboard___ivy_ngcc___fesm2015_onviobr-dashboard_js.461d50e799a85e32939d.js:0
[   17898ms] [WARNING] Failed to decode downloaded font: https://onvio.com.br/staff/SourceSans3-Regular.ab920762075b81fb.ttf @ https://onvio.com.br/br-staff-dashboard/default-node_modules_onviobr_dashboard___ivy_ngcc___fesm2015_onviobr-dashboard_js.461d50e799a85e32939d.js:0
[   17898ms] [WARNING] OTS parsing error: BASE: invalid table offset @ https://onvio.com.br/br-staff-dashboard/default-node_modules_onviobr_dashboard___ivy_ngcc___fesm2015_onviobr-dashboard_js.461d50e799a85e32939d.js:0
[   17898ms] [WARNING] Failed to decode downloaded font: https://onvio.com.br/staff/SourceSans3VF-Upright.ttf.e7f20fc9b00b0e8a.woff2 @ https://onvio.com.br/br-staff-dashboard/default-node_modules_onviobr_dashboard___ivy_ngcc___fesm2015_onviobr-dashboard_js.461d50e799a85e32939d.js:0
[   17898ms] [WARNING] OTS parsing error: Failed to convert WOFF 2.0 font to SFNT @ https://onvio.com.br/br-staff-dashboard/default-node_modules_onviobr_dashboard___ivy_ngcc___fesm2015_onviobr-dashboard_js.461d50e799a85e32939d.js:0
[   17898ms] [WARNING] Failed to decode downloaded font: https://onvio.com.br/staff/SourceSans3-Regular.ttf.dab9805cb7eb3d8f.woff @ https://onvio.com.br/br-staff-dashboard/default-node_modules_onviobr_dashboard___ivy_ngcc___fesm2015_onviobr-dashboard_js.461d50e799a85e32939d.js:0
[   17899ms] [WARNING] OTS parsing error: incorrect file size in WOFF header @ https://onvio.com.br/br-staff-dashboard/default-node_modules_onviobr_dashboard___ivy_ngcc___fesm2015_onviobr-dashboard_js.461d50e799a85e32939d.js:0
[   17899ms] [WARNING] Failed to decode downloaded font: https://onvio.com.br/staff/SourceSans3-Regular.114f93b5f3b7d159.otf @ https://onvio.com.br/br-staff-dashboard/default-node_modules_onviobr_dashboard___ivy_ngcc___fesm2015_onviobr-dashboard_js.461d50e799a85e32939d.js:0
[   17899ms] [WARNING] OTS parsing error: bad table directory searchRange
bad table directory entrySelector
bad table directory rangeShift
Invalid table tag: 0x604241
 `BA: misaligned table @ https://onvio.com.br/br-staff-dashboard/default-node_modules_onviobr_dashboard___ivy_ngcc___fesm2015_onviobr-dashboard_js.461d50e799a85e32939d.js:0
[   17899ms] [WARNING] Failed to decode downloaded font: https://onvio.com.br/staff/SourceSans3-Regular.ab920762075b81fb.ttf @ https://onvio.com.br/br-staff-dashboard/default-node_modules_onviobr_dashboard___ivy_ngcc___fesm2015_onviobr-dashboard_js.461d50e799a85e32939d.js:0
[   17899ms] [WARNING] OTS parsing error: BASE: invalid table offset @ https://onvio.com.br/br-staff-dashboard/default-node_modules_onviobr_dashboard___ivy_ngcc___fesm2015_onviobr-dashboard_js.461d50e799a85e32939d.js:0
[   17900ms] [WARNING] Failed to decode downloaded font: https://onvio.com.br/staff/SourceSans3VF-Upright.ttf.e7f20fc9b00b0e8a.woff2 @ https://onvio.com.br/br-staff-dashboard/default-node_modules_onviobr_dashboard___ivy_ngcc___fesm2015_onviobr-dashboard_js.461d50e799a85e32939d.js:0
[   17900ms] [WARNING] OTS parsing error: Failed to convert WOFF 2.0 font to SFNT @ https://onvio.com.br/br-staff-dashboard/default-node_modules_onviobr_dashboard___ivy_ngcc___fesm2015_onviobr-dashboard_js.461d50e799a85e32939d.js:0
[   17900ms] [WARNING] Failed to decode downloaded font: https://onvio.com.br/staff/SourceSans3-Regular.ttf.dab9805cb7eb3d8f.woff @ https://onvio.com.br/br-staff-dashboard/default-node_modules_onviobr_dashboard___ivy_ngcc___fesm2015_onviobr-dashboard_js.461d50e799a85e32939d.js:0
[   17901ms] [WARNING] OTS parsing error: incorrect file size in WOFF header @ https://onvio.com.br/br-staff-dashboard/default-node_modules_onviobr_dashboard___ivy_ngcc___fesm2015_onviobr-dashboard_js.461d50e799a85e32939d.js:0
[   17901ms] [WARNING] Failed to decode downloaded font: https://onvio.com.br/staff/SourceSans3-Regular.114f93b5f3b7d159.otf @ https://onvio.com.br/br-staff-dashboard/default-node_modules_onviobr_dashboard___ivy_ngcc___fesm2015_onviobr-dashboard_js.461d50e799a85e32939d.js:0
[   17901ms] [WARNING] OTS parsing error: bad table directory searchRange
bad table directory entrySelector
bad table directory rangeShift
Invalid table tag: 0x604241
 `BA: misaligned table @ https://onvio.com.br/br-staff-dashboard/default-node_modules_onviobr_dashboard___ivy_ngcc___fesm2015_onviobr-dashboard_js.461d50e799a85e32939d.js:0
[   17901ms] [WARNING] Failed to decode downloaded font: https://onvio.com.br/staff/SourceSans3-Regular.ab920762075b81fb.ttf @ https://onvio.com.br/br-staff-dashboard/default-node_modules_onviobr_dashboard___ivy_ngcc___fesm2015_onviobr-dashboard_js.461d50e799a85e32939d.js:0
[   17901ms] [WARNING] OTS parsing error: BASE: invalid table offset @ https://onvio.com.br/br-staff-dashboard/default-node_modules_onviobr_dashboard___ivy_ngcc___fesm2015_onviobr-dashboard_js.461d50e799a85e32939d.js:0
[   17902ms] [WARNING] Failed to decode downloaded font: https://onvio.com.br/staff/SourceSans3VF-Upright.ttf.e7f20fc9b00b0e8a.woff2 @ https://onvio.com.br/br-staff-dashboard/default-node_modules_onviobr_dashboard___ivy_ngcc___fesm2015_onviobr-dashboard_js.461d50e799a85e32939d.js:0
[   17902ms] [WARNING] OTS parsing error: Failed to convert WOFF 2.0 font to SFNT @ https://onvio.com.br/br-staff-dashboard/default-node_modules_onviobr_dashboard___ivy_ngcc___fesm2015_onviobr-dashboard_js.461d50e799a85e32939d.js:0
[   17902ms] [WARNING] Failed to decode downloaded font: https://onvio.com.br/staff/SourceSans3-Regular.ttf.dab9805cb7eb3d8f.woff @ https://onvio.com.br/br-staff-dashboard/default-node_modules_onviobr_dashboard___ivy_ngcc___fesm2015_onviobr-dashboard_js.461d50e799a85e32939d.js:0
[   17902ms] [WARNING] OTS parsing error: incorrect file size in WOFF header @ https://onvio.com.br/br-staff-dashboard/default-node_modules_onviobr_dashboard___ivy_ngcc___fesm2015_onviobr-dashboard_js.461d50e799a85e32939d.js:0
[   17902ms] [WARNING] Failed to decode downloaded font: https://onvio.com.br/staff/SourceSans3-Regular.114f93b5f3b7d159.otf @ https://onvio.com.br/br-staff-dashboard/default-node_modules_onviobr_dashboard___ivy_ngcc___fesm2015_onviobr-dashboard_js.461d50e799a85e32939d.js:0
[   17903ms] [WARNING] OTS parsing error: bad table directory searchRange
bad table directory entrySelector
bad table directory rangeShift
Invalid table tag: 0x604241
 `BA: misaligned table @ https://onvio.com.br/br-staff-dashboard/default-node_modules_onviobr_dashboard___ivy_ngcc___fesm2015_onviobr-dashboard_js.461d50e799a85e32939d.js:0
[   17903ms] [WARNING] Failed to decode downloaded font: https://onvio.com.br/staff/SourceSans3-Regular.ab920762075b81fb.ttf @ https://onvio.com.br/br-staff-dashboard/default-node_modules_onviobr_dashboard___ivy_ngcc___fesm2015_onviobr-dashboard_js.461d50e799a85e32939d.js:0
[   17904ms] [WARNING] OTS parsing error: BASE: invalid table offset @ https://onvio.com.br/br-staff-dashboard/default-node_modules_onviobr_dashboard___ivy_ngcc___fesm2015_onviobr-dashboard_js.461d50e799a85e32939d.js:0
[   17910ms] [WARNING] Failed to decode downloaded font: https://onvio.com.br/staff/SourceSans3-Semibold.otf.6cc96c19bca5e9cb.woff @ https://onvio.com.br/staff/#/dashboard-core-center:0
[   17910ms] [WARNING] OTS parsing error: incorrect file size in WOFF header @ https://onvio.com.br/staff/#/dashboard-core-center:0
[   17910ms] [WARNING] Failed to decode downloaded font: https://onvio.com.br/staff/SourceSans3-Semibold.otf.6cc96c19bca5e9cb.woff @ https://onvio.com.br/staff/#/dashboard-core-center:0
[   17910ms] [WARNING] OTS parsing error: incorrect file size in WOFF header @ https://onvio.com.br/staff/#/dashboard-core-center:0
[   17910ms] [WARNING] Failed to decode downloaded font: https://onvio.com.br/staff/SourceSans3-Semibold.otf.6cc96c19bca5e9cb.woff @ https://onvio.com.br/staff/#/dashboard-core-center:0
[   17910ms] [WARNING] OTS parsing error: incorrect file size in WOFF header @ https://onvio.com.br/staff/#/dashboard-core-center:0
[   17910ms] [WARNING] Failed to decode downloaded font: https://onvio.com.br/staff/SourceSans3-Semibold.otf.6cc96c19bca5e9cb.woff @ https://onvio.com.br/staff/#/dashboard-core-center:0
[   17910ms] [WARNING] OTS parsing error: incorrect file size in WOFF header @ https://onvio.com.br/staff/#/dashboard-core-center:0
[   17910ms] [WARNING] Failed to decode downloaded font: https://onvio.com.br/staff/SourceSans3-Semibold.otf.6cc96c19bca5e9cb.woff @ https://onvio.com.br/staff/#/dashboard-core-center:0
[   17910ms] [WARNING] OTS parsing error: incorrect file size in WOFF header @ https://onvio.com.br/staff/#/dashboard-core-center:0
[   17910ms] [WARNING] Failed to decode downloaded font: https://onvio.com.br/staff/SourceSans3-Semibold.otf.6cc96c19bca5e9cb.woff @ https://onvio.com.br/staff/#/dashboard-core-center:0
[   17911ms] [WARNING] OTS parsing error: incorrect file size in WOFF header @ https://onvio.com.br/staff/#/dashboard-core-center:0
[   17911ms] [WARNING] Failed to decode downloaded font: https://onvio.com.br/staff/SourceSans3-Semibold.otf.6cc96c19bca5e9cb.woff @ https://onvio.com.br/staff/#/dashboard-core-center:0
[   17911ms] [WARNING] OTS parsing error: incorrect file size in WOFF header @ https://onvio.com.br/staff/#/dashboard-core-center:0
[   17911ms] [WARNING] Failed to decode downloaded font: https://onvio.com.br/staff/SourceSans3-Semibold.otf.6cc96c19bca5e9cb.woff @ https://onvio.com.br/staff/#/dashboard-core-center:0
[   17911ms] [WARNING] OTS parsing error: incorrect file size in WOFF header @ https://onvio.com.br/staff/#/dashboard-core-center:0
[   17911ms] [WARNING] Failed to decode downloaded font: https://onvio.com.br/staff/SourceSans3-Semibold.otf.6cc96c19bca5e9cb.woff @ https://onvio.com.br/staff/#/dashboard-core-center:0
[   17911ms] [WARNING] OTS parsing error: incorrect file size in WOFF header @ https://onvio.com.br/staff/#/dashboard-core-center:0
[   17911ms] [WARNING] Failed to decode downloaded font: https://onvio.com.br/staff/SourceSans3-Semibold.otf.6cc96c19bca5e9cb.woff @ https://onvio.com.br/staff/#/dashboard-core-center:0
[   17911ms] [WARNING] OTS parsing error: incorrect file size in WOFF header @ https://onvio.com.br/staff/#/dashboard-core-center:0
[   17912ms] [WARNING] Failed to decode downloaded font: https://onvio.com.br/staff/SourceSans3-Semibold.otf.6cc96c19bca5e9cb.woff @ https://onvio.com.br/staff/#/dashboard-core-center:0
[   17912ms] [WARNING] OTS parsing error: incorrect file size in WOFF header @ https://onvio.com.br/staff/#/dashboard-core-center:0
[   17912ms] [WARNING] Failed to decode downloaded font: https://onvio.com.br/staff/SourceSans3-Semibold.otf.6cc96c19bca5e9cb.woff @ https://onvio.com.br/staff/#/dashboard-core-center:0
[   17912ms] [WARNING] OTS parsing error: incorrect file size in WOFF header @ https://onvio.com.br/staff/#/dashboard-core-center:0
[   17912ms] [WARNING] Failed to decode downloaded font: https://onvio.com.br/staff/SourceSans3-Semibold.otf.6cc96c19bca5e9cb.woff @ https://onvio.com.br/staff/#/dashboard-core-center:0
[   17912ms] [WARNING] OTS parsing error: incorrect file size in WOFF header @ https://onvio.com.br/staff/#/dashboard-core-center:0
[   17912ms] [WARNING] Failed to decode downloaded font: https://onvio.com.br/staff/SourceSans3-Semibold.otf.6cc96c19bca5e9cb.woff @ https://onvio.com.br/staff/#/dashboard-core-center:0
[   17913ms] [WARNING] OTS parsing error: incorrect file size in WOFF header @ https://onvio.com.br/staff/#/dashboard-core-center:0
[   17913ms] [WARNING] Failed to decode downloaded font: https://onvio.com.br/staff/SourceSans3-Semibold.otf.6cc96c19bca5e9cb.woff @ https://onvio.com.br/staff/#/dashboard-core-center:0
[   17913ms] [WARNING] OTS parsing error: incorrect file size in WOFF header @ https://onvio.com.br/staff/#/dashboard-core-center:0
[   17913ms] [WARNING] Failed to decode downloaded font: https://onvio.com.br/staff/SourceSans3-Semibold.otf.6cc96c19bca5e9cb.woff @ https://onvio.com.br/staff/#/dashboard-core-center:0
[   17913ms] [WARNING] OTS parsing error: incorrect file size in WOFF header @ https://onvio.com.br/staff/#/dashboard-core-center:0
[   17913ms] [WARNING] Failed to decode downloaded font: https://onvio.com.br/staff/SourceSans3-Semibold.otf.6cc96c19bca5e9cb.woff @ https://onvio.com.br/staff/#/dashboard-core-center:0
[   17913ms] [WARNING] OTS parsing error: incorrect file size in WOFF header @ https://onvio.com.br/staff/#/dashboard-core-center:0
[   17913ms] [WARNING] Failed to decode downloaded font: https://onvio.com.br/staff/SourceSans3-Semibold.otf.6cc96c19bca5e9cb.woff @ https://onvio.com.br/staff/#/dashboard-core-center:0
[   17913ms] [WARNING] OTS parsing error: incorrect file size in WOFF header @ https://onvio.com.br/staff/#/dashboard-core-center:0
[   17913ms] [WARNING] Failed to decode downloaded font: https://onvio.com.br/staff/SourceSans3-Semibold.otf.6cc96c19bca5e9cb.woff @ https://onvio.com.br/staff/#/dashboard-core-center:0
[   17913ms] [WARNING] OTS parsing error: incorrect file size in WOFF header @ https://onvio.com.br/staff/#/dashboard-core-center:0
[   17913ms] [WARNING] Failed to decode downloaded font: https://onvio.com.br/staff/SourceSans3-Semibold.otf.6cc96c19bca5e9cb.woff @ https://onvio.com.br/staff/#/dashboard-core-center:0
[   17914ms] [WARNING] OTS parsing error: incorrect file size in WOFF header @ https://onvio.com.br/staff/#/dashboard-core-center:0
[   17914ms] [WARNING] Failed to decode downloaded font: https://onvio.com.br/staff/SourceSans3-Semibold.otf.6cc96c19bca5e9cb.woff @ https://onvio.com.br/staff/#/dashboard-core-center:0
[   17914ms] [WARNING] OTS parsing error: incorrect file size in WOFF header @ https://onvio.com.br/staff/#/dashboard-core-center:0
[   17914ms] [WARNING] Failed to decode downloaded font: https://onvio.com.br/staff/SourceSans3-Semibold.otf.6cc96c19bca5e9cb.woff @ https://onvio.com.br/staff/#/dashboard-core-center:0
[   17914ms] [WARNING] OTS parsing error: incorrect file size in WOFF header @ https://onvio.com.br/staff/#/dashboard-core-center:0
[   17914ms] [WARNING] Failed to decode downloaded font: https://onvio.com.br/staff/SourceSans3-Semibold.otf.6cc96c19bca5e9cb.woff @ https://onvio.com.br/staff/#/dashboard-core-center:0
[   17914ms] [WARNING] OTS parsing error: incorrect file size in WOFF header @ https://onvio.com.br/staff/#/dashboard-core-center:0
[   17915ms] [WARNING] Failed to decode downloaded font: https://onvio.com.br/staff/SourceSans3-Semibold.otf.6cc96c19bca5e9cb.woff @ https://onvio.com.br/staff/#/dashboard-core-center:0
[   17915ms] [WARNING] OTS parsing error: incorrect file size in WOFF header @ https://onvio.com.br/staff/#/dashboard-core-center:0
[   17915ms] [WARNING] Failed to decode downloaded font: https://onvio.com.br/staff/SourceSans3-Semibold.otf.6cc96c19bca5e9cb.woff @ https://onvio.com.br/staff/#/dashboard-core-center:0
[   17915ms] [WARNING] OTS parsing error: incorrect file size in WOFF header @ https://onvio.com.br/staff/#/dashboard-core-center:0
[   17915ms] [WARNING] Failed to decode downloaded font: https://onvio.com.br/staff/SourceSans3-Semibold.otf.6cc96c19bca5e9cb.woff @ https://onvio.com.br/staff/#/dashboard-core-center:0
[   17916ms] [WARNING] OTS parsing error: incorrect file size in WOFF header @ https://onvio.com.br/staff/#/dashboard-core-center:0
[   17916ms] [WARNING] Failed to decode downloaded font: https://onvio.com.br/staff/SourceSans3-Semibold.otf.6cc96c19bca5e9cb.woff @ https://onvio.com.br/staff/#/dashboard-core-center:0
[   17916ms] [WARNING] OTS parsing error: incorrect file size in WOFF header @ https://onvio.com.br/staff/#/dashboard-core-center:0
[   17916ms] [WARNING] Failed to decode downloaded font: https://onvio.com.br/staff/SourceSans3-Semibold.otf.6cc96c19bca5e9cb.woff @ https://onvio.com.br/staff/#/dashboard-core-center:0
[   17916ms] [WARNING] OTS parsing error: incorrect file size in WOFF header @ https://onvio.com.br/staff/#/dashboard-core-center:0
[   17916ms] [WARNING] Failed to decode downloaded font: https://onvio.com.br/staff/SourceSans3-Semibold.otf.6cc96c19bca5e9cb.woff @ https://onvio.com.br/staff/#/dashboard-core-center:0
[   17916ms] [WARNING] OTS parsing error: incorrect file size in WOFF header @ https://onvio.com.br/staff/#/dashboard-core-center:0
[   17916ms] [WARNING] Failed to decode downloaded font: https://onvio.com.br/staff/SourceSans3-Semibold.otf.6cc96c19bca5e9cb.woff @ https://onvio.com.br/staff/#/dashboard-core-center:0
[   17916ms] [WARNING] OTS parsing error: incorrect file size in WOFF header @ https://onvio.com.br/staff/#/dashboard-core-center:0
[   17917ms] [WARNING] Failed to decode downloaded font: https://onvio.com.br/staff/SourceSans3-Semibold.otf.6cc96c19bca5e9cb.woff @ https://onvio.com.br/staff/#/dashboard-core-center:0
[   17917ms] [WARNING] OTS parsing error: incorrect file size in WOFF header @ https://onvio.com.br/staff/#/dashboard-core-center:0
[   17917ms] [WARNING] Failed to decode downloaded font: https://onvio.com.br/staff/SourceSans3-Semibold.otf.6cc96c19bca5e9cb.woff @ https://onvio.com.br/staff/#/dashboard-core-center:0
[   17917ms] [WARNING] OTS parsing error: incorrect file size in WOFF header @ https://onvio.com.br/staff/#/dashboard-core-center:0
[   17917ms] [WARNING] Failed to decode downloaded font: https://onvio.com.br/staff/SourceSans3-Semibold.otf.6cc96c19bca5e9cb.woff @ https://onvio.com.br/staff/#/dashboard-core-center:0
[   17917ms] [WARNING] OTS parsing error: incorrect file size in WOFF header @ https://onvio.com.br/staff/#/dashboard-core-center:0
[   17917ms] [WARNING] Failed to decode downloaded font: https://onvio.com.br/staff/SourceSans3-Semibold.otf.6cc96c19bca5e9cb.woff @ https://onvio.com.br/staff/#/dashboard-core-center:0
[   17917ms] [WARNING] OTS parsing error: incorrect file size in WOFF header @ https://onvio.com.br/staff/#/dashboard-core-center:0
[   17917ms] [WARNING] Failed to decode downloaded font: https://onvio.com.br/staff/SourceSans3-Semibold.otf.6cc96c19bca5e9cb.woff @ https://onvio.com.br/staff/#/dashboard-core-center:0
[   17917ms] [WARNING] OTS parsing error: incorrect file size in WOFF header @ https://onvio.com.br/staff/#/dashboard-core-center:0
[   17917ms] [WARNING] Failed to decode downloaded font: https://onvio.com.br/staff/SourceSans3-Semibold.otf.6cc96c19bca5e9cb.woff @ https://onvio.com.br/staff/#/dashboard-core-center:0
[   17917ms] [WARNING] OTS parsing error: incorrect file size in WOFF header @ https://onvio.com.br/staff/#/dashboard-core-center:0
[   17917ms] [WARNING] Failed to decode downloaded font: https://onvio.com.br/staff/SourceSans3-Semibold.otf.6cc96c19bca5e9cb.woff @ https://onvio.com.br/staff/#/dashboard-core-center:0
[   17917ms] [WARNING] OTS parsing error: incorrect file size in WOFF header @ https://onvio.com.br/staff/#/dashboard-core-center:0
[   17918ms] [WARNING] Failed to decode downloaded font: https://onvio.com.br/staff/SourceSans3-Semibold.otf.6cc96c19bca5e9cb.woff @ https://onvio.com.br/staff/#/dashboard-core-center:0
[   17918ms] [WARNING] OTS parsing error: incorrect file size in WOFF header @ https://onvio.com.br/staff/#/dashboard-core-center:0
[   17918ms] [WARNING] Failed to decode downloaded font: https://onvio.com.br/staff/SourceSans3-Semibold.otf.6cc96c19bca5e9cb.woff @ https://onvio.com.br/staff/#/dashboard-core-center:0
[   17918ms] [WARNING] OTS parsing error: incorrect file size in WOFF header @ https://onvio.com.br/staff/#/dashboard-core-center:0
[   17918ms] [WARNING] Failed to decode downloaded font: https://onvio.com.br/staff/SourceSans3-Semibold.otf.6cc96c19bca5e9cb.woff @ https://onvio.com.br/staff/#/dashboard-core-center:0
[   17918ms] [WARNING] OTS parsing error: incorrect file size in WOFF header @ https://onvio.com.br/staff/#/dashboard-core-center:0
[   17918ms] [WARNING] Failed to decode downloaded font: https://onvio.com.br/staff/SourceSans3-Semibold.otf.6cc96c19bca5e9cb.woff @ https://onvio.com.br/staff/#/dashboard-core-center:0
[   17918ms] [WARNING] OTS parsing error: incorrect file size in WOFF header @ https://onvio.com.br/staff/#/dashboard-core-center:0
[   17918ms] [WARNING] Failed to decode downloaded font: https://onvio.com.br/staff/SourceSans3-Semibold.otf.6cc96c19bca5e9cb.woff @ https://onvio.com.br/staff/#/dashboard-core-center:0
[   17918ms] [WARNING] OTS parsing error: incorrect file size in WOFF header @ https://onvio.com.br/staff/#/dashboard-core-center:0
[   17918ms] [WARNING] Failed to decode downloaded font: https://onvio.com.br/staff/SourceSans3-Semibold.otf.6cc96c19bca5e9cb.woff @ https://onvio.com.br/staff/#/dashboard-core-center:0
[   17918ms] [WARNING] OTS parsing error: incorrect file size in WOFF header @ https://onvio.com.br/staff/#/dashboard-core-center:0
[   17918ms] [WARNING] Failed to decode downloaded font: https://onvio.com.br/staff/SourceSans3-Semibold.otf.6cc96c19bca5e9cb.woff @ https://onvio.com.br/staff/#/dashboard-core-center:0
[   17918ms] [WARNING] OTS parsing error: incorrect file size in WOFF header @ https://onvio.com.br/staff/#/dashboard-core-center:0
[   17918ms] [WARNING] Failed to decode downloaded font: https://onvio.com.br/staff/SourceSans3-Semibold.otf.6cc96c19bca5e9cb.woff @ https://onvio.com.br/staff/#/dashboard-core-center:0
[   17918ms] [WARNING] OTS parsing error: incorrect file size in WOFF header @ https://onvio.com.br/staff/#/dashboard-core-center:0
[   17919ms] [WARNING] Failed to decode downloaded font: https://onvio.com.br/staff/SourceSans3-Semibold.otf.6cc96c19bca5e9cb.woff @ https://onvio.com.br/staff/#/dashboard-core-center:0
[   17919ms] [WARNING] OTS parsing error: incorrect file size in WOFF header @ https://onvio.com.br/staff/#/dashboard-core-center:0
[   17919ms] [WARNING] Failed to decode downloaded font: https://onvio.com.br/staff/SourceSans3-Semibold.otf.6cc96c19bca5e9cb.woff @ https://onvio.com.br/staff/#/dashboard-core-center:0
[   17919ms] [WARNING] OTS parsing error: incorrect file size in WOFF header @ https://onvio.com.br/staff/#/dashboard-core-center:0
[   17919ms] [WARNING] Failed to decode downloaded font: https://onvio.com.br/staff/SourceSans3-Semibold.otf.6cc96c19bca5e9cb.woff @ https://onvio.com.br/staff/#/dashboard-core-center:0
[   17919ms] [WARNING] OTS parsing error: incorrect file size in WOFF header @ https://onvio.com.br/staff/#/dashboard-core-center:0
[   17919ms] [WARNING] Failed to decode downloaded font: https://onvio.com.br/staff/SourceSans3-Semibold.otf.6cc96c19bca5e9cb.woff @ https://onvio.com.br/staff/#/dashboard-core-center:0
[   17919ms] [WARNING] OTS parsing error: incorrect file size in WOFF header @ https://onvio.com.br/staff/#/dashboard-core-center:0
[   17919ms] [WARNING] Failed to decode downloaded font: https://onvio.com.br/staff/SourceSans3-Semibold.otf.6cc96c19bca5e9cb.woff @ https://onvio.com.br/staff/#/dashboard-core-center:0
[   17919ms] [WARNING] OTS parsing error: incorrect file size in WOFF header @ https://onvio.com.br/staff/#/dashboard-core-center:0
[   17920ms] [WARNING] Failed to decode downloaded font: https://onvio.com.br/staff/SourceSans3-Semibold.otf.6cc96c19bca5e9cb.woff @ https://onvio.com.br/staff/#/dashboard-core-center:0
[   17920ms] [WARNING] OTS parsing error: incorrect file size in WOFF header @ https://onvio.com.br/staff/#/dashboard-core-center:0
[   17920ms] [WARNING] Failed to decode downloaded font: https://onvio.com.br/staff/SourceSans3-Semibold.otf.6cc96c19bca5e9cb.woff @ https://onvio.com.br/staff/#/dashboard-core-center:0
[   17920ms] [WARNING] OTS parsing error: incorrect file size in WOFF header @ https://onvio.com.br/staff/#/dashboard-core-center:0
[   17920ms] [WARNING] Failed to decode downloaded font: https://onvio.com.br/staff/SourceSans3-Semibold.otf.6cc96c19bca5e9cb.woff @ https://onvio.com.br/staff/#/dashboard-core-center:0
[   17920ms] [WARNING] OTS parsing error: incorrect file size in WOFF header @ https://onvio.com.br/staff/#/dashboard-core-center:0
[   17920ms] [WARNING] Failed to decode downloaded font: https://onvio.com.br/staff/SourceSans3-Semibold.otf.6cc96c19bca5e9cb.woff @ https://onvio.com.br/staff/#/dashboard-core-center:0
[   17920ms] [WARNING] OTS parsing error: incorrect file size in WOFF header @ https://onvio.com.br/staff/#/dashboard-core-center:0
[   17920ms] [WARNING] Failed to decode downloaded font: https://onvio.com.br/staff/SourceSans3-Semibold.otf.6cc96c19bca5e9cb.woff @ https://onvio.com.br/staff/#/dashboard-core-center:0
[   17920ms] [WARNING] OTS parsing error: incorrect file size in WOFF header @ https://onvio.com.br/staff/#/dashboard-core-center:0
[   17920ms] [WARNING] Failed to decode downloaded font: https://onvio.com.br/staff/SourceSans3-Semibold.otf.6cc96c19bca5e9cb.woff @ https://onvio.com.br/staff/#/dashboard-core-center:0
[   17920ms] [WARNING] OTS parsing error: incorrect file size in WOFF header @ https://onvio.com.br/staff/#/dashboard-core-center:0
[   17920ms] [WARNING] Failed to decode downloaded font: https://onvio.com.br/staff/SourceSans3-Semibold.otf.6cc96c19bca5e9cb.woff @ https://onvio.com.br/staff/#/dashboard-core-center:0
[   17921ms] [WARNING] OTS parsing error: incorrect file size in WOFF header @ https://onvio.com.br/staff/#/dashboard-core-center:0
[   17921ms] [WARNING] Failed to decode downloaded font: https://onvio.com.br/staff/SourceSans3-Semibold.otf.6cc96c19bca5e9cb.woff @ https://onvio.com.br/staff/#/dashboard-core-center:0
[   17921ms] [WARNING] OTS parsing error: incorrect file size in WOFF header @ https://onvio.com.br/staff/#/dashboard-core-center:0
[   17921ms] [WARNING] Failed to decode downloaded font: https://onvio.com.br/staff/SourceSans3-Semibold.otf.6cc96c19bca5e9cb.woff @ https://onvio.com.br/staff/#/dashboard-core-center:0
[   17921ms] [WARNING] OTS parsing error: incorrect file size in WOFF header @ https://onvio.com.br/staff/#/dashboard-core-center:0
[   17921ms] [WARNING] Failed to decode downloaded font: https://onvio.com.br/staff/SourceSans3-Semibold.otf.6cc96c19bca5e9cb.woff @ https://onvio.com.br/staff/#/dashboard-core-center:0
[   17921ms] [WARNING] OTS parsing error: incorrect file size in WOFF header @ https://onvio.com.br/staff/#/dashboard-core-center:0
[   17921ms] [WARNING] Failed to decode downloaded font: https://onvio.com.br/staff/SourceSans3-Semibold.otf.6cc96c19bca5e9cb.woff @ https://onvio.com.br/staff/#/dashboard-core-center:0
[   17921ms] [WARNING] OTS parsing error: incorrect file size in WOFF header @ https://onvio.com.br/staff/#/dashboard-core-center:0
[   17922ms] [WARNING] Failed to decode downloaded font: https://onvio.com.br/staff/SourceSans3-Semibold.otf.6cc96c19bca5e9cb.woff @ https://onvio.com.br/staff/#/dashboard-core-center:0
[   17922ms] [WARNING] OTS parsing error: incorrect file size in WOFF header @ https://onvio.com.br/staff/#/dashboard-core-center:0
[   17922ms] [WARNING] Failed to decode downloaded font: https://onvio.com.br/staff/SourceSans3-Semibold.otf.6cc96c19bca5e9cb.woff @ https://onvio.com.br/staff/#/dashboard-core-center:0
[   17922ms] [WARNING] OTS parsing error: incorrect file size in WOFF header @ https://onvio.com.br/staff/#/dashboard-core-center:0
[   17922ms] [WARNING] Failed to decode downloaded font: https://onvio.com.br/staff/SourceSans3-Semibold.otf.6cc96c19bca5e9cb.woff @ https://onvio.com.br/staff/#/dashboard-core-center:0
[   17922ms] [WARNING] OTS parsing error: incorrect file size in WOFF header @ https://onvio.com.br/staff/#/dashboard-core-center:0
[   17922ms] [WARNING] Failed to decode downloaded font: https://onvio.com.br/staff/SourceSans3VF-Upright.ttf.e7f20fc9b00b0e8a.woff2 @ https://onvio.com.br/staff/#/dashboard-core-center:0
[   17922ms] [WARNING] OTS parsing error: Failed to convert WOFF 2.0 font to SFNT @ https://onvio.com.br/staff/#/dashboard-core-center:0
[   17922ms] [WARNING] Failed to decode downloaded font: https://onvio.com.br/staff/SourceSans3-Regular.ttf.dab9805cb7eb3d8f.woff @ https://onvio.com.br/staff/#/dashboard-core-center:0
[   17922ms] [WARNING] OTS parsing error: incorrect file size in WOFF header @ https://onvio.com.br/staff/#/dashboard-core-center:0
[   17922ms] [WARNING] Failed to decode downloaded font: https://onvio.com.br/staff/SourceSans3-Regular.114f93b5f3b7d159.otf @ https://onvio.com.br/staff/#/dashboard-core-center:0
[   17922ms] [WARNING] OTS parsing error: bad table directory searchRange
bad table directory entrySelector
bad table directory rangeShift
Invalid table tag: 0x604241
 `BA: misaligned table @ https://onvio.com.br/staff/#/dashboard-core-center:0
[   17922ms] [WARNING] Failed to decode downloaded font: https://onvio.com.br/staff/SourceSans3-Regular.ab920762075b81fb.ttf @ https://onvio.com.br/staff/#/dashboard-core-center:0
[   17923ms] [WARNING] OTS parsing error: BASE: invalid table offset @ https://onvio.com.br/staff/#/dashboard-core-center:0
[   17923ms] [WARNING] Failed to decode downloaded font: https://onvio.com.br/staff/SourceSans3VF-Upright.ttf.e7f20fc9b00b0e8a.woff2 @ https://onvio.com.br/staff/#/dashboard-core-center:0
[   17923ms] [WARNING] OTS parsing error: Failed to convert WOFF 2.0 font to SFNT @ https://onvio.com.br/staff/#/dashboard-core-center:0
[   17923ms] [WARNING] Failed to decode downloaded font: https://onvio.com.br/staff/SourceSans3-Regular.ttf.dab9805cb7eb3d8f.woff @ https://onvio.com.br/staff/#/dashboard-core-center:0
[   17923ms] [WARNING] OTS parsing error: incorrect file size in WOFF header @ https://onvio.com.br/staff/#/dashboard-core-center:0
[   17923ms] [WARNING] Failed to decode downloaded font: https://onvio.com.br/staff/SourceSans3-Regular.114f93b5f3b7d159.otf @ https://onvio.com.br/staff/#/dashboard-core-center:0
[   17923ms] [WARNING] OTS parsing error: bad table directory searchRange
bad table directory entrySelector
bad table directory rangeShift
Invalid table tag: 0x604241
 `BA: misaligned table @ https://onvio.com.br/staff/#/dashboard-core-center:0
[   17923ms] [WARNING] Failed to decode downloaded font: https://onvio.com.br/staff/SourceSans3-Regular.ab920762075b81fb.ttf @ https://onvio.com.br/staff/#/dashboard-core-center:0
[   17923ms] [WARNING] OTS parsing error: BASE: invalid table offset @ https://onvio.com.br/staff/#/dashboard-core-center:0
[   17923ms] [WARNING] Failed to decode downloaded font: https://onvio.com.br/staff/SourceSans3VF-Upright.ttf.e7f20fc9b00b0e8a.woff2 @ https://onvio.com.br/staff/#/dashboard-core-center:0
[   17923ms] [WARNING] OTS parsing error: Failed to convert WOFF 2.0 font to SFNT @ https://onvio.com.br/staff/#/dashboard-core-center:0
[   17923ms] [WARNING] Failed to decode downloaded font: https://onvio.com.br/staff/SourceSans3-Regular.ttf.dab9805cb7eb3d8f.woff @ https://onvio.com.br/staff/#/dashboard-core-center:0
[   17923ms] [WARNING] OTS parsing error: incorrect file size in WOFF header @ https://onvio.com.br/staff/#/dashboard-core-center:0
[   17923ms] [WARNING] Failed to decode downloaded font: https://onvio.com.br/staff/SourceSans3-Regular.114f93b5f3b7d159.otf @ https://onvio.com.br/staff/#/dashboard-core-center:0
[   17923ms] [WARNING] OTS parsing error: bad table directory searchRange
bad table directory entrySelector
bad table directory rangeShift
Invalid table tag: 0x604241
 `BA: misaligned table @ https://onvio.com.br/staff/#/dashboard-core-center:0
[   17923ms] [WARNING] Failed to decode downloaded font: https://onvio.com.br/staff/SourceSans3-Regular.ab920762075b81fb.ttf @ https://onvio.com.br/staff/#/dashboard-core-center:0
[   17924ms] [WARNING] OTS parsing error: BASE: invalid table offset @ https://onvio.com.br/staff/#/dashboard-core-center:0
[   17924ms] [WARNING] Failed to decode downloaded font: https://onvio.com.br/staff/SourceSans3VF-Upright.ttf.e7f20fc9b00b0e8a.woff2 @ https://onvio.com.br/staff/#/dashboard-core-center:0
[   17924ms] [WARNING] OTS parsing error: Failed to convert WOFF 2.0 font to SFNT @ https://onvio.com.br/staff/#/dashboard-core-center:0
[   17924ms] [WARNING] Failed to decode downloaded font: https://onvio.com.br/staff/SourceSans3-Regular.ttf.dab9805cb7eb3d8f.woff @ https://onvio.com.br/staff/#/dashboard-core-center:0
[   17924ms] [WARNING] OTS parsing error: incorrect file size in WOFF header @ https://onvio.com.br/staff/#/dashboard-core-center:0
[   17924ms] [WARNING] Failed to decode downloaded font: https://onvio.com.br/staff/SourceSans3-Regular.114f93b5f3b7d159.otf @ https://onvio.com.br/staff/#/dashboard-core-center:0
[   17924ms] [WARNING] OTS parsing error: bad table directory searchRange
bad table directory entrySelector
bad table directory rangeShift
Invalid table tag: 0x604241
 `BA: misaligned table @ https://onvio.com.br/staff/#/dashboard-core-center:0
[   17924ms] [WARNING] Failed to decode downloaded font: https://onvio.com.br/staff/SourceSans3-Regular.ab920762075b81fb.ttf @ https://onvio.com.br/staff/#/dashboard-core-center:0
[   17924ms] [WARNING] OTS parsing error: BASE: invalid table offset @ https://onvio.com.br/staff/#/dashboard-core-center:0
[   17924ms] [WARNING] Failed to decode downloaded font: https://onvio.com.br/staff/SourceSans3VF-Upright.ttf.e7f20fc9b00b0e8a.woff2 @ https://onvio.com.br/staff/#/dashboard-core-center:0
[   17924ms] [WARNING] OTS parsing error: Failed to convert WOFF 2.0 font to SFNT @ https://onvio.com.br/staff/#/dashboard-core-center:0
[   17924ms] [WARNING] Failed to decode downloaded font: https://onvio.com.br/staff/SourceSans3-Regular.ttf.dab9805cb7eb3d8f.woff @ https://onvio.com.br/staff/#/dashboard-core-center:0
[   17925ms] [WARNING] OTS parsing error: incorrect file size in WOFF header @ https://onvio.com.br/staff/#/dashboard-core-center:0
[   17925ms] [WARNING] Failed to decode downloaded font: https://onvio.com.br/staff/SourceSans3-Regular.114f93b5f3b7d159.otf @ https://onvio.com.br/staff/#/dashboard-core-center:0
[   17925ms] [WARNING] OTS parsing error: bad table directory searchRange
bad table directory entrySelector
bad table directory rangeShift
Invalid table tag: 0x604241
 `BA: misaligned table @ https://onvio.com.br/staff/#/dashboard-core-center:0
[   17925ms] [WARNING] Failed to decode downloaded font: https://onvio.com.br/staff/SourceSans3-Regular.ab920762075b81fb.ttf @ https://onvio.com.br/staff/#/dashboard-core-center:0
[   17925ms] [WARNING] OTS parsing error: BASE: invalid table offset @ https://onvio.com.br/staff/#/dashboard-core-center:0
[   17925ms] [WARNING] Failed to decode downloaded font: https://onvio.com.br/staff/SourceSans3VF-Upright.ttf.e7f20fc9b00b0e8a.woff2 @ https://onvio.com.br/staff/#/dashboard-core-center:0
[   17925ms] [WARNING] OTS parsing error: Failed to convert WOFF 2.0 font to SFNT @ https://onvio.com.br/staff/#/dashboard-core-center:0
[   17925ms] [WARNING] Failed to decode downloaded font: https://onvio.com.br/staff/SourceSans3-Semibold.otf.6cc96c19bca5e9cb.woff @ https://onvio.com.br/staff/#/dashboard-core-center:0
[   17925ms] [WARNING] OTS parsing error: incorrect file size in WOFF header @ https://onvio.com.br/staff/#/dashboard-core-center:0
[   17925ms] [WARNING] Failed to decode downloaded font: https://onvio.com.br/staff/SourceSans3VF-Upright.ttf.e7f20fc9b00b0e8a.woff2 @ https://onvio.com.br/staff/#/dashboard-core-center:0
[   17925ms] [WARNING] OTS parsing error: Failed to convert WOFF 2.0 font to SFNT @ https://onvio.com.br/staff/#/dashboard-core-center:0
[   17925ms] [WARNING] Failed to decode downloaded font: https://onvio.com.br/staff/SourceSans3-Semibold.otf.6cc96c19bca5e9cb.woff @ https://onvio.com.br/staff/#/dashboard-core-center:0
[   17926ms] [WARNING] OTS parsing error: incorrect file size in WOFF header @ https://onvio.com.br/staff/#/dashboard-core-center:0
[   17926ms] [WARNING] Failed to decode downloaded font: https://onvio.com.br/staff/SourceSans3VF-Upright.ttf.e7f20fc9b00b0e8a.woff2 @ https://onvio.com.br/staff/#/dashboard-core-center:0
[   17926ms] [WARNING] OTS parsing error: Failed to convert WOFF 2.0 font to SFNT @ https://onvio.com.br/staff/#/dashboard-core-center:0
[   17926ms] [WARNING] Failed to decode downloaded font: https://onvio.com.br/staff/SourceSans3-Semibold.otf.6cc96c19bca5e9cb.woff @ https://onvio.com.br/staff/#/dashboard-core-center:0
[   17926ms] [WARNING] OTS parsing error: incorrect file size in WOFF header @ https://onvio.com.br/staff/#/dashboard-core-center:0
[   17926ms] [WARNING] Failed to decode downloaded font: https://onvio.com.br/staff/SourceSans3VF-Upright.ttf.e7f20fc9b00b0e8a.woff2 @ https://onvio.com.br/staff/#/dashboard-core-center:0
[   17926ms] [WARNING] OTS parsing error: Failed to convert WOFF 2.0 font to SFNT @ https://onvio.com.br/staff/#/dashboard-core-center:0
[   17926ms] [WARNING] Failed to decode downloaded font: https://onvio.com.br/staff/SourceSans3-Semibold.otf.6cc96c19bca5e9cb.woff @ https://onvio.com.br/staff/#/dashboard-core-center:0
[   17926ms] [WARNING] OTS parsing error: incorrect file size in WOFF header @ https://onvio.com.br/staff/#/dashboard-core-center:0
[   17926ms] [WARNING] Failed to decode downloaded font: https://onvio.com.br/staff/SourceSans3VF-Upright.ttf.e7f20fc9b00b0e8a.woff2 @ https://onvio.com.br/staff/#/dashboard-core-center:0
[   17926ms] [WARNING] OTS parsing error: Failed to convert WOFF 2.0 font to SFNT @ https://onvio.com.br/staff/#/dashboard-core-center:0
[   17926ms] [WARNING] Failed to decode downloaded font: https://onvio.com.br/staff/SourceSans3-Semibold.otf.6cc96c19bca5e9cb.woff @ https://onvio.com.br/staff/#/dashboard-core-center:0
[   17926ms] [WARNING] OTS parsing error: incorrect file size in WOFF header @ https://onvio.com.br/staff/#/dashboard-core-center:0
[   17927ms] [WARNING] Failed to decode downloaded font: https://onvio.com.br/staff/SourceSans3VF-Upright.ttf.e7f20fc9b00b0e8a.woff2 @ https://onvio.com.br/staff/#/dashboard-core-center:0
[   17927ms] [WARNING] OTS parsing error: Failed to convert WOFF 2.0 font to SFNT @ https://onvio.com.br/staff/#/dashboard-core-center:0
[   17927ms] [WARNING] Failed to decode downloaded font: https://onvio.com.br/staff/SourceSans3-Semibold.otf.6cc96c19bca5e9cb.woff @ https://onvio.com.br/staff/#/dashboard-core-center:0
[   17927ms] [WARNING] OTS parsing error: incorrect file size in WOFF header @ https://onvio.com.br/staff/#/dashboard-core-center:0
[   17927ms] [WARNING] Failed to decode downloaded font: https://onvio.com.br/staff/SourceSans3VF-Upright.ttf.e7f20fc9b00b0e8a.woff2 @ https://onvio.com.br/staff/#/dashboard-core-center:0
[   17927ms] [WARNING] OTS parsing error: Failed to convert WOFF 2.0 font to SFNT @ https://onvio.com.br/staff/#/dashboard-core-center:0
[   17927ms] [WARNING] Failed to decode downloaded font: https://onvio.com.br/staff/SourceSans3-Semibold.otf.6cc96c19bca5e9cb.woff @ https://onvio.com.br/staff/#/dashboard-core-center:0
[   17927ms] [WARNING] OTS parsing error: incorrect file size in WOFF header @ https://onvio.com.br/staff/#/dashboard-core-center:0
[   17927ms] [WARNING] Failed to decode downloaded font: https://onvio.com.br/staff/SourceSans3VF-Upright.ttf.e7f20fc9b00b0e8a.woff2 @ https://onvio.com.br/staff/#/dashboard-core-center:0
[   17927ms] [WARNING] OTS parsing error: Failed to convert WOFF 2.0 font to SFNT @ https://onvio.com.br/staff/#/dashboard-core-center:0
[   17927ms] [WARNING] Failed to decode downloaded font: https://onvio.com.br/staff/SourceSans3-Semibold.otf.6cc96c19bca5e9cb.woff @ https://onvio.com.br/staff/#/dashboard-core-center:0
[   17927ms] [WARNING] OTS parsing error: incorrect file size in WOFF header @ https://onvio.com.br/staff/#/dashboard-core-center:0
[   17927ms] [WARNING] Failed to decode downloaded font: https://onvio.com.br/staff/SourceSans3VF-Upright.ttf.e7f20fc9b00b0e8a.woff2 @ https://onvio.com.br/staff/#/dashboard-core-center:0
[   17927ms] [WARNING] OTS parsing error: Failed to convert WOFF 2.0 font to SFNT @ https://onvio.com.br/staff/#/dashboard-core-center:0
[   17928ms] [WARNING] Failed to decode downloaded font: https://onvio.com.br/staff/SourceSans3-Regular.ttf.dab9805cb7eb3d8f.woff @ https://onvio.com.br/staff/#/dashboard-core-center:0
[   17928ms] [WARNING] OTS parsing error: incorrect file size in WOFF header @ https://onvio.com.br/staff/#/dashboard-core-center:0
[   17928ms] [WARNING] Failed to decode downloaded font: https://onvio.com.br/staff/SourceSans3-Regular.114f93b5f3b7d159.otf @ https://onvio.com.br/staff/#/dashboard-core-center:0
[   17928ms] [WARNING] OTS parsing error: bad table directory searchRange
bad table directory entrySelector
bad table directory rangeShift
Invalid table tag: 0x604241
 `BA: misaligned table @ https://onvio.com.br/staff/#/dashboard-core-center:0
[   17928ms] [WARNING] Failed to decode downloaded font: https://onvio.com.br/staff/SourceSans3-Regular.ab920762075b81fb.ttf @ https://onvio.com.br/staff/#/dashboard-core-center:0
[   17928ms] [WARNING] OTS parsing error: BASE: invalid table offset @ https://onvio.com.br/staff/#/dashboard-core-center:0
[   17928ms] [WARNING] Failed to decode downloaded font: https://onvio.com.br/staff/SourceSans3VF-Upright.ttf.e7f20fc9b00b0e8a.woff2 @ https://onvio.com.br/staff/#/dashboard-core-center:0
[   17928ms] [WARNING] OTS parsing error: Failed to convert WOFF 2.0 font to SFNT @ https://onvio.com.br/staff/#/dashboard-core-center:0
[   17928ms] [WARNING] Failed to decode downloaded font: https://onvio.com.br/staff/SourceSans3-Regular.ttf.dab9805cb7eb3d8f.woff @ https://onvio.com.br/staff/#/dashboard-core-center:0
[   17928ms] [WARNING] OTS parsing error: incorrect file size in WOFF header @ https://onvio.com.br/staff/#/dashboard-core-center:0
[   17928ms] [WARNING] Failed to decode downloaded font: https://onvio.com.br/staff/SourceSans3-Regular.114f93b5f3b7d159.otf @ https://onvio.com.br/staff/#/dashboard-core-center:0
[   17928ms] [WARNING] OTS parsing error: bad table directory searchRange
bad table directory entrySelector
bad table directory rangeShift
Invalid table tag: 0x604241
 `BA: misaligned table @ https://onvio.com.br/staff/#/dashboard-core-center:0
[   17928ms] [WARNING] Failed to decode downloaded font: https://onvio.com.br/staff/SourceSans3-Regular.ab920762075b81fb.ttf @ https://onvio.com.br/staff/#/dashboard-core-center:0
[   17928ms] [WARNING] OTS parsing error: BASE: invalid table offset @ https://onvio.com.br/staff/#/dashboard-core-center:0
[   17928ms] [WARNING] Failed to decode downloaded font: https://onvio.com.br/staff/SourceSans3VF-Upright.ttf.e7f20fc9b00b0e8a.woff2 @ https://onvio.com.br/staff/#/dashboard-core-center:0
[   17929ms] [WARNING] OTS parsing error: Failed to convert WOFF 2.0 font to SFNT @ https://onvio.com.br/staff/#/dashboard-core-center:0
[   17929ms] [WARNING] Failed to decode downloaded font: https://onvio.com.br/staff/SourceSans3-Regular.ttf.dab9805cb7eb3d8f.woff @ https://onvio.com.br/staff/#/dashboard-core-center:0
[   17929ms] [WARNING] OTS parsing error: incorrect file size in WOFF header @ https://onvio.com.br/staff/#/dashboard-core-center:0
[   17929ms] [WARNING] Failed to decode downloaded font: https://onvio.com.br/staff/SourceSans3-Regular.114f93b5f3b7d159.otf @ https://onvio.com.br/staff/#/dashboard-core-center:0
[   17929ms] [WARNING] OTS parsing error: bad table directory searchRange
bad table directory entrySelector
bad table directory rangeShift
Invalid table tag: 0x604241
 `BA: misaligned table @ https://onvio.com.br/staff/#/dashboard-core-center:0
[   17929ms] [WARNING] Failed to decode downloaded font: https://onvio.com.br/staff/SourceSans3-Regular.ab920762075b81fb.ttf @ https://onvio.com.br/staff/#/dashboard-core-center:0
[   17929ms] [WARNING] OTS parsing error: BASE: invalid table offset @ https://onvio.com.br/staff/#/dashboard-core-center:0
[   17929ms] [WARNING] Failed to decode downloaded font: https://onvio.com.br/staff/SourceSans3VF-Upright.ttf.e7f20fc9b00b0e8a.woff2 @ https://onvio.com.br/staff/#/dashboard-core-center:0
[   17929ms] [WARNING] OTS parsing error: Failed to convert WOFF 2.0 font to SFNT @ https://onvio.com.br/staff/#/dashboard-core-center:0
[   17929ms] [WARNING] Failed to decode downloaded font: https://onvio.com.br/staff/SourceSans3-Regular.ttf.dab9805cb7eb3d8f.woff @ https://onvio.com.br/staff/#/dashboard-core-center:0
[   17929ms] [WARNING] OTS parsing error: incorrect file size in WOFF header @ https://onvio.com.br/staff/#/dashboard-core-center:0
[   17929ms] [WARNING] Failed to decode downloaded font: https://onvio.com.br/staff/SourceSans3-Regular.114f93b5f3b7d159.otf @ https://onvio.com.br/staff/#/dashboard-core-center:0
[   17929ms] [WARNING] OTS parsing error: bad table directory searchRange
bad table directory entrySelector
bad table directory rangeShift
Invalid table tag: 0x604241
 `BA: misaligned table @ https://onvio.com.br/staff/#/dashboard-core-center:0
[   17929ms] [WARNING] Failed to decode downloaded font: https://onvio.com.br/staff/SourceSans3-Regular.ab920762075b81fb.ttf @ https://onvio.com.br/staff/#/dashboard-core-center:0
[   17930ms] [WARNING] OTS parsing error: BASE: invalid table offset @ https://onvio.com.br/staff/#/dashboard-core-center:0
[   17930ms] [WARNING] Failed to decode downloaded font: https://onvio.com.br/staff/SourceSans3VF-Upright.ttf.e7f20fc9b00b0e8a.woff2 @ https://onvio.com.br/staff/#/dashboard-core-center:0
[   17930ms] [WARNING] OTS parsing error: Failed to convert WOFF 2.0 font to SFNT @ https://onvio.com.br/staff/#/dashboard-core-center:0
[   17930ms] [WARNING] Failed to decode downloaded font: https://onvio.com.br/staff/SourceSans3-Regular.ttf.dab9805cb7eb3d8f.woff @ https://onvio.com.br/staff/#/dashboard-core-center:0
[   17930ms] [WARNING] OTS parsing error: incorrect file size in WOFF header @ https://onvio.com.br/staff/#/dashboard-core-center:0
[   17930ms] [WARNING] Failed to decode downloaded font: https://onvio.com.br/staff/SourceSans3-Regular.114f93b5f3b7d159.otf @ https://onvio.com.br/staff/#/dashboard-core-center:0
[   17930ms] [WARNING] OTS parsing error: bad table directory searchRange
bad table directory entrySelector
bad table directory rangeShift
Invalid table tag: 0x604241
 `BA: misaligned table @ https://onvio.com.br/staff/#/dashboard-core-center:0
[   17930ms] [WARNING] Failed to decode downloaded font: https://onvio.com.br/staff/SourceSans3-Regular.ab920762075b81fb.ttf @ https://onvio.com.br/staff/#/dashboard-core-center:0
[   17930ms] [WARNING] OTS parsing error: BASE: invalid table offset @ https://onvio.com.br/staff/#/dashboard-core-center:0
[   17931ms] [WARNING] Failed to decode downloaded font: https://onvio.com.br/staff/SourceSans3VF-Upright.ttf.e7f20fc9b00b0e8a.woff2 @ https://onvio.com.br/staff/#/dashboard-core-center:0
[   17931ms] [WARNING] OTS parsing error: Failed to convert WOFF 2.0 font to SFNT @ https://onvio.com.br/staff/#/dashboard-core-center:0
[   17931ms] [WARNING] Failed to decode downloaded font: https://onvio.com.br/staff/SourceSans3-Regular.ttf.dab9805cb7eb3d8f.woff @ https://onvio.com.br/staff/#/dashboard-core-center:0
[   17931ms] [WARNING] OTS parsing error: incorrect file size in WOFF header @ https://onvio.com.br/staff/#/dashboard-core-center:0
[   17931ms] [WARNING] Failed to decode downloaded font: https://onvio.com.br/staff/SourceSans3-Regular.114f93b5f3b7d159.otf @ https://onvio.com.br/staff/#/dashboard-core-center:0
[   17931ms] [WARNING] OTS parsing error: bad table directory searchRange
bad table directory entrySelector
bad table directory rangeShift
Invalid table tag: 0x604241
 `BA: misaligned table @ https://onvio.com.br/staff/#/dashboard-core-center:0
[   17931ms] [WARNING] Failed to decode downloaded font: https://onvio.com.br/staff/SourceSans3-Regular.ab920762075b81fb.ttf @ https://onvio.com.br/staff/#/dashboard-core-center:0
[   17931ms] [WARNING] OTS parsing error: BASE: invalid table offset @ https://onvio.com.br/staff/#/dashboard-core-center:0
[   17931ms] [WARNING] Failed to decode downloaded font: https://onvio.com.br/staff/SourceSans3VF-Upright.ttf.e7f20fc9b00b0e8a.woff2 @ https://onvio.com.br/staff/#/dashboard-core-center:0
[   17931ms] [WARNING] OTS parsing error: Failed to convert WOFF 2.0 font to SFNT @ https://onvio.com.br/staff/#/dashboard-core-center:0
[   17931ms] [WARNING] Failed to decode downloaded font: https://onvio.com.br/staff/SourceSans3-Regular.ttf.dab9805cb7eb3d8f.woff @ https://onvio.com.br/staff/#/dashboard-core-center:0
[   17931ms] [WARNING] OTS parsing error: incorrect file size in WOFF header @ https://onvio.com.br/staff/#/dashboard-core-center:0
[   17932ms] [WARNING] Failed to decode downloaded font: https://onvio.com.br/staff/SourceSans3-Regular.114f93b5f3b7d159.otf @ https://onvio.com.br/staff/#/dashboard-core-center:0
[   17932ms] [WARNING] OTS parsing error: bad table directory searchRange
bad table directory entrySelector
bad table directory rangeShift
Invalid table tag: 0x604241
 `BA: misaligned table @ https://onvio.com.br/staff/#/dashboard-core-center:0
[   17932ms] [WARNING] Failed to decode downloaded font: https://onvio.com.br/staff/SourceSans3-Regular.ab920762075b81fb.ttf @ https://onvio.com.br/staff/#/dashboard-core-center:0
[   17932ms] [WARNING] OTS parsing error: BASE: invalid table offset @ https://onvio.com.br/staff/#/dashboard-core-center:0
[   17932ms] [WARNING] Failed to decode downloaded font: https://onvio.com.br/staff/SourceSans3VF-Upright.ttf.e7f20fc9b00b0e8a.woff2 @ https://onvio.com.br/staff/#/dashboard-core-center:0
[   17932ms] [WARNING] OTS parsing error: Failed to convert WOFF 2.0 font to SFNT @ https://onvio.com.br/staff/#/dashboard-core-center:0
[   17932ms] [WARNING] Failed to decode downloaded font: https://onvio.com.br/staff/SourceSans3-Regular.ttf.dab9805cb7eb3d8f.woff @ https://onvio.com.br/staff/#/dashboard-core-center:0
[   17933ms] [WARNING] OTS parsing error: incorrect file size in WOFF header @ https://onvio.com.br/staff/#/dashboard-core-center:0
[   17933ms] [WARNING] Failed to decode downloaded font: https://onvio.com.br/staff/SourceSans3-Regular.114f93b5f3b7d159.otf @ https://onvio.com.br/staff/#/dashboard-core-center:0
[   17933ms] [WARNING] OTS parsing error: bad table directory searchRange
bad table directory entrySelector
bad table directory rangeShift
Invalid table tag: 0x604241
 `BA: misaligned table @ https://onvio.com.br/staff/#/dashboard-core-center:0
[   17933ms] [WARNING] Failed to decode downloaded font: https://onvio.com.br/staff/SourceSans3-Regular.ab920762075b81fb.ttf @ https://onvio.com.br/staff/#/dashboard-core-center:0
[   17933ms] [WARNING] OTS parsing error: BASE: invalid table offset @ https://onvio.com.br/staff/#/dashboard-core-center:0
[   17933ms] [WARNING] Failed to decode downloaded font: https://onvio.com.br/staff/SourceSans3VF-Upright.ttf.e7f20fc9b00b0e8a.woff2 @ https://onvio.com.br/staff/#/dashboard-core-center:0
[   17933ms] [WARNING] OTS parsing error: Failed to convert WOFF 2.0 font to SFNT @ https://onvio.com.br/staff/#/dashboard-core-center:0
[   17933ms] [WARNING] Failed to decode downloaded font: https://onvio.com.br/staff/SourceSans3-Regular.114f93b5f3b7d159.otf @ https://onvio.com.br/staff/#/dashboard-core-center:0
[   17933ms] [WARNING] OTS parsing error: bad table directory searchRange
bad table directory entrySelector
bad table directory rangeShift
Invalid table tag: 0x604241
 `BA: misaligned table @ https://onvio.com.br/staff/#/dashboard-core-center:0
[   17933ms] [WARNING] Failed to decode downloaded font: https://onvio.com.br/staff/SourceSans3-Regular.ttf.dab9805cb7eb3d8f.woff @ https://onvio.com.br/staff/#/dashboard-core-center:0
[   17933ms] [WARNING] OTS parsing error: incorrect file size in WOFF header @ https://onvio.com.br/staff/#/dashboard-core-center:0
[   17934ms] [WARNING] Failed to decode downloaded font: https://onvio.com.br/staff/SourceSans3-Regular.ab920762075b81fb.ttf @ https://onvio.com.br/staff/#/dashboard-core-center:0
[   17934ms] [WARNING] OTS parsing error: BASE: invalid table offset @ https://onvio.com.br/staff/#/dashboard-core-center:0
[   17934ms] [WARNING] Failed to decode downloaded font: https://onvio.com.br/staff/SourceSans3VF-Upright.ttf.e7f20fc9b00b0e8a.woff2 @ https://onvio.com.br/staff/#/dashboard-core-center:0
[   17934ms] [WARNING] OTS parsing error: Failed to convert WOFF 2.0 font to SFNT @ https://onvio.com.br/staff/#/dashboard-core-center:0
[   17934ms] [WARNING] Failed to decode downloaded font: https://onvio.com.br/staff/SourceSans3-Regular.ttf.dab9805cb7eb3d8f.woff @ https://onvio.com.br/staff/#/dashboard-core-center:0
[   17934ms] [WARNING] OTS parsing error: incorrect file size in WOFF header @ https://onvio.com.br/staff/#/dashboard-core-center:0
[   17934ms] [WARNING] Failed to decode downloaded font: https://onvio.com.br/staff/SourceSans3-Regular.114f93b5f3b7d159.otf @ https://onvio.com.br/staff/#/dashboard-core-center:0
[   17934ms] [WARNING] OTS parsing error: bad table directory searchRange
bad table directory entrySelector
bad table directory rangeShift
Invalid table tag: 0x604241
 `BA: misaligned table @ https://onvio.com.br/staff/#/dashboard-core-center:0
[   17934ms] [WARNING] Failed to decode downloaded font: https://onvio.com.br/staff/SourceSans3-Regular.ab920762075b81fb.ttf @ https://onvio.com.br/staff/#/dashboard-core-center:0
[   17934ms] [WARNING] OTS parsing error: BASE: invalid table offset @ https://onvio.com.br/staff/#/dashboard-core-center:0
[   17934ms] [WARNING] Failed to decode downloaded font: https://onvio.com.br/staff/SourceSans3VF-Upright.ttf.e7f20fc9b00b0e8a.woff2 @ https://onvio.com.br/staff/#/dashboard-core-center:0
[   17934ms] [WARNING] OTS parsing error: Failed to convert WOFF 2.0 font to SFNT @ https://onvio.com.br/staff/#/dashboard-core-center:0
[   17934ms] [WARNING] Failed to decode downloaded font: https://onvio.com.br/staff/SourceSans3-Regular.ttf.dab9805cb7eb3d8f.woff @ https://onvio.com.br/staff/#/dashboard-core-center:0
[   17934ms] [WARNING] OTS parsing error: incorrect file size in WOFF header @ https://onvio.com.br/staff/#/dashboard-core-center:0
[   17934ms] [WARNING] Failed to decode downloaded font: https://onvio.com.br/staff/SourceSans3-Regular.114f93b5f3b7d159.otf @ https://onvio.com.br/staff/#/dashboard-core-center:0
[   17935ms] [WARNING] OTS parsing error: bad table directory searchRange
bad table directory entrySelector
bad table directory rangeShift
Invalid table tag: 0x604241
 `BA: misaligned table @ https://onvio.com.br/staff/#/dashboard-core-center:0
[   17935ms] [WARNING] Failed to decode downloaded font: https://onvio.com.br/staff/SourceSans3-Regular.ab920762075b81fb.ttf @ https://onvio.com.br/staff/#/dashboard-core-center:0
[   17935ms] [WARNING] OTS parsing error: BASE: invalid table offset @ https://onvio.com.br/staff/#/dashboard-core-center:0
[   17935ms] [WARNING] Failed to decode downloaded font: https://onvio.com.br/staff/SourceSans3VF-Upright.ttf.e7f20fc9b00b0e8a.woff2 @ https://onvio.com.br/staff/#/dashboard-core-center:0
[   17935ms] [WARNING] OTS parsing error: Failed to convert WOFF 2.0 font to SFNT @ https://onvio.com.br/staff/#/dashboard-core-center:0
[   17935ms] [WARNING] Failed to decode downloaded font: https://onvio.com.br/staff/SourceSans3-Regular.ttf.dab9805cb7eb3d8f.woff @ https://onvio.com.br/staff/#/dashboard-core-center:0
[   17935ms] [WARNING] OTS parsing error: incorrect file size in WOFF header @ https://onvio.com.br/staff/#/dashboard-core-center:0
[   17935ms] [WARNING] Failed to decode downloaded font: https://onvio.com.br/staff/SourceSans3-Regular.114f93b5f3b7d159.otf @ https://onvio.com.br/staff/#/dashboard-core-center:0
[   17935ms] [WARNING] OTS parsing error: bad table directory searchRange
bad table directory entrySelector
bad table directory rangeShift
Invalid table tag: 0x604241
 `BA: misaligned table @ https://onvio.com.br/staff/#/dashboard-core-center:0
[   17935ms] [WARNING] Failed to decode downloaded font: https://onvio.com.br/staff/SourceSans3-Regular.ab920762075b81fb.ttf @ https://onvio.com.br/staff/#/dashboard-core-center:0
[   17935ms] [WARNING] OTS parsing error: BASE: invalid table offset @ https://onvio.com.br/staff/#/dashboard-core-center:0
[   17936ms] [WARNING] Failed to decode downloaded font: https://onvio.com.br/staff/SourceSans3VF-Upright.ttf.e7f20fc9b00b0e8a.woff2 @ https://onvio.com.br/staff/#/dashboard-core-center:0
[   17936ms] [WARNING] OTS parsing error: Failed to convert WOFF 2.0 font to SFNT @ https://onvio.com.br/staff/#/dashboard-core-center:0
[   17936ms] [WARNING] Failed to decode downloaded font: https://onvio.com.br/staff/SourceSans3-Regular.ttf.dab9805cb7eb3d8f.woff @ https://onvio.com.br/staff/#/dashboard-core-center:0
[   17936ms] [WARNING] OTS parsing error: incorrect file size in WOFF header @ https://onvio.com.br/staff/#/dashboard-core-center:0
[   17936ms] [WARNING] Failed to decode downloaded font: https://onvio.com.br/staff/SourceSans3-Regular.114f93b5f3b7d159.otf @ https://onvio.com.br/staff/#/dashboard-core-center:0
[   17936ms] [WARNING] OTS parsing error: bad table directory searchRange
bad table directory entrySelector
bad table directory rangeShift
Invalid table tag: 0x604241
 `BA: misaligned table @ https://onvio.com.br/staff/#/dashboard-core-center:0
[   17936ms] [WARNING] Failed to decode downloaded font: https://onvio.com.br/staff/SourceSans3-Regular.ab920762075b81fb.ttf @ https://onvio.com.br/staff/#/dashboard-core-center:0
[   17936ms] [WARNING] OTS parsing error: BASE: invalid table offset @ https://onvio.com.br/staff/#/dashboard-core-center:0
[   18041ms] [WARNING] Failed to decode downloaded font: https://onvio.com.br/staff/SourceSans3-Semibold.ab1a7c64afa2c57d.otf @ https://onvio.com.br/staff/#/dashboard-core-center:0
[   18041ms] [WARNING] OTS parsing error: bad table directory searchRange
bad table directory entrySelector
bad table directory rangeShift
Invalid table tag: 0x604241
 `BA: misaligned table @ https://onvio.com.br/staff/#/dashboard-core-center:0
[   18041ms] [WARNING] Failed to decode downloaded font: https://onvio.com.br/staff/SourceSans3-Semibold.ab1a7c64afa2c57d.otf @ https://onvio.com.br/staff/#/dashboard-core-center:0
[   18041ms] [WARNING] OTS parsing error: bad table directory searchRange
bad table directory entrySelector
bad table directory rangeShift
Invalid table tag: 0x604241
 `BA: misaligned table @ https://onvio.com.br/staff/#/dashboard-core-center:0
[   18042ms] [WARNING] Failed to decode downloaded font: https://onvio.com.br/staff/SourceSans3-Semibold.ab1a7c64afa2c57d.otf @ https://onvio.com.br/staff/#/dashboard-core-center:0
[   18042ms] [WARNING] OTS parsing error: bad table directory searchRange
bad table directory entrySelector
bad table directory rangeShift
Invalid table tag: 0x604241
 `BA: misaligned table @ https://onvio.com.br/staff/#/dashboard-core-center:0
[   18042ms] [WARNING] Failed to decode downloaded font: https://onvio.com.br/staff/SourceSans3-Semibold.ab1a7c64afa2c57d.otf @ https://onvio.com.br/staff/#/dashboard-core-center:0
[   18042ms] [WARNING] OTS parsing error: bad table directory searchRange
bad table directory entrySelector
bad table directory rangeShift
Invalid table tag: 0x604241
 `BA: misaligned table @ https://onvio.com.br/staff/#/dashboard-core-center:0
[   18042ms] [WARNING] Failed to decode downloaded font: https://onvio.com.br/staff/SourceSans3-Semibold.ab1a7c64afa2c57d.otf @ https://onvio.com.br/staff/#/dashboard-core-center:0
[   18042ms] [WARNING] OTS parsing error: bad table directory searchRange
bad table directory entrySelector
bad table directory rangeShift
Invalid table tag: 0x604241
 `BA: misaligned table @ https://onvio.com.br/staff/#/dashboard-core-center:0
[   18042ms] [WARNING] Failed to decode downloaded font: https://onvio.com.br/staff/SourceSans3-Semibold.ab1a7c64afa2c57d.otf @ https://onvio.com.br/staff/#/dashboard-core-center:0
[   18042ms] [WARNING] OTS parsing error: bad table directory searchRange
bad table directory entrySelector
bad table directory rangeShift
Invalid table tag: 0x604241
 `BA: misaligned table @ https://onvio.com.br/staff/#/dashboard-core-center:0
[   18042ms] [WARNING] Failed to decode downloaded font: https://onvio.com.br/staff/SourceSans3-Semibold.ab1a7c64afa2c57d.otf @ https://onvio.com.br/staff/#/dashboard-core-center:0
[   18042ms] [WARNING] OTS parsing error: bad table directory searchRange
bad table directory entrySelector
bad table directory rangeShift
Invalid table tag: 0x604241
 `BA: misaligned table @ https://onvio.com.br/staff/#/dashboard-core-center:0
[   18043ms] [WARNING] Failed to decode downloaded font: https://onvio.com.br/staff/SourceSans3-Semibold.ab1a7c64afa2c57d.otf @ https://onvio.com.br/staff/#/dashboard-core-center:0
[   18043ms] [WARNING] OTS parsing error: bad table directory searchRange
bad table directory entrySelector
bad table directory rangeShift
Invalid table tag: 0x604241
 `BA: misaligned table @ https://onvio.com.br/staff/#/dashboard-core-center:0
[   18043ms] [WARNING] Failed to decode downloaded font: https://onvio.com.br/staff/SourceSans3-Semibold.ab1a7c64afa2c57d.otf @ https://onvio.com.br/staff/#/dashboard-core-center:0
[   18043ms] [WARNING] OTS parsing error: bad table directory searchRange
bad table directory entrySelector
bad table directory rangeShift
Invalid table tag: 0x604241
 `BA: misaligned table @ https://onvio.com.br/staff/#/dashboard-core-center:0
[   18043ms] [WARNING] Failed to decode downloaded font: https://onvio.com.br/staff/SourceSans3-Semibold.ab1a7c64afa2c57d.otf @ https://onvio.com.br/staff/#/dashboard-core-center:0
[   18043ms] [WARNING] OTS parsing error: bad table directory searchRange
bad table directory entrySelector
bad table directory rangeShift
Invalid table tag: 0x604241
 `BA: misaligned table @ https://onvio.com.br/staff/#/dashboard-core-center:0
[   18043ms] [WARNING] Failed to decode downloaded font: https://onvio.com.br/staff/SourceSans3-Semibold.ab1a7c64afa2c57d.otf @ https://onvio.com.br/staff/#/dashboard-core-center:0
[   18043ms] [WARNING] OTS parsing error: bad table directory searchRange
bad table directory entrySelector
bad table directory rangeShift
Invalid table tag: 0x604241
 `BA: misaligned table @ https://onvio.com.br/staff/#/dashboard-core-center:0
[   18043ms] [WARNING] Failed to decode downloaded font: https://onvio.com.br/staff/SourceSans3-Semibold.ab1a7c64afa2c57d.otf @ https://onvio.com.br/staff/#/dashboard-core-center:0
[   18043ms] [WARNING] OTS parsing error: bad table directory searchRange
bad table directory entrySelector
bad table directory rangeShift
Invalid table tag: 0x604241
 `BA: misaligned table @ https://onvio.com.br/staff/#/dashboard-core-center:0
[   18043ms] [WARNING] Failed to decode downloaded font: https://onvio.com.br/staff/SourceSans3-Semibold.ab1a7c64afa2c57d.otf @ https://onvio.com.br/staff/#/dashboard-core-center:0
[   18043ms] [WARNING] OTS parsing error: bad table directory searchRange
bad table directory entrySelector
bad table directory rangeShift
Invalid table tag: 0x604241
 `BA: misaligned table @ https://onvio.com.br/staff/#/dashboard-core-center:0
[   18043ms] [WARNING] Failed to decode downloaded font: https://onvio.com.br/staff/SourceSans3-Semibold.ab1a7c64afa2c57d.otf @ https://onvio.com.br/staff/#/dashboard-core-center:0
[   18043ms] [WARNING] OTS parsing error: bad table directory searchRange
bad table directory entrySelector
bad table directory rangeShift
Invalid table tag: 0x604241
 `BA: misaligned table @ https://onvio.com.br/staff/#/dashboard-core-center:0
[   18044ms] [WARNING] Failed to decode downloaded font: https://onvio.com.br/staff/SourceSans3-Semibold.ab1a7c64afa2c57d.otf @ https://onvio.com.br/staff/#/dashboard-core-center:0
[   18044ms] [WARNING] OTS parsing error: bad table directory searchRange
bad table directory entrySelector
bad table directory rangeShift
Invalid table tag: 0x604241
 `BA: misaligned table @ https://onvio.com.br/staff/#/dashboard-core-center:0
[   18044ms] [WARNING] Failed to decode downloaded font: https://onvio.com.br/staff/SourceSans3-Semibold.ab1a7c64afa2c57d.otf @ https://onvio.com.br/staff/#/dashboard-core-center:0
[   18044ms] [WARNING] OTS parsing error: bad table directory searchRange
bad table directory entrySelector
bad table directory rangeShift
Invalid table tag: 0x604241
 `BA: misaligned table @ https://onvio.com.br/staff/#/dashboard-core-center:0
[   18044ms] [WARNING] Failed to decode downloaded font: https://onvio.com.br/staff/SourceSans3-Semibold.ab1a7c64afa2c57d.otf @ https://onvio.com.br/staff/#/dashboard-core-center:0
[   18044ms] [WARNING] OTS parsing error: bad table directory searchRange
bad table directory entrySelector
bad table directory rangeShift
Invalid table tag: 0x604241
 `BA: misaligned table @ https://onvio.com.br/staff/#/dashboard-core-center:0
[   18044ms] [WARNING] Failed to decode downloaded font: https://onvio.com.br/staff/SourceSans3-Semibold.ab1a7c64afa2c57d.otf @ https://onvio.com.br/staff/#/dashboard-core-center:0
[   18044ms] [WARNING] OTS parsing error: bad table directory searchRange
bad table directory entrySelector
bad table directory rangeShift
Invalid table tag: 0x604241
 `BA: misaligned table @ https://onvio.com.br/staff/#/dashboard-core-center:0
[   18044ms] [WARNING] Failed to decode downloaded font: https://onvio.com.br/staff/SourceSans3-Semibold.ab1a7c64afa2c57d.otf @ https://onvio.com.br/staff/#/dashboard-core-center:0
[   18045ms] [WARNING] OTS parsing error: bad table directory searchRange
bad table directory entrySelector
bad table directory rangeShift
Invalid table tag: 0x604241
 `BA: misaligned table @ https://onvio.com.br/staff/#/dashboard-core-center:0
[   18045ms] [WARNING] Failed to decode downloaded font: https://onvio.com.br/staff/SourceSans3-Semibold.ab1a7c64afa2c57d.otf @ https://onvio.com.br/staff/#/dashboard-core-center:0
[   18045ms] [WARNING] OTS parsing error: bad table directory searchRange
bad table directory entrySelector
bad table directory rangeShift
Invalid table tag: 0x604241
 `BA: misaligned table @ https://onvio.com.br/staff/#/dashboard-core-center:0
[   18045ms] [WARNING] Failed to decode downloaded font: https://onvio.com.br/staff/SourceSans3-Semibold.ab1a7c64afa2c57d.otf @ https://onvio.com.br/staff/#/dashboard-core-center:0
[   18045ms] [WARNING] OTS parsing error: bad table directory searchRange
bad table directory entrySelector
bad table directory rangeShift
Invalid table tag: 0x604241
 `BA: misaligned table @ https://onvio.com.br/staff/#/dashboard-core-center:0
[   18045ms] [WARNING] Failed to decode downloaded font: https://onvio.com.br/staff/SourceSans3-Semibold.ab1a7c64afa2c57d.otf @ https://onvio.com.br/staff/#/dashboard-core-center:0
[   18045ms] [WARNING] OTS parsing error: bad table directory searchRange
bad table directory entrySelector
bad table directory rangeShift
Invalid table tag: 0x604241
 `BA: misaligned table @ https://onvio.com.br/staff/#/dashboard-core-center:0
[   18045ms] [WARNING] Failed to decode downloaded font: https://onvio.com.br/staff/SourceSans3-Semibold.ab1a7c64afa2c57d.otf @ https://onvio.com.br/staff/#/dashboard-core-center:0
[   18045ms] [WARNING] OTS parsing error: bad table directory searchRange
bad table directory entrySelector
bad table directory rangeShift
Invalid table tag: 0x604241
 `BA: misaligned table @ https://onvio.com.br/staff/#/dashboard-core-center:0
[   18046ms] [WARNING] Failed to decode downloaded font: https://onvio.com.br/staff/SourceSans3-Semibold.ab1a7c64afa2c57d.otf @ https://onvio.com.br/staff/#/dashboard-core-center:0
[   18046ms] [WARNING] OTS parsing error: bad table directory searchRange
bad table directory entrySelector
bad table directory rangeShift
Invalid table tag: 0x604241
 `BA: misaligned table @ https://onvio.com.br/staff/#/dashboard-core-center:0
[   18046ms] [WARNING] Failed to decode downloaded font: https://onvio.com.br/staff/SourceSans3-Semibold.ab1a7c64afa2c57d.otf @ https://onvio.com.br/staff/#/dashboard-core-center:0
[   18046ms] [WARNING] OTS parsing error: bad table directory searchRange
bad table directory entrySelector
bad table directory rangeShift
Invalid table tag: 0x604241
 `BA: misaligned table @ https://onvio.com.br/staff/#/dashboard-core-center:0
[   18046ms] [WARNING] Failed to decode downloaded font: https://onvio.com.br/staff/SourceSans3-Semibold.ab1a7c64afa2c57d.otf @ https://onvio.com.br/staff/#/dashboard-core-center:0
[   18046ms] [WARNING] OTS parsing error: bad table directory searchRange
bad table directory entrySelector
bad table directory rangeShift
Invalid table tag: 0x604241
 `BA: misaligned table @ https://onvio.com.br/staff/#/dashboard-core-center:0
[   18046ms] [WARNING] Failed to decode downloaded font: https://onvio.com.br/staff/SourceSans3-Semibold.ab1a7c64afa2c57d.otf @ https://onvio.com.br/staff/#/dashboard-core-center:0
[   18046ms] [WARNING] OTS parsing error: bad table directory searchRange
bad table directory entrySelector
bad table directory rangeShift
Invalid table tag: 0x604241
 `BA: misaligned table @ https://onvio.com.br/staff/#/dashboard-core-center:0
[   18046ms] [WARNING] Failed to decode downloaded font: https://onvio.com.br/staff/SourceSans3-Semibold.ab1a7c64afa2c57d.otf @ https://onvio.com.br/staff/#/dashboard-core-center:0
[   18047ms] [WARNING] OTS parsing error: bad table directory searchRange
bad table directory entrySelector
bad table directory rangeShift
Invalid table tag: 0x604241
 `BA: misaligned table @ https://onvio.com.br/staff/#/dashboard-core-center:0
[   18047ms] [WARNING] Failed to decode downloaded font: https://onvio.com.br/staff/SourceSans3-Semibold.ab1a7c64afa2c57d.otf @ https://onvio.com.br/staff/#/dashboard-core-center:0
[   18047ms] [WARNING] OTS parsing error: bad table directory searchRange
bad table directory entrySelector
bad table directory rangeShift
Invalid table tag: 0x604241
 `BA: misaligned table @ https://onvio.com.br/staff/#/dashboard-core-center:0
[   18047ms] [WARNING] Failed to decode downloaded font: https://onvio.com.br/staff/SourceSans3-Semibold.ab1a7c64afa2c57d.otf @ https://onvio.com.br/staff/#/dashboard-core-center:0
[   18047ms] [WARNING] OTS parsing error: bad table directory searchRange
bad table directory entrySelector
bad table directory rangeShift
Invalid table tag: 0x604241
 `BA: misaligned table @ https://onvio.com.br/staff/#/dashboard-core-center:0
[   18047ms] [WARNING] Failed to decode downloaded font: https://onvio.com.br/staff/SourceSans3-Semibold.ab1a7c64afa2c57d.otf @ https://onvio.com.br/staff/#/dashboard-core-center:0
[   18047ms] [WARNING] OTS parsing error: bad table directory searchRange
bad table directory entrySelector
bad table directory rangeShift
Invalid table tag: 0x604241
 `BA: misaligned table @ https://onvio.com.br/staff/#/dashboard-core-center:0
[   18048ms] [WARNING] Failed to decode downloaded font: https://onvio.com.br/staff/SourceSans3-Semibold.ab1a7c64afa2c57d.otf @ https://onvio.com.br/staff/#/dashboard-core-center:0
[   18048ms] [WARNING] OTS parsing error: bad table directory searchRange
bad table directory entrySelector
bad table directory rangeShift
Invalid table tag: 0x604241
 `BA: misaligned table @ https://onvio.com.br/staff/#/dashboard-core-center:0
[   18048ms] [WARNING] Failed to decode downloaded font: https://onvio.com.br/staff/SourceSans3-Semibold.ab1a7c64afa2c57d.otf @ https://onvio.com.br/staff/#/dashboard-core-center:0
[   18048ms] [WARNING] OTS parsing error: bad table directory searchRange
bad table directory entrySelector
bad table directory rangeShift
Invalid table tag: 0x604241
 `BA: misaligned table @ https://onvio.com.br/staff/#/dashboard-core-center:0
[   18048ms] [WARNING] Failed to decode downloaded font: https://onvio.com.br/staff/SourceSans3-Semibold.ab1a7c64afa2c57d.otf @ https://onvio.com.br/staff/#/dashboard-core-center:0
[   18048ms] [WARNING] OTS parsing error: bad table directory searchRange
bad table directory entrySelector
bad table directory rangeShift
Invalid table tag: 0x604241
 `BA: misaligned table @ https://onvio.com.br/staff/#/dashboard-core-center:0
[   18048ms] [WARNING] Failed to decode downloaded font: https://onvio.com.br/staff/SourceSans3-Semibold.ab1a7c64afa2c57d.otf @ https://onvio.com.br/staff/#/dashboard-core-center:0
[   18048ms] [WARNING] OTS parsing error: bad table directory searchRange
bad table directory entrySelector
bad table directory rangeShift
Invalid table tag: 0x604241
 `BA: misaligned table @ https://onvio.com.br/staff/#/dashboard-core-center:0
[   18048ms] [WARNING] Failed to decode downloaded font: https://onvio.com.br/staff/SourceSans3-Semibold.ab1a7c64afa2c57d.otf @ https://onvio.com.br/staff/#/dashboard-core-center:0
[   18048ms] [WARNING] OTS parsing error: bad table directory searchRange
bad table directory entrySelector
bad table directory rangeShift
Invalid table tag: 0x604241
 `BA: misaligned table @ https://onvio.com.br/staff/#/dashboard-core-center:0
[   18049ms] [WARNING] Failed to decode downloaded font: https://onvio.com.br/staff/SourceSans3-Semibold.ab1a7c64afa2c57d.otf @ https://onvio.com.br/staff/#/dashboard-core-center:0
[   18049ms] [WARNING] OTS parsing error: bad table directory searchRange
bad table directory entrySelector
bad table directory rangeShift
Invalid table tag: 0x604241
 `BA: misaligned table @ https://onvio.com.br/staff/#/dashboard-core-center:0
[   18049ms] [WARNING] Failed to decode downloaded font: https://onvio.com.br/staff/SourceSans3-Semibold.ab1a7c64afa2c57d.otf @ https://onvio.com.br/staff/#/dashboard-core-center:0
[   18049ms] [WARNING] OTS parsing error: bad table directory searchRange
bad table directory entrySelector
bad table directory rangeShift
Invalid table tag: 0x604241
 `BA: misaligned table @ https://onvio.com.br/staff/#/dashboard-core-center:0
[   18049ms] [WARNING] Failed to decode downloaded font: https://onvio.com.br/staff/SourceSans3-Semibold.ab1a7c64afa2c57d.otf @ https://onvio.com.br/staff/#/dashboard-core-center:0
[   18049ms] [WARNING] OTS parsing error: bad table directory searchRange
bad table directory entrySelector
bad table directory rangeShift
Invalid table tag: 0x604241
 `BA: misaligned table @ https://onvio.com.br/staff/#/dashboard-core-center:0
[   18049ms] [WARNING] Failed to decode downloaded font: https://onvio.com.br/staff/SourceSans3-Semibold.ab1a7c64afa2c57d.otf @ https://onvio.com.br/staff/#/dashboard-core-center:0
[   18049ms] [WARNING] OTS parsing error: bad table directory searchRange
bad table directory entrySelector
bad table directory rangeShift
Invalid table tag: 0x604241
 `BA: misaligned table @ https://onvio.com.br/staff/#/dashboard-core-center:0
[   18049ms] [WARNING] Failed to decode downloaded font: https://onvio.com.br/staff/SourceSans3-Semibold.ab1a7c64afa2c57d.otf @ https://onvio.com.br/staff/#/dashboard-core-center:0
[   18049ms] [WARNING] OTS parsing error: bad table directory searchRange
bad table directory entrySelector
bad table directory rangeShift
Invalid table tag: 0x604241
 `BA: misaligned table @ https://onvio.com.br/staff/#/dashboard-core-center:0
[   18049ms] [WARNING] Failed to decode downloaded font: https://onvio.com.br/staff/SourceSans3-Semibold.ab1a7c64afa2c57d.otf @ https://onvio.com.br/staff/#/dashboard-core-center:0
[   18049ms] [WARNING] OTS parsing error: bad table directory searchRange
bad table directory entrySelector
bad table directory rangeShift
Invalid table tag: 0x604241
 `BA: misaligned table @ https://onvio.com.br/staff/#/dashboard-core-center:0
[   18049ms] [WARNING] Failed to decode downloaded font: https://onvio.com.br/staff/SourceSans3-Semibold.ab1a7c64afa2c57d.otf @ https://onvio.com.br/staff/#/dashboard-core-center:0
[   18049ms] [WARNING] OTS parsing error: bad table directory searchRange
bad table directory entrySelector
bad table directory rangeShift
Invalid table tag: 0x604241
 `BA: misaligned table @ https://onvio.com.br/staff/#/dashboard-core-center:0
[   18050ms] [WARNING] Failed to decode downloaded font: https://onvio.com.br/staff/SourceSans3-Semibold.ab1a7c64afa2c57d.otf @ https://onvio.com.br/staff/#/dashboard-core-center:0
[   18050ms] [WARNING] OTS parsing error: bad table directory searchRange
bad table directory entrySelector
bad table directory rangeShift
Invalid table tag: 0x604241
 `BA: misaligned table @ https://onvio.com.br/staff/#/dashboard-core-center:0
[   18050ms] [WARNING] Failed to decode downloaded font: https://onvio.com.br/staff/SourceSans3-Semibold.ab1a7c64afa2c57d.otf @ https://onvio.com.br/staff/#/dashboard-core-center:0
[   18050ms] [WARNING] OTS parsing error: bad table directory searchRange
bad table directory entrySelector
bad table directory rangeShift
Invalid table tag: 0x604241
 `BA: misaligned table @ https://onvio.com.br/staff/#/dashboard-core-center:0
[   18050ms] [WARNING] Failed to decode downloaded font: https://onvio.com.br/staff/SourceSans3-Semibold.ab1a7c64afa2c57d.otf @ https://onvio.com.br/staff/#/dashboard-core-center:0
[   18050ms] [WARNING] OTS parsing error: bad table directory searchRange
bad table directory entrySelector
bad table directory rangeShift
Invalid table tag: 0x604241
 `BA: misaligned table @ https://onvio.com.br/staff/#/dashboard-core-center:0
[   18050ms] [WARNING] Failed to decode downloaded font: https://onvio.com.br/staff/SourceSans3-Semibold.ab1a7c64afa2c57d.otf @ https://onvio.com.br/staff/#/dashboard-core-center:0
[   18050ms] [WARNING] OTS parsing error: bad table directory searchRange
bad table directory entrySelector
bad table directory rangeShift
Invalid table tag: 0x604241
 `BA: misaligned table @ https://onvio.com.br/staff/#/dashboard-core-center:0
[   18050ms] [WARNING] Failed to decode downloaded font: https://onvio.com.br/staff/SourceSans3-Semibold.ab1a7c64afa2c57d.otf @ https://onvio.com.br/staff/#/dashboard-core-center:0
[   18051ms] [WARNING] OTS parsing error: bad table directory searchRange
bad table directory entrySelector
bad table directory rangeShift
Invalid table tag: 0x604241
 `BA: misaligned table @ https://onvio.com.br/staff/#/dashboard-core-center:0
[   18051ms] [WARNING] Failed to decode downloaded font: https://onvio.com.br/staff/SourceSans3-Semibold.ab1a7c64afa2c57d.otf @ https://onvio.com.br/staff/#/dashboard-core-center:0
[   18051ms] [WARNING] OTS parsing error: bad table directory searchRange
bad table directory entrySelector
bad table directory rangeShift
Invalid table tag: 0x604241
 `BA: misaligned table @ https://onvio.com.br/staff/#/dashboard-core-center:0
[   18051ms] [WARNING] Failed to decode downloaded font: https://onvio.com.br/staff/SourceSans3-Semibold.ab1a7c64afa2c57d.otf @ https://onvio.com.br/staff/#/dashboard-core-center:0
[   18051ms] [WARNING] OTS parsing error: bad table directory searchRange
bad table directory entrySelector
bad table directory rangeShift
Invalid table tag: 0x604241
 `BA: misaligned table @ https://onvio.com.br/staff/#/dashboard-core-center:0
[   18051ms] [WARNING] Failed to decode downloaded font: https://onvio.com.br/staff/SourceSans3-Semibold.ab1a7c64afa2c57d.otf @ https://onvio.com.br/staff/#/dashboard-core-center:0
[   18051ms] [WARNING] OTS parsing error: bad table directory searchRange
bad table directory entrySelector
bad table directory rangeShift
Invalid table tag: 0x604241
 `BA: misaligned table @ https://onvio.com.br/staff/#/dashboard-core-center:0
[   18051ms] [WARNING] Failed to decode downloaded font: https://onvio.com.br/staff/SourceSans3-Semibold.ab1a7c64afa2c57d.otf @ https://onvio.com.br/staff/#/dashboard-core-center:0
[   18051ms] [WARNING] OTS parsing error: bad table directory searchRange
bad table directory entrySelector
bad table directory rangeShift
Invalid table tag: 0x604241
 `BA: misaligned table @ https://onvio.com.br/staff/#/dashboard-core-center:0
[   18051ms] [WARNING] Failed to decode downloaded font: https://onvio.com.br/staff/SourceSans3-Semibold.ab1a7c64afa2c57d.otf @ https://onvio.com.br/staff/#/dashboard-core-center:0
[   18051ms] [WARNING] OTS parsing error: bad table directory searchRange
bad table directory entrySelector
bad table directory rangeShift
Invalid table tag: 0x604241
 `BA: misaligned table @ https://onvio.com.br/staff/#/dashboard-core-center:0
[   18051ms] [WARNING] Failed to decode downloaded font: https://onvio.com.br/staff/SourceSans3-Semibold.ab1a7c64afa2c57d.otf @ https://onvio.com.br/staff/#/dashboard-core-center:0
[   18051ms] [WARNING] OTS parsing error: bad table directory searchRange
bad table directory entrySelector
bad table directory rangeShift
Invalid table tag: 0x604241
 `BA: misaligned table @ https://onvio.com.br/staff/#/dashboard-core-center:0
[   18051ms] [WARNING] Failed to decode downloaded font: https://onvio.com.br/staff/SourceSans3-Semibold.ab1a7c64afa2c57d.otf @ https://onvio.com.br/staff/#/dashboard-core-center:0
[   18052ms] [WARNING] OTS parsing error: bad table directory searchRange
bad table directory entrySelector
bad table directory rangeShift
Invalid table tag: 0x604241
 `BA: misaligned table @ https://onvio.com.br/staff/#/dashboard-core-center:0
[   18052ms] [WARNING] Failed to decode downloaded font: https://onvio.com.br/staff/SourceSans3-Semibold.ab1a7c64afa2c57d.otf @ https://onvio.com.br/staff/#/dashboard-core-center:0
[   18052ms] [WARNING] OTS parsing error: bad table directory searchRange
bad table directory entrySelector
bad table directory rangeShift
Invalid table tag: 0x604241
 `BA: misaligned table @ https://onvio.com.br/staff/#/dashboard-core-center:0
[   18052ms] [WARNING] Failed to decode downloaded font: https://onvio.com.br/staff/SourceSans3-Semibold.ab1a7c64afa2c57d.otf @ https://onvio.com.br/staff/#/dashboard-core-center:0
[   18052ms] [WARNING] OTS parsing error: bad table directory searchRange
bad table directory entrySelector
bad table directory rangeShift
Invalid table tag: 0x604241
 `BA: misaligned table @ https://onvio.com.br/staff/#/dashboard-core-center:0
[   18052ms] [WARNING] Failed to decode downloaded font: https://onvio.com.br/staff/SourceSans3-Semibold.ab1a7c64afa2c57d.otf @ https://onvio.com.br/staff/#/dashboard-core-center:0
[   18052ms] [WARNING] OTS parsing error: bad table directory searchRange
bad table directory entrySelector
bad table directory rangeShift
Invalid table tag: 0x604241
 `BA: misaligned table @ https://onvio.com.br/staff/#/dashboard-core-center:0
[   18052ms] [WARNING] Failed to decode downloaded font: https://onvio.com.br/staff/SourceSans3-Semibold.ab1a7c64afa2c57d.otf @ https://onvio.com.br/staff/#/dashboard-core-center:0
[   18052ms] [WARNING] OTS parsing error: bad table directory searchRange
bad table directory entrySelector
bad table directory rangeShift
Invalid table tag: 0x604241
 `BA: misaligned table @ https://onvio.com.br/staff/#/dashboard-core-center:0
[   18052ms] [WARNING] Failed to decode downloaded font: https://onvio.com.br/staff/SourceSans3-Semibold.ab1a7c64afa2c57d.otf @ https://onvio.com.br/staff/#/dashboard-core-center:0
[   18052ms] [WARNING] OTS parsing error: bad table directory searchRange
bad table directory entrySelector
bad table directory rangeShift
Invalid table tag: 0x604241
 `BA: misaligned table @ https://onvio.com.br/staff/#/dashboard-core-center:0
[   18052ms] [WARNING] Failed to decode downloaded font: https://onvio.com.br/staff/SourceSans3-Semibold.ab1a7c64afa2c57d.otf @ https://onvio.com.br/staff/#/dashboard-core-center:0
[   18052ms] [WARNING] OTS parsing error: bad table directory searchRange
bad table directory entrySelector
bad table directory rangeShift
Invalid table tag: 0x604241
 `BA: misaligned table @ https://onvio.com.br/staff/#/dashboard-core-center:0
[   18053ms] [WARNING] Failed to decode downloaded font: https://onvio.com.br/staff/SourceSans3-Semibold.ab1a7c64afa2c57d.otf @ https://onvio.com.br/staff/#/dashboard-core-center:0
[   18053ms] [WARNING] OTS parsing error: bad table directory searchRange
bad table directory entrySelector
bad table directory rangeShift
Invalid table tag: 0x604241
 `BA: misaligned table @ https://onvio.com.br/staff/#/dashboard-core-center:0
[   18053ms] [WARNING] Failed to decode downloaded font: https://onvio.com.br/staff/SourceSans3-Semibold.ab1a7c64afa2c57d.otf @ https://onvio.com.br/staff/#/dashboard-core-center:0
[   18053ms] [WARNING] OTS parsing error: bad table directory searchRange
bad table directory entrySelector
bad table directory rangeShift
Invalid table tag: 0x604241
 `BA: misaligned table @ https://onvio.com.br/staff/#/dashboard-core-center:0
[   18053ms] [WARNING] Failed to decode downloaded font: https://onvio.com.br/staff/SourceSans3-Semibold.ab1a7c64afa2c57d.otf @ https://onvio.com.br/staff/#/dashboard-core-center:0
[   18053ms] [WARNING] OTS parsing error: bad table directory searchRange
bad table directory entrySelector
bad table directory rangeShift
Invalid table tag: 0x604241
 `BA: misaligned table @ https://onvio.com.br/staff/#/dashboard-core-center:0
[   18053ms] [WARNING] Failed to decode downloaded font: https://onvio.com.br/staff/SourceSans3-Semibold.ab1a7c64afa2c57d.otf @ https://onvio.com.br/staff/#/dashboard-core-center:0
[   18053ms] [WARNING] OTS parsing error: bad table directory searchRange
bad table directory entrySelector
bad table directory rangeShift
Invalid table tag: 0x604241
 `BA: misaligned table @ https://onvio.com.br/staff/#/dashboard-core-center:0
[   18053ms] [WARNING] Failed to decode downloaded font: https://onvio.com.br/staff/SourceSans3-Semibold.ab1a7c64afa2c57d.otf @ https://onvio.com.br/staff/#/dashboard-core-center:0
[   18053ms] [WARNING] OTS parsing error: bad table directory searchRange
bad table directory entrySelector
bad table directory rangeShift
Invalid table tag: 0x604241
 `BA: misaligned table @ https://onvio.com.br/staff/#/dashboard-core-center:0
[   18053ms] [WARNING] Failed to decode downloaded font: https://onvio.com.br/staff/SourceSans3-Semibold.ab1a7c64afa2c57d.otf @ https://onvio.com.br/staff/#/dashboard-core-center:0
[   18053ms] [WARNING] OTS parsing error: bad table directory searchRange
bad table directory entrySelector
bad table directory rangeShift
Invalid table tag: 0x604241
 `BA: misaligned table @ https://onvio.com.br/staff/#/dashboard-core-center:0
[   18053ms] [WARNING] Failed to decode downloaded font: https://onvio.com.br/staff/SourceSans3-Semibold.ab1a7c64afa2c57d.otf @ https://onvio.com.br/staff/#/dashboard-core-center:0
[   18053ms] [WARNING] OTS parsing error: bad table directory searchRange
bad table directory entrySelector
bad table directory rangeShift
Invalid table tag: 0x604241
 `BA: misaligned table @ https://onvio.com.br/staff/#/dashboard-core-center:0
[   18054ms] [WARNING] Failed to decode downloaded font: https://onvio.com.br/staff/SourceSans3-Semibold.ab1a7c64afa2c57d.otf @ https://onvio.com.br/staff/#/dashboard-core-center:0
[   18054ms] [WARNING] OTS parsing error: bad table directory searchRange
bad table directory entrySelector
bad table directory rangeShift
Invalid table tag: 0x604241
 `BA: misaligned table @ https://onvio.com.br/staff/#/dashboard-core-center:0
[   18054ms] [WARNING] Failed to decode downloaded font: https://onvio.com.br/staff/SourceSans3-Semibold.ab1a7c64afa2c57d.otf @ https://onvio.com.br/staff/#/dashboard-core-center:0
[   18054ms] [WARNING] OTS parsing error: bad table directory searchRange
bad table directory entrySelector
bad table directory rangeShift
Invalid table tag: 0x604241
 `BA: misaligned table @ https://onvio.com.br/staff/#/dashboard-core-center:0
[   18054ms] [WARNING] Failed to decode downloaded font: https://onvio.com.br/staff/SourceSans3-Semibold.ab1a7c64afa2c57d.otf @ https://onvio.com.br/staff/#/dashboard-core-center:0
[   18054ms] [WARNING] OTS parsing error: bad table directory searchRange
bad table directory entrySelector
bad table directory rangeShift
Invalid table tag: 0x604241
 `BA: misaligned table @ https://onvio.com.br/staff/#/dashboard-core-center:0
[   18054ms] [WARNING] Failed to decode downloaded font: https://onvio.com.br/staff/SourceSans3-Semibold.ab1a7c64afa2c57d.otf @ https://onvio.com.br/staff/#/dashboard-core-center:0
[   18054ms] [WARNING] OTS parsing error: bad table directory searchRange
bad table directory entrySelector
bad table directory rangeShift
Invalid table tag: 0x604241
 `BA: misaligned table @ https://onvio.com.br/staff/#/dashboard-core-center:0
[   18189ms] [WARNING] Failed to decode downloaded font: https://onvio.com.br/staff/SourceSans3-Semibold.f96562e63795e92e.ttf @ https://onvio.com.br/staff/#/dashboard-core-center:0
[   18189ms] [WARNING] OTS parsing error: BASE: invalid table offset @ https://onvio.com.br/staff/#/dashboard-core-center:0
[   18190ms] [WARNING] Failed to decode downloaded font: https://onvio.com.br/staff/SourceSans3-Semibold.f96562e63795e92e.ttf @ https://onvio.com.br/staff/#/dashboard-core-center:0
[   18190ms] [WARNING] OTS parsing error: BASE: invalid table offset @ https://onvio.com.br/staff/#/dashboard-core-center:0
[   18190ms] [WARNING] Failed to decode downloaded font: https://onvio.com.br/staff/SourceSans3-Semibold.f96562e63795e92e.ttf @ https://onvio.com.br/staff/#/dashboard-core-center:0
[   18190ms] [WARNING] OTS parsing error: BASE: invalid table offset @ https://onvio.com.br/staff/#/dashboard-core-center:0
[   18190ms] [WARNING] Failed to decode downloaded font: https://onvio.com.br/staff/SourceSans3-Semibold.f96562e63795e92e.ttf @ https://onvio.com.br/staff/#/dashboard-core-center:0
[   18190ms] [WARNING] OTS parsing error: BASE: invalid table offset @ https://onvio.com.br/staff/#/dashboard-core-center:0
[   18191ms] [WARNING] Failed to decode downloaded font: https://onvio.com.br/staff/SourceSans3-Semibold.f96562e63795e92e.ttf @ https://onvio.com.br/staff/#/dashboard-core-center:0
[   18191ms] [WARNING] OTS parsing error: BASE: invalid table offset @ https://onvio.com.br/staff/#/dashboard-core-center:0
[   18191ms] [WARNING] Failed to decode downloaded font: https://onvio.com.br/staff/SourceSans3-Semibold.f96562e63795e92e.ttf @ https://onvio.com.br/staff/#/dashboard-core-center:0
[   18191ms] [WARNING] OTS parsing error: BASE: invalid table offset @ https://onvio.com.br/staff/#/dashboard-core-center:0
[   18191ms] [WARNING] Failed to decode downloaded font: https://onvio.com.br/staff/SourceSans3-Semibold.f96562e63795e92e.ttf @ https://onvio.com.br/staff/#/dashboard-core-center:0
[   18191ms] [WARNING] OTS parsing error: BASE: invalid table offset @ https://onvio.com.br/staff/#/dashboard-core-center:0
[   18192ms] [WARNING] Failed to decode downloaded font: https://onvio.com.br/staff/SourceSans3-Semibold.f96562e63795e92e.ttf @ https://onvio.com.br/staff/#/dashboard-core-center:0
[   18192ms] [WARNING] OTS parsing error: BASE: invalid table offset @ https://onvio.com.br/staff/#/dashboard-core-center:0
[   18192ms] [WARNING] Failed to decode downloaded font: https://onvio.com.br/staff/SourceSans3-Semibold.f96562e63795e92e.ttf @ https://onvio.com.br/staff/#/dashboard-core-center:0
[   18192ms] [WARNING] OTS parsing error: BASE: invalid table offset @ https://onvio.com.br/staff/#/dashboard-core-center:0
[   18192ms] [WARNING] Failed to decode downloaded font: https://onvio.com.br/staff/SourceSans3-Semibold.f96562e63795e92e.ttf @ https://onvio.com.br/staff/#/dashboard-core-center:0
[   18192ms] [WARNING] OTS parsing error: BASE: invalid table offset @ https://onvio.com.br/staff/#/dashboard-core-center:0
[   18192ms] [WARNING] Failed to decode downloaded font: https://onvio.com.br/staff/SourceSans3-Semibold.f96562e63795e92e.ttf @ https://onvio.com.br/staff/#/dashboard-core-center:0
[   18192ms] [WARNING] OTS parsing error: BASE: invalid table offset @ https://onvio.com.br/staff/#/dashboard-core-center:0
[   18192ms] [WARNING] Failed to decode downloaded font: https://onvio.com.br/staff/SourceSans3-Semibold.f96562e63795e92e.ttf @ https://onvio.com.br/staff/#/dashboard-core-center:0
[   18193ms] [WARNING] OTS parsing error: BASE: invalid table offset @ https://onvio.com.br/staff/#/dashboard-core-center:0
[   18193ms] [WARNING] Failed to decode downloaded font: https://onvio.com.br/staff/SourceSans3-Semibold.f96562e63795e92e.ttf @ https://onvio.com.br/staff/#/dashboard-core-center:0
[   18193ms] [WARNING] OTS parsing error: BASE: invalid table offset @ https://onvio.com.br/staff/#/dashboard-core-center:0
[   18193ms] [WARNING] Failed to decode downloaded font: https://onvio.com.br/staff/SourceSans3-Semibold.f96562e63795e92e.ttf @ https://onvio.com.br/staff/#/dashboard-core-center:0
[   18193ms] [WARNING] OTS parsing error: BASE: invalid table offset @ https://onvio.com.br/staff/#/dashboard-core-center:0
[   18193ms] [WARNING] Failed to decode downloaded font: https://onvio.com.br/staff/SourceSans3-Semibold.f96562e63795e92e.ttf @ https://onvio.com.br/staff/#/dashboard-core-center:0
[   18193ms] [WARNING] OTS parsing error: BASE: invalid table offset @ https://onvio.com.br/staff/#/dashboard-core-center:0
[   18193ms] [WARNING] Failed to decode downloaded font: https://onvio.com.br/staff/SourceSans3-Semibold.f96562e63795e92e.ttf @ https://onvio.com.br/staff/#/dashboard-core-center:0
[   18193ms] [WARNING] OTS parsing error: BASE: invalid table offset @ https://onvio.com.br/staff/#/dashboard-core-center:0
[   18193ms] [WARNING] Failed to decode downloaded font: https://onvio.com.br/staff/SourceSans3-Semibold.f96562e63795e92e.ttf @ https://onvio.com.br/staff/#/dashboard-core-center:0
[   18194ms] [WARNING] OTS parsing error: BASE: invalid table offset @ https://onvio.com.br/staff/#/dashboard-core-center:0
[   18194ms] [WARNING] Failed to decode downloaded font: https://onvio.com.br/staff/SourceSans3-Semibold.f96562e63795e92e.ttf @ https://onvio.com.br/staff/#/dashboard-core-center:0
[   18194ms] [WARNING] OTS parsing error: BASE: invalid table offset @ https://onvio.com.br/staff/#/dashboard-core-center:0
[   18194ms] [WARNING] Failed to decode downloaded font: https://onvio.com.br/staff/SourceSans3-Semibold.f96562e63795e92e.ttf @ https://onvio.com.br/staff/#/dashboard-core-center:0
[   18194ms] [WARNING] OTS parsing error: BASE: invalid table offset @ https://onvio.com.br/staff/#/dashboard-core-center:0
[   18195ms] [WARNING] Failed to decode downloaded font: https://onvio.com.br/staff/SourceSans3-Semibold.f96562e63795e92e.ttf @ https://onvio.com.br/staff/#/dashboard-core-center:0
[   18195ms] [WARNING] OTS parsing error: BASE: invalid table offset @ https://onvio.com.br/staff/#/dashboard-core-center:0
[   18195ms] [WARNING] Failed to decode downloaded font: https://onvio.com.br/staff/SourceSans3-Semibold.f96562e63795e92e.ttf @ https://onvio.com.br/staff/#/dashboard-core-center:0
[   18195ms] [WARNING] OTS parsing error: BASE: invalid table offset @ https://onvio.com.br/staff/#/dashboard-core-center:0
[   18195ms] [WARNING] Failed to decode downloaded font: https://onvio.com.br/staff/SourceSans3-Semibold.f96562e63795e92e.ttf @ https://onvio.com.br/staff/#/dashboard-core-center:0
[   18195ms] [WARNING] OTS parsing error: BASE: invalid table offset @ https://onvio.com.br/staff/#/dashboard-core-center:0
[   18195ms] [WARNING] Failed to decode downloaded font: https://onvio.com.br/staff/SourceSans3-Semibold.f96562e63795e92e.ttf @ https://onvio.com.br/staff/#/dashboard-core-center:0
[   18195ms] [WARNING] OTS parsing error: BASE: invalid table offset @ https://onvio.com.br/staff/#/dashboard-core-center:0
[   18195ms] [WARNING] Failed to decode downloaded font: https://onvio.com.br/staff/SourceSans3-Semibold.f96562e63795e92e.ttf @ https://onvio.com.br/staff/#/dashboard-core-center:0
[   18195ms] [WARNING] OTS parsing error: BASE: invalid table offset @ https://onvio.com.br/staff/#/dashboard-core-center:0
[   18195ms] [WARNING] Failed to decode downloaded font: https://onvio.com.br/staff/SourceSans3-Semibold.f96562e63795e92e.ttf @ https://onvio.com.br/staff/#/dashboard-core-center:0
[   18195ms] [WARNING] OTS parsing error: BASE: invalid table offset @ https://onvio.com.br/staff/#/dashboard-core-center:0
[   18195ms] [WARNING] Failed to decode downloaded font: https://onvio.com.br/staff/SourceSans3-Semibold.f96562e63795e92e.ttf @ https://onvio.com.br/staff/#/dashboard-core-center:0
[   18195ms] [WARNING] OTS parsing error: BASE: invalid table offset @ https://onvio.com.br/staff/#/dashboard-core-center:0
[   18195ms] [WARNING] Failed to decode downloaded font: https://onvio.com.br/staff/SourceSans3-Semibold.f96562e63795e92e.ttf @ https://onvio.com.br/staff/#/dashboard-core-center:0
[   18195ms] [WARNING] OTS parsing error: BASE: invalid table offset @ https://onvio.com.br/staff/#/dashboard-core-center:0
[   18196ms] [WARNING] Failed to decode downloaded font: https://onvio.com.br/staff/SourceSans3-Semibold.f96562e63795e92e.ttf @ https://onvio.com.br/staff/#/dashboard-core-center:0
[   18196ms] [WARNING] OTS parsing error: BASE: invalid table offset @ https://onvio.com.br/staff/#/dashboard-core-center:0
[   18196ms] [WARNING] Failed to decode downloaded font: https://onvio.com.br/staff/SourceSans3-Semibold.f96562e63795e92e.ttf @ https://onvio.com.br/staff/#/dashboard-core-center:0
[   18196ms] [WARNING] OTS parsing error: BASE: invalid table offset @ https://onvio.com.br/staff/#/dashboard-core-center:0
[   18196ms] [WARNING] Failed to decode downloaded font: https://onvio.com.br/staff/SourceSans3-Semibold.f96562e63795e92e.ttf @ https://onvio.com.br/staff/#/dashboard-core-center:0
[   18196ms] [WARNING] OTS parsing error: BASE: invalid table offset @ https://onvio.com.br/staff/#/dashboard-core-center:0
[   18196ms] [WARNING] Failed to decode downloaded font: https://onvio.com.br/staff/SourceSans3-Semibold.f96562e63795e92e.ttf @ https://onvio.com.br/staff/#/dashboard-core-center:0
[   18196ms] [WARNING] OTS parsing error: BASE: invalid table offset @ https://onvio.com.br/staff/#/dashboard-core-center:0
[   18196ms] [WARNING] Failed to decode downloaded font: https://onvio.com.br/staff/SourceSans3-Semibold.f96562e63795e92e.ttf @ https://onvio.com.br/staff/#/dashboard-core-center:0
[   18196ms] [WARNING] OTS parsing error: BASE: invalid table offset @ https://onvio.com.br/staff/#/dashboard-core-center:0
[   18196ms] [WARNING] Failed to decode downloaded font: https://onvio.com.br/staff/SourceSans3-Semibold.f96562e63795e92e.ttf @ https://onvio.com.br/staff/#/dashboard-core-center:0
[   18196ms] [WARNING] OTS parsing error: BASE: invalid table offset @ https://onvio.com.br/staff/#/dashboard-core-center:0
[   18196ms] [WARNING] Failed to decode downloaded font: https://onvio.com.br/staff/SourceSans3-Semibold.f96562e63795e92e.ttf @ https://onvio.com.br/staff/#/dashboard-core-center:0
[   18196ms] [WARNING] OTS parsing error: BASE: invalid table offset @ https://onvio.com.br/staff/#/dashboard-core-center:0
[   18196ms] [WARNING] Failed to decode downloaded font: https://onvio.com.br/staff/SourceSans3-Semibold.f96562e63795e92e.ttf @ https://onvio.com.br/staff/#/dashboard-core-center:0
[   18196ms] [WARNING] OTS parsing error: BASE: invalid table offset @ https://onvio.com.br/staff/#/dashboard-core-center:0
[   18197ms] [WARNING] Failed to decode downloaded font: https://onvio.com.br/staff/SourceSans3-Semibold.f96562e63795e92e.ttf @ https://onvio.com.br/staff/#/dashboard-core-center:0
[   18197ms] [WARNING] OTS parsing error: BASE: invalid table offset @ https://onvio.com.br/staff/#/dashboard-core-center:0
[   18197ms] [WARNING] Failed to decode downloaded font: https://onvio.com.br/staff/SourceSans3-Semibold.f96562e63795e92e.ttf @ https://onvio.com.br/staff/#/dashboard-core-center:0
[   18197ms] [WARNING] OTS parsing error: BASE: invalid table offset @ https://onvio.com.br/staff/#/dashboard-core-center:0
[   18197ms] [WARNING] Failed to decode downloaded font: https://onvio.com.br/staff/SourceSans3-Semibold.f96562e63795e92e.ttf @ https://onvio.com.br/staff/#/dashboard-core-center:0
[   18198ms] [WARNING] OTS parsing error: BASE: invalid table offset @ https://onvio.com.br/staff/#/dashboard-core-center:0
[   18198ms] [WARNING] Failed to decode downloaded font: https://onvio.com.br/staff/SourceSans3-Semibold.f96562e63795e92e.ttf @ https://onvio.com.br/staff/#/dashboard-core-center:0
[   18198ms] [WARNING] OTS parsing error: BASE: invalid table offset @ https://onvio.com.br/staff/#/dashboard-core-center:0
[   18198ms] [WARNING] Failed to decode downloaded font: https://onvio.com.br/staff/SourceSans3-Semibold.f96562e63795e92e.ttf @ https://onvio.com.br/staff/#/dashboard-core-center:0
[   18198ms] [WARNING] OTS parsing error: BASE: invalid table offset @ https://onvio.com.br/staff/#/dashboard-core-center:0
[   18198ms] [WARNING] Failed to decode downloaded font: https://onvio.com.br/staff/SourceSans3-Semibold.f96562e63795e92e.ttf @ https://onvio.com.br/staff/#/dashboard-core-center:0
[   18198ms] [WARNING] OTS parsing error: BASE: invalid table offset @ https://onvio.com.br/staff/#/dashboard-core-center:0
[   18198ms] [WARNING] Failed to decode downloaded font: https://onvio.com.br/staff/SourceSans3-Semibold.f96562e63795e92e.ttf @ https://onvio.com.br/staff/#/dashboard-core-center:0
[   18199ms] [WARNING] OTS parsing error: BASE: invalid table offset @ https://onvio.com.br/staff/#/dashboard-core-center:0
[   18199ms] [WARNING] Failed to decode downloaded font: https://onvio.com.br/staff/SourceSans3-Semibold.f96562e63795e92e.ttf @ https://onvio.com.br/staff/#/dashboard-core-center:0
[   18199ms] [WARNING] OTS parsing error: BASE: invalid table offset @ https://onvio.com.br/staff/#/dashboard-core-center:0
[   18199ms] [WARNING] Failed to decode downloaded font: https://onvio.com.br/staff/SourceSans3-Semibold.f96562e63795e92e.ttf @ https://onvio.com.br/staff/#/dashboard-core-center:0
[   18199ms] [WARNING] OTS parsing error: BASE: invalid table offset @ https://onvio.com.br/staff/#/dashboard-core-center:0
[   18199ms] [WARNING] Failed to decode downloaded font: https://onvio.com.br/staff/SourceSans3-Semibold.f96562e63795e92e.ttf @ https://onvio.com.br/staff/#/dashboard-core-center:0
[   18199ms] [WARNING] OTS parsing error: BASE: invalid table offset @ https://onvio.com.br/staff/#/dashboard-core-center:0
[   18199ms] [WARNING] Failed to decode downloaded font: https://onvio.com.br/staff/SourceSans3-Semibold.f96562e63795e92e.ttf @ https://onvio.com.br/staff/#/dashboard-core-center:0
[   18199ms] [WARNING] OTS parsing error: BASE: invalid table offset @ https://onvio.com.br/staff/#/dashboard-core-center:0
[   18199ms] [WARNING] Failed to decode downloaded font: https://onvio.com.br/staff/SourceSans3-Semibold.f96562e63795e92e.ttf @ https://onvio.com.br/staff/#/dashboard-core-center:0
[   18199ms] [WARNING] OTS parsing error: BASE: invalid table offset @ https://onvio.com.br/staff/#/dashboard-core-center:0
[   18199ms] [WARNING] Failed to decode downloaded font: https://onvio.com.br/staff/SourceSans3-Semibold.f96562e63795e92e.ttf @ https://onvio.com.br/staff/#/dashboard-core-center:0
[   18200ms] [WARNING] OTS parsing error: BASE: invalid table offset @ https://onvio.com.br/staff/#/dashboard-core-center:0
[   18200ms] [WARNING] Failed to decode downloaded font: https://onvio.com.br/staff/SourceSans3-Semibold.f96562e63795e92e.ttf @ https://onvio.com.br/staff/#/dashboard-core-center:0
[   18200ms] [WARNING] OTS parsing error: BASE: invalid table offset @ https://onvio.com.br/staff/#/dashboard-core-center:0
[   18200ms] [WARNING] Failed to decode downloaded font: https://onvio.com.br/staff/SourceSans3-Semibold.f96562e63795e92e.ttf @ https://onvio.com.br/staff/#/dashboard-core-center:0
[   18200ms] [WARNING] OTS parsing error: BASE: invalid table offset @ https://onvio.com.br/staff/#/dashboard-core-center:0
[   18200ms] [WARNING] Failed to decode downloaded font: https://onvio.com.br/staff/SourceSans3-Semibold.f96562e63795e92e.ttf @ https://onvio.com.br/staff/#/dashboard-core-center:0
[   18200ms] [WARNING] OTS parsing error: BASE: invalid table offset @ https://onvio.com.br/staff/#/dashboard-core-center:0
[   18200ms] [WARNING] Failed to decode downloaded font: https://onvio.com.br/staff/SourceSans3-Semibold.f96562e63795e92e.ttf @ https://onvio.com.br/staff/#/dashboard-core-center:0
[   18200ms] [WARNING] OTS parsing error: BASE: invalid table offset @ https://onvio.com.br/staff/#/dashboard-core-center:0
[   18201ms] [WARNING] Failed to decode downloaded font: https://onvio.com.br/staff/SourceSans3-Semibold.f96562e63795e92e.ttf @ https://onvio.com.br/staff/#/dashboard-core-center:0
[   18201ms] [WARNING] OTS parsing error: BASE: invalid table offset @ https://onvio.com.br/staff/#/dashboard-core-center:0
[   18201ms] [WARNING] Failed to decode downloaded font: https://onvio.com.br/staff/SourceSans3-Semibold.f96562e63795e92e.ttf @ https://onvio.com.br/staff/#/dashboard-core-center:0
[   18201ms] [WARNING] OTS parsing error: BASE: invalid table offset @ https://onvio.com.br/staff/#/dashboard-core-center:0
[   18201ms] [WARNING] Failed to decode downloaded font: https://onvio.com.br/staff/SourceSans3-Semibold.f96562e63795e92e.ttf @ https://onvio.com.br/staff/#/dashboard-core-center:0
[   18201ms] [WARNING] OTS parsing error: BASE: invalid table offset @ https://onvio.com.br/staff/#/dashboard-core-center:0
[   18201ms] [WARNING] Failed to decode downloaded font: https://onvio.com.br/staff/SourceSans3-Semibold.f96562e63795e92e.ttf @ https://onvio.com.br/staff/#/dashboard-core-center:0
[   18201ms] [WARNING] OTS parsing error: BASE: invalid table offset @ https://onvio.com.br/staff/#/dashboard-core-center:0
[   18201ms] [WARNING] Failed to decode downloaded font: https://onvio.com.br/staff/SourceSans3-Semibold.f96562e63795e92e.ttf @ https://onvio.com.br/staff/#/dashboard-core-center:0
[   18201ms] [WARNING] OTS parsing error: BASE: invalid table offset @ https://onvio.com.br/staff/#/dashboard-core-center:0
[   18202ms] [WARNING] Failed to decode downloaded font: https://onvio.com.br/staff/SourceSans3-Semibold.f96562e63795e92e.ttf @ https://onvio.com.br/staff/#/dashboard-core-center:0
[   18202ms] [WARNING] OTS parsing error: BASE: invalid table offset @ https://onvio.com.br/staff/#/dashboard-core-center:0
[   18202ms] [WARNING] Failed to decode downloaded font: https://onvio.com.br/staff/SourceSans3-Semibold.f96562e63795e92e.ttf @ https://onvio.com.br/staff/#/dashboard-core-center:0
[   18202ms] [WARNING] OTS parsing error: BASE: invalid table offset @ https://onvio.com.br/staff/#/dashboard-core-center:0
[   18202ms] [WARNING] Failed to decode downloaded font: https://onvio.com.br/staff/SourceSans3-Semibold.f96562e63795e92e.ttf @ https://onvio.com.br/staff/#/dashboard-core-center:0
[   18202ms] [WARNING] OTS parsing error: BASE: invalid table offset @ https://onvio.com.br/staff/#/dashboard-core-center:0
[   18202ms] [WARNING] Failed to decode downloaded font: https://onvio.com.br/staff/SourceSans3-Semibold.f96562e63795e92e.ttf @ https://onvio.com.br/staff/#/dashboard-core-center:0
[   18202ms] [WARNING] OTS parsing error: BASE: invalid table offset @ https://onvio.com.br/staff/#/dashboard-core-center:0
[   18202ms] [WARNING] Failed to decode downloaded font: https://onvio.com.br/staff/SourceSans3-Semibold.f96562e63795e92e.ttf @ https://onvio.com.br/staff/#/dashboard-core-center:0
[   18202ms] [WARNING] OTS parsing error: BASE: invalid table offset @ https://onvio.com.br/staff/#/dashboard-core-center:0
[   18202ms] [WARNING] Failed to decode downloaded font: https://onvio.com.br/staff/SourceSans3-Semibold.f96562e63795e92e.ttf @ https://onvio.com.br/staff/#/dashboard-core-center:0
[   18202ms] [WARNING] OTS parsing error: BASE: invalid table offset @ https://onvio.com.br/staff/#/dashboard-core-center:0
[   18203ms] [WARNING] Failed to decode downloaded font: https://onvio.com.br/staff/SourceSans3-Semibold.f96562e63795e92e.ttf @ https://onvio.com.br/staff/#/dashboard-core-center:0
[   18203ms] [WARNING] OTS parsing error: BASE: invalid table offset @ https://onvio.com.br/staff/#/dashboard-core-center:0
[   18203ms] [WARNING] Failed to decode downloaded font: https://onvio.com.br/staff/SourceSans3-Semibold.f96562e63795e92e.ttf @ https://onvio.com.br/staff/#/dashboard-core-center:0
[   18203ms] [WARNING] OTS parsing error: BASE: invalid table offset @ https://onvio.com.br/staff/#/dashboard-core-center:0
[   18203ms] [WARNING] Failed to decode downloaded font: https://onvio.com.br/staff/SourceSans3-Semibold.f96562e63795e92e.ttf @ https://onvio.com.br/staff/#/dashboard-core-center:0
[   18203ms] [WARNING] OTS parsing error: BASE: invalid table offset @ https://onvio.com.br/staff/#/dashboard-core-center:0
[   18203ms] [WARNING] Failed to decode downloaded font: https://onvio.com.br/staff/SourceSans3-Semibold.f96562e63795e92e.ttf @ https://onvio.com.br/staff/#/dashboard-core-center:0
[   18203ms] [WARNING] OTS parsing error: BASE: invalid table offset @ https://onvio.com.br/staff/#/dashboard-core-center:0
[   18203ms] [WARNING] Failed to decode downloaded font: https://onvio.com.br/staff/SourceSans3-Semibold.f96562e63795e92e.ttf @ https://onvio.com.br/staff/#/dashboard-core-center:0
[   18203ms] [WARNING] OTS parsing error: BASE: invalid table offset @ https://onvio.com.br/staff/#/dashboard-core-center:0
[   18203ms] [WARNING] Failed to decode downloaded font: https://onvio.com.br/staff/SourceSans3-Semibold.f96562e63795e92e.ttf @ https://onvio.com.br/staff/#/dashboard-core-center:0
[   18203ms] [WARNING] OTS parsing error: BASE: invalid table offset @ https://onvio.com.br/staff/#/dashboard-core-center:0
[   18203ms] [WARNING] Failed to decode downloaded font: https://onvio.com.br/staff/SourceSans3-Semibold.f96562e63795e92e.ttf @ https://onvio.com.br/staff/#/dashboard-core-center:0
[   18203ms] [WARNING] OTS parsing error: BASE: invalid table offset @ https://onvio.com.br/staff/#/dashboard-core-center:0
[   18203ms] [WARNING] Failed to decode downloaded font: https://onvio.com.br/staff/SourceSans3-Semibold.f96562e63795e92e.ttf @ https://onvio.com.br/staff/#/dashboard-core-center:0
[   18204ms] [WARNING] OTS parsing error: BASE: invalid table offset @ https://onvio.com.br/staff/#/dashboard-core-center:0
[   18204ms] [WARNING] Failed to decode downloaded font: https://onvio.com.br/staff/SourceSans3-Semibold.f96562e63795e92e.ttf @ https://onvio.com.br/staff/#/dashboard-core-center:0
[   18204ms] [WARNING] OTS parsing error: BASE: invalid table offset @ https://onvio.com.br/staff/#/dashboard-core-center:0
